idnInmate	Strcity	Strcode	Strdescription	datCreatedOn	datModifiedOn	blnActive
1	AGA	GUA	DEPARTMENT OF CORRECTIONS	2003-08-10 11:23:16.927		1
1634	ATL	AIK	AIKEN CORRECTIONAL CENTER                         	2005-03-05 14:50:58.890		1
2	ATL	ALA	KILBY CORRECTIONS FACILITY	2003-08-10 11:23:16.927		1
1635	ATL	ALB	ALBANY TRANSITIONAL CENTER                        	2005-03-05 14:50:58.890		1
1636	ATL	ALD	ALDERSON FEDERAL CORRECTIONAL INSTITUTE           	2005-03-05 14:50:58.890		1
3	ATL	ALL	ALLENDALE CORRECTINAL INSTITUTION	2003-08-10 11:23:16.927		0
1637	ATL	ALW	LFCI ALLENWOOD                                    	2005-03-05 14:50:58.890		1
4	ATL	AND	ANDERSON COUNTY JAIL	2003-08-10 11:23:16.927		1
1638	ATL	ANS	ANSON CORRECTIONAL CENTER                         	2005-03-05 14:50:58.890		1
1639	ATL	ARR	ARRENDALE C.I.,                                   	2005-03-05 14:50:58.890		1
1640	ATL	AUG	AUGUSTA                                           	2005-03-05 14:50:58.890		1
5	ATL	AUT	AUTRY CORRECTIONAL INSTITUTION	2003-08-10 11:23:16.927		0
1641	ATL	BAS	BASKERVILLE CORRECTIONAL UNIT                     	2005-03-05 14:50:58.890		1
6	ATL	BAY	BAYAMON REGIONAL JAIL	2003-08-10 11:23:16.927		1
1642	ATL	BBW	BLACK BLUFF WARDEN                                	2005-03-05 14:50:58.890		1
7	ATL	BCI	BURESS C.I.	2003-08-10 11:23:16.927		0
1643	ATL	BCN	BLANCH YOUTH INSTITUTION                          	2005-03-05 14:50:58.890		1
1644	ATL	BDR	BROAD RIVER CORRECTIONAL INSTITUTION              	2005-03-05 14:50:58.890		1
1645	ATL	BLA	BLAND CORRECTIONAL CENTER                         	2005-03-05 14:50:58.890		1
1646	ATL	BOS	BOSTICK CORRECTIONAL INSTITUTION                  	2005-03-05 14:50:58.890		1
1647	ATL	BOT	BOTECOURT CORRECTIONAL FACILITY                   	2005-03-05 14:50:58.890		1
8	ATL	BRE	BROAD RIVER RECEPTION AND EVALUATION CENTER	2003-08-10 11:23:16.927		0
1648	ATL	BRO	BROWN CREEK CORRECTION CENTER                     	2005-03-05 14:50:58.890		1
1649	ATL	BRS	AL BURRIS CORRECTIONAL INSTITUTION                	2005-03-05 14:50:58.890		1
1650	ATL	BTN	FCI BUTNER                                        	2005-03-05 14:50:58.890		1
1651	ATL	BUC	BUCKINGHAM CORRECTIONAL CENTER                    	2005-03-05 14:50:58.890		1
9	ATL	BUL	BULLOCK COUNTY CORRECTIONAL INSTITUTION	2003-08-10 11:23:16.927		0
1652	ATL	BUR	BURKEVILLE                                        	2005-03-05 14:50:58.890		1
10	ATL	BUT	LSCI BUTNER	2003-08-10 11:23:16.927		0
1653	ATL	BWN	BALDWIN CORRECTIONAL INSTITUTE                    	2005-03-05 14:50:58.890		1
1654	ATL	CAB	CABARRUS CORRECTIONAL CENTER                      	2005-03-05 14:50:58.890		1
11	ATL	CAL	CALEDONIA CORRECTIONAL CORRECTIONS	2003-08-10 11:23:16.927		0
1655	ATL	CAM	C/O SCI CAMP HILL                                 	2005-03-05 14:50:58.890		1
1656	ATL	CAR	CAROLINE CORRECTIONAL UNIT NUMBER TWO             	2005-03-05 14:50:58.890		1
12	ATL	CAS	CASWELL CORR CTR	2003-08-10 11:23:16.927		1
1657	ATL	CAT	CARTERET CORRECTIONAL CENTER                      	2005-03-05 14:50:58.890		1
1658	ATL	CAW	CATAWBA CORRECTIONAL CENTER                       	2005-03-05 14:50:58.890		1
1659	ATL	CCC	COLUMBUS CORRECTIONAL CENTER                      	2005-03-05 14:50:58.890		1
13	ATL	CCI	CENTRAL CORRECTIONAL INSTITUTION	2003-08-10 11:23:16.927		0
14	ATL	CEP	CENTRAL PRISON	2003-08-10 11:23:16.927		0
15	ATL	CHA	CHARLOTTE CORRECTIONAL CENTER	2003-08-10 11:23:16.927		0
1660	ATL	CHN	CALHOUN CORRECTIONAL INSTITUTION                  	2005-03-05 14:50:58.890		1
16	ATL	CIR	CARROLL C.I.	2003-08-10 11:23:16.927		0
17	ATL	CLA	CLAYTON COUNTY CORRECTIONAL INSTITUTION	2003-08-10 11:23:16.927		0
18	ATL	COA	COASTAL CORRECTIONAL INSTITUTION	2003-08-10 11:23:16.927		0
19	ATL	COB	COBB COUNTY CORRECTIONAL INSTITUTION	2003-08-10 11:23:16.927		0
20	ATL	COL	COLUMBUS CORRECTIONAL INSTITUTION	2003-08-10 11:23:16.927		1
21	ATL	CRA	CRAGGY CORRECTIONAL CENTER	2003-08-10 11:23:16.927		0
1661	ATL	CRE	STATE CORRECTIONAL INSTITUTION                    	2005-03-05 14:50:58.890		1
1662	ATL	CRO	CROSS ANCHOR CORR. INST                           	2005-03-05 14:50:58.890		1
1663	ATL	CTF	DC DOC, CORRECTIONAL TREATMENT FACILITY           	2005-03-05 14:50:58.890		1
1664	ATL	CUR	CURRITUK CORRECTIONAL CENTER                      	2005-03-05 14:50:58.890		1
1665	ATL	DAL	C/O WARDEN                                        	2005-03-05 14:50:58.890		1
22	ATL	DAV	DAVIE CORRECTIONAL CENTER	2003-08-10 11:23:16.927		0
23	ATL	DCH	DUTCHMAN CORRECTIONAL INSTITUTION	2003-08-10 11:23:16.927		0
24	ATL	DCI	DODGE CORRECTIONAL INSTITUTE	2003-08-10 11:23:16.927		1
1666	ATL	DCJ	DC DEPARTMENT OF CORRECTIONS                      	2005-03-05 14:50:58.890		1
1667	ATL	DCT	DARE COUNTY DETENTION FACILITY                    	2005-03-05 14:50:58.890		1
1668	ATL	DEE	DEERFIELD CORRECTIONAL CENTER                     	2005-03-05 14:50:58.890		1
1669	ATL	DIL	DILLWYN CORRECTIONAL FACILITY                     	2005-03-05 14:50:58.890		1
1670	ATL	DKB	DEKALB COUNTY JAIL                                	2005-03-05 14:50:58.890		1
1671	ATL	DLY	DOOLY CORRECTIONAL INSTITUTION                    	2005-03-05 14:50:58.890		1
1672	ATL	DMC	DEEP MEADOW CORRECTIONAL CENTER                   	2005-03-05 14:50:58.890		1
1673	ATL	DOD	DODGE CORRECTIONAL INSTITUTION                    	2005-03-05 14:50:58.890		1
1674	ATL	DPN	DUPLIN CORRECTIONAL CENTER                        	2005-03-05 14:50:58.890		1
25	ATL	DPR	DRAPER CORRECTIONAL FACILITY	2003-08-10 11:23:16.927		0
1675	ATL	DRA	DRAPER CORRECTIONAL FACILITY                      	2005-03-05 14:50:58.890		1
1676	ATL	DUR	DURHAM CORRECTIONAL  CENTER                       	2005-03-05 14:50:58.890		1
1677	ATL	EAS	EASTERN CORR. INST..                              	2005-03-05 14:50:58.890		1
1678	ATL	EVA	EVANS CORRECTIONAL INSTITUTION                    	2005-03-05 14:50:58.890		1
26	ATL	EVE	EVANS CORRECTIONAL INSTITUTION	2003-08-10 11:23:16.927		1
1679	ATL	FCC	FOUNTAIN CORRECTIONAL CENTER FOR WOMEN            	2005-03-05 14:50:58.890		1
27	ATL	FCI	FEDERAL CORRECTIONAL INSTITUTION	2003-08-10 11:23:16.927		1
28	ATL	FLO	FLOYD COUNTY CORRECTIONAL INSTITUTION	2003-08-10 11:23:16.927		0
29	ATL	FOO	FOOTHILLS CORRECTIONAL INSTITUTION	2003-08-10 11:23:16.927		0
30	ATL	FOR	FORSYTH COUNTY DETENTION CENTER	2003-08-10 11:23:16.927		0
1680	ATL	FOU	FOUNTAIN CORRECTIONAL CENTER FOR WOMEN            	2005-03-05 14:50:58.890		1
31	ATL	FRA	FRANKLIN CORRECTIONAL CENTER	2003-08-10 11:23:16.927		0
1681	ATL	FRN	FRANKLIN CORRECTIONAL CENTER                      	2005-03-05 14:50:58.890		1
1682	ATL	GAT	GATES CORRECTIONAL CENTER                         	2005-03-05 14:50:58.890		1
1683	ATL	GCC	GASTON CORRECTIONAL CENTER                        	2005-03-05 14:50:58.890		1
1684	ATL	GDB	GEORGIA DIAGNOSTIC & CLASSIFICATION CENTER        	2005-03-05 14:50:58.890		1
32	ATL	GDC	GEORGIA DIAGNOSTIC & CLASSIFICATION CENTER	2003-08-10 11:23:16.927		1
33	ATL	GEO	GEORGIA DIAGNOSTIC & CLASSIFICATION CENTER	2003-08-10 11:23:16.927		1
1685	ATL	GII	GEORGIA INDUSTRIAL INSTITUTION                    	2005-03-05 14:50:58.890		1
1686	ATL	GNE	GREENE CORRECTIONL INSTITUTION                    	2005-03-05 14:50:58.890		1
1687	ATL	GOO	VIRGINIA CORRECTIONAL CENTER FOR WOMEN            	2005-03-05 14:50:58.890		1
1688	ATL	GRA	C/O SCI GRATERFORD                                	2005-03-05 14:50:58.890		1
1689	ATL	GRE	GREENSVILLE CORRECTIONAL CENTER                   	2005-03-05 14:50:58.890		1
1690	ATL	GSP	GEORGIA STATE PRISON                              	2005-03-05 14:50:58.890		1
34	ATL	HAD	RIVERS CORRECTIONAL INST.	2003-08-10 11:23:16.927		0
1691	ATL	HAN	HANCOCK CORRECTIONAL INSTITUTION                  	2005-03-05 14:50:58.890		1
35	ATL	HAR	HARNETT CORRECTIONAL INSTITUTION	2003-08-10 11:23:16.927		0
36	ATL	HAY	HAYS CORRECTIONAL INST	2003-08-10 11:23:16.927		0
1692	ATL	HLX	HALIFAX CORRECTION CENTER                         	2005-03-05 14:50:58.890		1
37	ATL	HOK	HOKE CORRECTIONAL INSTITUTION	2003-08-10 11:23:16.927		0
38	ATL	HRS	HARRIS COUNTY C.I.	2003-08-10 11:23:16.927		0
1693	ATL	HUN	SCI AT RETREAT                                    	2005-03-05 14:50:58.890		1
1694	ATL	HVL	HAYNESVILLE CI                                    	2005-03-05 14:50:58.890		1
1695	ATL	HYS	HAYES CORECTIONAL CENTER                          	2005-03-05 14:50:58.890		1
1696	ATL	IFW	NORTH CAROLINA INSTITUTION FOR WOMEN              	2005-03-05 14:50:58.890		1
1697	ATL	INC	INDIAN CREEK CORRECTIONAL FACILITY                	2005-03-05 14:50:58.890		1
1698	ATL	IRE	IREDEL CORRECTIONAL INSTITUTION                   	2005-03-05 14:50:58.890		1
39	ATL	JAC	JACKSON COUNTY C.I.	2003-08-10 11:23:16.927		1
1699	ATL	JCI	JOHNSON CORRECTIONAL INSTITUTION                  	2005-03-05 14:50:58.890		1
1700	ATL	JOH	JOHNSTON CORR. INST                               	2005-03-05 14:50:58.890		1
1701	ATL	JRI	JAMES RIVER CORRECTIONAL CENTER                   	2005-03-05 14:50:58.890		1
40	ATL	KCI	KIRKLAND CORRECTIONAL INSTITUTION	2003-08-10 11:23:16.927		0
1702	ATL	KIL	AL DEP OF CORR, KILBY CORRECTIONAL INSTITUTE      	2005-03-05 14:50:58.890		1
1703	ATL	KMC	KEENE MOUNTAIN CORRECTIONAL CENTER                	2005-03-05 14:50:58.890		1
41	ATL	LBR	LIEBER CORRECTIONAL INSTITUTION	2003-08-10 11:23:16.927		0
42	ATL	LCI	LOWNDES CORRECTIONAL INSTITUTE	2003-08-10 11:23:16.927		0
43	ATL	LEE	LEE CORRECTIONAL INSTITUTE	2003-08-10 11:23:16.927		0
44	ATL	LER	LEROY CORRECTIONAL CENTER	2003-08-10 11:23:16.927		1
1704	ATL	LEW	C/O LEWISBURG                                     	2005-03-05 14:50:58.890		1
1705	ATL	LIM	LIMESTONE CC                                      	2005-03-05 14:50:58.890		1
1706	ATL	LIN	LINCOLN CORRECTIONAL CENTER                       	2005-03-05 14:50:58.890		1
1707	ATL	LOR	 LORTON CORRECTIONAL FACILITY, DOC                	2005-03-05 14:50:58.890		1
45	ATL	LOW	LOW SECURITY CORRECTIONAL INSTITUTION	2003-08-10 11:23:16.927		0
46	ATL	LTH	LEATH CORRECTIONAL INSTITUTION	2003-08-10 11:23:16.927		0
1708	ATL	LUM	LUMBERTON CORRECTIONAL CENTER                     	2005-03-05 14:50:58.890		1
47	ATL	MAC	MACDOUGALL CORRECTIONAL CENTER	2003-08-10 11:23:16.927		1
48	ATL	MAF	MARY FRANCIS CORRECTIONAL INSTITUTION	2003-08-10 11:23:16.927		0
49	ATL	MAN	MANNING CORRECTIONAL INSTITUTION	2003-08-10 11:23:16.927		0
50	ATL	MAO	CENTRAL CORRECTIONAL INSTITUTE	2003-08-10 11:23:16.927		0
51	ATL	MAR	MARION CORRECTIONAL INSTITUTION	2003-08-10 11:23:16.927		0
52	ATL	MAU	EASTERN CORRECTIONAL CENTER	2003-08-10 11:23:16.927		1
53	ATL	MCC	MCCORMICK CORRECTIONAL INSTITUTION	2003-08-10 11:23:16.927		0
1709	ATL	MCD	MACDOUGALL CORRECTIONAL INSTITUTION               	2005-03-05 14:50:58.890		1
1710	ATL	MCH	MCCAIN CORRECTIONAL HOSPITAL                      	2005-03-05 14:50:58.890		1
1711	ATL	MCK	MECKLENBURG CORRECTIONAL CENTER                   	2005-03-05 14:50:58.890		1
1712	ATL	MCN	MACON CORRECTIONAL INSTITUTION                    	2005-03-05 14:50:58.890		1
54	ATL	MEN	MEN'S CORRECTIONAL INSTITUTION	2003-08-10 11:23:16.927		0
55	ATL	MET	METRO CORRECTIONAL INSTITUTION	2003-08-10 11:23:16.927		0
1713	ATL	MGC	MGCI WOMENS CORRECTIONAL INSTITUTION              	2005-03-05 14:50:58.890		1
1714	ATL	MON	MONTGOMERY CORRECTIONAL CENTER                    	2005-03-05 14:50:58.890		1
1715	ATL	MOR	MORRISON YOUTH INSTITUTION                        	2005-03-05 14:50:58.890		1
56	ATL	MUS	MUSCOGEE C.I.	2003-08-10 11:23:16.927		0
57	ATL	NAG	CAMPAMENTO PUNTA LIMA	2003-08-10 11:23:16.927		0
1716	ATL	NAS	NASH CORRECTIONAL INSTITUTE                       	2005-03-05 14:50:58.890		1
1717	ATL	NCC	N.C. DEPARTMENT OF CORRECTIONS                    	2005-03-05 14:50:58.890		1
1718	ATL	NCT	NORTH CAROLINA CORRECTIONAL CENTER                	2005-03-05 14:50:58.890		1
58	ATL	NEU	NEUSE CORRECTIONAL INSTITUTION	2003-08-10 11:23:16.927		0
59	ATL	NHA	NEW HANOVER CORRECTIONAL CENTER	2003-08-10 11:23:16.927		0
60	ATL	NOR	NORTH CAROLINA CORRECTIONAL INSTITUTION	2003-08-10 11:23:16.927		1
1719	ATL	NOT	NOTTOWAY CORRECTIONAL CNETER                      	2005-03-05 14:50:58.890		1
1720	ATL	NSV	NASH CORRECTIONAL INSTITUTION                     	2005-03-05 14:50:58.890		1
61	ATL	NTH	NORTHSIDE CORRECTIONAL CENTER	2003-08-10 11:23:16.927		0
1721	ATL	OCC	OCCOQUAN FACILITY                                 	2005-03-05 14:50:58.890		1
62	ATL	OCO	OCONEE COUNTY JAIL	2003-08-10 11:23:16.927		0
63	ATL	ODO	ODOM CORRECTIONAL INSTITUTION	2003-08-10 11:23:16.927		0
1722	ATL	ORA	ORANGE CORRECTIONAL CENTER                        	2005-03-05 14:50:58.890		1
64	ATL	PEN	PENDER CORRECTIONAL CENTER	2003-08-10 11:23:16.927		0
1723	ATL	PET	PETERSBURG FEDERAL CORRECTIONAL INSTITUTE         	2005-03-05 14:50:58.890		1
65	ATL	PHI	PHILLIPS CORRECTIONAL INSTITUTION	2003-08-10 11:23:16.927		0
66	ATL	PIE	PIEDMONT CORRECTIONAL CENTER	2003-08-10 11:23:16.927		0
67	ATL	POL	POLK CORRECTIONAL CENTER	2003-08-10 11:23:16.927		0
68	ATL	PON	INSTITUCION REGIONAL DEL SUR	2003-08-10 11:23:16.927		0
1724	ATL	POR	PORTSMOUTH CITY JAIL                              	2005-03-05 14:50:58.890		1
1725	ATL	POW	POWHATAN CORRECTIONAL CENTER                      	2005-03-05 14:50:58.890		1
1726	ATL	PRI	ADMINISTRATION OF CORRECTIONS/PUERTO RICO         	2005-03-05 14:50:58.890		1
69	ATL	PRY	PERRY CORRECTIONAL CENTER	2003-08-10 11:23:16.927		0
1727	ATL	PUL	PULASKI                                           	2005-03-05 14:50:58.890		1
1728	ATL	PWC	PRINCE WILLIAM COUNTY ADC                         	2005-03-05 14:50:58.890		1
1729	ATL	PYO	POLK YOUTH INSTITUTION                            	2005-03-05 14:50:58.890		1
70	ATL	QUO	PASQUOTANK C.I.	2003-08-10 11:23:16.927		0
71	ATL	RAN	RANDOLPH CORRECTIONAL INSTITUTION	2003-08-10 11:23:16.927		0
72	ATL	RCC	ROCKINGHAM CORRECTIONAL CENTER	2003-08-10 11:23:16.927		1
73	ATL	RCW	RALEIGH CORRECTIONAL CENTER FOR WOMEN	2003-08-10 11:23:16.927		0
74	ATL	RDG	RIDGELAND CORRECTIONAL INSTITUTION	2003-08-10 11:23:16.927		0
75	ATL	RID	RIDGELAND CORRECTIONAL INSTITUTION	2003-08-10 11:23:16.927		0
76	ATL	RIO	STATE PENITENTIARY	2003-08-10 11:23:16.927		0
1730	ATL	ROB	ROBESON CORRECTIONAL CENTER                       	2005-03-05 14:50:58.890		1
1731	ATL	ROC	C/O SCI ROCKVIEW                                  	2005-03-05 14:50:58.890		1
1732	ATL	ROG	ROGERS CORRECTIONAL INSTITUTION                   	2005-03-05 14:50:58.890		1
77	ATL	RTD	RUTHERFORD CORRECTIONAL CENTER	2003-08-10 11:23:16.927		0
78	ATL	RUT	RUTLEDGE CORRECTIONAL INSTITUTION	2003-08-10 11:23:16.927		0
1733	ATL	SAB	SABANA HOYOS CAMP                                 	2005-03-05 14:50:58.890		1
1734	ATL	SAC	SANFORD CORRECTIONAL CENTER                       	2005-03-05 14:50:58.890		1
79	ATL	SAL	ROWAN CORRECTIONAL CENTER	2003-08-10 11:23:16.927		0
80	ATL	SAM	SAMPSON CORRECTIONAL CENTER	2003-08-10 11:23:16.927		0
1735	ATL	SAN	SANDHILLS YOUTH CENTER                            	2005-03-05 14:50:58.890		1
81	ATL	SCC	SAMPSON CORRECTIONAL CENTER	2003-08-10 11:23:16.927		0
82	ATL	SCI	SUMTER COUNTY CORRECTIONAL INSTITUTE	2003-08-10 11:23:16.927		1
1736	ATL	SCT	SCOTT CORRECTIONAL INSTITUTION                    	2005-03-05 14:50:58.890		1
1737	ATL	SFD	SANFORD CORRECTIONAL CENTER                       	2005-03-05 14:50:58.890		1
1738	ATL	SHA	SCI COAL TOWNSHIP                                 	2005-03-05 14:50:58.890		1
1739	ATL	SMI	SMITH CORRECTIONAL INSTITUTION                    	2005-03-05 14:50:58.890		1
1740	ATL	SOC	SOUTH CAROLINA DEPT OF CORRECTIONS                	2005-03-05 14:50:58.890		1
1741	ATL	SOT	SOUTHERN CORRECTIONAL INST.                       	2005-03-05 14:50:58.890		1
83	ATL	SOU	SOUTHERN CORRECTIONAL CENTER	2003-08-10 11:23:16.927		1
84	ATL	STA	STANLY COUNTY JAIL	2003-08-10 11:23:16.927		1
1742	ATL	STB	ST. BRIDES CORRECTIONAL CENTER                    	2005-03-05 14:50:58.890		1
85	ATL	STO	STOKES CORRECTIONAL CENTER	2003-08-10 11:23:16.927		0
1743	ATL	SUM	SUMTER CITY CORRECTIONAL INSTITUTION              	2005-03-05 14:50:58.890		1
1744	ATL	SYL	FCI. SCHYKLILL                                    	2005-03-05 14:50:58.890		1
86	ATL	TDG	FCI, TALLADEGA	2003-08-10 11:23:16.927		0
1745	ATL	TEL	TELFAIR CORRECTIONAL INSTITUTION                  	2005-03-05 14:50:58.890		1
87	ATL	TER	TERRELL CO. CORRECTIONAL INSTITUTION	2003-08-10 11:23:16.927		0
1746	ATL	TIL	TILLERY CORRECTIONAL CENTER                       	2005-03-05 14:50:58.890		1
88	ATL	TRI	TRIANGLE CORRECTIONAL INSTITUTION	2003-08-10 11:23:16.927		0
89	ATL	TRO	TROUP COUNTY C.I.	2003-08-10 11:23:16.927		0
90	ATL	TUR	TURBEVILLE CORRECTIONAL INSTITUTION	2003-08-10 11:23:16.927		0
1747	ATL	UMS	UMSTEAD CORRECTIONAL CENTER                       	2005-03-05 14:50:58.890		1
1748	ATL	VAN	VANCE CORRECTIONAL INSTITUTION                    	2005-03-05 14:50:58.890		1
91	ATL	VCI	VALDOSTA CORRECTIONAL INSTITUTE	2003-08-10 11:23:16.927		1
1749	ATL	VSP	VIRGINIA STATE PENITENTIARY                       	2005-03-05 14:50:58.890		1
92	ATL	WAK	WAKE CORRECTIONAL CENTER	2003-08-10 11:23:16.927		1
1750	ATL	WAL	WALKER CORRECTIONAL INSTITUTION                   	2005-03-05 14:50:58.890		1
93	ATL	WAR	WARE CORRECTIONAL INSTITUTION	2003-08-10 11:23:16.927		1
1751	ATL	WAT	WATERBEE CORRECTIONAL INSTITUTION                 	2005-03-05 14:50:58.890		1
94	ATL	WAY	WAYNE CORRECTIONAL INSTITUTE	2003-08-10 11:23:16.927		1
95	ATL	WCC	WOMEN'S CORRECTIONAL CENTER	2003-08-10 11:23:16.927		1
1752	ATL	WCI	WOMRN'S CORRECTIONAL INSTITUTION                  	2005-03-05 14:50:58.890		1
96	ATL	WCP	WEST CENTRAL PRISON	2003-08-10 11:23:16.927		0
1753	ATL	WDC	WILLIAM DONALDSON CORRECTIONAL FACILITY           	2005-03-05 14:50:58.890		1
97	ATL	WES	WESTERN YOUTH INSTITUTION	2003-08-10 11:23:16.927		0
98	ATL	WHI	WHITEVILLE PRISON UNIT	2003-08-10 11:23:16.927		0
1754	ATL	WIL	WILCOX C.I.                                       	2005-03-05 14:50:58.890		1
99	ATL	WLD	WALDEN CORRECTIONAL INSTITUTION	2003-08-10 11:23:16.927		0
100	ATL	WLK	WILKES CORRECTIONAL CENTER	2003-08-10 11:23:16.927		0
1755	ATL	WNE	WAYNE CORRECTIONAL                                	2005-03-05 14:50:58.890		1
101	ATL	WOM	NC CORR. INSTITUTION FOR WOMEN	2003-08-10 11:23:16.927		1
102	ATL	WRE	WATEREE RIVER C.I.	2003-08-10 11:23:16.927		0
103	ATL	WRN	WARREN CORRECTIONAL CENTER	2003-08-10 11:23:16.927		0
1756	ATL	WSH	WASHINGTON CORRECTIONAL INSTITUTE                 	2005-03-05 14:50:58.890		1
104	ATL	YAD	YADKIN CORRECTIONAL CENTER	2003-08-10 11:23:16.927		0
1757	ATL	YDC	YOUTH CENTER, DISTRICT OF COLUMBIA                	2005-03-05 14:50:58.890		1
1758	ATL	YKN	YADKIN CORRECTIONAL CENTER                        	2005-03-05 14:50:58.890		1
105	BAL	ADI	ADIRONDACK CORRECTIONAL FACILITY	2003-08-10 11:23:16.927		0
106	BAL	AKL	ARTHUR KILL CORRECTIONAL FACILITY	2003-08-10 11:23:16.927		0
107	BAL	ALB	*SCI-ALBION CORRECTIONAL FACILITY	2003-08-10 11:23:16.927		1
108	BAL	ALD	ALDERSON FEDERAL CORRECTIONAL INSTITUTE	2003-08-10 11:23:16.927		0
109	BAL	ALT	ALTONA CORRECTIONAL FACILITY	2003-08-10 11:23:16.927		0
110	BAL	ALW	WARDEN	2003-08-10 11:23:16.927		1
111	BAL	ATT	ATTICA CORRECTIONAL FACILITY	2003-08-10 11:23:16.927		0
112	BAL	AUB	AUBURN CORRECTIONAL FACILITY	2003-08-10 11:23:16.927		0
113	BAL	AXJ	MARYLAND CORRECTIONAL INSTITUTE ANNEX AT JESSUP	2003-08-10 11:23:16.927		1
114	BAL	BAR	BARE HILL CORRECTIONAL FACILITY	2003-08-10 11:23:16.927		0
115	BAL	BAY	BAYVIEW CORRECTIONAL FACILITY	2003-08-10 11:23:16.927		0
116	BAL	BEA	CAMP BEACON	2003-08-10 11:23:16.927		0
117	BAL	BED	BEDFORD HILLS CORRECTIONAL FACILITY	2003-08-10 11:23:16.927		1
118	BAL	BRO	BROCKBRIDGE CORRECTIONAL FACILITY	2003-08-10 11:23:16.927		1
119	BAL	BUC	BUCKINGHAM CORRECTIONAL FACILITY	2003-08-10 11:23:16.927		1
120	BAL	BUT	BUTLER SHOCK INCARCERATION FACILITY	2003-08-10 11:23:16.927		0
121	BAL	CAM	CAMP GABRIELS	2003-08-10 11:23:16.927		0
122	BAL	CAY	CAYUGA CORRECTIONAL FACILITY	2003-08-10 11:23:16.927		0
123	BAL	CGT	CAMP GEORGETOWN	2003-08-10 11:23:16.927		0
124	BAL	CHA	CHATEAUGAY ASACTC	2003-08-10 11:23:16.927		0
125	BAL	CLI	CLINTON CORRECTIONAL FACILITY	2003-08-10 11:23:16.927		0
126	BAL	CMT	MONTEREY SHOCK INCARCERATION FACILITY	2003-08-10 11:23:16.927		0
127	BAL	COL	COLLINS CORRECTIONAL FACILITY	2003-08-10 11:23:16.927		0
128	BAL	COX	COXSACKIE CORRECTIOANL FACILITY	2003-08-10 11:23:16.927		0
129	BAL	CPH	CAMP PHARSALIA	2003-08-10 11:23:16.927		0
130	BAL	CSU	SUMMIT SHOCK INCARCERATION FACILITY	2003-08-10 11:23:16.927		0
131	BAL	CVI	CAPE VINCENT CORRECTIONAL FACILITY	2003-08-10 11:23:16.927		0
132	BAL	DCY	YORK COUNTY PRISON	2003-08-10 11:23:16.927		1
133	BAL	DOW	DOWNSTATE CORRECTIONAL FACILITY	2003-08-10 11:23:16.927		0
134	BAL	EAS	EASTERN CORRECTIONAL FACILITY	2003-08-10 11:23:16.927		0
135	BAL	ECI	EASTERN CORRECTIONAL INSTITUTION	2003-08-10 11:23:16.927		1
136	BAL	EDG	EDGECOMBE CORRECTIONAL FACILITY	2003-08-10 11:23:16.927		0
137	BAL	ELM	ELMIRA CORRECTIONAL FACILITY	2003-08-10 11:23:16.927		0
138	BAL	ESG	EDGECOMBE CORRECTIONAL FACILITY	2003-08-10 11:23:16.927		0
139	BAL	FIS	FISHKILL CORRECTIONAL FACILITY	2003-08-10 11:23:16.927		0
140	BAL	FRA	FRANKLIN CORRECTIONAL FACILITY	2003-08-10 11:23:16.927		0
141	BAL	FUL	FULTON CORRECTIONAL FACILITY	2003-08-10 11:23:16.927		0
142	BAL	GHN	GREEN HAVEN CORRECTIONAL FACILITY	2003-08-10 11:23:16.927		0
143	BAL	GMW	GREAT MEADOW CORRECTIONAL FACILITY	2003-08-10 11:23:16.927		0
144	BAL	GOU	GOUVERNEUR CORRECTIONAL FACILITY	2003-08-10 11:23:16.927		0
145	BAL	GOW	GOWANDA CORRECTIONAL FACILITY	2003-08-10 11:23:16.927		1
146	BAL	GRE	GREENE CORRECTIONAL FACILITY	2003-08-10 11:23:16.927		0
147	BAL	GRO	GROVELAND CORRECTIONAL FACILITY	2003-08-10 11:23:16.927		0
148	BAL	HAL	HALE CREEK CORRECTIONAL FAC.	2003-08-10 11:23:16.927		1
149	BAL	HCC	HALE CREEK ASACTC	2003-08-10 11:23:16.927		0
150	BAL	HUD	HUDSON  CORRECTIONAL FACILITY	2003-08-10 11:23:16.927		0
151	BAL	JOH	JOHNSTOWN ASACTC	2003-08-10 11:23:16.927		0
152	BAL	LAK	LAKEVIEW SHOCK INCARCERATION FACILITY	2003-08-10 11:23:16.927		0
153	BAL	LIN	LINCOLN CORRECTIONAL FACILITY	2003-08-10 11:23:16.927		0
154	BAL	LIV	LIVINGSTON CORRECTIONAL FACILITY	2003-08-10 11:23:16.927		0
155	BAL	LOR	LORTON CORRECTIONAL FACILITY	2003-08-10 11:23:16.927		0
156	BAL	LYO	LYONS MOUNTAIN CORRECTIONAL FACILITY	2003-08-10 11:23:16.927		0
157	BAL	MAR	MARCY CORRECTIONAL FACILITY	2003-08-10 11:23:16.927		0
158	BAL	MCG	MT MCGREGER CAMP	2003-08-10 11:23:16.927		0
159	BAL	MCH	MARYLAND CORRECTIONAL INSTITUTION--HAGERSTOWN	2003-08-10 11:23:16.927		1
160	BAL	MCJ	MARYLAND CORRECTIONAL INSTITUTION AT JESSUP	2003-08-10 11:23:16.927		1
161	BAL	MCT	MARYLAND CORRECTIONAL TRAINING CENTER	2003-08-10 11:23:16.927		1
162	BAL	MCW	MARYLAND CORRECTIONAL INSTITUTION FOR WOMEN	2003-08-10 11:23:16.927		0
163	BAL	MHC	MARYLAND HOUSE OF CORRECTIONS	2003-08-10 11:23:16.927		0
164	BAL	MMG	MOUNT MCGREGOR CORRECTIONAL FACILITY	2003-08-10 11:23:16.927		0
165	BAL	MOE	MID-ORANGE CORRECTIONAL FACILITY	2003-08-10 11:23:16.927		0
166	BAL	MOH	MOHAWK CORRECTIONAL FACILITY	2003-08-10 11:23:16.927		0
167	BAL	MOR	MORIAH SHOCK INCARCERATION FACILITY	2003-08-10 11:23:16.927		0
168	BAL	MRD	MARYLAND RECEPTION AND CLASSIFICATION CENTER	2003-08-10 11:23:16.927		1
169	BAL	MST	MID-STATE CORRECTIONAL FACILITY	2003-08-10 11:23:16.927		0
3260	BAL	MTC	MARYLAND TRANSIT CENTER (MTC)                     	2005-09-25 13:03:01.640		1
170	BAL	OGB	OGDENSBURG CORRECTIONAL FACILITY	2003-08-10 11:23:16.927		0
171	BAL	ONE	ONEIDA CORRECTIONAL FACILITY	2003-08-10 11:23:16.927		0
172	BAL	ORL	ORLEANS CORRECTIONAL FACILITY	2003-08-10 11:23:16.927		0
173	BAL	OTI	OTISVILLE CORRECTIONAL FACILITY	2003-08-10 11:23:16.927		0
174	BAL	PAR	PARKSIDE CORRECTIONAL FACILITY	2003-08-10 11:23:16.927		0
175	BAL	PAT	PATUXENT INSTITUTION	2003-08-10 11:23:16.927		0
176	BAL	PET	PETERSBURG FEDERAL CORRECTIONAL INSTITUTE	2003-08-10 11:23:16.927		0
177	BAL	PGC	PRINCE GEORGE'S CO. DETENTION CENTER	2003-08-10 11:23:16.927		1
178	BAL	POW	POWHATAN CORRECTIONAL FACILITY	2003-08-10 11:23:16.927		1
179	BAL	QUE	QUEENSBORO CORRECTIONAL FACILITY	2003-08-10 11:23:16.927		0
180	BAL	RIK	RIKERS	2003-08-10 11:23:16.927		0
181	BAL	RIV	RIVERVIEW CORRECTIONAL FACILITY	2003-08-10 11:23:16.927		0
182	BAL	ROC	ROCHESTER CORRECTIONAL FACILITY	2003-08-10 11:23:16.927		0
183	BAL	ROX	ROXBURY CORRECTIONAL INSTITUTION	2003-08-10 11:23:16.927		1
184	BAL	S10	SCI GRATERFORD/ NEW ADMIN. PERSONNEL OFFICE	2003-08-10 11:23:16.927		1
185	BAL	S11	SCI FRACKVILLE	2003-08-10 11:23:16.927		0
186	BAL	S12	SCI-GREENSBURG	2003-08-10 11:23:16.927		0
187	BAL	S13	SCI LAUREL HIGHLANDS	2003-08-10 11:23:16.927		0
188	BAL	S14	SCI-CAMBRIDGE SPRINGS	2003-08-10 11:23:16.927		1
189	BAL	S15	SCI-HOUTZDALE	2003-08-10 11:23:16.927		0
190	BAL	S17	SCI-LISBURN	2003-08-10 11:23:16.927		0
191	BAL	S18	SCI-HUNLOCK	2003-08-10 11:23:16.927		0
192	BAL	S19	SCI-MUNCY	2003-08-10 11:23:16.927		0
193	BAL	S20	SCI-QUEHANNA MOTIVATIONAL BOOT CAMP	2003-08-10 11:23:16.927		0
194	BAL	S21	SCI-GREENE	2003-08-10 11:23:16.927		0
195	BAL	S22	SCI-ALBION	2003-08-10 11:23:16.927		0
196	BAL	S23	SCI-MERCER	2003-08-10 11:23:16.927		1
197	BAL	S24	SCI-PITTSBURGH	2003-08-10 11:23:16.927		0
1759	BAL	S25	SCI-WAYNESBURG                                    	2005-03-05 14:50:58.890		1
198	BAL	SC0	SOMERSET SCI	2003-08-10 11:23:16.927		0
199	BAL	SC1	SCI-HUNTINGDON	2003-08-10 11:23:16.927		1
200	BAL	SC2	SCI RETREAT	2003-08-10 11:23:16.927		0
201	BAL	SC3	SCI CAMPHILL	2003-08-10 11:23:16.927		1
202	BAL	SC4	SCI ROCKVIEW	2003-08-10 11:23:16.927		0
203	BAL	SC5	SCI CRESSON	2003-08-10 11:23:16.927		0
204	BAL	SC6	SCI WAYMART	2003-08-10 11:23:16.927		0
205	BAL	SC7	SCI DALLAS/ SUPERINTENDANTS OFFICE	2003-08-10 11:23:16.927		0
206	BAL	SC8	SCI MAHANOY	2003-08-10 11:23:16.927		0
207	BAL	SC9	SCI SMITHFIELD	2003-08-10 11:23:16.927		1
208	BAL	SCI	SCI COAL TWP	2003-08-10 11:23:16.927		0
209	BAL	SGK	SHAWANGUNK CORRECTIONAL FACILITY	2003-08-10 11:23:16.927		1
210	BAL	SHA	SHAWANGUNK CORRECTIONAL FACILITY	2003-08-10 11:23:16.927		0
211	BAL	SIN	SING SING CORRECTIONAL FACILITY	2003-08-10 11:23:16.927		1
212	BAL	SOU	SOUTHPORT CORRECTIONAL FACILITY	2003-08-10 11:23:16.927		0
213	BAL	SUL	SULLIVAN CORRECTIONAL FACILITY	2003-08-10 11:23:16.927		0
214	BAL	TAC	TACONIC CORRECTIONAL FACILITY	2003-08-10 11:23:16.927		0
215	BAL	ULS	ULSTER CORRECTIONAL FACILITY	2003-08-10 11:23:16.927		0
216	BAL	WAL	WALLKILL CORRECTIONAL FACILITY	2003-08-10 11:23:16.927		0
217	BAL	WAS	WASHINGTON CORRECTIONAL FACILITY	2003-08-10 11:23:16.927		0
218	BAL	WAT	WATERTOWN CORRECTIONAL FACILITY	2003-08-10 11:23:16.927		0
219	BAL	WCI	WESTERN CORRECTIONAL INSTITUTION	2003-08-10 11:23:16.927		0
220	BAL	WEN	WENDE CORRECTIONAL FACILITY	2003-08-10 11:23:16.927		0
221	BAL	WMD	WALSH MEDICAL C/O MOHAWK CF	2003-08-10 11:23:16.927		0
222	BAL	WOO	WOODBRIDGE CORRECTIONAL FACILITY	2003-08-10 11:23:16.927		0
223	BAL	WYO	WYOMING CORRECTIONAL FACILITY	2003-08-10 11:23:16.927		0
1760	BDC	APA	APALACHEE C.I.                                    	2005-03-05 14:50:58.890		1
1761	BDC	AVO	AVON PARK C.I.                                    	2005-03-05 14:50:58.890		1
1762	BDC	BAK	BAKER C.I.                                        	2005-03-05 14:50:58.890		1
1763	BDC	BAY	BAY CORRECTIONAL INSTITUTION                      	2005-03-05 14:50:58.890		1
1764	BDC	BEL	BELLE GLADES C.I.                                 	2005-03-05 14:50:58.890		1
1765	BDC	BRE	BREVARD C.I.                                      	2005-03-05 14:50:58.890		1
1766	BDC	BRO	BROWARD C.I.                                      	2005-03-05 14:50:58.890		1
1767	BDC	CAL	CALHOUN C.I.                                      	2005-03-05 14:50:58.890		1
1768	BDC	CEN	CENTURY C.I.                                      	2005-03-05 14:50:58.890		1
1769	BDC	CFR	CENTRAL FLORIDA RECEPTION CENTER                  	2005-03-05 14:50:58.890		1
1770	BDC	CHA	CHARLOTTE C.I.                                    	2005-03-05 14:50:58.890		1
1771	BDC	COL	COLUMBIA C.I.                                     	2005-03-05 14:50:58.890		1
1772	BDC	COR	CORRECTIONS MENTAL HEALTH INSTITUION              	2005-03-05 14:50:58.890		1
1773	BDC	CRO	CROSS CITY C.I.                                   	2005-03-05 14:50:58.890		1
1774	BDC	DAD	DADE C.I.                                         	2005-03-05 14:50:58.890		1
1775	BDC	DES	DESOTO C.I.                                       	2005-03-05 14:50:58.890		1
1776	BDC	EVE	EVERGLADES CORRECTIONAL INSTITUTION               	2005-03-05 14:50:58.890		1
1777	BDC	FLO	FLORIDA C.I.                                      	2005-03-05 14:50:58.890		1
1778	BDC	FRA	FRANKLIN WORK CAMP                                	2005-03-05 14:50:58.890		1
1779	BDC	FSP	FLORIDA STATE PRISON C.I.                         	2005-03-05 14:50:58.890		1
1780	BDC	GUL	GULF C.I.                                         	2005-03-05 14:50:58.890		1
1781	BDC	GWC	GAINESVILLE WORK CAMP                             	2005-03-05 14:50:58.890		1
1782	BDC	HAM	HAMILTON C.I.                                     	2005-03-05 14:50:58.890		1
1783	BDC	HAR	HARDEE C.I.                                       	2005-03-05 14:50:58.890		1
1784	BDC	HEN	HENDRY C.I.                                       	2005-03-05 14:50:58.890		1
1785	BDC	HIL	HILLISBOROUGH C.I.                                	2005-03-05 14:50:58.890		1
1786	BDC	HOL	HOLMES C.I.                                       	2005-03-05 14:50:58.890		1
1787	BDC	IND	INDIAN RIVER C.I.                                 	2005-03-05 14:50:58.890		1
1788	BDC	JAC	JACKSON C.I.                                      	2005-03-05 14:50:58.890		1
1789	BDC	JEF	JEFFERSON C.I.                                    	2005-03-05 14:50:58.890		1
1790	BDC	LAK	LAKE C.I.                                         	2005-03-05 14:50:58.890		1
1791	BDC	LAN	LANTANA C.I.                                      	2005-03-05 14:50:58.890		1
1792	BDC	LAS	LANCASTER C.I.                                    	2005-03-05 14:50:58.890		1
1793	BDC	LAW	LAWTEY C.I.                                       	2005-03-05 14:50:58.890		1
1794	BDC	LCI	LAKE CITY CORRECTIONAL INSTITUTION                	2005-03-05 14:50:58.890		1
1795	BDC	LIB	LIBERTY C.I.                                      	2005-03-05 14:50:58.890		1
1796	BDC	LOX	LOXAHATECHEE                                      	2005-03-05 14:50:58.890		1
1797	BDC	MAD	MADISON C.I.                                      	2005-03-05 14:50:58.890		1
1798	BDC	MAN	MARION C.I.                                       	2005-03-05 14:50:58.890		1
1799	BDC	MAR	MARTIN C.I.                                       	2005-03-05 14:50:58.890		1
1800	BDC	MAY	MAYO C.I.                                         	2005-03-05 14:50:58.890		1
1801	BDC	MHI	MENTAL HEALTH INSTITUTION                         	2005-03-05 14:50:58.890		1
1802	BDC	MNC	MIAMI NORTH COMMUNITY CORRECTIONAL CENTER         	2005-03-05 14:50:58.890		1
1803	BDC	MOO	MOORE HAVEN CORRECTIONAL INSTITUTION              	2005-03-05 14:50:58.890		1
1804	BDC	NEW	NEW RIVER C.I.                                    	2005-03-05 14:50:58.890		1
1805	BDC	NFR	NORTH FLORIDA RECEPTION CENTER                    	2005-03-05 14:50:58.890		1
1806	BDC	OKA	OKALOOSA C.I.                                     	2005-03-05 14:50:58.890		1
1807	BDC	OKE	OKEECHOBEE CORRECTIONAL INSTITUTION               	2005-03-05 14:50:58.890		1
1808	BDC	PER	PERRY CORRECTIONAL INSTITUTION                    	2005-03-05 14:50:58.890		1
1809	BDC	POL	POLK C.I.                                         	2005-03-05 14:50:58.890		1
1810	BDC	PUT	PUTNAM C.I.                                       	2005-03-05 14:50:58.890		1
1811	BDC	QUI	QUINCY CORRECTIONAL INSTITUTION                   	2005-03-05 14:50:58.890		1
1812	BDC	REC	RECEPTION AND MEDICAL CENTER                      	2005-03-05 14:50:58.890		1
1813	BDC	RIV	RIVER JUNCTION C.I.                               	2005-03-05 14:50:58.890		1
1814	BDC	SAN	SANTA ROSA CORRECTIONAL INSTITUTION               	2005-03-05 14:50:58.890		1
1815	BDC	SFR	SOUTH FLORIDA RECEPTION CENTER                    	2005-03-05 14:50:58.890		1
1816	BDC	SOU	SOUTH BAY CORRECTIONAL FACILITY                   	2005-03-05 14:50:58.890		1
1817	BDC	SUM	SUMTER C.I.                                       	2005-03-05 14:50:58.890		1
1818	BDC	TAY	TAYLOR CORRECTIONAL INSTITUTION                   	2005-03-05 14:50:58.890		1
1819	BDC	TGK	CINDAY TALBOT                                     	2005-03-05 14:50:58.890		1
1820	BDC	TOM	TOMOKA C.I.                                       	2005-03-05 14:50:58.890		1
1821	BDC	UNI	UNION C.I.                                        	2005-03-05 14:50:58.890		1
1822	BDC	WAL	WALTON C.I.                                       	2005-03-05 14:50:58.890		1
1823	BDC	WAS	WASHINGTON CORRECTIONAL INSTITUTION               	2005-03-05 14:50:58.890		1
1824	BDC	ZEP	ZEPHYRHILLS C.I.                                  	2005-03-05 14:50:58.890		1
1825	BLM	ACC	ABODE CORRECTIONAL CENTER                         	2005-03-05 14:50:58.890		1
1826	BLM	ADR	ADRIAN TEMPORARY FACILITY                         	2005-03-05 14:50:58.890		1
1827	BLM	ALG	ALGOA CORRECTIONAL CENTER                         	2005-03-05 14:50:58.890		1
1828	BLM	ALL	ALLEN CORRECTIONAL INSTITUTION                    	2005-03-05 14:50:58.890		1
3259	BLM	APP	NORTH DAKOTA DEPARTMENT OF CORRECTIONS/APPLETON   	2005-09-18 13:02:37.717		1
1829	BLM	ARK	ARKANSAS VALLEY CORRECTIONAL FACILITY             	2005-03-05 14:50:58.890		1
1830	BLM	ARR	ARROWHEAD CORRECTIONAL FACILITY                   	2005-03-05 14:50:58.890		1
1831	BLM	BCC	BOONEVILLE CORRECTIONAL CENTER                    	2005-03-05 14:50:58.890		1
1832	BLM	BCI	BELMONT CORRECTIONAL INSTITUTION                  	2005-03-05 14:50:58.890		1
1833	BLM	BEN	BENT COUNTY CORRECTIONAL FACILITY                 	2005-03-05 14:50:58.890		1
1834	BLM	BIS	NORTH DAKOTA STATE PENITENTIARY                   	2005-03-05 14:50:58.890		1
1835	BLM	BMC	BIG MUDDY CORRECTIONAL CENTER                     	2005-03-05 14:50:58.890		1
1836	BLM	BOO	BOOTCAMP                                          	2005-03-05 14:50:58.890		1
1837	BLM	BRF	BLACK RIVERS FALL CORRECTIONAL INSTITUTION        	2005-03-05 14:50:58.890		1
1838	BLM	BRO	BROOKS REGIONAL FACILITY                          	2005-03-05 14:50:58.890		1
1839	BLM	BTC	BRANCHVILLE TRAINING CENTER                       	2005-03-05 14:50:58.890		1
1840	BLM	BUE	BUENA VISTA CORRECTIONAL FACILITY                 	2005-03-05 14:50:58.890		1
1841	BLM	CAR	CARSON CITY CORRECTIONAL FACILITY                 	2005-03-05 14:50:58.890		1
1842	BLM	CCC	CROSSROADS CORRECTIONAL CENTER                    	2005-03-05 14:50:58.890		1
1843	BLM	CCM	MOBERLY CORRECTIONAL CENTER                       	2005-03-05 14:50:58.890		1
1844	BLM	CEF	CHARLES EGELER CORRECTIONAL FACILITY              	2005-03-05 14:50:58.890		1
1845	BLM	CEN	CENTRALIA CORRECTIONAL CENTER                     	2005-03-05 14:50:58.890		1
1846	BLM	CHI	CHILLICOTHE  CORRECTIONAL INSTITUTE               	2005-03-05 14:50:58.890		1
1847	BLM	CIC	CORRECTIONAL INDUSTRIAL COMPLEX                   	2005-03-05 14:50:58.890		1
1848	BLM	CLA	CLARINDA CORRECTIONAL FACILITY                    	2005-03-05 14:50:58.890		1
1849	BLM	CMC	CORRECTIONS MEDICAL CENTER                        	2005-03-05 14:50:58.890		1
1850	BLM	COL	COLUMBIA CORRECTIONAL INSTITUTION                 	2005-03-05 14:50:58.890		1
1851	BLM	COR	CORRECTIONAL RECEPTION CENTER                     	2005-03-05 14:50:58.890		1
1852	BLM	CPO	CAMP OJIBWAY                                      	2005-03-05 14:50:58.890		1
1853	BLM	CRO	ST. CROIX CORRECTIONAL CENTER                     	2005-03-05 14:50:58.890		1
1854	BLM	CSP	COLORADO STATE PENITENTIARY                       	2005-03-05 14:50:58.890		1
1855	BLM	CTC	CHIPPEWA TEMPOARY CORRECTIONAL FACILITY           	2005-03-05 14:50:58.890		1
1856	BLM	DAN	DANVILLE CORRECTIONAL CENTER                      	2005-03-05 14:50:58.890		1
1857	BLM	DCI	DAYTON CORRECTIONAL INSTITUTE                     	2005-03-05 14:50:58.890		1
1858	BLM	DCS	DEPARTMENT OF CORRECTIONAL SERVICES               	2005-03-05 14:50:58.890		1
1859	BLM	DEL	DELTA CORRECTIONAL FACILITY                       	2005-03-05 14:50:58.890		1
1860	BLM	DEN	DENVER RECEPTION & DIAGNOSTIC CENTER              	2005-03-05 14:50:58.890		1
1861	BLM	DIS	DIVISION OF INTENSIVE SANCTIONS                   	2005-03-05 14:50:58.890		1
1862	BLM	DIX	DIXON CORRECTIONAL CENTER                         	2005-03-05 14:50:58.890		1
1863	BLM	DOD	DODGE CORRECTIONAL INSTITUTION                    	2005-03-05 14:50:58.890		1
1864	BLM	DUN	DUNES CORRECTIONAL FACILITY                       	2005-03-05 14:50:58.890		1
1865	BLM	DWI	DWIGHT CORRECTIONAL CENTER                        	2005-03-05 14:50:58.890		1
1866	BLM	EAS	EAST MOLINE CORRECTIONAL CENTER                   	2005-03-05 14:50:58.890		1
1867	BLM	ECF	ELLSWORTH CORRECTIONAL FACILITY                   	2005-03-05 14:50:58.890		1
1868	BLM	EGC	EGELER CORRECTIONAL FACILITY                      	2005-03-05 14:50:58.890		1
1869	BLM	ELD	EL DORADO CORRECTIONAL FACILITY                   	2005-03-05 14:50:58.890		1
1870	BLM	EMC	EASTERN MISSOURI CORRECTIONAL CTR.                	2005-03-05 14:50:58.890		1
3265	BLM	END	DAKOTA WOMEN'S CORRECTIONAL FACILITY              	2006-08-20 13:10:13.340		1
1871	BLM	ENG	ENGLER CORRECTIONAL FACILITY                      	2005-03-05 14:50:58.890		1
1872	BLM	ENW	FEDERAL CORRECTIONAL INSTITUTE                    	2005-03-05 14:50:58.890		1
1873	BLM	FC 	FEDERAL CORRECTIONAL                              	2005-03-05 14:50:58.890		1
1874	BLM	FCC	FARMINGTON CORRECTIONAL CENTER                    	2005-03-05 14:50:58.890		1
1875	BLM	FCI	FOX LAKE CORRECTIONAL INSTITUTION                 	2005-03-05 14:50:58.890		1
1876	BLM	FOU	FOUR MILE CORRECTIONAL FACILITY                   	2005-03-05 14:50:58.890		1
1877	BLM	FRD	FULTON RECEPTION AND DIAGNOSTIC CENTER            	2005-03-05 14:50:58.890		1
1878	BLM	FRE	FREMONT CORRECTIONAL FACILITY                     	2005-03-05 14:50:58.890		1
1879	BLM	FTH	FEDERAL CORRECTIONAL - TERRE HAUTE                	2005-03-05 14:50:58.890		1
1880	BLM	GCC	GALESBURG CORRECTIONAL CENTER                     	2005-03-05 14:50:58.890		1
1881	BLM	GFT	GRAFTON CORRECTIONAL INSTITUTION                  	2005-03-05 14:50:58.890		1
1882	BLM	GRA	GRAHAM CORRECTIONAL CENTER                        	2005-03-05 14:50:58.890		1
1883	BLM	GRE	GREEN BAY CORRECTIONAL INSTITUTION                	2005-03-05 14:50:58.890		1
1884	BLM	GUN	CENTRAL UTAH CORRECTIONAL FACILITY                	2005-03-05 14:50:58.890		1
1885	BLM	GUS	GUS HARRISON FACILITY                             	2005-03-05 14:50:58.890		1
1886	BLM	HAS	HASTINGS CORRECTIONAL CENTER                      	2005-03-05 14:50:58.890		1
1887	BLM	HCC	HILL CORRECTIONAL CENTER                          	2005-03-05 14:50:58.890		1
1888	BLM	HCF	HUTCHINSON CORRECTIONAL FACILITY                  	2005-03-05 14:50:58.890		1
1889	BLM	HCK	HOCKING CORRECTIONAL FACILITY                     	2005-03-05 14:50:58.890		1
1890	BLM	HCW	HUTCHINSON CORRECTIONAL WORK FACILITY             	2005-03-05 14:50:58.890		1
1891	BLM	HIA	HIAWATHA TEMPORARY FACILITY                       	2005-03-05 14:50:58.890		1
1892	BLM	HUE	HUERFANO CORRECTIONAL FACILITY                    	2005-03-05 14:50:58.890		1
1893	BLM	ICD	IOWA DEPARTMENT OF CORRECTIONS                    	2005-03-05 14:50:58.890		1
1894	BLM	ICW	IOWA CORRECTIONAL INSTITUTE FOR WOMEN             	2005-03-05 14:50:58.890		1
1895	BLM	IDC	IOWA DEPARTMENT OF CORRECTIONS-WORK RELEASE CENTER	2005-03-05 14:50:58.890		1
1896	BLM	IMA	IOWA MEDICAL AND CLASSIFICATION CENTER            	2005-03-05 14:50:58.890		1
1897	BLM	IMR	IOWA MEN'S REFORMATORY                            	2005-03-05 14:50:58.890		1
1898	BLM	IND	INDIANA STATE PRISON                              	2005-03-05 14:50:58.890		1
1899	BLM	ION	IONIA CORRECTIONAL FACILITY                       	2005-03-05 14:50:58.890		1
1900	BLM	IRC	ILLINOIS RIVER CORRECTIONAL INSTITUTION           	2005-03-05 14:50:58.890		1
1901	BLM	ISF	INDIANA STATE FARM                                	2005-03-05 14:50:58.890		1
1902	BLM	ISP	INDIANA STATE PRISON                              	2005-03-05 14:50:58.890		1
1903	BLM	ISR	INDIANA STATE REFORMATORY                         	2005-03-05 14:50:58.890		1
1904	BLM	IWP	INDIANA WOMEN'S PRISON                            	2005-03-05 14:50:58.890		1
1905	BLM	IYC	INDIANA YOUTH CENTER                              	2005-03-05 14:50:58.890		1
1906	BLM	JAC	JACKSON STATE PRISON - CENTRAL                    	2005-03-05 14:50:58.890		1
1907	BLM	JAK	JACKSONVILLE CORRECTIONAL CENTER                  	2005-03-05 14:50:58.890		1
1908	BLM	JBC	C/O JOHN BENNET CORRECTIONAL FACILITY             	2005-03-05 14:50:58.890		1
1909	BLM	JCC	JEFFERSON CITY CORRECTIONAL CENTER                	2005-03-05 14:50:58.890		1
1910	BLM	JCF	JACKSON COTTON FACILITY                           	2005-03-05 14:50:58.890		1
1911	BLM	JCI	JACKSON CORRECTIONAL INSTITUTION                  	2005-03-05 14:50:58.890		1
3266	BLM	JMT	JAMESTOWN CORRECTIONAL FACILITY                   	2006-10-01 13:12:46.937		1
1912	BLM	JOL	JOLIET CORRECTIONAL CENTER                        	2005-03-05 14:50:58.890		1
1913	BLM	KCC	KENOSHA CORRECTIONAL CENTER                       	2005-03-05 14:50:58.890		1
1914	BLM	KCF	KINROSS CORRECTIONAL FACILITY                     	2005-03-05 14:50:58.890		1
1915	BLM	KEN	KENT COUNTY CORRECTIONAL FACILITY                 	2005-03-05 14:50:58.890		1
1916	BLM	KIT	KIT CARSON CORRECTIONAL FACILITY                  	2005-03-05 14:50:58.890		1
1917	BLM	KMC	KETTLE MORAINE CORRECTIONAL INSTITUTION           	2005-03-05 14:50:58.890		1
1918	BLM	KSC	KANSAS STATE CORRECTION INSTITUTION               	2005-03-05 14:50:58.890		1
1919	BLM	KSI	KANSAS STATE INDUSTRIAL REFORMATORY               	2005-03-05 14:50:58.890		1
1920	BLM	LCC	LINCOLN CORRECTIONAL CENTER                       	2005-03-05 14:50:58.890		1
1921	BLM	LCF	LANSING CORRECTIONAL FACILITY                     	2005-03-05 14:50:58.890		1
1922	BLM	LCI	LORAIN CORRECTIONAL INSTITUTION                   	2005-03-05 14:50:58.890		1
1923	BLM	LEB	LEBANON CORRECTIONAL INSTITUTE                    	2005-03-05 14:50:58.890		1
1924	BLM	LEV	UNITED STATES PENITENTIARY LEAVENWORTH            	2005-03-05 14:50:58.890		1
1925	BLM	LEX	FEDERAL CORRECTIONAL INSTITUTION                  	2005-03-05 14:50:58.890		1
1926	BLM	LIM	LIMA CORRECTIONAL INSTITUTE                       	2005-03-05 14:50:58.890		1
1927	BLM	LIN	LINCOLN CORRECTIONAL CENTER                       	2005-03-05 14:50:58.890		1
1928	BLM	LKC	LAKESIDE CORRECTIONAL CENTER                      	2005-03-05 14:50:58.890		1
1929	BLM	LLC	LAKELAND CORRECTIONAL FACILITY                    	2005-03-05 14:50:58.890		1
1930	BLM	LOG	LOGAN CORRECTIONAL CENTER                         	2005-03-05 14:50:58.890		1
1931	BLM	LON	LONDON CORRECTIONAL INSTITUTE                     	2005-03-05 14:50:58.890		1
1932	BLM	MAD	MADISON CORRECTIONAL INSTITUTE                    	2005-03-05 14:50:58.890		1
1933	BLM	MAQ	MARQUETTE BRANCH PRISON                           	2005-03-05 14:50:58.890		1
1934	BLM	MAR	MARION CORRECTIONAL FACILITY                      	2005-03-05 14:50:58.890		1
1935	BLM	MCB	MACOMB REGIONAL FACILITY                          	2005-03-05 14:50:58.890		1
1936	BLM	MCC	MOBERLY CORRECTIONAL CENTER                       	2005-03-05 14:50:58.890		1
1937	BLM	MCF	MINNESOTA CORRECTIONAL FACILITY - STILLWATER      	2005-03-05 14:50:58.890		1
1938	BLM	MCS	ST. PETER REGIONAL TREATMENT CENTER               	2005-03-05 14:50:58.890		1
1939	BLM	MDC	METROPOLITAN DETENTION CENTER                     	2005-03-05 14:50:58.890		1
1940	BLM	MEC	MISSOURI EASTERN CORRECTIONAL CENTER              	2005-03-05 14:50:58.890		1
1941	BLM	MEN	MENARD                                            	2005-03-05 14:50:58.890		1
1942	BLM	MFF	MINNESOTA CORRECTIONAL FACILITY - FARIBAULT       	2005-03-05 14:50:58.890		1
1943	BLM	MLL	MINNESOTA CORRECTIONAL FACILITY-LINO LAKES        	2005-03-05 14:50:58.890		1
1944	BLM	MML	MINNESOTA CORRECTIONAL FACILITY - MOOSE LAKE      	2005-03-05 14:50:58.890		1
1945	BLM	MNS	MANSFIELD CORRECTIONAL INSTITUTION                	2005-03-05 14:50:58.890		1
1946	BLM	MON	MONTGOMERY EDUCATION AND PRE-RELEASE CENTER       	2005-03-05 14:50:58.890		1
1947	BLM	MOU	MOUND REGIONAL FACILITY                           	2005-03-05 14:50:58.890		1
1948	BLM	MPI	MOUNT PLEASANT CORRECTIONAL FACILITY              	2005-03-05 14:50:58.890		1
1949	BLM	MRD	MENARD PSYCH CENTER                               	2005-03-05 14:50:58.890		1
1950	BLM	MRF	MOUND REGIONAL FACILITY                           	2005-03-05 14:50:58.890		1
1951	BLM	MSA	MINNESOTA CORRECTIONAL FACILITY - ST. CLOUD       	2005-03-05 14:50:58.890		1
1952	BLM	MSP	STATE PRISON OF SOUTHERN MICHIGAN                 	2005-03-05 14:50:58.890		1
1953	BLM	MTA	MINNESOTA CORRECTIONAL FACILITY - SHAKOPEE        	2005-03-05 14:50:58.890		1
1954	BLM	MTP	MT. PLEASANT CORRECTIONAL FACILITY                	2005-03-05 14:50:58.890		1
1955	BLM	MTU	MICHIGAN TRAINING UNIT                            	2005-03-05 14:50:58.890		1
1956	BLM	MUS	MUSKEGON CORRECTIONAL FACILITY                    	2005-03-05 14:50:58.890		1
1957	BLM	NCC	NORTH CENTRAL CORRECTIONAL FACILITY               	2005-03-05 14:50:58.890		1
1958	BLM	NCF	NORTON CORRECTIONAL FACILITY                      	2005-03-05 14:50:58.890		1
1959	BLM	NCI	NORTH CENTRAL CORRECTIONAL INSTITUTION            	2005-03-05 14:50:58.890		1
1960	BLM	NCW	NEBRASKA CENTER FOR WOMEN                         	2005-03-05 14:50:58.890		1
1961	BLM	NDC	NEBRASKA DEPARTMENT OF CORRECTIONAL SERVICE       	2005-03-05 14:50:58.890		1
1962	BLM	NDE	NEBRASKA DIAGNOSTIC & EVALUATION CENTER           	2005-03-05 14:50:58.890		1
1963	BLM	NMC	NORTHEAST MISSOURI CORRECTIONAL CENTER            	2005-03-05 14:50:58.890		1
1964	BLM	NOC	NOBLE CORRECTIONAL INSTITUTION                    	2005-03-05 14:50:58.890		1
1965	BLM	NPT	UTAH STATE PRISON, NORTHPOINT                     	2005-03-05 14:50:58.890		1
1966	BLM	NSP	NEBRASKA STATE PENITENTIARY                       	2005-03-05 14:50:58.890		1
1967	BLM	OAK	OAKWOOD FORENSIC CENTER DEPT OF MENTAL HEALTH     	2005-03-05 14:50:58.890		1
1968	BLM	OC 	OMAHA CORRECTIONAL CENTER                         	2005-03-05 14:50:58.890		1
1969	BLM	OCC	OMAHA CORRECTIONAL CENTER                         	2005-03-05 14:50:58.890		1
1970	BLM	OCI	OAKHILL CORRECTIONAL INSTITUTION                  	2005-03-05 14:50:58.890		1
1971	BLM	OCJ	OUTAGAMIE COUNTY JAIL                             	2005-03-05 14:50:58.890		1
1972	BLM	OHS	OHIO STATE REFORMATORY                            	2005-03-05 14:50:58.890		1
1973	BLM	OHW	OHIO STATE REFORMATORY FOR WOMEN                  	2005-03-05 14:50:58.890		1
1974	BLM	OKS	OAKS MAXIMUM FACILITY                             	2005-03-05 14:50:58.890		1
1975	BLM	OMC	OMAHA CORRECTIONS CENTER                          	2005-03-05 14:50:58.890		1
1976	BLM	OPH	METROPOLITAN CORRECTION FACILITY/OAK PARK HEIGHTS 	2005-03-05 14:50:58.890		1
1977	BLM	ORE	OREGON CORRECTIONAL INSTITUTION                   	2005-03-05 14:50:58.890		1
1978	BLM	ORI	ORIENT CORRECTIONAL INSTITUTION                   	2005-03-05 14:50:58.890		1
1979	BLM	OSH	OSHKOSH CORRECTIONAL INSTITUTION                  	2005-03-05 14:50:58.890		1
1980	BLM	OSK	OSKOSH CORRECTIONAL FACILITY                      	2005-03-05 14:50:58.890		1
1981	BLM	PCC	PONTIAC CORRECTIONAL CENTER - MICHIGAN            	2005-03-05 14:50:58.890		1
1982	BLM	PCF	PRAIRIE CORRECTIONAL FACILITY                     	2005-03-05 14:50:58.890		1
1983	BLM	PEN	PENDLETON STATE REFORMATORY                       	2005-03-05 14:50:58.890		1
1984	BLM	PIC	PICKAWAY  CORRECTIONAL INSTITUTE                  	2005-03-05 14:50:58.890		1
1985	BLM	PIN	PINCKENYVILLE CORRECTIONAL CENTER                 	2005-03-05 14:50:58.890		1
1986	BLM	PON	PONTIAC CORRECTIONAL CENTER                       	2005-03-05 14:50:58.890		1
1987	BLM	PUE	PUEBLO WOMENS CORRECTIONAL FACILITY               	2005-03-05 14:50:58.890		1
1988	BLM	PUT	PUTNAMVILLE CORRECTIONAL FACILITY                 	2005-03-05 14:50:58.890		1
1989	BLM	RCF	RIVERSIDE CORRECTIONAL FACILITY                   	2005-03-05 14:50:58.890		1
1990	BLM	RCI	RACINE CORRECTIONAL INSTITUTION                   	2005-03-05 14:50:58.890		1
1991	BLM	RDC	RECEPTION DIAGNOSTIC CENTER                       	2005-03-05 14:50:58.890		1
1992	BLM	RIF	RIFLE CORRECTIONAL FACILITY                       	2005-03-05 14:50:58.890		1
1993	BLM	ROB	ROBINSON CORRECTIONAL CENTER                      	2005-03-05 14:50:58.890		1
1994	BLM	ROS	ROSS CORRECTIONAL INSTITUTE                       	2005-03-05 14:50:58.890		1
1995	BLM	RTC	ROCKVILLE TRAINING CENTER                         	2005-03-05 14:50:58.890		1
1996	BLM	RUS	MINNESOTA CORRECTIONAL FACILITY                   	2005-03-05 14:50:58.890		1
1997	BLM	RYN	RYAN REGIONAL CORRECTIONAL FACILITY               	2005-03-05 14:50:58.890		1
1998	BLM	SAG	SAGINAW REGIONAL FACILITY                         	2005-03-05 14:50:58.890		1
1999	BLM	SAN	FED. CORR. INSTITUTION - MR. STEVE DALESSIO       	2005-03-05 14:50:58.890		1
2000	BLM	SCI	STATE CORRECRTIONAL INSTITUTION AT CAMP HILL      	2005-03-05 14:50:58.890		1
2001	BLM	SCT	SCOTT CORRECTIONAL FACILITY                       	2005-03-05 14:50:58.890		1
2002	BLM	SDD	SPRINGFIELD STATE PENITENTIARY - DURFEE           	2005-03-05 14:50:58.890		1
2003	BLM	SDN	SOUTH DAKOTA STATE PENITENTIARY - NORTH DRIVE     	2005-03-05 14:50:58.890		1
2004	BLM	SDP	SOUTH DAKOTA STATE PENITENTIARY                   	2005-03-05 14:50:58.890		1
2005	BLM	SDR	SOUTH DAKOTA STATE PENITENTIARY - RAPID CITY      	2005-03-05 14:50:58.890		1
2006	BLM	SEA	SOUTHEASTERN CORRECTIONAL INSTITUTION             	2005-03-05 14:50:58.890		1
2007	BLM	SEC	SECURITY MEDICAL FACILITY                         	2005-03-05 14:50:58.890		1
2008	BLM	SHA	SHAWNEE CORRECTIONAL CENTER                       	2005-03-05 14:50:58.890		1
2009	BLM	SHE	SHERIDAN CORRECTOINAL CENTER                      	2005-03-05 14:50:58.890		1
2010	BLM	SHW	SHADOW MOUNTAIN CORRECTIONAL FACILITY             	2005-03-05 14:50:58.890		1
2011	BLM	SKY	SKYLINE CORRECTIONAL FACILITY                     	2005-03-05 14:50:58.890		1
2012	BLM	SOL	SOUTHERN OHIO CORRECTIONAL FAC. "LUCASVILLE"      	2005-03-05 14:50:58.890		1
2013	BLM	SOU	SOUTHEASTERN CORRECTIONAL FACILITY                	2005-03-05 14:50:58.890		1
2014	BLM	SPR	SPRINGFIELD CORRECTIONAL FACILITY                 	2005-03-05 14:50:58.890		1
2015	BLM	SPT	UTAH STATE PRISON, SOUTHPOINT                     	2005-03-05 14:50:58.890		1
2016	BLM	SRW	STATE REFORMATORY FOR WOMEN                       	2005-03-05 14:50:58.890		1
2017	BLM	SSN	SPECIAL SERVICES STATE OF NEBRASKA                	2005-03-05 14:50:58.890		1
2018	BLM	STA	STATEVILLE CORRECTIONAL CENTER                    	2005-03-05 14:50:58.890		1
2019	BLM	STE	STERLING CORRECTIONAL FACILITY                    	2005-03-05 14:50:58.890		1
2020	BLM	SWC	SOUTHWESTERN CORRECTIONAL CENTER                  	2005-03-05 14:50:58.890		1
2021	BLM	TAC	TACHEEDAH CORRECTIONAL INSTITUTION                	2005-03-05 14:50:58.890		1
2022	BLM	TAY	TAYCHEEDAH CORRECTIONAL INSTITUTION               	2005-03-05 14:50:58.890		1
2023	BLM	TCC	TAYLORVILLE CORRECTIONAL CENTER                   	2005-03-05 14:50:58.890		1
2024	BLM	TCF	TOPEKA CORRECTIONAL FACILITY                      	2005-03-05 14:50:58.890		1
2025	BLM	TCI	TRUMBULL CORRECTIONAL INSTITUTION                 	2005-03-05 14:50:58.890		1
2026	BLM	TER	TERRITORIAL CORRECTIONAL FACILITY                 	2005-03-05 14:50:58.890		1
2027	BLM	THU	THUMB CORRECTIONAL FACILITY                       	2005-03-05 14:50:58.890		1
2028	BLM	TOP	RECEPTION & DIAGNOSTIC CENTER                     	2005-03-05 14:50:58.890		1
2029	BLM	TRU	TRUMBAL CORRECTIONAL INSTITUTION                  	2005-03-05 14:50:58.890		1
2030	BLM	USP	UNITED STATES PENITENTARY                         	2005-03-05 14:50:58.890		1
2031	BLM	VAN	VANDALIA CORRECTIONAL CENTER                      	2005-03-05 14:50:58.890		1
2032	BLM	VIE	VIENNA CORRECTIONAL CENTER                        	2005-03-05 14:50:58.890		1
2033	BLM	WAB	WABASH VALLEY CORRECTIONAL INSTITUTION            	2005-03-05 14:50:58.890		1
2034	BLM	WAR	WARREN CORRECTIONAL INSTITUTION                   	2005-03-05 14:50:58.890		1
2035	BLM	WAU	WAUPAN CORRECTIONAL INSTITUTION                   	2005-03-05 14:50:58.890		1
2036	BLM	WCC	WISCONSIN CORRECTIONAL CENTER SYSTEM              	2005-03-05 14:50:58.890		1
2037	BLM	WCF	WOMEN CORRECTIONAL FACILITY                       	2005-03-05 14:50:58.890		1
2038	BLM	WCJ	WALWORTH COUNTY JAIL                              	2005-03-05 14:50:58.890		1
2039	BLM	WER	WOMENS' EASTERN RECEPTION & DIAGNOSTIC CENTER     	2005-03-05 14:50:58.890		1
2040	BLM	WES	WESTVILLE CORRECTIONAL CENTER                     	2005-03-05 14:50:58.890		1
2041	BLM	WHC	WARDEN HILL CORRECTIONAL CENTER                   	2005-03-05 14:50:58.890		1
2042	BLM	WIC	WESTERN ILLINOIS CORRECTIONAL CENTER              	2005-03-05 14:50:58.890		1
2043	BLM	WIN	WINFIELD CORRECTIONAL FACILITY                    	2005-03-05 14:50:58.890		1
2044	BLM	WIS	WISCONSIN PRISON SYS., DIV. OF INTENSIVE SANCTIONS	2005-03-05 14:50:58.890		1
2045	BLM	WM1	WESTERN MISSOURI CORECTIONAL CENTER               	2005-03-05 14:50:58.890		1
2046	BLM	WMC	WESTERN MISSOURI CORRECTIONAL CENTER              	2005-03-05 14:50:58.890		1
2047	BLM	WRC	WISCONSIN RESOURCE CENTER                         	2005-03-05 14:50:58.890		1
2048	BLM	WYO	WYOMING STATE PRISON                              	2005-03-05 14:50:58.890		1
2049	BLM	YAC	YOUNG ADULT CORRECTIONAL FACILITY                 	2005-03-05 14:50:58.890		1
2050	BLM	YOS	YOUTH OFFENDER SERVICES                           	2005-03-05 14:50:58.890		1
224	BOS	BDG	BRIDGEPORT CORRECTIONAL CENTER	2003-08-10 11:23:16.927		1
225	BOS	BDP	CONNECTICUT CORRECTIONAL INSTITUTION	2003-08-10 11:23:16.927		1
226	BOS	BIL	BILLERICA HOUSE OF CORRECTION	2003-08-10 11:23:16.927		1
227	BOS	BOS	SOUTH BAY HOUSE OF CORRECTIONS	2003-08-10 11:23:16.927		1
228	BOS	BOY	WORCESTER HOUSE OF CORRECTION	2003-08-10 11:23:16.927		1
229	BOS	BRD	OLD COLONY CORRECTION CENTER	2003-08-10 11:23:16.927		1
230	BOS	BRI	SOUTHEASTERN CORRECTIONAL CENTER	2003-08-10 11:23:16.927		1
231	BOS	BRO	BROOKLYN CORRECTIONAL CENTER	2003-08-10 11:23:16.927		0
232	BOS	BRP	COMMUNITY CORRECTIONAL CENTER	2003-08-10 11:23:16.927		0
233	BOS	BRW	SOUTHEASTERN CORRECTIONAL CENTER	2003-08-10 11:23:16.927		0
234	BOS	CAR	M.C.I. PLYMOUTH	2003-08-10 11:23:16.927		0
235	BOS	CAV	MASSACHUSETTS CORRECTIONAL INSTITUTION	2003-08-10 11:23:16.927		0
236	BOS	CHE	CHESHIRE COMMUNITY CORRECTIONAL CENTER	2003-08-10 11:23:16.927		0
237	BOS	CHS	J.R. MASON YI	2003-08-10 11:23:16.927		0
238	BOS	CNC	NEW HAMPSHIRE STATE PRISON	2003-08-10 11:23:16.927		1
239	BOS	CND	NORTHEASTERN CORRECTIONAL CENTER	2003-08-10 11:23:16.927		1
240	BOS	COD	MASSACHUSETTS CORRECTIONAL INSTITUTION	2003-08-10 11:23:16.927		1
241	BOS	CON	MASSACHUSETTS CORRECTIONAL INSTITUTE	2003-08-10 11:23:16.927		1
242	BOS	CRA	ADULT CORRECTIONAL INSTITUTE	2003-08-10 11:23:16.927		1
243	BOS	CRE	CONNECTICUT CORRECTIONAL INSTITUTION	2003-08-10 11:23:16.927		0
244	BOS	CSE	WEBSTER CORRECTIONAL INSTITUTION	2003-08-10 11:23:16.927		0
245	BOS	CYB	CYBULSKI CORRECTION INSTITUTE	2003-08-10 11:23:16.927		0
246	BOS	DAN	FEDERAL CORRECTIONAL INSTITUTION	2003-08-10 11:23:16.927		0
247	BOS	DAR	BRISTOL COUNTY HOUSE OF CORRECTION	2003-08-10 11:23:16.927		1
248	BOS	DED	NORFOLK COUNTY HOUSE OF CORRECTIONS	2003-08-10 11:23:16.927		1
249	BOS	EFD	COMMUNITY CORRECTIONAL INSTITUTION-ENFIELD	2003-08-10 11:23:16.927		0
250	BOS	EID	ENFIELD CORRECTIONAL INSTITUTION	2003-08-10 11:23:16.927		0
251	BOS	ELD	CONNECTICUT CORRECTIONAL INSTITUTION	2003-08-10 11:23:16.927		0
252	BOS	END	WILLARD CORRECTIONAL INSTITUTE	2003-08-10 11:23:16.927		0
253	BOS	ENF	CARL ROBINSON CORRECTIONAL INSTITUTE	2003-08-10 11:23:16.927		0
254	BOS	ENI	ENFIELD CONNECTICUT CORRECTIONAL INSTITUTE	2003-08-10 11:23:16.927		0
255	BOS	FRA	MASSACHUSETTS CORRECTIONAL INSTITUTE	2003-08-10 11:23:16.927		1
256	BOS	FRM	SOUTH MIDDLESEX PRE RELEASE CENTER	2003-08-10 11:23:16.927		1
257	BOS	GAR	NORTH CENTRAL CORRECTIONAL INSTITUTE	2003-08-10 11:23:16.927		1
258	BOS	GOF	HILLSBOROUGH COUNTY HOUSE OF CORRECTIONS	2003-08-10 11:23:16.927		1
259	BOS	GRN	GARNER CORRECTIONAL INSTITUTION	2003-08-10 11:23:16.927		0
260	BOS	HAR	HARTFORD CORRECTIONAL CENTER	2003-08-10 11:23:16.927		1
261	BOS	HAT	COMMUNITY CORRECTIONAL CENTER	2003-08-10 11:23:16.927		0
262	BOS	HAV	COMMUNITY CORRECTIONAL CENTER	2003-08-10 11:23:16.927		0
263	BOS	LAN	 M.C.I.-LANCASTER   LANCASTER PRE RELEASE CENTER	2003-08-10 11:23:16.927		1
264	BOS	LIT	COMMUNITY CORRECTIONAL CENTER	2003-08-10 11:23:16.927		0
265	BOS	LUD	HAMPDEN COUNTY CORRECTIONAL CENTER	2003-08-10 11:23:16.927		1
266	BOS	MDD	MIDDLETON HOUSE OF CORRECTIONS	2003-08-10 11:23:16.927		0
267	BOS	MID	ESSEX COUNTY HOUSE OF CORRECTION	2003-08-10 11:23:16.927		1
268	BOS	NCI	NORTHERN CORRECTIONAL INSTITUTION	2003-08-10 11:23:16.927		0
269	BOS	NEH	NEW HAVEN CORRECTIONAL CENTER	2003-08-10 11:23:16.927		0
270	BOS	NEW	CROSSROADS HALFWAY HOUSE	2003-08-10 11:23:16.927		0
271	BOS	NIA	NIANTIC CORRECTIONAL INSTITUTE	2003-08-10 11:23:16.927		0
272	BOS	NIN	YORK CORRECTIONAL INSTITUTION	2003-08-10 11:23:16.927		0
273	BOS	NOF	BAYSTATE CORRECTIONAL CENTER	2003-08-10 11:23:16.927		1
274	BOS	NOR	MASSACHUSETTS CORRECTIONAL INSTITUTE	2003-08-10 11:23:16.927		1
275	BOS	NOW	NORWALK ECONOMICAL OPPORTUNITY-PTI	2003-08-10 11:23:16.927		0
276	BOS	NRF	PONDVILLE CORRECTIONAL FACILITY	2003-08-10 11:23:16.927		1
277	BOS	NRT	HAMPSHIRE COUNTY HOUSE OF CORRECTION	2003-08-10 11:23:16.927		1
278	BOS	NTC	J.B. GATES CORRECTIONAL UNIT	2003-08-10 11:23:16.927		0
279	BOS	PLY	PLYMOUTH HOUSE OF CORRECTION	2003-08-10 11:23:16.927		1
280	BOS	RAD	RADGOWSKI CORRECTIONAL CENTER	2003-08-10 11:23:16.927		0
281	BOS	RAY	RAYBROOK	2003-08-10 11:23:16.927		0
282	BOS	ROX	SUFFOLK COUNTY HOUSE OF CORRECTIONS	2003-08-10 11:23:16.927		1
283	BOS	SHI	MASSACHUSETTS CORRECTIONAL INSTITUTE	2003-08-10 11:23:16.927		1
284	BOS	SMR	CONNECTICUT CORRECTIONAL INSTITUTION	2003-08-10 11:23:16.927		0
285	BOS	SOM	OSBOURN CORRECTIONAL INSTITUTION	2003-08-10 11:23:16.927		0
286	BOS	STO	NORTHEAST CORRECTIONAL INSTITUTION	2003-08-10 11:23:16.927		0
287	BOS	SUF	MACDOUGALL CORRECTIONAL INSTITUTION	2003-08-10 11:23:16.927		0
288	BOS	THO	MAINE STATE PRISON	2003-08-10 11:23:16.927		0
289	BOS	UNC	MONTVILLE CORRECTIONAL CENTER	2003-08-10 11:23:16.927		0
290	BOS	WAL	MASSACHUSETTS CORRECTIONAL INSTITUTE	2003-08-10 11:23:16.927		1
291	BOS	WAR	MASSACHUSETTS CORRECTIONAL INSTITUTE	2003-08-10 11:23:16.927		1
292	BOS	WES	WESTERN SUBSTANCE ABUSE CENTER	2003-08-10 11:23:16.927		0
293	BOS	WIN	SUFFOLK COUNTY HOUSE OF CORRECTION	2003-08-10 11:23:16.927		0
294	BOS	WLK	WALKER RECEPTION CENTER	2003-08-10 11:23:16.927		0
295	BUF	ADI	ADIRONDACK CORRECTIONAL FACILITY	2003-08-10 11:23:16.927		0
296	BUF	AKL	ARTHUR KILL CORRECTIONAL FACILITY	2003-08-10 11:23:16.927		0
297	BUF	ALB	ALBION CORRECTIONAL FACILITY	2003-08-10 11:23:16.927		0
298	BUF	ALT	ALTONA CORRECTIONAL FACILITY	2003-08-10 11:23:16.927		0
299	BUF	ATT	ATTICA CORRECTIONAL FACILITY	2003-08-10 11:23:16.927		0
300	BUF	AUB	AUBURN CORRECTIONAL FACILITY	2003-08-10 11:23:16.927		0
301	BUF	BAR	BARE HILL CORRECTIONAL FACILITY	2003-08-10 11:23:16.927		0
302	BUF	BAY	BAYVIEW CORRECTIONAL FACILITY	2003-08-10 11:23:16.927		0
303	BUF	BEA	CAMP BEACON	2003-08-10 11:23:16.927		0
304	BUF	BED	BEDFORD HILLS CORRECTIONAL INSTITUTE	2003-08-10 11:23:16.927		0
305	BUF	BUT	BUTLER SHOCK INCARCERATION FACILITY	2003-08-10 11:23:16.927		0
306	BUF	CAM	CAMP GABRIELS	2003-08-10 11:23:16.927		0
307	BUF	CAY	CAYUGA CORRECTIONAL FACILITY	2003-08-10 11:23:16.927		0
308	BUF	CGT	CAMP GEORGETOWN	2003-08-10 11:23:16.927		0
1272	BUF	CHA	CHATEAUGAY ASACTC	2003-08-10 11:23:16.927		0
1273	BUF	CLI	CLINTON CORRECTIONAL FACILITY	2003-08-10 11:23:16.927		0
1274	BUF	CMT	MONTEREY SHOCK INCARCERATION FACILITY	2003-08-10 11:23:16.927		0
1275	BUF	COL	COLLINS CORRECTIONAL FACILITY	2003-08-10 11:23:16.927		0
1276	BUF	COX	COXSACKIE CORRECTIONAL FACILITY	2003-08-10 11:23:16.927		0
1277	BUF	CPH	CAMP PHARSALIA	2003-08-10 11:23:16.927		0
1278	BUF	CSU	SUMMIT SHOCK INCARCERATION FACILITY	2003-08-10 11:23:16.927		0
1279	BUF	CVI	CAPE VINCENT CORRECTIONAL FACILITY	2003-08-10 11:23:16.927		0
1280	BUF	DOW	DOWNSTATE CORRECTIONAL FACILITY	2003-08-10 11:23:16.927		0
1281	BUF	EAS	EASTERN CORRECTIONAL FACILITY	2003-08-10 11:23:16.927		0
1282	BUF	EDG	EDGECOMBE CORRECTIONAL FACILITY	2003-08-10 11:23:16.927		0
1283	BUF	ELM	ELMIRA CORRECTIONAL FACILITY	2003-08-10 11:23:16.927		0
1284	BUF	ESG	EDGECOMBE CORRECTIONAL FACILITY	2003-08-10 11:23:16.927		0
1285	BUF	FIS	FISHKILL CORRECTIONAL FACILITY	2003-08-10 11:23:16.927		0
1286	BUF	FRA	FRANKLIN CORRECTIONAL FACILITY	2003-08-10 11:23:16.927		0
1287	BUF	FUL	FULTON CORRECTIONAL FACILITY	2003-08-10 11:23:16.927		0
1288	BUF	GHN	GREEN HAVEN CORRECTIONAL FACILITY	2003-08-10 11:23:16.927		0
1289	BUF	GMW	GREAT MEADOW CORRECTIONAL FACILITY	2003-08-10 11:23:16.927		0
1290	BUF	GOU	GOUVERNEUR CORRECTIONAL FACILITY	2003-08-10 11:23:16.927		0
1291	BUF	GRE	GREENE CORRECTIONAL FACILITY	2003-08-10 11:23:16.927		0
1292	BUF	GRO	GROVELAND CORRECTIONAL FACILITY	2003-08-10 11:23:16.927		0
1293	BUF	HAL	HALE CREEK CORRECTIONAL FACILITY	2003-08-10 11:23:16.927		0
1294	BUF	HCC	HALE CREEK ASACTC	2003-08-10 11:23:16.927		0
1295	BUF	HUD	HUDSON CORRECTIONAL FACILITY	2003-08-10 11:23:16.927		0
1296	BUF	JOH	JOHNSTOWN ASACTC	2003-08-10 11:23:16.927		0
1297	BUF	LAK	LAKEVIEW SHOCK INCARCERATION FACILITY	2003-08-10 11:23:16.927		0
1298	BUF	LIN	LINCOLN CORRECTIONAL FACILITY	2003-08-10 11:23:16.927		0
1299	BUF	LIV	LIVINGSTON CORRECTIONAL FACILITY	2003-08-10 11:23:16.927		0
1300	BUF	LYO	LYONS MOUNTAIN CORRECTIONAL FACILITY	2003-08-10 11:23:16.927		0
1301	BUF	MAR	MARCY CORRECTIONAL FACILITY	2003-08-10 11:23:16.927		0
1302	BUF	MCG	MT MCGREGER CAMP	2003-08-10 11:23:16.927		0
1303	BUF	MMG	MOUNT MCGREGOR CORRECTIONAL FACILITY	2003-08-10 11:23:16.927		0
1304	BUF	MOE	MID-ORANGE CORRECTIONAL FACILITY	2003-08-10 11:23:16.927		0
1305	BUF	MOH	MOHAWK CORRECTIONAL FACILITY	2003-08-10 11:23:16.927		0
1306	BUF	MOR	MORIAH SHOCK INCARCERATION FACILITY	2003-08-10 11:23:16.927		0
1307	BUF	MST	MID-STATE CORRECTIONAL FACILITY	2003-08-10 11:23:16.927		0
1308	BUF	OGB	OGDENSBURG CORRECTIONAL FACILITY	2003-08-10 11:23:16.927		0
1309	BUF	ONE	ONEIDA CORRECTIONAL FACILITY	2003-08-10 11:23:16.927		0
1310	BUF	ORL	ORLEANS CORRECTIONAL FACILITY	2003-08-10 11:23:16.927		0
1311	BUF	OTI	OTISVILLE CORRECTIONAL FACILITY	2003-08-10 11:23:16.927		0
1312	BUF	OUT	RELEASED	2003-08-10 11:23:16.927		0
1313	BUF	PAR	PARKSIDE CORRECTIONAL FACILITY	2003-08-10 11:23:16.927		0
1314	BUF	QUE	QUEENSBORO CORRECTIONAL FACILITY	2003-08-10 11:23:16.927		0
1315	BUF	RIK	RIKERS	2003-08-10 11:23:16.927		0
1316	BUF	RIV	RIVERVIEW CORRECTIONAL FACILITY	2003-08-10 11:23:16.927		0
1317	BUF	ROC	ROCHESTER CORRECTIONAL FACILITY	2003-08-10 11:23:16.927		0
1318	BUF	SHA	SHAWANGUNK CORRECTIONAL FACILITY	2003-08-10 11:23:16.927		0
1319	BUF	SIN	SING SING	2003-08-10 11:23:16.927		0
1320	BUF	SOU	SOUTHPORT CORRECTIONAL FACILITY	2003-08-10 11:23:16.927		0
1321	BUF	SUL	SULLIVAN CORRECTIONAL FACILITY	2003-08-10 11:23:16.927		0
1322	BUF	TAC	TACONIC CORRECTIONAL FACILITY	2003-08-10 11:23:16.927		0
1323	BUF	ULS	ULSTER CORRECTIONAL FACILITY	2003-08-10 11:23:16.927		0
1324	BUF	WAL	WALLKILL CORRECTIONAL FACILITY	2003-08-10 11:23:16.927		0
1325	BUF	WAS	WASHINGTON CORRECTIONAL FACILITY	2003-08-10 11:23:16.927		0
1326	BUF	WAT	WATERTOWN CORRECTIONAL FACILITY	2003-08-10 11:23:16.927		0
1327	BUF	WEN	WENDE CORRECTIONAL FACILITY	2003-08-10 11:23:16.927		0
1328	BUF	WMD	WALSH MEDICAL C/O MOHAWK CF	2003-08-10 11:23:16.927		0
1329	BUF	WOO	WOODBRIDGE CORRECTIONAL FACILITY	2003-08-10 11:23:16.927		0
1330	BUF	WYO	WYOMING CORRECTIONAL FACILITY	2003-08-10 11:23:16.927		0
1331	CHI	ACC	ABODE CORRECTIONAL CENTER	2003-08-10 11:23:16.927		0
1332	CHI	ADR	ADRIAN TEMPORARY FACILITY	2003-08-10 11:23:16.927		0
1333	CHI	ALG	ALGOA CORRECTIONAL CENTER	2003-08-10 11:23:16.927		1
1334	CHI	ALL	ALLEN CORRECTIONAL INSTITUTION	2003-08-10 11:23:16.927		0
1335	CHI	BCC	BOONEVILLE CORRECTIONAL CENTER	2003-08-10 11:23:16.927		0
1336	CHI	BCI	BELMONT CORRECTIONAL INSTITUTION	2003-08-10 11:23:16.927		0
2051	CHI	BKR	INDIANA DOC/BUNKER HILL FACILITY                  	2005-03-05 14:50:58.890		1
1337	CHI	BMC	BIG MUDDY CORRECTIONAL CENTER	2003-08-10 11:23:16.927		1
1338	CHI	BRF	BLACK RIVERS FALL CORRECTIONAL INSTITUTION	2003-08-10 11:23:16.927		1
1339	CHI	BRO	BROOKS REGIONAL FACILITY	2003-08-10 11:23:16.927		0
1340	CHI	BTC	BRANCHVILLE TRAINING CENTER	2003-08-10 11:23:16.927		0
2052	CHI	BUN	INDIANA DEPARTMENT OF CORRECTIONS                 	2005-03-05 14:50:58.890		1
1341	CHI	CAR	CARSON CITY CORRECTIONAL FACILITY	2003-08-10 11:23:16.927		0
1342	CHI	CCC	CROSSROADS CORRECTIONAL CENTER	2003-08-10 11:23:16.927		1
1343	CHI	CCM	MOBERLY CORRECTIONAL CENTER	2003-08-10 11:23:16.927		0
1344	CHI	CEF	CHARLES EGELER CORRECTIONAL FACILITY	2003-08-10 11:23:16.927		0
1345	CHI	CEN	CENTRALIA CORRECTIONAL CENTER	2003-08-10 11:23:16.927		0
1346	CHI	CHI	CHILLICOTHE  CORRECTIONAL INSTITUTE	2003-08-10 11:23:16.927		0
1347	CHI	CIC	CORRECTIONAL INDUSTRIAL COMPLEX	2003-08-10 11:23:16.927		0
1348	CHI	CLA	CLARINDA CORRECTIONAL FACILITY	2003-08-10 11:23:16.927		0
1349	CHI	CMC	CORRECTIONS MEDICAL CENTER	2003-08-10 11:23:16.927		0
1350	CHI	COL	COLUMBIA CORRECTIONAL INSTITUTION	2003-08-10 11:23:16.927		1
1351	CHI	COR	CORRECTIONAL RECEPTION CENTER	2003-08-10 11:23:16.927		0
1352	CHI	CPO	CAMP OJIBWAY	2003-08-10 11:23:16.927		0
1353	CHI	CRO	ST. CROIX CORRECTIONAL CENTER	2003-08-10 11:23:16.927		0
1354	CHI	CTC	CHIPPEWA TEMPOARY CORRECTIONAL FACILITY	2003-08-10 11:23:16.927		0
1355	CHI	DAN	DANVILLE CORRECTIONAL CENTER	2003-08-10 11:23:16.927		0
1356	CHI	DCI	DAYTON CORRECTIONAL INSTITUTE	2003-08-10 11:23:16.927		0
1357	CHI	DCS	DEPARTMENT OF CORRECTIONAL SERVICES	2003-08-10 11:23:16.927		0
2053	CHI	DEC	DECATUR  CORRECTIONAL CENTER                      	2005-03-05 14:50:58.890		1
1358	CHI	DIS	DIVISION OF INTENSIVE SANCTIONS	2003-08-10 11:23:16.927		0
1359	CHI	DIX	DIXON CORRECTIONAL CENTER	2003-08-10 11:23:16.927		0
1360	CHI	DOD	DODGE CORRECTIONAL INSTITUTION	2003-08-10 11:23:16.927		0
1361	CHI	DUN	DUNES CORRECTIONAL FACILITY	2003-08-10 11:23:16.927		0
1362	CHI	DWI	DWIGHT CORRECTIONAL CENTER	2003-08-10 11:23:16.927		0
1363	CHI	EAS	EAST MOLINE CORRECTIONAL CENTER	2003-08-10 11:23:16.927		0
1364	CHI	ECF	ELLSWORTH CORRECTIONAL FACILITY	2003-08-10 11:23:16.927		0
1365	CHI	EGC	EGELER CORRECTIONAL FACILITY	2003-08-10 11:23:16.927		0
1366	CHI	ELD	EL DORADO CORRECTIONAL FACILITY	2003-08-10 11:23:16.927		0
1367	CHI	EMC	EASTERN MISSOURI CORRECTIONAL CTR.	2003-08-10 11:23:16.927		0
1368	CHI	ENG	ENGLER CORRECTIONAL FACILITY	2003-08-10 11:23:16.927		0
1369	CHI	FC	FEDERAL CORRECTIONAL	2003-08-10 11:23:16.927		0
1370	CHI	FCC	FARMINGTON CORRECTIONAL CENTER	2003-08-10 11:23:16.927		0
1371	CHI	FCI	FOX LAKE CORRECTIONAL INSTITUTION	2003-08-10 11:23:16.927		0
1372	CHI	FRD	FULTON RECEPTION AND DIAGNOSTIC CENTER	2003-08-10 11:23:16.927		0
1373	CHI	FTH	FEDERAL CORRECTIONAL - TERRE HAUTE	2003-08-10 11:23:16.927		0
1374	CHI	GCC	GALESBURG CORRECTIONAL CENTER	2003-08-10 11:23:16.927		0
1375	CHI	GFT	GRAFTON CORRECTIONAL INSTITUTION	2003-08-10 11:23:16.927		0
1376	CHI	GRA	GRAHAM CORRECTIONAL CENTER	2003-08-10 11:23:16.927		0
1377	CHI	GRE	GREEN BAY CORRECTIONAL INSTITUTION	2003-08-10 11:23:16.927		0
1378	CHI	GUS	GUS HARRISON FACILITY	2003-08-10 11:23:16.927		0
1379	CHI	HAS	HASTINGS CORRECTIONAL CENTER	2003-08-10 11:23:16.927		0
1380	CHI	HCC	HILL CORRECTIONAL CENTER	2003-08-10 11:23:16.927		0
1381	CHI	HCF	HUTCHINSON CORRECTIONAL FACILITY	2003-08-10 11:23:16.927		0
1382	CHI	HCK	HOCKING CORRECTIONAL FACILITY	2003-08-10 11:23:16.927		0
1383	CHI	HCW	HUTCHINSON CORRECTIONAL WORK FACILITY	2003-08-10 11:23:16.927		0
1384	CHI	HIA	HIAWATHA TEMPORARY FACILITY	2003-08-10 11:23:16.927		0
1385	CHI	ICD	IOWA DEPARTMENT OF CORRECTIONS	2003-08-10 11:23:16.927		0
1386	CHI	ICW	IOWA CORRECTIONAL INSTITUTE FOR WOMEN	2003-08-10 11:23:16.927		0
1387	CHI	IDC	IOWA DEPARTMENT OF CORRECTIONS-WORK RELEASE CENTER	2003-08-10 11:23:16.927		0
1388	CHI	IMA	IOWA MEDICAL AND CLASSIFICATION CENTER	2003-08-10 11:23:16.927		0
1389	CHI	IMR	IOWA MEN'S REFORMATORY	2003-08-10 11:23:16.927		0
1390	CHI	IND	INDIANA STATE PRISON	2003-08-10 11:23:16.927		0
1391	CHI	ION	IONIA CORRECTIONAL FACILITY	2003-08-10 11:23:16.927		0
1392	CHI	IRC	ILLINOIS RIVER CORRECTIONAL INSTITUTION	2003-08-10 11:23:16.927		0
1393	CHI	ISF	INDIANA STATE FARM	2003-08-10 11:23:16.927		0
1394	CHI	ISP	INDIANA STATE PRISON	2003-08-10 11:23:16.927		0
1395	CHI	ISR	INDIANA STATE REFORMATORY	2003-08-10 11:23:16.927		0
1396	CHI	IWP	INDIANA WOMEN'S PRISON	2003-08-10 11:23:16.927		0
1397	CHI	IYC	INDIANA YOUTH CENTER	2003-08-10 11:23:16.927		0
1398	CHI	JAC	JACKSON STATE PRISON - CENTRAL	2003-08-10 11:23:16.927		0
1399	CHI	JAK	JACKSONVILLE CORRECTIONAL CENTER	2003-08-10 11:23:16.927		0
1400	CHI	JBC	C/O JOHN BENNET CORRECTIONAL FACILITY	2003-08-10 11:23:16.927		0
1401	CHI	JCC	JEFFERSON CITY CORRECTIONAL CENTER	2003-08-10 11:23:16.927		0
1402	CHI	JCF	JACKSON COTTON FACILITY	2003-08-10 11:23:16.927		0
1403	CHI	JCI	JACKSON CORRECTIONAL INSTITUTION	2003-08-10 11:23:16.927		0
1404	CHI	JOL	JOLIET CORRECTIONAL CENTER	2003-08-10 11:23:16.927		0
1405	CHI	KCC	KENOSHA CORRECTIONAL CENTER	2003-08-10 11:23:16.927		0
1406	CHI	KCF	KINROSS CORRECTIONAL FACILITY	2003-08-10 11:23:16.927		0
1407	CHI	KEN	KENT COUNTY CORRECTIONAL FACILITY	2003-08-10 11:23:16.927		0
1408	CHI	KMC	KETTLE MORAINE CORRECTIONAL INSTITUTION	2003-08-10 11:23:16.927		0
1409	CHI	KSC	KANSAS STATE CORRECTION INSTITUTION	2003-08-10 11:23:16.927		0
1410	CHI	KSI	KANSAS STATE INDUSTRIAL REFORMATORY	2003-08-10 11:23:16.927		0
1411	CHI	LAK	METROPOLITAN CORRECTIONAL FACILITY/LINO LAKES	2003-08-10 11:23:16.927		1
2054	CHI	LAW	LAWRENCE CORRECTIONAL FACILITY                    	2005-03-05 14:50:58.890		1
1412	CHI	LCC	LINCOLN CORRECTIONAL CENTER	2003-08-10 11:23:16.927		0
1413	CHI	LCF	LANSING CORRECTIONAL FACILITY	2003-08-10 11:23:16.927		0
1414	CHI	LCI	LORAIN CORRECTIONAL INSTITUTION	2003-08-10 11:23:16.927		0
1415	CHI	LEB	LEBANON CORRECTIONAL INSTITUTE	2003-08-10 11:23:16.927		0
1416	CHI	LEV	UNITED STATES PENITENTIARY LEAVENWORTH	2003-08-10 11:23:16.927		0
1417	CHI	LEX	FEDERAL CORRECTIONAL INSTITUTION	2003-08-10 11:23:16.927		0
1418	CHI	LIM	LIMA CORRECTIONAL INSTITUTE	2003-08-10 11:23:16.927		0
1419	CHI	LIN	LINCOLN CORRECTIONAL CENTER	2003-08-10 11:23:16.927		1
1420	CHI	LKC	LAKESIDE CORRECTIONAL CENTER	2003-08-10 11:23:16.927		0
1421	CHI	LLC	LAKELAND CORRECTIONAL FACILITY	2003-08-10 11:23:16.927		0
1422	CHI	LOG	LOGAN CORRECTIONAL CENTER	2003-08-10 11:23:16.927		0
1423	CHI	LON	LONDON CORRECTIONAL INSTITUTE	2003-08-10 11:23:16.927		0
1424	CHI	MAD	MADISON CORRECTIONAL INSTITUTE	2003-08-10 11:23:16.927		0
1425	CHI	MAQ	MARQUETTE BRANCH PRISON	2003-08-10 11:23:16.927		0
1426	CHI	MAR	MARION CORRECTIONAL FACILITY	2003-08-10 11:23:16.927		1
1427	CHI	MCB	MACOMB REGIONAL FACILITY	2003-08-10 11:23:16.927		0
1428	CHI	MCC	MOBERLY CORRECTIONAL CENTER	2003-08-10 11:23:16.927		0
1429	CHI	MCF	MINNESOTA CORRECTIONAL FACILITY - STILLWATER	2003-08-10 11:23:16.927		1
1430	CHI	MDC	METROPOLITAN DETENTION CENTER	2003-08-10 11:23:16.927		0
1431	CHI	MEC	MISSOURI EASTERN CORRECTIONAL CENTER	2003-08-10 11:23:16.927		1
1432	CHI	MEN	MENARD	2003-08-10 11:23:16.927		0
1433	CHI	MFF	MINNESOTA CORRECTIONAL FACILITY - FARIBAULT	2003-08-10 11:23:16.927		1
1434	CHI	MLK	METROPOLITAN CORRECTIONAL FACILITY/MOOSE LAKE	2003-08-10 11:23:16.927		1
1435	CHI	MLL	MINNESOTA CORRECTIONAL FACILITY-LINO LAKES	2003-08-10 11:23:16.927		1
1436	CHI	MML	MINNESOTA CORRECTIONAL FACILITY - MOOSE LAKE	2003-08-10 11:23:16.927		1
1437	CHI	MNS	MANSFIELD CORRECTIONAL INSTITUTION	2003-08-10 11:23:16.927		0
1438	CHI	MON	MONTGOMERY EDUCATION AND PRE-RELEASE CENTER	2003-08-10 11:23:16.927		0
1439	CHI	MOP	MINNESOTA CORRECTIONAL FACILITY-OAK PARK HEIGHTS	2003-08-10 11:23:16.927		1
1440	CHI	MOU	MOUND REGIONAL FACILITY	2003-08-10 11:23:16.927		0
1441	CHI	MPI	MOUNT PLEASANT CORRECTIONAL FACILITY	2003-08-10 11:23:16.927		0
1442	CHI	MRD	MENARD PSYCH CENTER	2003-08-10 11:23:16.927		0
1443	CHI	MRF	MOUND REGIONAL FACILITY	2003-08-10 11:23:16.927		0
1444	CHI	MSA	MINNESOTA CORRECTIONAL FACILITY - ST. CLOUD	2003-08-10 11:23:16.927		1
1445	CHI	MSP	STATE PRISON OF SOUTHERN MICHIGAN	2003-08-10 11:23:16.927		0
1446	CHI	MTA	MINNESOTA CORRECTIONAL FACILITY - SHAKOPEE	2003-08-10 11:23:16.927		1
1447	CHI	MTP	MT. PLEASANT CORRECTIONAL FACILITY	2003-08-10 11:23:16.927		0
1448	CHI	MTU	MICHIGAN TRAINING UNIT	2003-08-10 11:23:16.927		0
1449	CHI	MUS	MUSKEGON CORRECTIONAL FACILITY	2003-08-10 11:23:16.927		0
1450	CHI	NCC	NORTH CENTRAL CORRECTIONAL FACILITY	2003-08-10 11:23:16.927		0
1451	CHI	NCF	NORTON CORRECTIONAL FACILITY	2003-08-10 11:23:16.927		0
1452	CHI	NCI	NORTH CENTRAL CORRECTIONAL INSTITUTION	2003-08-10 11:23:16.927		0
1453	CHI	NCW	NEBRASKA CENTER FOR WOMEN	2003-08-10 11:23:16.927		0
1454	CHI	NDC	NEBRASKA DEPARTMENT OF CORRECTIONAL SERVICE	2003-08-10 11:23:16.927		0
1455	CHI	NDE	NEBRASKA DIAGNOSTIC & EVALUATION CENTER	2003-08-10 11:23:16.927		0
1456	CHI	NMC	NORTHEAST MISSOURI CORRECTIONAL CENTER	2003-08-10 11:23:16.927		0
1457	CHI	NOC	NOBLE CORRECTIONAL INSTITUTION	2003-08-10 11:23:16.927		0
1458	CHI	NSP	NEBRASKA STATE PENITENTIARY	2003-08-10 11:23:16.927		0
2055	CHI	NWL	NEW LIBSON CORRECTIONAL INSTITUTION               	2005-03-05 14:50:58.890		1
1459	CHI	OAK	OAKWOOD FORENSIC CENTER DEPT OF MENTAL HEALTH	2003-08-10 11:23:16.927		0
1460	CHI	OC	OMAHA CORRECTIONAL CENTER	2003-08-10 11:23:16.927		0
1461	CHI	OCC	OMAHA CORRECTIONAL CENTER	2003-08-10 11:23:16.927		0
1462	CHI	OCI	OAKHILL CORRECTIONAL INSTITUTION	2003-08-10 11:23:16.927		0
1463	CHI	OCJ	OUTAGAMIE COUNTY JAIL	2003-08-10 11:23:16.927		0
1464	CHI	OHS	OHIO STATE REFORMATORY	2003-08-10 11:23:16.927		0
1465	CHI	OHW	OHIO STATE REFORMATORY FOR WOMEN	2003-08-10 11:23:16.927		0
1466	CHI	OKS	OAKS MAXIMUM FACILITY	2003-08-10 11:23:16.927		0
1467	CHI	OMC	OMAHA CORRECTIONS CENTER	2003-08-10 11:23:16.927		0
1468	CHI	OPH	METROPOLITAN CORRECTION FACILITY/OAK PARK HEIGHTS	2003-08-10 11:23:16.927		1
1469	CHI	ORE	OREGON CORRECTIONAL INSTITUTION	2003-08-10 11:23:16.927		0
1470	CHI	ORI	ORIENT CORRECTIONAL INSTITUTION	2003-08-10 11:23:16.927		0
1471	CHI	OSH	OSHKOSH CORRECTIONAL INSTITUTION	2003-08-10 11:23:16.927		0
1472	CHI	OSK	OSKOSH CORRECTIONAL FACILITY	2003-08-10 11:23:16.927		0
1473	CHI	PCC	PONTIAC CORRECTIONAL CENTER - MICHIGAN	2003-08-10 11:23:16.927		0
1474	CHI	PCF	PRAIRIE CORRECTIONAL FACILITY	2003-08-10 11:23:16.927		0
1475	CHI	PEN	PENDLETON STATE REFORMATORY	2003-08-10 11:23:16.927		0
1476	CHI	PIC	PICKAWAY  CORRECTIONAL INSTITUTE	2003-08-10 11:23:16.927		0
1477	CHI	PIN	PINCKENYVILLE CORRECTIONAL CENTER	2003-08-10 11:23:16.927		0
1478	CHI	PON	PONTIAC CORRECTIONAL CENTER	2003-08-10 11:23:16.927		0
1479	CHI	PUT	PUTNAMVILLE CORRECTIONAL FACILITY	2003-08-10 11:23:16.927		0
1480	CHI	RCF	RIVERSIDE CORRECTIONAL FACILITY	2003-08-10 11:23:16.927		0
1481	CHI	RCI	RACINE CORRECTIONAL INSTITUTION	2003-08-10 11:23:16.927		0
1482	CHI	RDC	RECEPTION DIAGNOSTIC CENTER	2003-08-10 11:23:16.927		0
2056	CHI	RED	REDGRANITE CORRECTIONAL INSTITUTION               	2005-03-05 14:50:58.890		1
1483	CHI	ROB	ROBINSON CORRECTIONAL CENTER	2003-08-10 11:23:16.927		0
1484	CHI	ROS	ROSS CORRECTIONAL INSTITUTE	2003-08-10 11:23:16.927		0
1485	CHI	RTC	ROCKVILLE TRAINING CENTER	2003-08-10 11:23:16.927		0
1486	CHI	RYN	RYAN REGIONAL CORRECTIONAL FACILITY	2003-08-10 11:23:16.927		0
1487	CHI	SAG	SAGINAW REGIONAL FACILITY	2003-08-10 11:23:16.927		0
1488	CHI	SAN	FED. CORR. INSTITUTION - MR. STEVE DALESSIO	2003-08-10 11:23:16.927		0
1489	CHI	SCI	STATE CORRECTIONAL INSTITUTION AT CAMP HILL	2003-08-10 11:23:16.927		0
1490	CHI	SCT	SCOTT CORRECTIONAL FACILITY	2003-08-10 11:23:16.927		0
1491	CHI	SDS	SOUTH DAKOTA STATE PENITENTIARY	2003-08-10 11:23:16.927		1
1492	CHI	SEA	SOUTHEASTERN CORRECTIONAL INSTITUTION	2003-08-10 11:23:16.927		0
1493	CHI	SEC	SECURITY MEDICAL FACILITY	2003-08-10 11:23:16.927		0
1494	CHI	SHA	SHAWNEE CORRECTIONAL CENTER	2003-08-10 11:23:16.927		0
1495	CHI	SHE	SHERIDAN CORRECTOINAL CENTER	2003-08-10 11:23:16.927		0
1496	CHI	SHP	METROPOLITAN CORRECTIONAL FACILITY/SHAKOPEE	2003-08-10 11:23:16.927		1
1497	CHI	SOL	SOUTHERN OHIO CORRECTIONAL FAC. "LUCASVILLE"	2003-08-10 11:23:16.927		0
1498	CHI	SOU	SOUTHEASTERN CORRECTIONAL FACILITY	2003-08-10 11:23:16.927		0
2057	CHI	SPR	ST. PETER REGIONAL TREATMENT CENTER               	2005-03-05 14:50:58.890		1
1499	CHI	SRW	STATE REFORMATORY FOR WOMEN	2003-08-10 11:23:16.927		0
1500	CHI	SSN	SPECIAL SERVICES STATE OF NEBRASKA	2003-08-10 11:23:16.927		0
1501	CHI	STA	STATEVILLE CORRECTIONAL CENTER	2003-08-10 11:23:16.927		0
1502	CHI	STC	METROPOLITAN CORRECTIONAL FACILITY/ST. CLOUD	2003-08-10 11:23:16.927		1
2058	CHI	STL	STANLEY CORRECTIONAL INSTITUTION                  	2005-03-05 14:50:58.890		1
1503	CHI	SWC	SOUTHWESTERN CORRECTIONAL CENTER	2003-08-10 11:23:16.927		0
1504	CHI	TAC	TACHEEDAH CORRECTIONAL INSTITUTION	2003-08-10 11:23:16.927		0
1505	CHI	TAY	TAYCHEEDAH CORRECTIONAL INSTITUTION	2003-08-10 11:23:16.927		0
1506	CHI	TCC	TAYLORVILLE CORRECTIONAL CENTER	2003-08-10 11:23:16.927		0
1507	CHI	TCF	TOPEKA CORRECTIONAL FACILITY	2003-08-10 11:23:16.927		0
1508	CHI	TCI	TRUMBULL CORRECTIONAL INSTITUTION	2003-08-10 11:23:16.927		0
1509	CHI	THU	THUMB CORRECTIONAL FACILITY	2003-08-10 11:23:16.927		0
1510	CHI	TOP	RECEPTION & DIAGNOSTIC CENTER	2003-08-10 11:23:16.927		0
1511	CHI	TRU	TRUMBAL CORRECTIONAL INSTITUTION	2003-08-10 11:23:16.927		0
1512	CHI	USP	UNITED STATES PENITENTARY	2003-08-10 11:23:16.927		0
1513	CHI	VAN	VANDALIA CORRECTIONAL CENTER	2003-08-10 11:23:16.927		0
1514	CHI	VIE	VIENNA CORRECTIONAL CENTER	2003-08-10 11:23:16.927		0
1515	CHI	WAB	WABASH VALLEY CORRECTIONAL INSTITUTION	2003-08-10 11:23:16.927		0
1516	CHI	WAR	WARREN CORRECTIONAL INSTITUTION	2003-08-10 11:23:16.927		0
1517	CHI	WAU	WAUPAN CORRECTIONAL INSTITUTION	2003-08-10 11:23:16.927		0
1518	CHI	WCC	WISCONSIN CORRECTIONAL CENTER SYSTEM	2003-08-10 11:23:16.927		0
1519	CHI	WCJ	WALWORTH COUNTY JAIL	2003-08-10 11:23:16.927		0
1520	CHI	WER	WOMENS' EASTERN RECEPTION & DIAGNOSTIC CENTER	2003-08-10 11:23:16.927		0
1521	CHI	WES	WESTVILLE CORRECTIONAL CENTER	2003-08-10 11:23:16.927		0
1522	CHI	WHC	WARDEN HILL CORRECTIONAL CENTER	2003-08-10 11:23:16.927		0
1523	CHI	WIC	WESTERN ILLINOIS CORRECTIONAL CENTER	2003-08-10 11:23:16.927		0
1524	CHI	WIN	WINFIELD CORRECTIONAL FACILITY	2003-08-10 11:23:16.927		0
1525	CHI	WIS	WISCONSIN PRISON SYS.	2003-08-10 11:23:16.927		0
1526	CHI	WM1	WESTERN MISSOURI CORECTIONAL CENTER	2003-08-10 11:23:16.927		0
1527	CHI	WMC	WESTERN MISSOURI CORRECTIONAL CENTER	2003-08-10 11:23:16.927		0
1528	CHI	WRC	WISCONSIN RESOURCE CENTER	2003-08-10 11:23:16.927		0
3739	CHL	AIK	AIKEN CORRECTIONAL CENTER                         	2005-03-05 14:50:58.890		0
3740	CHL	ALA	KILBY CORRECTIONS FACILITY	2003-08-10 11:23:16.927		0
3741	CHL	ALB	ALBANY TRANSITIONAL CENTER                        	2005-03-05 14:50:58.890		0
3742	CHL	ALD	ALDERSON FEDERAL CORRECTIONAL INSTITUTE           	2005-03-05 14:50:58.890		0
3743	CHL	ALL	ALLENDALE CORRECTINAL INSTITUTION	2003-08-10 11:23:16.927		0
3744	CHL	ALW	LFCI ALLENWOOD                                    	2005-03-05 14:50:58.890		0
3745	CHL	AND	ANDERSON COUNTY JAIL	2003-08-10 11:23:16.927		0
3746	CHL	ANS	ANSON CORRECTIONAL CENTER                         	2005-03-05 14:50:58.890		0
3747	CHL	ARR	ARRENDALE C.I.,                                   	2005-03-05 14:50:58.890		0
3748	CHL	AUG	AUGUSTA                                           	2005-03-05 14:50:58.890		0
3749	CHL	AUT	AUTRY CORRECTIONAL INSTITUTION	2003-08-10 11:23:16.927		0
3750	CHL	BAS	BASKERVILLE CORRECTIONAL UNIT                     	2005-03-05 14:50:58.890		0
3751	CHL	BAY	BAYAMON REGIONAL JAIL	2003-08-10 11:23:16.927		0
3752	CHL	BBW	BLACK BLUFF WARDEN                                	2005-03-05 14:50:58.890		0
3753	CHL	BCI	BURESS C.I.	2003-08-10 11:23:16.927		0
3754	CHL	BCN	BLANCH YOUTH INSTITUTION                          	2005-03-05 14:50:58.890		0
3755	CHL	BDR	BROAD RIVER CORRECTIONAL INSTITUTION              	2005-03-05 14:50:58.890		0
3756	CHL	BLA	BLAND CORRECTIONAL CENTER                         	2005-03-05 14:50:58.890		0
3757	CHL	BOS	BOSTICK CORRECTIONAL INSTITUTION                  	2005-03-05 14:50:58.890		0
3758	CHL	BOT	BOTECOURT CORRECTIONAL FACILITY                   	2005-03-05 14:50:58.890		0
3759	CHL	BRE	BROAD RIVER RECEPTION AND EVALUATION CENTER	2003-08-10 11:23:16.927		0
3760	CHL	BRO	BROWN CREEK CORRECTION CENTER                     	2005-03-05 14:50:58.890		0
3761	CHL	BRS	AL BURRIS CORRECTIONAL INSTITUTION                	2005-03-05 14:50:58.890		0
3762	CHL	BTN	FCI BUTNER                                        	2005-03-05 14:50:58.890		0
3763	CHL	BUC	BUCKINGHAM CORRECTIONAL CENTER                    	2005-03-05 14:50:58.890		0
3764	CHL	BUL	BULLOCK COUNTY CORRECTIONAL INSTITUTION	2003-08-10 11:23:16.927		0
3765	CHL	BUR	BURKEVILLE                                        	2005-03-05 14:50:58.890		0
3766	CHL	BUT	LSCI BUTNER	2003-08-10 11:23:16.927		0
3767	CHL	BWN	BALDWIN CORRECTIONAL INSTITUTE                    	2005-03-05 14:50:58.890		0
3768	CHL	CAB	CABARRUS CORRECTIONAL CENTER                      	2005-03-05 14:50:58.890		0
3769	CHL	CAL	CALEDONIA CORRECTIONAL CORRECTIONS	2003-08-10 11:23:16.927		0
3770	CHL	CAM	C/O SCI CAMP HILL                                 	2005-03-05 14:50:58.890		0
3771	CHL	CAR	CAROLINE CORRECTIONAL UNIT NUMBER TWO             	2005-03-05 14:50:58.890		0
3772	CHL	CAS	CASWELL CORR CTR	2003-08-10 11:23:16.927		0
3773	CHL	CAT	CARTERET CORRECTIONAL CENTER                      	2005-03-05 14:50:58.890		0
3774	CHL	CAW	CATAWBA CORRECTIONAL CENTER                       	2005-03-05 14:50:58.890		0
3775	CHL	CCC	COLUMBUS CORRECTIONAL CENTER                      	2005-03-05 14:50:58.890		0
3776	CHL	CCI	CENTRAL CORRECTIONAL INSTITUTION	2003-08-10 11:23:16.927		0
3777	CHL	CEP	CENTRAL PRISON	2003-08-10 11:23:16.927		0
3778	CHL	CHA	CHARLOTTE CORRECTIONAL CENTER	2003-08-10 11:23:16.927		0
3779	CHL	CHN	CALHOUN CORRECTIONAL INSTITUTION                  	2005-03-05 14:50:58.890		0
3780	CHL	CIR	CARROLL C.I.	2003-08-10 11:23:16.927		0
3781	CHL	CLA	CLAYTON COUNTY CORRECTIONAL INSTITUTION	2003-08-10 11:23:16.927		0
3782	CHL	COA	COASTAL CORRECTIONAL INSTITUTION	2003-08-10 11:23:16.927		0
3783	CHL	COB	COBB COUNTY CORRECTIONAL INSTITUTION	2003-08-10 11:23:16.927		0
3784	CHL	COL	COLUMBUS CORRECTIONAL INSTITUTION	2003-08-10 11:23:16.927		0
3785	CHL	CRA	CRAGGY CORRECTIONAL CENTER	2003-08-10 11:23:16.927		0
3786	CHL	CRE	STATE CORRECTIONAL INSTITUTION                    	2005-03-05 14:50:58.890		0
3787	CHL	CRO	CROSS ANCHOR CORR. INST                           	2005-03-05 14:50:58.890		0
3788	CHL	CTF	DC DOC, CORRECTIONAL TREATMENT FACILITY           	2005-03-05 14:50:58.890		0
3789	CHL	CUR	CURRITUK CORRECTIONAL CENTER                      	2005-03-05 14:50:58.890		0
3790	CHL	DAL	C/O WARDEN                                        	2005-03-05 14:50:58.890		0
3791	CHL	DAV	DAVIE CORRECTIONAL CENTER	2003-08-10 11:23:16.927		0
3792	CHL	DCH	DUTCHMAN CORRECTIONAL INSTITUTION	2003-08-10 11:23:16.927		0
3793	CHL	DCI	DODGE CORRECTIONAL INSTITUTE	2003-08-10 11:23:16.927		0
3794	CHL	DCJ	DC DEPARTMENT OF CORRECTIONS                      	2005-03-05 14:50:58.890		0
3795	CHL	DCT	DARE COUNTY DETENTION FACILITY                    	2005-03-05 14:50:58.890		0
3796	CHL	DEE	DEERFIELD CORRECTIONAL CENTER                     	2005-03-05 14:50:58.890		0
3797	CHL	DIL	DILLWYN CORRECTIONAL FACILITY                     	2005-03-05 14:50:58.890		0
3798	CHL	DKB	DEKALB COUNTY JAIL                                	2005-03-05 14:50:58.890		0
3799	CHL	DLY	DOOLY CORRECTIONAL INSTITUTION                    	2005-03-05 14:50:58.890		0
3800	CHL	DMC	DEEP MEADOW CORRECTIONAL CENTER                   	2005-03-05 14:50:58.890		0
3801	CHL	DOD	DODGE CORRECTIONAL INSTITUTION                    	2005-03-05 14:50:58.890		0
3802	CHL	DPN	DUPLIN CORRECTIONAL CENTER                        	2005-03-05 14:50:58.890		0
3803	CHL	DPR	DRAPER CORRECTIONAL FACILITY	2003-08-10 11:23:16.927		0
3804	CHL	DRA	DRAPER CORRECTIONAL FACILITY                      	2005-03-05 14:50:58.890		0
3805	CHL	DUR	DURHAM CORRECTIONAL  CENTER                       	2005-03-05 14:50:58.890		0
3806	CHL	EAS	EASTERN CORR. INST..                              	2005-03-05 14:50:58.890		0
3807	CHL	EVA	EVANS CORRECTIONAL INSTITUTION                    	2005-03-05 14:50:58.890		0
3808	CHL	EVE	EVANS CORRECTIONAL INSTITUTION	2003-08-10 11:23:16.927		0
3809	CHL	FCC	FOUNTAIN CORRECTIONAL CENTER FOR WOMEN            	2005-03-05 14:50:58.890		0
3810	CHL	FCI	FEDERAL CORRECTIONAL INSTITUTION	2003-08-10 11:23:16.927		0
3811	CHL	FLO	FLOYD COUNTY CORRECTIONAL INSTITUTION	2003-08-10 11:23:16.927		0
3812	CHL	FOO	FOOTHILLS CORRECTIONAL INSTITUTION	2003-08-10 11:23:16.927		0
3813	CHL	FOR	FORSYTH COUNTY DETENTION CENTER	2003-08-10 11:23:16.927		0
3814	CHL	FOU	FOUNTAIN CORRECTIONAL CENTER FOR WOMEN            	2005-03-05 14:50:58.890		0
3815	CHL	FRA	FRANKLIN CORRECTIONAL CENTER	2003-08-10 11:23:16.927		0
3816	CHL	FRN	FRANKLIN CORRECTIONAL CENTER                      	2005-03-05 14:50:58.890		0
3817	CHL	GAT	GATES CORRECTIONAL CENTER                         	2005-03-05 14:50:58.890		0
3818	CHL	GCC	GASTON CORRECTIONAL CENTER                        	2005-03-05 14:50:58.890		0
3819	CHL	GDB	GEORGIA DIAGNOSTIC & CLASSIFICATION CENTER        	2005-03-05 14:50:58.890		0
3820	CHL	GDC	GEORGIA DIAGNOSTIC & CLASSIFICATION CENTER	2003-08-10 11:23:16.927		0
3821	CHL	GEO	GEORGIA DIAGNOSTIC & CLASSIFICATION CENTER	2003-08-10 11:23:16.927		0
3822	CHL	GII	GEORGIA INDUSTRIAL INSTITUTION                    	2005-03-05 14:50:58.890		0
3823	CHL	GNE	GREENE CORRECTIONL INSTITUTION                    	2005-03-05 14:50:58.890		0
3824	CHL	GOO	VIRGINIA CORRECTIONAL CENTER FOR WOMEN            	2005-03-05 14:50:58.890		0
3825	CHL	GRA	C/O SCI GRATERFORD                                	2005-03-05 14:50:58.890		0
3826	CHL	GRE	GREENSVILLE CORRECTIONAL CENTER                   	2005-03-05 14:50:58.890		0
3827	CHL	GSP	GEORGIA STATE PRISON                              	2005-03-05 14:50:58.890		0
3828	CHL	HAD	RIVERS CORRECTIONAL INST.	2003-08-10 11:23:16.927		0
3829	CHL	HAN	HANCOCK CORRECTIONAL INSTITUTION                  	2005-03-05 14:50:58.890		0
3830	CHL	HAR	HARNETT CORRECTIONAL INSTITUTION	2003-08-10 11:23:16.927		0
3831	CHL	HAY	HAYS CORRECTIONAL INST	2003-08-10 11:23:16.927		0
3832	CHL	HLX	HALIFAX CORRECTION CENTER                         	2005-03-05 14:50:58.890		0
3833	CHL	HOK	HOKE CORRECTIONAL INSTITUTION	2003-08-10 11:23:16.927		0
3834	CHL	HRS	HARRIS COUNTY C.I.	2003-08-10 11:23:16.927		0
3835	CHL	HUN	SCI AT RETREAT                                    	2005-03-05 14:50:58.890		0
3836	CHL	HVL	HAYNESVILLE CI                                    	2005-03-05 14:50:58.890		0
3837	CHL	HYS	HAYES CORECTIONAL CENTER                          	2005-03-05 14:50:58.890		0
3838	CHL	IFW	NORTH CAROLINA INSTITUTION FOR WOMEN              	2005-03-05 14:50:58.890		0
3839	CHL	INC	INDIAN CREEK CORRECTIONAL FACILITY                	2005-03-05 14:50:58.890		0
3840	CHL	IRE	IREDEL CORRECTIONAL INSTITUTION                   	2005-03-05 14:50:58.890		0
3841	CHL	JAC	JACKSON COUNTY C.I.	2003-08-10 11:23:16.927		0
3842	CHL	JCI	JOHNSON CORRECTIONAL INSTITUTION                  	2005-03-05 14:50:58.890		0
3843	CHL	JOH	JOHNSTON CORR. INST                               	2005-03-05 14:50:58.890		0
3844	CHL	JRI	JAMES RIVER CORRECTIONAL CENTER                   	2005-03-05 14:50:58.890		0
3845	CHL	KCI	KIRKLAND CORRECTIONAL INSTITUTION	2003-08-10 11:23:16.927		0
3846	CHL	KIL	AL DEP OF CORR, KILBY CORRECTIONAL INSTITUTE      	2005-03-05 14:50:58.890		0
3847	CHL	KMC	KEENE MOUNTAIN CORRECTIONAL CENTER                	2005-03-05 14:50:58.890		0
3848	CHL	LBR	LIEBER CORRECTIONAL INSTITUTION	2003-08-10 11:23:16.927		0
3849	CHL	LCI	LOWNDES CORRECTIONAL INSTITUTE	2003-08-10 11:23:16.927		0
3850	CHL	LEE	LEE CORRECTIONAL INSTITUTE	2003-08-10 11:23:16.927		0
3851	CHL	LER	LEROY CORRECTIONAL CENTER	2003-08-10 11:23:16.927		0
3852	CHL	LEW	C/O LEWISBURG                                     	2005-03-05 14:50:58.890		0
3853	CHL	LIM	LIMESTONE CC                                      	2005-03-05 14:50:58.890		0
3854	CHL	LIN	LINCOLN CORRECTIONAL CENTER                       	2005-03-05 14:50:58.890		0
3855	CHL	LOR	 LORTON CORRECTIONAL FACILITY, DOC                	2005-03-05 14:50:58.890		0
3856	CHL	LOW	LOW SECURITY CORRECTIONAL INSTITUTION	2003-08-10 11:23:16.927		0
3857	CHL	LTH	LEATH CORRECTIONAL INSTITUTION	2003-08-10 11:23:16.927		0
3858	CHL	LUM	LUMBERTON CORRECTIONAL CENTER                     	2005-03-05 14:50:58.890		0
3859	CHL	MAC	MACDOUGALL CORRECTIONAL CENTER	2003-08-10 11:23:16.927		0
3860	CHL	MAF	MARY FRANCIS CORRECTIONAL INSTITUTION	2003-08-10 11:23:16.927		0
3861	CHL	MAN	MANNING CORRECTIONAL INSTITUTION	2003-08-10 11:23:16.927		0
3862	CHL	MAO	CENTRAL CORRECTIONAL INSTITUTE	2003-08-10 11:23:16.927		0
3863	CHL	MAR	MARION CORRECTIONAL INSTITUTION	2003-08-10 11:23:16.927		0
3864	CHL	MAU	EASTERN CORRECTIONAL CENTER	2003-08-10 11:23:16.927		0
3865	CHL	MCC	MCCORMICK CORRECTIONAL INSTITUTION	2003-08-10 11:23:16.927		0
3866	CHL	MCD	MACDOUGALL CORRECTIONAL INSTITUTION               	2005-03-05 14:50:58.890		0
3867	CHL	MCH	MCCAIN CORRECTIONAL HOSPITAL                      	2005-03-05 14:50:58.890		0
3868	CHL	MCK	MECKLENBURG CORRECTIONAL CENTER                   	2005-03-05 14:50:58.890		0
3869	CHL	MCN	MACON CORRECTIONAL INSTITUTION                    	2005-03-05 14:50:58.890		0
3870	CHL	MEN	MEN'S CORRECTIONAL INSTITUTION	2003-08-10 11:23:16.927		0
3871	CHL	MET	METRO CORRECTIONAL INSTITUTION	2003-08-10 11:23:16.927		0
3872	CHL	MGC	MGCI WOMENS CORRECTIONAL INSTITUTION              	2005-03-05 14:50:58.890		0
3873	CHL	MON	MONTGOMERY CORRECTIONAL CENTER                    	2005-03-05 14:50:58.890		0
3874	CHL	MOR	MORRISON YOUTH INSTITUTION                        	2005-03-05 14:50:58.890		0
3875	CHL	MUS	MUSCOGEE C.I.	2003-08-10 11:23:16.927		0
3876	CHL	NAG	CAMPAMENTO PUNTA LIMA	2003-08-10 11:23:16.927		0
3877	CHL	NAS	NASH CORRECTIONAL INSTITUTE                       	2005-03-05 14:50:58.890		0
3878	CHL	NCC	N.C. DEPARTMENT OF CORRECTIONS                    	2005-03-05 14:50:58.890		0
3879	CHL	NCT	NORTH CAROLINA CORRECTIONAL CENTER                	2005-03-05 14:50:58.890		0
3880	CHL	NEU	NEUSE CORRECTIONAL INSTITUTION	2003-08-10 11:23:16.927		0
3881	CHL	NHA	NEW HANOVER CORRECTIONAL CENTER	2003-08-10 11:23:16.927		0
3882	CHL	NOR	NORTH CAROLINA CORRECTIONAL INSTITUTION	2003-08-10 11:23:16.927		0
3883	CHL	NOT	NOTTOWAY CORRECTIONAL CNETER                      	2005-03-05 14:50:58.890		0
3884	CHL	NSV	NASH CORRECTIONAL INSTITUTION                     	2005-03-05 14:50:58.890		0
3885	CHL	NTH	NORTHSIDE CORRECTIONAL CENTER	2003-08-10 11:23:16.927		0
3886	CHL	OCC	OCCOQUAN FACILITY                                 	2005-03-05 14:50:58.890		0
3887	CHL	OCO	OCONEE COUNTY JAIL	2003-08-10 11:23:16.927		0
3888	CHL	ODO	ODOM CORRECTIONAL INSTITUTION	2003-08-10 11:23:16.927		0
3889	CHL	ORA	ORANGE CORRECTIONAL CENTER                        	2005-03-05 14:50:58.890		0
3890	CHL	PEN	PENDER CORRECTIONAL CENTER	2003-08-10 11:23:16.927		0
3891	CHL	PET	PETERSBURG FEDERAL CORRECTIONAL INSTITUTE         	2005-03-05 14:50:58.890		0
3892	CHL	PHI	PHILLIPS CORRECTIONAL INSTITUTION	2003-08-10 11:23:16.927		0
3893	CHL	PIE	PIEDMONT CORRECTIONAL CENTER	2003-08-10 11:23:16.927		0
3894	CHL	POL	POLK CORRECTIONAL CENTER	2003-08-10 11:23:16.927		0
3895	CHL	PON	INSTITUCION REGIONAL DEL SUR	2003-08-10 11:23:16.927		0
3896	CHL	POR	PORTSMOUTH CITY JAIL                              	2005-03-05 14:50:58.890		0
3897	CHL	POW	POWHATAN CORRECTIONAL CENTER                      	2005-03-05 14:50:58.890		0
3898	CHL	PRI	ADMINISTRATION OF CORRECTIONS/PUERTO RICO         	2005-03-05 14:50:58.890		0
3899	CHL	PRY	PERRY CORRECTIONAL CENTER	2003-08-10 11:23:16.927		0
3900	CHL	PUL	PULASKI                                           	2005-03-05 14:50:58.890		0
3901	CHL	PWC	PRINCE WILLIAM COUNTY ADC                         	2005-03-05 14:50:58.890		0
3902	CHL	PYO	POLK YOUTH INSTITUTION                            	2005-03-05 14:50:58.890		0
3903	CHL	QUO	PASQUOTANK C.I.	2003-08-10 11:23:16.927		0
3904	CHL	RAN	RANDOLPH CORRECTIONAL INSTITUTION	2003-08-10 11:23:16.927		0
3905	CHL	RCC	ROCKINGHAM CORRECTIONAL CENTER	2003-08-10 11:23:16.927		0
3906	CHL	RCW	RALEIGH CORRECTIONAL CENTER FOR WOMEN	2003-08-10 11:23:16.927		0
3907	CHL	RDG	RIDGELAND CORRECTIONAL INSTITUTION	2003-08-10 11:23:16.927		0
3908	CHL	RID	RIDGELAND CORRECTIONAL INSTITUTION	2003-08-10 11:23:16.927		0
3909	CHL	RIO	STATE PENITENTIARY	2003-08-10 11:23:16.927		0
3910	CHL	ROB	ROBESON CORRECTIONAL CENTER                       	2005-03-05 14:50:58.890		0
3911	CHL	ROC	C/O SCI ROCKVIEW                                  	2005-03-05 14:50:58.890		0
3912	CHL	ROG	ROGERS CORRECTIONAL INSTITUTION                   	2005-03-05 14:50:58.890		0
3913	CHL	RTD	RUTHERFORD CORRECTIONAL CENTER	2003-08-10 11:23:16.927		0
3914	CHL	RUT	RUTLEDGE CORRECTIONAL INSTITUTION	2003-08-10 11:23:16.927		0
3915	CHL	SAB	SABANA HOYOS CAMP                                 	2005-03-05 14:50:58.890		0
3916	CHL	SAC	SANFORD CORRECTIONAL CENTER                       	2005-03-05 14:50:58.890		0
3917	CHL	SAL	ROWAN CORRECTIONAL CENTER	2003-08-10 11:23:16.927		0
3918	CHL	SAM	SAMPSON CORRECTIONAL CENTER	2003-08-10 11:23:16.927		0
3919	CHL	SAN	SANDHILLS YOUTH CENTER                            	2005-03-05 14:50:58.890		0
3920	CHL	SCC	SAMPSON CORRECTIONAL CENTER	2003-08-10 11:23:16.927		0
3921	CHL	SCI	SUMTER COUNTY CORRECTIONAL INSTITUTE	2003-08-10 11:23:16.927		0
3922	CHL	SCT	SCOTT CORRECTIONAL INSTITUTION                    	2005-03-05 14:50:58.890		0
3923	CHL	SFD	SANFORD CORRECTIONAL CENTER                       	2005-03-05 14:50:58.890		0
3924	CHL	SHA	SCI COAL TOWNSHIP                                 	2005-03-05 14:50:58.890		0
3925	CHL	SMI	SMITH CORRECTIONAL INSTITUTION                    	2005-03-05 14:50:58.890		0
3926	CHL	SOC	SOUTH CAROLINA DEPT OF CORRECTIONS                	2005-03-05 14:50:58.890		0
3927	CHL	SOT	SOUTHERN CORRECTIONAL INST.                       	2005-03-05 14:50:58.890		0
3928	CHL	SOU	SOUTHERN CORRECTIONAL CENTER	2003-08-10 11:23:16.927		0
3929	CHL	STA	STANLY COUNTY JAIL	2003-08-10 11:23:16.927		0
3930	CHL	STB	ST. BRIDES CORRECTIONAL CENTER                    	2005-03-05 14:50:58.890		0
3931	CHL	STO	STOKES CORRECTIONAL CENTER	2003-08-10 11:23:16.927		0
3932	CHL	SUM	SUMTER CITY CORRECTIONAL INSTITUTION              	2005-03-05 14:50:58.890		0
3933	CHL	SYL	FCI. SCHYKLILL                                    	2005-03-05 14:50:58.890		0
3934	CHL	TDG	FCI, TALLADEGA	2003-08-10 11:23:16.927		0
3935	CHL	TEL	TELFAIR CORRECTIONAL INSTITUTION                  	2005-03-05 14:50:58.890		0
3936	CHL	TER	TERRELL CO. CORRECTIONAL INSTITUTION	2003-08-10 11:23:16.927		0
3937	CHL	TIL	TILLERY CORRECTIONAL CENTER                       	2005-03-05 14:50:58.890		0
3938	CHL	TRI	TRIANGLE CORRECTIONAL INSTITUTION	2003-08-10 11:23:16.927		0
3939	CHL	TRO	TROUP COUNTY C.I.	2003-08-10 11:23:16.927		0
3940	CHL	TUR	TURBEVILLE CORRECTIONAL INSTITUTION	2003-08-10 11:23:16.927		0
3941	CHL	UMS	UMSTEAD CORRECTIONAL CENTER                       	2005-03-05 14:50:58.890		0
3942	CHL	VAN	VANCE CORRECTIONAL INSTITUTION                    	2005-03-05 14:50:58.890		0
3943	CHL	VCI	VALDOSTA CORRECTIONAL INSTITUTE	2003-08-10 11:23:16.927		0
3944	CHL	VSP	VIRGINIA STATE PENITENTIARY                       	2005-03-05 14:50:58.890		0
3945	CHL	WAK	WAKE CORRECTIONAL CENTER	2003-08-10 11:23:16.927		0
3946	CHL	WAL	WALKER CORRECTIONAL INSTITUTION                   	2005-03-05 14:50:58.890		0
3947	CHL	WAR	WARE CORRECTIONAL INSTITUTION	2003-08-10 11:23:16.927		0
3948	CHL	WAT	WATERBEE CORRECTIONAL INSTITUTION                 	2005-03-05 14:50:58.890		0
3949	CHL	WAY	WAYNE CORRECTIONAL INSTITUTE	2003-08-10 11:23:16.927		0
3950	CHL	WCC	WOMEN'S CORRECTIONAL CENTER	2003-08-10 11:23:16.927		0
3951	CHL	WCI	WOMRN'S CORRECTIONAL INSTITUTION                  	2005-03-05 14:50:58.890		0
3952	CHL	WCP	WEST CENTRAL PRISON	2003-08-10 11:23:16.927		0
3953	CHL	WDC	WILLIAM DONALDSON CORRECTIONAL FACILITY           	2005-03-05 14:50:58.890		0
3954	CHL	WES	WESTERN YOUTH INSTITUTION	2003-08-10 11:23:16.927		0
3955	CHL	WHI	WHITEVILLE PRISON UNIT	2003-08-10 11:23:16.927		0
3956	CHL	WIL	WILCOX C.I.                                       	2005-03-05 14:50:58.890		0
3957	CHL	WLD	WALDEN CORRECTIONAL INSTITUTION	2003-08-10 11:23:16.927		0
3958	CHL	WLK	WILKES CORRECTIONAL CENTER	2003-08-10 11:23:16.927		0
3959	CHL	WNE	WAYNE CORRECTIONAL                                	2005-03-05 14:50:58.890		0
3960	CHL	WOM	NC CORR. INSTITUTION FOR WOMEN	2003-08-10 11:23:16.927		0
3961	CHL	WRE	WATEREE RIVER C.I.	2003-08-10 11:23:16.927		0
3962	CHL	WRN	WARREN CORRECTIONAL CENTER	2003-08-10 11:23:16.927		0
3963	CHL	WSH	WASHINGTON CORRECTIONAL INSTITUTE                 	2005-03-05 14:50:58.890		0
3964	CHL	YAD	YADKIN CORRECTIONAL CENTER	2003-08-10 11:23:16.927		0
3965	CHL	YDC	YOUTH CENTER, DISTRICT OF COLUMBIA                	2005-03-05 14:50:58.890		0
3966	CHL	YKN	YADKIN CORRECTIONAL CENTER                        	2005-03-05 14:50:58.890		0
3967	CLE	.LC	ST. LOUIS CORRECTIONAL FACILITY                   	2005-03-05 14:50:58.890	2009-04-25 00:02:00.000	1
3968	CLE	ACU	APPALACHIAN CORRECTIONL UNIT #29	2003-08-10 11:23:16.927	2009-04-25 00:02:00.000	1
3969	CLE	ADR	ADRIAN TEMPORARY FACILITY                         	2005-03-05 14:50:58.890	2009-04-25 00:02:00.000	1
3970	CLE	AIK	AIKEN CORRECTIONAL CENTER	2003-08-10 11:23:16.927	2009-04-25 00:02:00.000	0
3971	CLE	ALA	C/O WARDEN KILBY CORRECTIONS FACILITY	2003-08-10 11:23:16.927	2009-04-25 00:02:00.000	1
3972	CLE	ALB	ALBANY TRANSITIONAL CENTER	2003-08-10 11:23:16.927	2009-04-25 00:02:00.000	0
3973	CLE	ALD	ALDERSON FEDERAL CORRECTIONAL INSTITUTE	2003-08-10 11:23:16.927	2009-04-25 00:02:00.000	0
3974	CLE	ALL	ALLENDALE CORRECTIONAL INSTITUTION	2003-08-10 11:23:16.927	2009-04-25 00:02:00.000	1
3975	CLE	ALN	ALLEN CORRECTIONAL INSTITUTE                      	2005-03-05 14:50:58.890	2009-04-25 00:02:00.000	1
3976	CLE	ALW	LFCI ALLENWOOD	2003-08-10 11:23:16.927	2009-04-25 00:02:00.000	0
3977	CLE	AND	ANDERSON COUNTY DETENTION CENTER	2003-08-10 11:23:16.927	2009-04-25 00:02:00.000	0
3978	CLE	ANS	ANSON CORRECTIONAL CENTER	2003-08-10 11:23:16.927	2009-04-25 00:02:00.000	0
3979	CLE	ARR	ARRENDALE C.I.	2003-08-10 11:23:16.927	2009-04-25 00:02:00.000	0
3980	CLE	AUG	AUGUSTA	2003-08-10 11:23:16.927	2009-04-25 00:02:00.000	0
3981	CLE	BAR	BARAGA MAX. FACILITY                              	2005-03-05 14:50:58.890	2009-04-25 00:02:00.000	1
3982	CLE	BAS	BASKERVILLE CORRECTIONAL UNIT #4	2003-08-10 11:23:16.927	2009-04-25 00:02:00.000	0
3983	CLE	BAY	BAYAMON REGIONAL JAIL (1072)	2003-08-10 11:23:16.927	2009-04-25 00:02:00.000	0
3984	CLE	BBW	BLACK BLUFF WARDEN	2003-08-10 11:23:16.927	2009-04-25 00:02:00.000	0
3985	CLE	BCC	BELLAMY CREEK CORRECTIONAL FACILITY               	2005-03-05 14:50:58.890	2009-04-25 00:02:00.000	1
3986	CLE	BCI	BELMONT CORRECTIONAL INSTITUTION                  	2005-03-05 14:50:58.890	2009-04-25 00:02:00.000	1
3987	CLE	BCN	BLANCH YOUTH INSTITUTION	2003-08-10 11:23:16.927	2009-04-25 00:02:00.000	0
3988	CLE	BDR	BROAD RIVER CORRECTIONAL INSTITUTION	2003-08-10 11:23:16.927	2009-04-25 00:02:00.000	0
3989	CLE	BEL	BELMONT CORRECTINAL INSTITUTE                     	2005-03-05 14:50:58.890	2009-04-25 00:02:00.000	1
3990	CLE	BLA	BLAND CORRECTIONAL CENTER	2003-08-10 11:23:16.927	2009-04-25 00:02:00.000	0
3991	CLE	BMC	BIG MUDDY CORRECTIONAL CENTER                     	2005-03-05 14:50:58.890	2009-04-25 00:02:00.000	1
3992	CLE	BOS	BOSTICK CORRECTIONAL INSTITUTION	2003-08-10 11:23:16.927	2009-04-25 00:02:00.000	0
3993	CLE	BOT	BOTECOURT CORRECTIONAL FACILITY	2003-08-10 11:23:16.927	2009-04-25 00:02:00.000	0
3994	CLE	BRC	BOYER ROAD CORRECTIONAL FACILITY                  	2005-03-05 14:50:58.890	2009-04-25 00:02:00.000	1
3995	CLE	BRO	BROWN CREEK CORRECTION CENTER	2003-08-10 11:23:16.927	2009-04-25 00:02:00.000	0
3996	CLE	BRS	AL BURRIS CORRECTIONAL INSTITUTION	2003-08-10 11:23:16.927	2009-04-25 00:02:00.000	0
3997	CLE	BRU	BRUNSWICK CORRECTIONAL FACILITY	2003-08-10 11:23:16.927	2009-04-25 00:02:00.000	1
3998	CLE	BTC	BRANCHVILLE TRAINING CENTER                       	2005-03-05 14:50:58.890	2009-04-25 00:02:00.000	1
3999	CLE	BTN	FCI BUTNER	2003-08-10 11:23:16.927	2009-04-25 00:02:00.000	0
4000	CLE	BUC	BUCKINGHAM CORRECTIONAL CENTER	2003-08-10 11:23:16.927	2009-04-25 00:02:00.000	0
4001	CLE	BUR	BURKEVILLE                                        	2005-03-05 14:50:58.890	2009-04-25 00:02:00.000	1
4002	CLE	BWN	BALDWIN CORRECTIONAL INSTITUTE	2003-08-10 11:23:16.927	2009-04-25 00:02:00.000	0
4003	CLE	CAB	CABARRUS CORRECTIONAL CENTER	2003-08-10 11:23:16.927	2009-04-25 00:02:00.000	0
4004	CLE	CAL	CALEDONIA CORRECTIONAL INSTITUTION	2003-08-10 11:23:16.927	2009-04-25 00:02:00.000	1
4005	CLE	CAM	C/O SCI CAMP HILL	2003-08-10 11:23:16.927	2009-04-25 00:02:00.000	0
4006	CLE	CAR	CAROLINE CORRECTIONAL UNIT #2	2003-08-10 11:23:16.927	2009-04-25 00:02:00.000	0
4007	CLE	CAS	CASWELL CORRECTIONAL CENTER	2003-08-10 11:23:16.927	2009-04-25 00:02:00.000	0
4008	CLE	CAT	CARTERET CORRECTIONAL CENTER	2003-08-10 11:23:16.927	2009-04-25 00:02:00.000	0
4009	CLE	CAW	CATAWBA CORRECTIONAL CENTER	2003-08-10 11:23:16.927	2009-04-25 00:02:00.000	0
4010	CLE	CCC	COLUMBUS CORRECTIONAL CENTER	2003-08-10 11:23:16.927	2009-04-25 00:02:00.000	0
4011	CLE	CCF	COTTON CORRECTIONAL FACILITY                      	2005-03-05 14:50:58.890	2009-04-25 00:02:00.000	1
4012	CLE	CCI	CENTRAL CORRECTIONAL INSTITUTION	2003-08-10 11:23:16.927	2009-04-25 00:02:00.000	0
4013	CLE	CEF	CHARLES EGELER CORRECTIONAL FACILITY              	2005-03-05 14:50:58.890	2009-04-25 00:02:00.000	1
4014	CLE	CEN	CENTRALIA CORRECTIONAL CENTER                     	2005-03-05 14:50:58.890	2009-04-25 00:02:00.000	1
4015	CLE	CEP	CENTRAL PRISON	2003-08-10 11:23:16.927	2009-04-25 00:02:00.000	0
4016	CLE	CFW	COFFEEWOOD CORRECTIONAL CENTER	2003-08-10 11:23:16.927	2009-04-25 00:02:00.000	1
4017	CLE	CHA	CHATHAM CORRECTIONAL UNIT #15	2003-08-10 11:23:16.927	2009-04-25 00:02:00.000	1
4018	CLE	CHE	CHESTERFIELD COMMUNITY CORRECTIONAL UNIT #33	2003-08-10 11:23:16.927	2009-04-25 00:02:00.000	1
4019	CLE	CHI	CHILLICOTHE  CORRECTIONAL INSTITUTE               	2005-03-05 14:50:58.890	2009-04-25 00:02:00.000	1
4020	CLE	CHN	CALHOUN CORRECTIONAL INSTITUTION	2003-08-10 11:23:16.927	2009-04-25 00:02:00.000	1
4021	CLE	CIC	CORRECTIONAL INDUSTRIAL COMPLEX                   	2005-03-05 14:50:58.890	2009-04-25 00:02:00.000	1
4022	CLE	CLA	CLARINDA CORRECTIONAL FACILITY                    	2005-03-05 14:50:58.890	2009-04-25 00:02:00.000	1
4023	CLE	CMC	CORRECTIONS MEDICAL CENTER                        	2005-03-05 14:50:58.890	2009-04-25 00:02:00.000	1
4024	CLE	COA	COASTAL CORRECTIONAL INSTITUTION	2003-08-10 11:23:16.927	2009-04-25 00:02:00.000	0
4025	CLE	COL	COLUMBIA CORRECTIONAL INSTITUTION                 	2005-03-05 14:50:58.890	2009-04-25 00:02:00.000	1
4026	CLE	COR	CORRECTIONAL RECEPTION CENTER                     	2005-03-05 14:50:58.890	2009-04-25 00:02:00.000	1
4027	CLE	COT	G. ROBERT COTTON FACILITY                         	2005-03-05 14:50:58.890	2009-04-25 00:02:00.000	1
4028	CLE	CPO	CAMP OJIBWAY                                      	2005-03-05 14:50:58.890	2009-04-25 00:02:00.000	1
4029	CLE	CRA	CRAGGY CORRECTIONAL CENTER	2003-08-10 11:23:16.927	2009-04-25 00:02:00.000	0
4030	CLE	CRE	STATE CORRECTIONAL INSTITUTION	2003-08-10 11:23:16.927	2009-04-25 00:02:00.000	0
4031	CLE	CRO	CROSS ANCHOR CORR. INST	2003-08-10 11:23:16.927	2009-04-25 00:02:00.000	0
4032	CLE	CSC	COLD SPRINGS CORRECTIONAL UNIT #10	2003-08-10 11:23:16.927	2009-04-25 00:02:00.000	1
4033	CLE	CTC	CHIPPEWA TEMPOARY CORRECTIONAL FACILITY           	2005-03-05 14:50:58.890	2009-04-25 00:02:00.000	1
4034	CLE	CTF	DC DOC, CORRECTIONAL TREATMENT FACILITY	2003-08-10 11:23:16.927	2009-04-25 00:02:00.000	0
4035	CLE	CUR	CURRITUK CORRECTIONAL CENTER	2003-08-10 11:23:16.927	2009-04-25 00:02:00.000	0
4036	CLE	DAL	C/O WARDEN	2003-08-10 11:23:16.927	2009-04-25 00:02:00.000	0
4037	CLE	DAN	DANVILLE CORRECTIONAL CENTER                      	2005-03-05 14:50:58.890	2009-04-25 00:02:00.000	1
4038	CLE	DAV	DAVIE CORRECTIONAL CENTER	2003-08-10 11:23:16.927	2009-04-25 00:02:00.000	0
4039	CLE	DCI	DAYTON CORRECTIONAL INSTITUTE                     	2005-03-05 14:50:58.890	2009-04-25 00:02:00.000	1
4040	CLE	DCJ	DC DEPARTMENT OF CORRECTIONS	2003-08-10 11:23:16.927	2009-04-25 00:02:00.000	0
4041	CLE	DCS	DEPARTMENT OF CORRECTIONAL SERVICES               	2005-03-05 14:50:58.890	2009-04-25 00:02:00.000	1
4042	CLE	DCT	DARE COUNTY DETENTION FACILITY	2003-08-10 11:23:16.927	2009-04-25 00:02:00.000	0
4043	CLE	DCU	DINWIDDIE CORRECTIONAL UNIT #27	2003-08-10 11:23:16.927	2009-04-25 00:02:00.000	1
4044	CLE	DEE	DEERFIELD CORRECTIONAL CENTER	2003-08-10 11:23:16.927	2009-04-25 00:02:00.000	0
4045	CLE	DFI	DEERFIELD CORRECTIONAL FACILITY                   	2005-03-05 14:50:58.890	2009-04-25 00:02:00.000	1
4046	CLE	DIL	DILLWYN CORRECTIONAL FACILITY	2003-08-10 11:23:16.927	2009-04-25 00:02:00.000	0
4047	CLE	DIS	DIVISION OF INTENSIVE SANCTIONS                   	2005-03-05 14:50:58.890	2009-04-25 00:02:00.000	1
4048	CLE	DIX	DIXON CORRECTIONAL CENTER                         	2005-03-05 14:50:58.890	2009-04-25 00:02:00.000	1
4049	CLE	DKB	DEKALB COUNTY JAIL	2003-08-10 11:23:16.927	2009-04-25 00:02:00.000	0
4050	CLE	DLY	DOOLY CORRECTIONAL INSTITUTION	2003-08-10 11:23:16.927	2009-04-25 00:02:00.000	0
4051	CLE	DMC	DEEP MEADOW CORRECTIONAL CENTER	2003-08-10 11:23:16.927	2009-04-25 00:02:00.000	0
4052	CLE	DOD	DODGE CORRECTIONAL INSTITUTION	2003-08-10 11:23:16.927	2009-04-25 00:02:00.000	0
4053	CLE	DPN	DUPLIN CORRECTIONAL CENTER	2003-08-10 11:23:16.927	2009-04-25 00:02:00.000	1
4054	CLE	DRA	DRAPER CORRECTIONAL FACILITY	2003-08-10 11:23:16.927	2009-04-25 00:02:00.000	0
4055	CLE	DUN	DUNES CORRECTIONAL FACILITY                       	2005-03-05 14:50:58.890	2009-04-25 00:02:00.000	1
4056	CLE	DUR	DURHAM CORRECTIONAL  CENTER	2003-08-10 11:23:16.927	2009-04-25 00:02:00.000	0
4057	CLE	DWI	DWIGHT CORRECTIONAL CENTER                        	2005-03-05 14:50:58.890	2009-04-25 00:02:00.000	1
4058	CLE	EAS	EASTERN CORR. INST..	2003-08-10 11:23:16.927	2009-04-25 00:02:00.000	0
4059	CLE	ECF	ELLSWORTH CORRECTIONAL FACILITY                   	2005-03-05 14:50:58.890	2009-04-25 00:02:00.000	1
4060	CLE	EGC	EGELER CORRECTIONAL FACILITY                      	2005-03-05 14:50:58.890	2009-04-25 00:02:00.000	1
4061	CLE	ELD	EL DORADO CORRECTIONAL FACILITY                   	2005-03-05 14:50:58.890	2009-04-25 00:02:00.000	1
4062	CLE	ELL	ELLSWORTH CORRECTIONAL FACILITY                   	2005-03-05 14:50:58.890	2009-04-25 00:02:00.000	1
4063	CLE	ENG	ENGLER CORRECTIONAL FACILITY                      	2005-03-05 14:50:58.890	2009-04-25 00:02:00.000	1
4064	CLE	EVA	EVANS CORRECTIONAL INSTITUTION	2003-08-10 11:23:16.927	2009-04-25 00:02:00.000	0
4065	CLE	FCC	FOUNTAIN CORRECTIONAL CENTER FOR WOMEN	2003-08-10 11:23:16.927	2009-04-25 00:02:00.000	0
4066	CLE	FCI	FOX LAKE CORRECTIONAL INSTITUTION                 	2005-03-05 14:50:58.890	2009-04-25 00:02:00.000	1
4067	CLE	FCU	FAIRFAX CORRECTIONAL UNIT #30	2003-08-10 11:23:16.927	2009-04-25 00:02:00.000	1
4068	CLE	FLU	FLUVANNA CORRECTIONAL CENTER	2003-08-10 11:23:16.927	2009-04-25 00:02:00.000	1
4069	CLE	FOU	FOUNTAIN CORRECTIONAL CENTER FOR WOMEN	2003-08-10 11:23:16.927	2009-04-25 00:02:00.000	0
4070	CLE	FPR	FRANKLIN PRE RELEASE CENTER                       	2005-03-05 14:50:58.890	2009-04-25 00:02:00.000	1
4071	CLE	FRA	SCI FRACKVILLE	2003-08-10 11:23:16.927	2009-04-25 00:02:00.000	0
4072	CLE	FRN	FRANKLIN CORRECTIONAL CENTER	2003-08-10 11:23:16.927	2009-04-25 00:02:00.000	1
4073	CLE	GAT	GATES CORRECTIONAL CENTER	2003-08-10 11:23:16.927	2009-04-25 00:02:00.000	0
4074	CLE	GCC	GASTON CORRECTIONAL CENTER	2003-08-10 11:23:16.927	2009-04-25 00:02:00.000	0
4075	CLE	GDB	GEORGIA DIAGNOSTIC & CLASSIFICATION CENTER	2003-08-10 11:23:16.927	2009-04-25 00:02:00.000	1
4076	CLE	GFT	GRAFTON CORRECTIONAL INSTITUTION                  	2005-03-05 14:50:58.890	2009-04-25 00:02:00.000	1
4077	CLE	GII	GEORGIA INDUSTRIAL INSTITUTION	2003-08-10 11:23:16.927	2009-04-25 00:02:00.000	0
4078	CLE	GNE	GREENE CORRECTIONAL INSTITUTION	2003-08-10 11:23:16.927	2009-04-25 00:02:00.000	0
4079	CLE	GOO	VIRGINIA CORRECTIONAL CENTER FOR WOMEN            	2005-03-05 14:50:58.890	2009-04-25 00:02:00.000	1
4080	CLE	GRA	C/O SCI GRATERFORD	2003-08-10 11:23:16.927	2009-04-25 00:02:00.000	0
4081	CLE	GRE	GREENSVILLE CORRECTIONAL CENTER	2003-08-10 11:23:16.927	2009-04-25 00:02:00.000	0
4082	CLE	GSP	GEORGIA STATE PRISON	2003-08-10 11:23:16.927	2009-04-25 00:02:00.000	0
4083	CLE	GUS	GUS HARRISON FACILITY                             	2005-03-05 14:50:58.890	2009-04-25 00:02:00.000	1
4084	CLE	HAD	RIVERS CORRECTIONAL INSTITUTION	2003-08-10 11:23:16.927	2009-04-25 00:02:00.000	0
4085	CLE	HAN	HANCOCK CORRECTIONAL INSTITUTION	2003-08-10 11:23:16.927	2009-04-25 00:02:00.000	0
4086	CLE	HAR	HARNETT CORRECTIONAL INSTITUTION	2003-08-10 11:23:16.927	2009-04-25 00:02:00.000	0
4087	CLE	HAS	HASTINGS CORRECTIONAL CENTER                      	2005-03-05 14:50:58.890	2009-04-25 00:02:00.000	1
4088	CLE	HAY	HAYS CORRECTIONAL INST	2003-08-10 11:23:16.927	2009-04-25 00:02:00.000	0
4089	CLE	HC 	HARRSION CORRECTIONAL FACILITY                    	2005-03-05 14:50:58.890	2009-04-25 00:02:00.000	1
4090	CLE	HCC	HILL CORRECTIONAL CENTER                          	2005-03-05 14:50:58.890	2009-04-25 00:02:00.000	1
4091	CLE	HCF	HUTCHINSON CORRECTIONAL FACILITY                  	2005-03-05 14:50:58.890	2009-04-25 00:02:00.000	1
4092	CLE	HCK	HOCKING CORRECTIONAL FACILITY                     	2005-03-05 14:50:58.890	2009-04-25 00:02:00.000	1
4093	CLE	HCU	HARRISONBURG CORRECTIONAL UNIT #8	2003-08-10 11:23:16.927	2009-04-25 00:02:00.000	1
4094	CLE	HCW	HUTCHINSON CORRECTIONAL WORK FACILITY             	2005-03-05 14:50:58.890	2009-04-25 00:02:00.000	1
4095	CLE	HIA	HIAWATHA TEMPORARY FACILITY                       	2005-03-05 14:50:58.890	2009-04-25 00:02:00.000	1
4096	CLE	HLX	HALIFAX CORRECTION CENTER	2003-08-10 11:23:16.927	2009-04-25 00:02:00.000	0
4097	CLE	HOK	HOKE CORRECTIONAL INSTITUTION	2003-08-10 11:23:16.927	2009-04-25 00:02:00.000	0
4098	CLE	HUN	SCI AT RETREAT	2003-08-10 11:23:16.927	2009-04-25 00:02:00.000	0
4099	CLE	HVL	HAYNESVILLE CI	2003-08-10 11:23:16.927	2009-04-25 00:02:00.000	0
4100	CLE	HXU	HALIFAX CORRECTIONAL UNIT #23	2003-08-10 11:23:16.927	2009-04-25 00:02:00.000	1
4101	CLE	HYS	HAYES CORRECTIONAL CENTER	2003-08-10 11:23:16.927	2009-04-25 00:02:00.000	1
4102	CLE	IAP	IOWA STATE PENITENTARY                            	2005-03-05 14:50:58.890	2009-04-25 00:02:00.000	1
4103	CLE	ICD	IOWA DEPARTMENT OF CORRECTIONS                    	2005-03-05 14:50:58.890	2009-04-25 00:02:00.000	1
4104	CLE	ICW	IOWA CORRECTIONAL INSTITUTE FOR WOMEN             	2005-03-05 14:50:58.890	2009-04-25 00:02:00.000	1
4105	CLE	IDC	IOWA DEPARTMENT OF CORRECTIONS-WORK RELEASE CENTER	2005-03-05 14:50:58.890	2009-04-25 00:02:00.000	1
4106	CLE	IFW	NORTH CAROLINA INSTITUTION FOR WOMEN	2003-08-10 11:23:16.927	2009-04-25 00:02:00.000	0
4107	CLE	IMA	IOWA MEDICAL AND CLASSIFICATION CENTER            	2005-03-05 14:50:58.890	2009-04-25 00:02:00.000	1
4108	CLE	IMR	IOWA MEN'S REFORMATORY                            	2005-03-05 14:50:58.890	2009-04-25 00:02:00.000	1
4109	CLE	INC	INDIAN CREEK CORRECTIONAL FACILITY	2003-08-10 11:23:16.927	2009-04-25 00:02:00.000	0
4110	CLE	IND	INDIANA STATE PRISON                              	2005-03-05 14:50:58.890	2009-04-25 00:02:00.000	1
4111	CLE	ION	IONIA CORRECTIONAL FACILITY                       	2005-03-05 14:50:58.890	2009-04-25 00:02:00.000	1
4112	CLE	IRC	ILLINOIS RIVER CORRECTIONAL INSTITUTION           	2005-03-05 14:50:58.890	2009-04-25 00:02:00.000	1
4113	CLE	IRE	IREDEL CORRECTIONAL INSTITUTION	2003-08-10 11:23:16.927	2009-04-25 00:02:00.000	0
4114	CLE	ISF	INDIANA STATE FARM                                	2005-03-05 14:50:58.890	2009-04-25 00:02:00.000	1
4115	CLE	ISP	INDIANA STATE PRISON                              	2005-03-05 14:50:58.890	2009-04-25 00:02:00.000	1
4116	CLE	ISR	INDIANA STATE REFORMATORY                         	2005-03-05 14:50:58.890	2009-04-25 00:02:00.000	1
4117	CLE	IWP	INDIANA WOMEN'S PRISON                            	2005-03-05 14:50:58.890	2009-04-25 00:02:00.000	1
4118	CLE	IYC	INDIANA YOUTH CENTER                              	2005-03-05 14:50:58.890	2009-04-25 00:02:00.000	1
4119	CLE	JAC	JACKSON STATE PRISON - CENTRAL                    	2005-03-05 14:50:58.890	2009-04-25 00:02:00.000	1
4120	CLE	JAK	JACKSONVILLE CORRECTIONAL CENTER                  	2005-03-05 14:50:58.890	2009-04-25 00:02:00.000	1
4121	CLE	JCF	JACKSON COTTON FACILITY                           	2005-03-05 14:50:58.890	2009-04-25 00:02:00.000	1
4122	CLE	JCI	JOHNSON CORRECTIONAL INSTITUTION	2003-08-10 11:23:16.927	2009-04-25 00:02:00.000	0
4123	CLE	JOH	JOHNSTON CORR. INST	2003-08-10 11:23:16.927	2009-04-25 00:02:00.000	0
4124	CLE	JOL	JOLIET CORRECTIONAL CENTER                        	2005-03-05 14:50:58.890	2009-04-25 00:02:00.000	1
4125	CLE	JRC	JAMES RIVER CORRECTIONAL CENTER	2003-08-10 11:23:16.927	2009-04-25 00:02:00.000	0
4126	CLE	JRI	JAMES RIVER CORRECTIONAL CENTER                   	2005-03-05 14:50:58.890	2009-04-25 00:02:00.000	1
4127	CLE	KCC	KENOSHA CORRECTIONAL CENTER                       	2005-03-05 14:50:58.890	2009-04-25 00:02:00.000	1
4128	CLE	KCF	KINROSS CORRECTIONAL FACILITY                     	2005-03-05 14:50:58.890	2009-04-25 00:02:00.000	1
4129	CLE	KCI	KIRKLAND CORRECTIONAL INSTITUTION	2003-08-10 11:23:16.927	2009-04-25 00:02:00.000	0
4130	CLE	KEN	KENT COUNTY CORRECTIONAL FACILITY                 	2005-03-05 14:50:58.890	2009-04-25 00:02:00.000	1
4131	CLE	KIL	AL DEP OF CORR	2003-08-10 11:23:16.927	2009-04-25 00:02:00.000	0
4132	CLE	KKW	LLW                                               	2005-03-05 14:50:58.890	2009-04-25 00:02:00.000	1
4133	CLE	KMC	KEENE MOUNTAIN CORRECTIONAL CENTER	2003-08-10 11:23:16.927	2009-04-25 00:02:00.000	0
4134	CLE	KSC	KANSAS STATE CORRECTION INSTITUTION               	2005-03-05 14:50:58.890	2009-04-25 00:02:00.000	1
4135	CLE	KSI	KANSAS STATE INDUSTRIAL REFORMATORY               	2005-03-05 14:50:58.890	2009-04-25 00:02:00.000	1
4136	CLE	LAK	METROPOLITAN CORRECTIONAL FACILITY/LINO LAKES     	2005-03-05 14:50:58.890	2009-04-25 00:02:00.000	1
4137	CLE	LBR	LIEBER CORRECTIONAL INSTITUTION	2003-08-10 11:23:16.927	2009-04-25 00:02:00.000	0
4138	CLE	LCC	LINCOLN CORRECTIONAL CENTER                       	2005-03-05 14:50:58.890	2009-04-25 00:02:00.000	1
4139	CLE	LCF	LANSING CORRECTIONAL FACILITY                     	2005-03-05 14:50:58.890	2009-04-25 00:02:00.000	1
4140	CLE	LCI	LOWNDES CORRECTIONAL INSTITUTE	2003-08-10 11:23:16.927	2009-04-25 00:02:00.000	1
4141	CLE	LEB	LEBANON CORRECTIONAL INSTITUTE                    	2005-03-05 14:50:58.890	2009-04-25 00:02:00.000	1
4142	CLE	LEC	LAKE ERIE CORRECTIONAL INSTITUTION                	2005-03-05 14:50:58.890	2009-04-25 00:02:00.000	1
4143	CLE	LEE	LEE CORRECTIONAL INSTITUTE	2003-08-10 11:23:16.927	2009-04-25 00:02:00.000	0
4144	CLE	LER	LEROY CORRECTION CENTER	2003-08-10 11:23:16.927	2009-04-25 00:02:00.000	0
4145	CLE	LEV	UNITED STATES PENITENTIARY LEAVENWORTH            	2005-03-05 14:50:58.890	2009-04-25 00:02:00.000	1
4146	CLE	LEW	C/O LEWISBURG	2003-08-10 11:23:16.927	2009-04-25 00:02:00.000	0
4147	CLE	LEX	FEDERAL CORRECTIONAL INSTITUTION                  	2005-03-05 14:50:58.890	2009-04-25 00:02:00.000	1
4148	CLE	LIM	LIMESTONE CC	2003-08-10 11:23:16.927	2009-04-25 00:02:00.000	0
4149	CLE	LIN	LINCOLN CORRECTIONAL CENTER	2003-08-10 11:23:16.927	2009-04-25 00:02:00.000	0
4150	CLE	LLC	LAKELAND CORRECTIONAL FACILITY                    	2005-03-05 14:50:58.890	2009-04-25 00:02:00.000	1
4151	CLE	LOG	LOGAN CORRECTIONAL CENTER                         	2005-03-05 14:50:58.890	2009-04-25 00:02:00.000	1
4152	CLE	LON	LONDON CORRECTIONAL INSTITUTE                     	2005-03-05 14:50:58.890	2009-04-25 00:02:00.000	1
4153	CLE	LOR	 LORTON CORRECTIONAL FACILITY	2003-08-10 11:23:16.927	2009-04-25 00:02:00.000	0
4154	CLE	LRN	LORAIN CORRECTIONAL INSTITUTION                   	2005-03-05 14:50:58.890	2009-04-25 00:02:00.000	1
4155	CLE	LUM	LUMBERTON CORRECTIONAL CENTER                     	2005-03-05 14:50:58.890	2009-04-25 00:02:00.000	1
4156	CLE	LUN	LUNENBERG CORRECTIONAL CENTER	2003-08-10 11:23:16.927	2009-04-25 00:02:00.000	1
4157	CLE	MAC	MCDOUGAL CORR. INST.	2003-08-10 11:23:16.927	2009-04-25 00:02:00.000	0
4158	CLE	MAD	MADISON CORRECTIONAL INSTITUTE                    	2005-03-05 14:50:58.890	2009-04-25 00:02:00.000	1
4159	CLE	MAN	MANNING CORRECTIONAL INSTITUTION	2003-08-10 11:23:16.927	2009-04-25 00:02:00.000	0
4160	CLE	MAO	CENTRAL CORRECTIONAL INSTITUTE	2003-08-10 11:23:16.927	2009-04-25 00:02:00.000	0
4161	CLE	MAQ	MARQUETTE BRANCH PRISON                           	2005-03-05 14:50:58.890	2009-04-25 00:02:00.000	1
4162	CLE	MAR	MARION CORRECTIONAL FACILITY                      	2005-03-05 14:50:58.890	2009-04-25 00:02:00.000	1
4163	CLE	MAU	EASTERN CORRECTIONAL INSTITUTION	2003-08-10 11:23:16.927	2009-04-25 00:02:00.000	0
4164	CLE	MCB	MACOMB REGIONAL FACILITY                          	2005-03-05 14:50:58.890	2009-04-25 00:02:00.000	1
4165	CLE	MCC	MCCORMICK CORRECTIONAL INSTITUTION	2003-08-10 11:23:16.927	2009-04-25 00:02:00.000	1
4166	CLE	MCD	MACDOUGALL CORRECTIONAL INSTITUTION	2003-08-10 11:23:16.927	2009-04-25 00:02:00.000	0
4167	CLE	MCF	MINNESOTA CORRECTIONAL FACILITY - STILLWATER      	2005-03-05 14:50:58.890	2009-04-25 00:02:00.000	1
4168	CLE	MCH	MCCAIN CORRECTIONAL HOSPITAL	2003-08-10 11:23:16.927	2009-04-25 00:02:00.000	0
4169	CLE	MCK	MECKLENBURG CORRECTIONAL CENTER	2003-08-10 11:23:16.927	2009-04-25 00:02:00.000	0
4170	CLE	MCN	MACON CORRECTIONAL INSTITUTION	2003-08-10 11:23:16.927	2009-04-25 00:02:00.000	0
4171	CLE	MCT	MARION CORRECTIONAL TREATMENT CENTER	2003-08-10 11:23:16.927	2009-04-25 00:02:00.000	1
4172	CLE	MDC	METROPOLITAN DETENTION CENTER                     	2005-03-05 14:50:58.890	2009-04-25 00:02:00.000	1
4173	CLE	MEN	MEN'S CORRECTIONAL INSTITUTION	2003-08-10 11:23:16.927	2009-04-25 00:02:00.000	0
4174	CLE	MET	METRO CORRECTIONAL INSTITUTION	2003-08-10 11:23:16.927	2009-04-25 00:02:00.000	0
4175	CLE	MFF	MINNESOTA CORRECTIONAL FACILITY - FARIBAULT       	2005-03-05 14:50:58.890	2009-04-25 00:02:00.000	1
4176	CLE	MGC	MGCI WOMENS CORRECTIONAL INSTITUTION	2003-08-10 11:23:16.927	2009-04-25 00:02:00.000	0
4177	CLE	MLK	METROPOLITAN CORRECTIONAL FACILITY/MOOSE LAKE     	2005-03-05 14:50:58.890	2009-04-25 00:02:00.000	1
4178	CLE	MLL	MINNESOTA CORRECTIONAL FACILITY-LINO LAKES        	2005-03-05 14:50:58.890	2009-04-25 00:02:00.000	1
4179	CLE	MNS	MANSFIELD CORRECTIONAL INSTITUTION                	2005-03-05 14:50:58.890	2009-04-25 00:02:00.000	1
4180	CLE	MON	MONTGOMERY CORRECTIONAL CENTER	2003-08-10 11:23:16.927	2009-04-25 00:02:00.000	0
4181	CLE	MOP	MINNESOTA CORRECTIONAL FACILITY-OAK PARK HEIGHTS  	2005-03-05 14:50:58.890	2009-04-25 00:02:00.000	1
4182	CLE	MOR	MORRISON YOUTH INSTITUTION	2003-08-10 11:23:16.927	2009-04-25 00:02:00.000	0
4183	CLE	MOU	MOUND REGIONAL FACILITY                           	2005-03-05 14:50:58.890	2009-04-25 00:02:00.000	1
4184	CLE	MPI	MOUNT PLEASANT CORRECTIONAL FACILITY              	2005-03-05 14:50:58.890	2009-04-25 00:02:00.000	1
4185	CLE	MR 	MICHIGAN REFORMATORY                              	2005-03-05 14:50:58.890	2009-04-25 00:02:00.000	1
4186	CLE	MRD	MENARD PSYCH CENTER                               	2005-03-05 14:50:58.890	2009-04-25 00:02:00.000	1
4187	CLE	MRF	MOUND REGIONAL FACILITY                           	2005-03-05 14:50:58.890	2009-04-25 00:02:00.000	1
4188	CLE	MSA	MINNESOTA CORRECTIONAL FACILITY                   	2005-03-05 14:50:58.890	2009-04-25 00:02:00.000	1
4189	CLE	MSP	STATE PRISON OF SOUTHERN MICHIGAN                 	2005-03-05 14:50:58.890	2009-04-25 00:02:00.000	1
4190	CLE	MTA	MINNESOTA CORRECTIONAL FACILITY - SHAKOPEE        	2005-03-05 14:50:58.890	2009-04-25 00:02:00.000	1
4191	CLE	MTP	MT. PLEASANT CORRECTIONAL FACILITY                	2005-03-05 14:50:58.890	2009-04-25 00:02:00.000	1
4192	CLE	MTU	MICHIGAN TRAINING UNIT                            	2005-03-05 14:50:58.890	2009-04-25 00:02:00.000	1
4193	CLE	MUS	MUSKEGON CORRECTIONAL FACILITY                    	2005-03-05 14:50:58.890	2009-04-25 00:02:00.000	1
4194	CLE	NAG	CAMPAMENTO PUNTA LIMA	2003-08-10 11:23:16.927	2009-04-25 00:02:00.000	0
4195	CLE	NAS	NASH CORRECTIONAL INSTITUTE	2003-08-10 11:23:16.927	2009-04-25 00:02:00.000	0
4196	CLE	NCC	N.C. DEPARTMENT OF CORRECTIONS	2003-08-10 11:23:16.927	2009-04-25 00:02:00.000	0
4197	CLE	NCF	NORTON CORRECTIONAL FACILITY                      	2005-03-05 14:50:58.890	2009-04-25 00:02:00.000	1
4198	CLE	NCS	NORTH COAST CORRECTIONAL FACILITY                 	2005-03-05 14:50:58.890	2009-04-25 00:02:00.000	1
4199	CLE	NCT	NORTH CAROLINA CORRECTIONAL CENTER	2003-08-10 11:23:16.927	2009-04-25 00:02:00.000	1
4200	CLE	NCW	NEBRASKA CENTER FOR WOMEN                         	2005-03-05 14:50:58.890	2009-04-25 00:02:00.000	1
4201	CLE	NDC	NEBRASKA DEPARTMENT OF CORRECTIONAL SERVICE       	2005-03-05 14:50:58.890	2009-04-25 00:02:00.000	1
4202	CLE	NDE	NEBRASKA DIAGNOSTIC & EVALUATION CENTER           	2005-03-05 14:50:58.890	2009-04-25 00:02:00.000	1
4203	CLE	NEW	NEWBERRY CORRECTIONAL FACILITY                    	2005-03-05 14:50:58.890	2009-04-25 00:02:00.000	1
4204	CLE	NIC	NOBLE CORRECTIONAL INSTITUTION/15708 ST.ROUTE 78  	2005-03-05 14:50:58.890	2009-04-25 00:02:00.000	1
4205	CLE	NOB	NOBLE CORRECTONAL INSTITUTE                       	2005-03-05 14:50:58.890	2009-04-25 00:02:00.000	1
4206	CLE	NOR	NORTH CENTRAL CORRECTIONAL INSTITUTE              	2005-03-05 14:50:58.890	2009-04-25 00:02:00.000	1
4207	CLE	NOT	NOTTOWAY CORRECTIONAL CENTER	2003-08-10 11:23:16.927	2009-04-25 00:02:00.000	0
4208	CLE	NSP	NEBRASKA STATE PENITENTIARY                       	2005-03-05 14:50:58.890	2009-04-25 00:02:00.000	1
4209	CLE	NSV	NASH CORRECTIONAL INSTITUTION	2003-08-10 11:23:16.927	2009-04-25 00:02:00.000	0
4210	CLE	OAK	OAKWOOD FORENSIC CENTER DEPT OF MENTAL HEALTH     	2005-03-05 14:50:58.890	2009-04-25 00:02:00.000	1
4211	CLE	OCC	OCCOQUAN FACILITY	2003-08-10 11:23:16.927	2009-04-25 00:02:00.000	0
4212	CLE	OCI	OAKHILL CORRECTIONAL INSTITUTION                  	2005-03-05 14:50:58.890	2009-04-25 00:02:00.000	1
4213	CLE	OCJ	OUTAGAMIE COUNTY JAIL                             	2005-03-05 14:50:58.890	2009-04-25 00:02:00.000	1
4214	CLE	OCO	OCONEE COUNTY JAIL	2003-08-10 11:23:16.927	2009-04-25 00:02:00.000	0
4215	CLE	ODO	ODOM CORRECTIONAL INSTITUTION	2003-08-10 11:23:16.927	2009-04-25 00:02:00.000	1
4216	CLE	OHO	C/O CANDY CAIN                                    	2005-03-05 14:50:58.890	2009-04-25 00:02:00.000	1
4217	CLE	OHS	OHIO STATE REFORMATORY                            	2005-03-05 14:50:58.890	2009-04-25 00:02:00.000	1
4218	CLE	OHW	OHIO STATE REFORMATORY FOR WOMEN                  	2005-03-05 14:50:58.890	2009-04-25 00:02:00.000	1
4219	CLE	OJI	OJIBWAY CORRECTIONAL FACILLITY                    	2005-03-05 14:50:58.890	2009-04-25 00:02:00.000	1
4220	CLE	OKS	OAKS MAXIMUM FACILITY                             	2005-03-05 14:50:58.890	2009-04-25 00:02:00.000	1
4221	CLE	OMC	OMAHA CORRECTIONS CENTER                          	2005-03-05 14:50:58.890	2009-04-25 00:02:00.000	1
4222	CLE	OPH	METROPOLITAN CORRECTION FACILITY/OAK PARK HEIGHTS 	2005-03-05 14:50:58.890	2009-04-25 00:02:00.000	1
4223	CLE	ORA	ORANGE CORRECTIONAL CENTER	2003-08-10 11:23:16.927	2009-04-25 00:02:00.000	0
4224	CLE	ORE	OREGON CORRECTIONAL INSTITUTION                   	2005-03-05 14:50:58.890	2009-04-25 00:02:00.000	1
4225	CLE	ORI	ORIENT CORRECTIONAL INSTITUTION                   	2005-03-05 14:50:58.890	2009-04-25 00:02:00.000	1
4226	CLE	OSH	OSHKOSH CORRECTIONAL INSTITUTION                  	2005-03-05 14:50:58.890	2009-04-25 00:02:00.000	1
4227	CLE	OSK	OSKOSH CORRECTIONAL FACILITY                      	2005-03-05 14:50:58.890	2009-04-25 00:02:00.000	1
4228	CLE	PCA	POCAHONTAS CORRECTIONAL UNIT #13	2003-08-10 11:23:16.927	2009-04-25 00:02:00.000	1
4229	CLE	PCC	PONTIAC CORRECTIONAL CENTER - MICHIGAN            	2005-03-05 14:50:58.890	2009-04-25 00:02:00.000	1
4230	CLE	PEN	PENDER CORRECTIONAL CENTER	2003-08-10 11:23:16.927	2009-04-25 00:02:00.000	1
4231	CLE	PET	PETERSBURG FEDERAL CORRECTIONAL INSTITUTE	2003-08-10 11:23:16.927	2009-04-25 00:02:00.000	0
4232	CLE	PHC	PATRICK HENRY CORRECTIONAL UNIT #28	2003-08-10 11:23:16.927	2009-04-25 00:02:00.000	1
4233	CLE	PHI	PHILLIPS CORRECTIONAL INSTITUTION	2003-08-10 11:23:16.927	2009-04-25 00:02:00.000	0
4234	CLE	PIC	PICKAWAY  CORRECTIONAL INSTITUTE                  	2005-03-05 14:50:58.890	2009-04-25 00:02:00.000	1
4235	CLE	PIE	PIEDMONT CORRECTIONAL CENTER	2003-08-10 11:23:16.927	2009-04-25 00:02:00.000	0
4236	CLE	POL	POLK CORRECTIONAL CENTER	2003-08-10 11:23:16.927	2009-04-25 00:02:00.000	0
4237	CLE	PON	INSTITUCION REGIONAL DEL SUR	2003-08-10 11:23:16.927	2009-04-25 00:02:00.000	0
4238	CLE	POR	PORTSMOUTH CITY JAIL                              	2005-03-05 14:50:58.890	2009-04-25 00:02:00.000	1
4239	CLE	POW	POWHATAN CORRECTIONAL CENTER	2003-08-10 11:23:16.927	2009-04-25 00:02:00.000	0
4240	CLE	PRC	POWHATAN RECEPTION & CLASSIFICATION CENTER	2003-08-10 11:23:16.927	2009-04-25 00:02:00.000	1
4241	CLE	PRI	ADMINISTRATION OF CORRECTIONS/PUERTO RICO	2003-08-10 11:23:16.927	2009-04-25 00:02:00.000	0
4242	CLE	PRY	PERRY CORRECTIONAL CENTER	2003-08-10 11:23:16.927	2009-04-25 00:02:00.000	0
4243	CLE	PUL	PULASKI	2003-08-10 11:23:16.927	2009-04-25 00:02:00.000	0
4244	CLE	PWC	PRINCE WILLIAM COUNTY ADC                         	2005-03-05 14:50:58.890	2009-04-25 00:02:00.000	1
4245	CLE	PYO	POLK YOUTH INSTITUTION	2003-08-10 11:23:16.927	2009-04-25 00:02:00.000	0
4246	CLE	RAN	RANDOLPH CORRECTIONAL INSTITUTION	2003-08-10 11:23:16.927	2009-04-25 00:02:00.000	0
4247	CLE	RCC	RICHMOND CORRECTIONAL CENTER                      	2005-03-05 14:50:58.890	2009-04-25 00:02:00.000	1
4248	CLE	RCF	RIVERSIDE CORRECTIONAL FACILITY                   	2005-03-05 14:50:58.890	2009-04-25 00:02:00.000	1
4249	CLE	RCI	RACINE CORRECTIONAL INSTITUTION                   	2005-03-05 14:50:58.890	2009-04-25 00:02:00.000	1
4250	CLE	RCU	RUSTBURG CORRECTIONAL UNIT #9	2003-08-10 11:23:16.927	2009-04-25 00:02:00.000	1
4251	CLE	RDC	RECEPTION DIAGNOSTIC CENTER                       	2005-03-05 14:50:58.890	2009-04-25 00:02:00.000	1
4252	CLE	RED	RED ONION STATE PRISON                            	2005-03-05 14:50:58.890	2009-04-25 00:02:00.000	1
4253	CLE	REF	OHIO REFORMATORY FOR WOMEN                        	2005-03-05 14:50:58.890	2009-04-25 00:02:00.000	1
4254	CLE	RIC	RICHLAND CORRECTIONAL INSTITUTION                 	2005-03-05 14:50:58.890	2009-04-25 00:02:00.000	1
4255	CLE	RIO	STATE PENITENTIARY	2003-08-10 11:23:16.927	2009-04-25 00:02:00.000	0
4256	CLE	ROB	ROBESON CORRECTIONAL CENTER	2003-08-10 11:23:16.927	2009-04-25 00:02:00.000	0
4257	CLE	ROC	C/O SCI ROCKVIEW	2003-08-10 11:23:16.927	2009-04-25 00:02:00.000	0
4258	CLE	ROG	ROGERS CORRECTIONAL INSTITUTION	2003-08-10 11:23:16.927	2009-04-25 00:02:00.000	0
4259	CLE	ROS	ROSS CORRECTIONAL INSTITUTE                       	2005-03-05 14:50:58.890	2009-04-25 00:02:00.000	1
4260	CLE	RTD	RUTHERFORD CORRECTIONAL CENTER	2003-08-10 11:23:16.927	2009-04-25 00:02:00.000	0
4261	CLE	RUT	RUTLEDGE CORRECTIONAL INSTITUTION	2003-08-10 11:23:16.927	2009-04-25 00:02:00.000	0
4262	CLE	RYN	RYAN REGIONAL CORRECTIONAL FACILITY               	2005-03-05 14:50:58.890	2009-04-25 00:02:00.000	1
4263	CLE	SAB	SABANA HOYOS CAMP	2003-08-10 11:23:16.927	2009-04-25 00:02:00.000	0
4264	CLE	SAC	SANFORD CORRECTIONAL CENTER	2003-08-10 11:23:16.927	2009-04-25 00:02:00.000	0
4265	CLE	SAG	SAGINAW REGIONAL FACILITY                         	2005-03-05 14:50:58.890	2009-04-25 00:02:00.000	1
4266	CLE	SAL	ROWAN CORRECTIONAL CENTER	2003-08-10 11:23:16.927	2009-04-25 00:02:00.000	0
4267	CLE	SAN	SANDHILLS YOUTH CENTER	2003-08-10 11:23:16.927	2009-04-25 00:02:00.000	0
4268	CLE	SCC	SAMPSON CORRECTIONAL CENTER	2003-08-10 11:23:16.927	2009-04-25 00:02:00.000	1
4269	CLE	SCI	STATE CORRECRTIONAL INSTITUTION AT CAMP HILL      	2005-03-05 14:50:58.890	2009-04-25 00:02:00.000	1
4270	CLE	SCT	SCOTT CORRECTIONAL INSTITUTION	2003-08-10 11:23:16.927	2009-04-25 00:02:00.000	0
4271	CLE	SCU	STAFFORD CORRECTIONAL UNIT #21	2003-08-10 11:23:16.927	2009-04-25 00:02:00.000	1
4272	CLE	SDS	SOUTH DAKOTA STATE PENITENTIARY                   	2005-03-05 14:50:58.890	2009-04-25 00:02:00.000	1
4273	CLE	SEA	SOUTHEASTERN CORRECTIONAL INSTITUTION             	2005-03-05 14:50:58.890	2009-04-25 00:02:00.000	1
4274	CLE	SEC	SECURITY MEDICAL FACILITY                         	2005-03-05 14:50:58.890	2009-04-25 00:02:00.000	1
4275	CLE	SFD	SANFORD CORRECTIONAL CENTER	2003-08-10 11:23:16.927	2009-04-25 00:02:00.000	0
4276	CLE	SHA	SCI COAL TOWNSHIP	2003-08-10 11:23:16.927	2009-04-25 00:02:00.000	0
4277	CLE	SHE	SHERIDAN CORRECTOINAL CENTER                      	2005-03-05 14:50:58.890	2009-04-25 00:02:00.000	1
4278	CLE	SHP	METROPOLITAN CORRECTIONAL FACILITY/SHAKOPEE       	2005-03-05 14:50:58.890	2009-04-25 00:02:00.000	1
4279	CLE	SIT	SOUTHAMPTON INTENSIVE TREATMENT CENTER	2003-08-10 11:23:16.927	2009-04-25 00:02:00.000	1
4280	CLE	SMC	SOUTHERN MICHIGAN CORRECTIONAL FACILITY           	2005-03-05 14:50:58.890	2009-04-25 00:02:00.000	1
4281	CLE	SMI	SMITH CORRECTIONAL INSTITUTION	2003-08-10 11:23:16.927	2009-04-25 00:02:00.000	0
4282	CLE	SOC	SOUTH CAROLINA DEPT OF CORRECTIONS	2003-08-10 11:23:16.927	2009-04-25 00:02:00.000	1
4283	CLE	SOL	SOUTHERN OHIO CORRECTIONAL FAC. "LUCASVILLE"      	2005-03-05 14:50:58.890	2009-04-25 00:02:00.000	1
4284	CLE	SOT	SOUTHERN CORRECTIONAL INST.	2003-08-10 11:23:16.927	2009-04-25 00:02:00.000	0
4285	CLE	SOU	SOUTHAMPTON CORRECTIONAL CENTER	2003-08-10 11:23:16.927	2009-04-25 00:02:00.000	0
4286	CLE	SRC	SOUTHAMPTON RECEPTION & CLASSIFICATION CENTER	2003-08-10 11:23:16.927	2009-04-25 00:02:00.000	1
4287	CLE	SRW	STATE REFORMATORY FOR WOMEN                       	2005-03-05 14:50:58.890	2009-04-25 00:02:00.000	1
4288	CLE	SSN	SPECIAL SERVICES STATE OF NEBRASKA                	2005-03-05 14:50:58.890	2009-04-25 00:02:00.000	1
4289	CLE	STA	STAUNTON CORRECTIONAL CENTER	2003-08-10 11:23:16.927	2009-04-25 00:02:00.000	0
4290	CLE	STB	ST. BRIDES CORRECTIONAL CENTER	2003-08-10 11:23:16.927	2009-04-25 00:02:00.000	0
4291	CLE	STC	METROPOLITAN CORRECTIONAL FACILITY/ST. CLOUD      	2005-03-05 14:50:58.890	2009-04-25 00:02:00.000	1
4292	CLE	SUM	SUMTER C.I.	2003-08-10 11:23:16.927	2009-04-25 00:02:00.000	0
4293	CLE	SYL	FCI. SCHYKLILL	2003-08-10 11:23:16.927	2009-04-25 00:02:00.000	0
4294	CLE	TAZ	TAZEWELL CORRECTIONAL UNIT #31	2003-08-10 11:23:16.927	2009-04-25 00:02:00.000	1
4295	CLE	TCC	TAYLORVILLE CORRECTIONAL CENTER                   	2005-03-05 14:50:58.890	2009-04-25 00:02:00.000	1
4296	CLE	TCF	TOPEKA CORRECTIONAL FACILITY                      	2005-03-05 14:50:58.890	2009-04-25 00:02:00.000	1
4297	CLE	TCI	TRUMBULL CORRECTIONAL INSTITUTION                 	2005-03-05 14:50:58.890	2009-04-25 00:02:00.000	1
4298	CLE	TCU	TIDEWATER CORRECTIONAL UNIT #22	2003-08-10 11:23:16.927	2009-04-25 00:02:00.000	1
4299	CLE	TEL	TELFAIR CORRECTIONAL INSTITUTION	2003-08-10 11:23:16.927	2009-04-25 00:02:00.000	0
4300	CLE	THU	THUMB CORRECTIONAL FACILITY                       	2005-03-05 14:50:58.890	2009-04-25 00:02:00.000	1
4301	CLE	TIL	TILLERY CORRECTIONAL CENTER	2003-08-10 11:23:16.927	2009-04-25 00:02:00.000	0
4302	CLE	TOL	TOLEDO CORRECTION INSTITUTION                     	2005-03-05 14:50:58.890	2009-04-25 00:02:00.000	1
4303	CLE	TOP	RECEPTION & DIAGNOSTIC CENTER                     	2005-03-05 14:50:58.890	2009-04-25 00:02:00.000	1
4304	CLE	TRI	TRIANGLE CORRECTIONAL INSTITUTION	2003-08-10 11:23:16.927	2009-04-25 00:02:00.000	0
4305	CLE	TRU	TRUMBAL CORRECTIONAL INSTITUTION                  	2005-03-05 14:50:58.890	2009-04-25 00:02:00.000	1
4306	CLE	UMS	UMSTEAD CORRECTIONAL CENTER	2003-08-10 11:23:16.927	2009-04-25 00:02:00.000	0
4307	CLE	USP	UNITED STATES PENITENTARY                         	2005-03-05 14:50:58.890	2009-04-25 00:02:00.000	1
4308	CLE	VAN	VANCE CORRECTIONAL INSTITUTION	2003-08-10 11:23:16.927	2009-04-25 00:02:00.000	0
4309	CLE	VCI	VALDOSTA CORRECTIONAL INSTITUTION	2003-08-10 11:23:16.927	2009-04-25 00:02:00.000	0
4310	CLE	VCW	VIRGINIA CORRECTIONAL CENTER FOR WOMEN	2003-08-10 11:23:16.927	2009-04-25 00:02:00.000	1
4311	CLE	VIE	VIENNA CORRECTIONAL CENTER                        	2005-03-05 14:50:58.890	2009-04-25 00:02:00.000	1
4312	CLE	VSP	VIRGINIA STATE PENITENTIARY	2003-08-10 11:23:16.927	2009-04-25 00:02:00.000	0
4313	CLE	WAB	WABASH VALLEY CORRECTIONAL INSTITUTION            	2005-03-05 14:50:58.890	2009-04-25 00:02:00.000	1
4314	CLE	WAK	WAKE CORRECTIONAL CENTER	2003-08-10 11:23:16.927	2009-04-25 00:02:00.000	0
4315	CLE	WAL	WALKER CORRECTIONAL INSTITUTION	2003-08-10 11:23:16.927	2009-04-25 00:02:00.000	0
4316	CLE	WAR	WARE CORRECTIONAL INSTITUTION	2003-08-10 11:23:16.927	2009-04-25 00:02:00.000	0
4317	CLE	WAT	WATERBEE CORRECTIONAL INSTITUTION	2003-08-10 11:23:16.927	2009-04-25 00:02:00.000	0
4318	CLE	WAU	WAUPAN CORRECTIONAL INSTITUTION                   	2005-03-05 14:50:58.890	2009-04-25 00:02:00.000	1
4319	CLE	WAY	SCI WAYMART	2003-08-10 11:23:16.927	2009-04-25 00:02:00.000	0
4320	CLE	WCC	WOMEN'S CORRECTIONAL INSTITUTION	2003-08-10 11:23:16.927	2009-04-25 00:02:00.000	0
4321	CLE	WCI	WOMEN'S CORRECTIONAL INSTITUTION	2003-08-10 11:23:16.927	2009-04-25 00:02:00.000	0
4322	CLE	WCU	WHITE POST CORRECTIONAL UNIT #7	2003-08-10 11:23:16.927	2009-04-25 00:02:00.000	1
4323	CLE	WDC	WILLIAM DONALDSON CORRECTIONAL FACILITY	2003-08-10 11:23:16.927	2009-04-25 00:02:00.000	0
4324	CLE	WES	WESTERN YOUTH INSTITUTION	2003-08-10 11:23:16.927	2009-04-25 00:02:00.000	0
4325	CLE	WHC	WARDEN HILL CORRECTIONAL CENTER                   	2005-03-05 14:50:58.890	2009-04-25 00:02:00.000	1
4326	CLE	WHI	WHITEVILLE PRISON UNIT	2003-08-10 11:23:16.927	2009-04-25 00:02:00.000	0
4327	CLE	WHP	WHITE POST CORRECTIONAL UNIT	2003-08-10 11:23:16.927	2009-04-25 00:02:00.000	1
4328	CLE	WIC	WESTERN ILLINOIS CORRECTIONAL CENTER              	2005-03-05 14:50:58.890	2009-04-25 00:02:00.000	1
4329	CLE	WIL	WILCOX C.I.	2003-08-10 11:23:16.927	2009-04-25 00:02:00.000	0
4330	CLE	WIN	WINFIELD CORRECTIONAL FACILITY                    	2005-03-05 14:50:58.890	2009-04-25 00:02:00.000	1
4331	CLE	WIS	WISCONSIN PRISON SYS., DIV. OF INTENSIVE SANCTIONS	2005-03-05 14:50:58.890	2009-04-25 00:02:00.000	1
4332	CLE	WLL	WALLENS RIDGE STATE PRISON                        	2005-03-05 14:50:58.890	2009-04-25 00:02:00.000	1
4333	CLE	WNE	WAYNE CORRECTIONAL	2003-08-10 11:23:16.927	2009-04-25 00:02:00.000	0
4334	CLE	WOM	NC CORR. INSTITUTION FOR WOMEN	2003-08-10 11:23:16.927	2009-04-25 00:02:00.000	0
4335	CLE	WRE	WATEREE RIVER C.I.	2003-08-10 11:23:16.927	2009-04-25 00:02:00.000	0
4336	CLE	WRR	WARREN CORRECTIONAL INSTITUTE                     	2005-03-05 14:50:58.890	2009-04-25 00:02:00.000	1
4337	CLE	WSC	WEST SHORELINE CORRECTIONAL FACILTIY              	2005-03-05 14:50:58.890	2009-04-25 00:02:00.000	1
4338	CLE	WSE	WISE CORRECTIONAL UNIT #18	2003-08-10 11:23:16.927	2009-04-25 00:02:00.000	1
4339	CLE	WSH	WASHINGTON CORRECTIONAL INSTITUTE	2003-08-10 11:23:16.927	2009-04-25 00:02:00.000	0
4340	CLE	YAD	YSDKIN CORRECTIONALCENTER	2003-08-10 11:23:16.927	2009-04-25 00:02:00.000	0
4341	CLE	YDC	YOUTH CENTER	2003-08-10 11:23:16.927	2009-04-25 00:02:00.000	1
4342	CLE	YKN	YADKIN CORRECTIONAL CENTER                        	2005-03-05 14:50:58.890	2009-04-25 00:02:00.000	1
1529	DAL	AIR	BIG SPRING CORRECTIONAL CENTER  #2	2003-08-10 11:23:16.927		1
1530	DAL	BIG	BIG SPRINGS FEDERAL CORRECTIONAL INSTITUTE	2003-08-10 11:23:16.927		1
1531	DAL	CED	BIG SPRING FEDERAL CORRECTIONAL SYSTEM-CEDAR HILL	2003-08-10 11:23:16.927		1
2059	DAL	CIM	CIMMARON CORRECTIONAL FACILITY                    	2005-03-05 14:50:58.890		1
2060	DAL	DAV	DAVIS CORRECTIONAL FACILITY                       	2005-03-05 14:50:58.890		1
2061	DAL	DIA	DIAMOND BACK CORRECTIONAL FACILITY                	2005-03-05 14:50:58.890		1
2062	DAL	DIC	DICK CONNER CORRECTIONAL CENTER                   	2005-03-05 14:50:58.890		1
2063	DAL	EDN	EDEN DETENTION CENTER, CCA                        	2005-03-05 14:50:58.890		1
1532	DAL	FLT	BIG SPRING CORRECTIONAL CENTER	2003-08-10 11:23:16.927		1
2064	DAL	GRE	GREAT PLAINS CORRECTIONAL CENTER                  	2005-03-05 14:50:58.890		1
2065	DAL	HAU	BIG SPRING FEDERAL CORRECTIONAL INSTITUTE         	2005-03-05 14:50:58.890		1
1533	DAL	INT	INTERSTATE UNIT	2003-08-10 11:23:16.927		1
2066	DAL	LAW	LAWTON CORRECTIONAL FACILITY                      	2005-03-05 14:50:58.890		1
1534	DAL	LEX	LEXINGTON RECEPTION AND ASSESSMENT CENTER  ODOC	2003-08-10 11:23:16.927		1
2067	DAL	MAB	MABEL BASSET MINIMUM SECURITY UNIT                	2005-03-05 14:50:58.890		1
2068	DAL	MAC	MACK ALFORD CORRECTIONAL CENTER                   	2005-03-05 14:50:58.890		1
2069	DAL	OKD	OKLAHOMA DEPARTMENT OF CORRECTIONS                	2005-03-05 14:50:58.890		1
2070	DAL	OKL	OKLAHOMA STATE REFORMATORY                        	2005-03-05 14:50:58.890		1
2071	DAL	POS	BIG SPRING CORRECTIONAL CENTER  IHP               	2005-03-05 14:50:58.890		1
1535	DAL	RVS	REEVES COUNTY LAW ENFORCEMENT CENTER	2003-08-10 11:23:16.927		1
1536	DEN	ARK	ARKANSAS VALLEY CORRECTIONAL FACILITY	2003-08-10 11:23:16.927		0
1537	DEN	ARR	ARROWHEAD CORRECTIONAL FACILITY	2003-08-10 11:23:16.927		0
1538	DEN	BEN	BENT COUNTY CORRECTIONAL FACILITY	2003-08-10 11:23:16.927		0
1539	DEN	BIS	NORTH DAKOTA STATE PENITENTIARY	2003-08-10 11:23:16.927		1
1540	DEN	BOO	BOOTCAMP	2003-08-10 11:23:16.927		0
1541	DEN	BUE	BUENA VISTA CORRECTIONAL FACILITY	2003-08-10 11:23:16.927		0
1542	DEN	CEN	CENTENNIAL CORRECTIONAL FACILITY	2003-08-10 11:23:16.927		1
2072	DEN	CRO	CROWLEY DETENTION FACILITY                        	2005-03-05 14:50:58.890		1
1543	DEN	CSP	COLORADO STATE PENITENTIARY	2003-08-10 11:23:16.927		0
1544	DEN	DEL	DELTA CORRECTIONAL FACILITY	2003-08-10 11:23:16.927		0
1545	DEN	DEN	DENVER RECEPTION & DIAGNOSTIC CENTER	2003-08-10 11:23:16.927		0
1546	DEN	ENW	FEDERAL CORRECTIONAL INSTITUTE	2003-08-10 11:23:16.927		0
1547	DEN	FOU	FOUR MILE CORRECTIONAL FACILITY	2003-08-10 11:23:16.927		0
1548	DEN	FRE	FREMONT CORRECTIONAL FACILITY	2003-08-10 11:23:16.927		0
1549	DEN	GUN	CENTRAL UTAH CORRECTIONAL FACILITY	2003-08-10 11:23:16.927		0
1550	DEN	HUE	HUERFANO CORRECTIONAL FACILITY	2003-08-10 11:23:16.927		0
1551	DEN	KIT	KIT CARSON CORRECTIONAL FACILITY	2003-08-10 11:23:16.927		0
1552	DEN	LIM	LIMON CORRECTIONAL FACILITY	2003-08-10 11:23:16.927		1
1553	DEN	NPT	UTAH STATE PRISON	2003-08-10 11:23:16.927		0
1554	DEN	PUE	PUEBLO WOMENS CORRECTIONAL FACILITY	2003-08-10 11:23:16.927		0
1555	DEN	RIF	RIFLE CORRECTIONAL FACILITY	2003-08-10 11:23:16.927		0
1556	DEN	SAN	SAN CARLOS PSYCHIATRIC FACILITY	2003-08-10 11:23:16.927		1
1557	DEN	SHW	SHADOW MOUNTAIN CORRECTIONAL FACILITY	2003-08-10 11:23:16.927		0
1558	DEN	SIO	SOUTH DAKOTA STATE PENITENTIARY	2003-08-10 11:23:16.927		1
1559	DEN	SKY	SKYLINE CORRECTIONAL FACILITY	2003-08-10 11:23:16.927		0
1560	DEN	SPR	SPRINGFIELD CORRECTIONAL FACILITY	2003-08-10 11:23:16.927		0
1561	DEN	SPT	UTAH STATE PRISON	2003-08-10 11:23:16.927		0
1562	DEN	STE	STERLING CORRECTIONAL FACILITY	2003-08-10 11:23:16.927		0
1563	DEN	TER	TERRITORIAL CORRECTIONAL FACILITY	2003-08-10 11:23:16.927		0
2073	DEN	TRI	TRINIDAD CORRECTIONAL FACILITY                    	2005-03-05 14:50:58.890		1
1564	DEN	USP	UTAH STATE PRISON	2003-08-10 11:23:16.927		1
1565	DEN	WCF	WOMEN CORRECTIONAL FACILITY	2003-08-10 11:23:16.927		0
1566	DEN	WYO	WYOMING STATE PRISON	2003-08-10 11:23:16.927		0
1567	DEN	YAC	YOUNG ADULT CORRECTIONAL FACILITY	2003-08-10 11:23:16.927		0
1568	DEN	YOS	YOUTH OFFENDER SERVICES	2003-08-10 11:23:16.927		0
2074	DET	.LC	ST. LOUIS CORRECTIONAL FACILITY                   	2005-03-05 14:50:58.890		1
2075	DET	ADR	ADRIAN TEMPORARY FACILITY                         	2005-03-05 14:50:58.890		1
3258	DET	ALG	ALGER MAXIMUM CORRECTIONAL FACILITY               	2005-09-04 13:01:44.297		1
2076	DET	ALL	ALLEN CORRECTIONAL INSTITUTION                    	2005-03-05 14:50:58.890		1
2077	DET	BAR	BARAGA MAX. FACILITY                              	2005-03-05 14:50:58.890		1
2078	DET	BCC	BELLAMY CREEK CORRECTIONAL FACILITY               	2005-03-05 14:50:58.890		1
2079	DET	BCI	BELMONT CORRECTIONAL INSTITUTION                  	2005-03-05 14:50:58.890		1
2080	DET	BMC	BIG MUDDY CORRECTIONAL CENTER                     	2005-03-05 14:50:58.890		1
2081	DET	BRC	BOYER ROAD CORRECTIONAL FACILITY                  	2005-03-05 14:50:58.890		1
2082	DET	BRG	BARAGA CORRECTIONAL FACILITY                      	2005-03-05 14:50:58.890		1
2083	DET	BRO	BROOKS REGIONAL FACILITY                          	2005-03-05 14:50:58.890		1
2084	DET	BTC	BRANCHVILLE TRAINING CENTER                       	2005-03-05 14:50:58.890		1
2085	DET	CAR	CARSON CITY CORRECTIONAL FACILITY                 	2005-03-05 14:50:58.890		1
2086	DET	CCF	COTTON CORRECTIONAL FACILITY                      	2005-03-05 14:50:58.890		1
2087	DET	CEF	CHARLES EGELER CORRECTIONAL FACILITY              	2005-03-05 14:50:58.890		1
2088	DET	CEN	CENTRALIA CORRECTIONAL CENTER                     	2005-03-05 14:50:58.890		1
2089	DET	CHI	CHILLICOTHE  CORRECTIONAL INSTITUTE               	2005-03-05 14:50:58.890		1
2090	DET	CIC	CORRECTIONAL INDUSTRIAL COMPLEX                   	2005-03-05 14:50:58.890		1
2091	DET	CLA	CLARINDA CORRECTIONAL FACILITY                    	2005-03-05 14:50:58.890		1
2092	DET	CMC	CORRECTIONS MEDICAL CENTER                        	2005-03-05 14:50:58.890		1
2093	DET	COL	COLUMBIA CORRECTIONAL INSTITUTION                 	2005-03-05 14:50:58.890		1
2094	DET	COR	CORRECTIONAL RECEPTION CENTER                     	2005-03-05 14:50:58.890		1
1569	DET	COT	G. ROBERT COTTON FACILITY	2003-08-10 11:23:16.927		1
2095	DET	CPO	CAMP OJIBWAY                                      	2005-03-05 14:50:58.890		1
2096	DET	CTC	CHIPPEWA TEMPOARY CORRECTIONAL FACILITY           	2005-03-05 14:50:58.890		1
2097	DET	DAN	DANVILLE CORRECTIONAL CENTER                      	2005-03-05 14:50:58.890		1
2098	DET	DCI	DAYTON CORRECTIONAL INSTITUTE                     	2005-03-05 14:50:58.890		1
2099	DET	DCS	DEPARTMENT OF CORRECTIONAL SERVICES               	2005-03-05 14:50:58.890		1
2100	DET	DFI	DEERFIELD CORRECTIONAL FACILITY                   	2005-03-05 14:50:58.890		1
2101	DET	DIS	DIVISION OF INTENSIVE SANCTIONS                   	2005-03-05 14:50:58.890		1
2102	DET	DIX	DIXON CORRECTIONAL CENTER                         	2005-03-05 14:50:58.890		1
2103	DET	DOD	DODGE CORRECTIONAL                                	2005-03-05 14:50:58.890		1
2104	DET	DUN	DUNES CORRECTIONAL FACILITY                       	2005-03-05 14:50:58.890		1
2105	DET	DWI	DWIGHT CORRECTIONAL CENTER                        	2005-03-05 14:50:58.890		1
2106	DET	EAS	EAST MOLINE CORRECTIONAL CENTER                   	2005-03-05 14:50:58.890		1
2107	DET	ECF	ELLSWORTH CORRECTIONAL FACILITY                   	2005-03-05 14:50:58.890		1
2108	DET	EGC	EGELER CORRECTIONAL FACILITY                      	2005-03-05 14:50:58.890		1
2109	DET	ELD	EL DORADO CORRECTIONAL FACILITY                   	2005-03-05 14:50:58.890		1
2110	DET	ELL	ELLSWORTH CORRECTIONAL FACILITY                   	2005-03-05 14:50:58.890		1
2111	DET	ENG	ENGLER CORRECTIONAL FACILITY                      	2005-03-05 14:50:58.890		1
2112	DET	FCI	FOX LAKE CORRECTIONAL INSTITUTION                 	2005-03-05 14:50:58.890		1
2113	DET	FPR	FRANKLIN PRE RELEASE CENTER                       	2005-03-05 14:50:58.890		1
2114	DET	GCC	GALESBURG CORRECTIONAL CENTER                     	2005-03-05 14:50:58.890		1
2115	DET	GFT	GRAFTON CORRECTIONAL INSTITUTION                  	2005-03-05 14:50:58.890		1
2116	DET	GRA	GRAHAM CORRECTIONAL CENTER                        	2005-03-05 14:50:58.890		1
2117	DET	GRE	GREEN BAY CORRECTIONAL INSTITUTION                	2005-03-05 14:50:58.890		1
2118	DET	GUS	GUS HARRISON FACILITY                             	2005-03-05 14:50:58.890		1
2119	DET	HAN	HANDLON CORRECTIONAL FACILITY                     	2005-03-05 14:50:58.890		1
2120	DET	HAS	HASTINGS CORRECTIONAL CENTER                      	2005-03-05 14:50:58.890		1
2121	DET	HC 	HARRSION CORRECTIONAL FACILITY                    	2005-03-05 14:50:58.890		1
2122	DET	HCC	HILL CORRECTIONAL CENTER                          	2005-03-05 14:50:58.890		1
2123	DET	HCF	HUTCHINSON CORRECTIONAL FACILITY                  	2005-03-05 14:50:58.890		1
2124	DET	HCK	HOCKING CORRECTIONAL FACILITY                     	2005-03-05 14:50:58.890		1
2125	DET	HCW	HUTCHINSON CORRECTIONAL WORK FACILITY             	2005-03-05 14:50:58.890		1
2126	DET	HIA	HIAWATHA TEMPORARY FACILITY                       	2005-03-05 14:50:58.890		1
2127	DET	IAP	IOWA STATE PENITENTARY                            	2005-03-05 14:50:58.890		1
2128	DET	ICD	IOWA DEPARTMENT OF CORRECTIONS                    	2005-03-05 14:50:58.890		1
2129	DET	ICW	IOWA CORRECTIONAL INSTITUTE FOR WOMEN             	2005-03-05 14:50:58.890		1
2130	DET	IDC	IOWA DEPARTMENT OF CORRECTIONS-WORK RELEASE CENTER	2005-03-05 14:50:58.890		1
2131	DET	IMA	IOWA MEDICAL AND CLASSIFICATION CENTER            	2005-03-05 14:50:58.890		1
2132	DET	IMR	IOWA MEN'S REFORMATORY                            	2005-03-05 14:50:58.890		1
2133	DET	IND	INDIANA STATE PRISON                              	2005-03-05 14:50:58.890		1
2134	DET	ION	IONIA CORRECTIONAL FACILITY                       	2005-03-05 14:50:58.890		1
2135	DET	IRC	ILLINOIS RIVER CORRECTIONAL INSTITUTION           	2005-03-05 14:50:58.890		1
2136	DET	ISF	INDIANA STATE FARM                                	2005-03-05 14:50:58.890		1
2137	DET	ISP	INDIANA STATE PRISON                              	2005-03-05 14:50:58.890		1
2138	DET	ISR	INDIANA STATE REFORMATORY                         	2005-03-05 14:50:58.890		1
2139	DET	IWP	INDIANA WOMEN'S PRISON                            	2005-03-05 14:50:58.890		1
2140	DET	IYC	INDIANA YOUTH CENTER                              	2005-03-05 14:50:58.890		1
2141	DET	JAC	JACKSON STATE PRISON - CENTRAL                    	2005-03-05 14:50:58.890		1
2142	DET	JAK	JACKSONVILLE CORRECTIONAL CENTER                  	2005-03-05 14:50:58.890		1
2143	DET	JCF	JACKSON COTTON FACILITY                           	2005-03-05 14:50:58.890		1
2144	DET	JCI	JACKSON CORRECTIONAL INSTITUTION                  	2005-03-05 14:50:58.890		1
2145	DET	JOL	JOLIET CORRECTIONAL CENTER                        	2005-03-05 14:50:58.890		1
2146	DET	KCC	KENOSHA CORRECTIONAL CENTER                       	2005-03-05 14:50:58.890		1
2147	DET	KCF	KINROSS CORRECTIONAL FACILITY                     	2005-03-05 14:50:58.890		1
2148	DET	KEN	KENT COUNTY CORRECTIONAL FACILITY                 	2005-03-05 14:50:58.890		1
2149	DET	KMC	KETTLE MORAINE CORRECTIONAL INSTITUTION           	2005-03-05 14:50:58.890		1
2150	DET	KSC	KANSAS STATE CORRECTION INSTITUTION               	2005-03-05 14:50:58.890		1
2151	DET	KSI	KANSAS STATE INDUSTRIAL REFORMATORY               	2005-03-05 14:50:58.890		1
2152	DET	LAK	METROPOLITAN CORRECTIONAL FACILITY/LINO LAKES     	2005-03-05 14:50:58.890		1
2153	DET	LCC	LINCOLN CORRECTIONAL CENTER                       	2005-03-05 14:50:58.890		1
2154	DET	LCF	LANSING CORRECTIONAL FACILITY                     	2005-03-05 14:50:58.890		1
2155	DET	LCI	LORAIN CORRECTIONAL INSTITUTION                   	2005-03-05 14:50:58.890		1
2156	DET	LEB	LEBANON CORRECTIONAL INSTITUTE                    	2005-03-05 14:50:58.890		1
2157	DET	LEC	LAKE ERIE CORRECTIONAL INSTITUTION                	2005-03-05 14:50:58.890		1
2158	DET	LEV	UNITED STATES PENITENTIARY LEAVENWORTH            	2005-03-05 14:50:58.890		1
2159	DET	LEX	FEDERAL CORRECTIONAL INSTITUTION                  	2005-03-05 14:50:58.890		1
2160	DET	LIM	LIMA CORRECTIONAL INSTITUTE                       	2005-03-05 14:50:58.890		1
2161	DET	LIN	LINCOLN CORRECTIONAL CENTER                       	2005-03-05 14:50:58.890		1
2162	DET	LLC	LAKELAND CORRECTIONAL FACILITY                    	2005-03-05 14:50:58.890		1
2163	DET	LOG	LOGAN CORRECTIONAL CENTER                         	2005-03-05 14:50:58.890		1
2164	DET	LON	LONDON CORRECTIONAL INSTITUTE                     	2005-03-05 14:50:58.890		1
2165	DET	MAD	MADISON CORRECTIONAL INSTITUTE                    	2005-03-05 14:50:58.890		1
2166	DET	MAQ	MARQUETTE BRANCH PRISON                           	2005-03-05 14:50:58.890		1
2167	DET	MAR	MARION CORRECTIONAL FACILITY                      	2005-03-05 14:50:58.890		1
2168	DET	MCB	MACOMB REGIONAL FACILITY                          	2005-03-05 14:50:58.890		1
2169	DET	MCF	MINNESOTA CORRECTIONAL FACILITY - STILLWATER      	2005-03-05 14:50:58.890		1
2170	DET	MDC	METROPOLITAN DETENTION CENTER                     	2005-03-05 14:50:58.890		1
2171	DET	MEN	MENARD                                            	2005-03-05 14:50:58.890		1
2172	DET	MFF	MINNESOTA CORRECTIONAL FACILITY - FARIBAULT       	2005-03-05 14:50:58.890		1
3269	DET	MID	MID-MICHIGAN CORRECTIONAL FACILITY                	2006-12-10 13:02:47.670		1
2173	DET	MLK	METROPOLITAN CORRECTIONAL FACILITY/MOOSE LAKE     	2005-03-05 14:50:58.890		1
2174	DET	MLL	MINNESOTA CORRECTIONAL FACILITY-LINO LAKES        	2005-03-05 14:50:58.890		1
2175	DET	MNS	MANSFIELD CORRECTIONAL INSTITUTION                	2005-03-05 14:50:58.890		1
2176	DET	MON	MONTGOMERY EDUCATION AND PRE-RELEASE CENTER       	2005-03-05 14:50:58.890		1
2177	DET	MOP	MINNESOTA CORRECTIONAL FACILITY-OAK PARK HEIGHTS  	2005-03-05 14:50:58.890		1
2178	DET	MOU	MOUND REGIONAL FACILITY                           	2005-03-05 14:50:58.890		1
2179	DET	MPI	MOUNT PLEASANT CORRECTIONAL FACILITY              	2005-03-05 14:50:58.890		1
2180	DET	MR 	MICHIGAN REFORMATORY                              	2005-03-05 14:50:58.890		1
2181	DET	MRD	MENARD PSYCH CENTER                               	2005-03-05 14:50:58.890		1
2182	DET	MRF	MOUND REGIONAL FACILITY                           	2005-03-05 14:50:58.890		1
2183	DET	MSA	MINNESOTA CORRECTIONAL FACILITY                   	2005-03-05 14:50:58.890		1
2184	DET	MSP	STATE PRISON OF SOUTHERN MICHIGAN                 	2005-03-05 14:50:58.890		1
2185	DET	MTA	MINNESOTA CORRECTIONAL FACILITY - SHAKOPEE        	2005-03-05 14:50:58.890		1
2186	DET	MTP	MT. PLEASANT CORRECTIONAL FACILITY                	2005-03-05 14:50:58.890		1
2187	DET	MTU	MICHIGAN TRAINING UNIT                            	2005-03-05 14:50:58.890		1
2188	DET	MUS	MUSKEGON CORRECTIONAL FACILITY                    	2005-03-05 14:50:58.890		1
2189	DET	MYC	MICHIGAN YOUTH CORRECTIONAL FACILITY              	2005-03-05 14:50:58.890		1
2190	DET	NCC	NORTH CENTRAL CORRECTIONAL FACILITY               	2005-03-05 14:50:58.890		1
2191	DET	NCF	NORTON CORRECTIONAL FACILITY                      	2005-03-05 14:50:58.890		1
2192	DET	NCS	NORTH COAST CORRECTIONAL FACILITY                 	2005-03-05 14:50:58.890		1
2193	DET	NCW	NEBRASKA CENTER FOR WOMEN                         	2005-03-05 14:50:58.890		1
2194	DET	NDC	NEBRASKA DEPARTMENT OF CORRECTIONAL SERVICE       	2005-03-05 14:50:58.890		1
2195	DET	NDE	NEBRASKA DIAGNOSTIC & EVALUATION CENTER           	2005-03-05 14:50:58.890		1
1570	DET	NEW	NEWBERRY CORRECTIONAL FACILITY	2003-08-10 11:23:16.927		1
1571	DET	NIC	NOBLE CORRECTIONAL INSTITUTION/15708 ST.ROUTE 78	2003-08-10 11:23:16.927		1
2196	DET	NSP	NEBRASKA STATE PENITENTIARY                       	2005-03-05 14:50:58.890		1
2197	DET	OAK	OAKWOOD FORENSIC CENTER DEPT OF MENTAL HEALTH     	2005-03-05 14:50:58.890		1
2198	DET	OCC	OMAHA CORRECTIONAL CENTER                         	2005-03-05 14:50:58.890		1
2199	DET	OCI	OAKHILL CORRECTIONAL INSTITUTION                  	2005-03-05 14:50:58.890		1
2200	DET	OCJ	OUTAGAMIE COUNTY JAIL                             	2005-03-05 14:50:58.890		1
1572	DET	OHO	C/O CANDY CAIN	2003-08-10 11:23:16.927		1
2201	DET	OHS	OHIO STATE REFORMATORY                            	2005-03-05 14:50:58.890		1
2202	DET	OHW	OHIO STATE REFORMATORY FOR WOMEN                  	2005-03-05 14:50:58.890		1
2203	DET	OJI	OJIBWAY CORRECTIONAL FACILLITY                    	2005-03-05 14:50:58.890		1
2204	DET	OKS	OAKS MAXIMUM FACILITY                             	2005-03-05 14:50:58.890		1
2205	DET	OMC	OMAHA CORRECTIONS CENTER                          	2005-03-05 14:50:58.890		1
2206	DET	OPH	METROPOLITAN CORRECTION FACILITY/OAK PARK HEIGHTS 	2005-03-05 14:50:58.890		1
2207	DET	ORE	OREGON CORRECTIONAL INSTITUTION                   	2005-03-05 14:50:58.890		1
2208	DET	ORI	ORIENT CORRECTIONAL INSTITUTION                   	2005-03-05 14:50:58.890		1
2209	DET	OSH	OSHKOSH CORRECTIONAL INSTITUTION                  	2005-03-05 14:50:58.890		1
2210	DET	OSK	OSKOSH CORRECTIONAL FACILITY                      	2005-03-05 14:50:58.890		1
3271	DET	PAR	PARNALL CORRECTIONAL FACILITY                     	2007-09-02 13:11:50.543		1
2211	DET	PCC	PONTIAC CORRECTIONAL CENTER - MICHIGAN            	2005-03-05 14:50:58.890		1
2212	DET	PEN	PENDLETON STATE REFORMATORY                       	2005-03-05 14:50:58.890		1
2213	DET	PIC	PICKAWAY  CORRECTIONAL INSTITUTE                  	2005-03-05 14:50:58.890		1
2214	DET	PON	PONTIAC CORRECTIONAL CENTER                       	2005-03-05 14:50:58.890		1
2215	DET	PRC	PINE RIVER CORRECTIONAL FACILITY                  	2005-03-05 14:50:58.890		1
2216	DET	RCF	RIVERSIDE CORRECTIONAL FACILITY                   	2005-03-05 14:50:58.890		1
2217	DET	RCI	RACINE CORRECTIONAL INSTITUTION                   	2005-03-05 14:50:58.890		1
2218	DET	RDC	RECEPTION DIAGNOSTIC CENTER                       	2005-03-05 14:50:58.890		1
2219	DET	RHC	RICHARD A. HANDLON CORRECTIONAL FACILITY          	2005-03-05 14:50:58.890		1
1573	DET	RIC	RICHLAND CORRECTIONAL INSTITUTION	2003-08-10 11:23:16.927		1
2220	DET	ROB	ROBINSON CORRECTIONAL CENTER                      	2005-03-05 14:50:58.890		1
2221	DET	ROS	ROSS CORRECTIONAL INSTITUTE                       	2005-03-05 14:50:58.890		1
2222	DET	RYN	RYAN REGIONAL CORRECTIONAL FACILITY               	2005-03-05 14:50:58.890		1
2223	DET	SAG	SAGINAW REGIONAL FACILITY                         	2005-03-05 14:50:58.890		1
2224	DET	SAN	FED. CORR. INSTITUTION - MR. STEVE DALESSIO       	2005-03-05 14:50:58.890		1
2225	DET	SCI	STATE CORRECRTIONAL INSTITUTION AT CAMP HILL      	2005-03-05 14:50:58.890		1
2226	DET	SCT	SCOTT CORRECTIONAL FACILITY                       	2005-03-05 14:50:58.890		1
2227	DET	SDS	SOUTH DAKOTA STATE PENITENTIARY                   	2005-03-05 14:50:58.890		1
2228	DET	SEA	SOUTHEASTERN CORRECTIONAL INSTITUTION             	2005-03-05 14:50:58.890		1
2229	DET	SEC	SECURITY MEDICAL FACILITY                         	2005-03-05 14:50:58.890		1
2230	DET	SHA	SHAWNEE CORRECTIONAL CENTER                       	2005-03-05 14:50:58.890		1
2231	DET	SHE	SHERIDAN CORRECTOINAL CENTER                      	2005-03-05 14:50:58.890		1
2232	DET	SHP	METROPOLITAN CORRECTIONAL FACILITY/SHAKOPEE       	2005-03-05 14:50:58.890		1
2233	DET	SMC	SOUTHERN MICHIGAN CORRECTIONAL FACILITY           	2005-03-05 14:50:58.890		1
2234	DET	SOL	SOUTHERN OHIO CORRECTIONAL FAC. "LUCASVILLE"      	2005-03-05 14:50:58.890		1
2235	DET	SOU	SOUTHEASTERN CORRECTIONAL FACILITY                	2005-03-05 14:50:58.890		1
2236	DET	SRW	STATE REFORMATORY FOR WOMEN                       	2005-03-05 14:50:58.890		1
2237	DET	SSN	SPECIAL SERVICES STATE OF NEBRASKA                	2005-03-05 14:50:58.890		1
2238	DET	STA	STATEVILLE CORRECTIONAL CENTER                    	2005-03-05 14:50:58.890		1
2239	DET	STC	METROPOLITAN CORRECTIONAL FACILITY/ST. CLOUD      	2005-03-05 14:50:58.890		1
3256	DET	STN	STANDISH MAXIMUM CORRECTIONAL FACILITY            	2005-08-07 13:04:46.013		1
3272	DET	STR	STRAITS CORRECTIONAL FACILITY                     	2007-09-02 13:11:50.543		1
2240	DET	TCC	TAYLORVILLE CORRECTIONAL CENTER                   	2005-03-05 14:50:58.890		1
2241	DET	TCF	TOPEKA CORRECTIONAL FACILITY                      	2005-03-05 14:50:58.890		1
2242	DET	TCI	TRUMBULL CORRECTIONAL INSTITUTION                 	2005-03-05 14:50:58.890		1
2243	DET	THU	THUMB CORRECTIONAL FACILITY                       	2005-03-05 14:50:58.890		1
2244	DET	TOL	TOLEDO CORRECTION INSTITUTION                     	2005-03-05 14:50:58.890		1
2245	DET	TOP	RECEPTION & DIAGNOSTIC CENTER                     	2005-03-05 14:50:58.890		1
2246	DET	TRU	TRUMBAL CORRECTIONAL INSTITUTION                  	2005-03-05 14:50:58.890		1
2247	DET	USP	UNITED STATES PENITENTARY                         	2005-03-05 14:50:58.890		1
2248	DET	VAN	VANDALIA CORRECTIONAL CENTER                      	2005-03-05 14:50:58.890		1
2249	DET	VIE	VIENNA CORRECTIONAL CENTER                        	2005-03-05 14:50:58.890		1
2250	DET	WAB	WABASH VALLEY CORRECTIONAL INSTITUTION            	2005-03-05 14:50:58.890		1
2251	DET	WAR	WARREN CORRECTIONAL INSTITUTION                   	2005-03-05 14:50:58.890		1
2252	DET	WAU	WAUPAN CORRECTIONAL INSTITUTION                   	2005-03-05 14:50:58.890		1
2253	DET	WCC	WISCONSIN CORRECTIONAL CENTER SYSTEM              	2005-03-05 14:50:58.890		1
2254	DET	WES	WESTVILLE CORRECTIONAL CENTER                     	2005-03-05 14:50:58.890		1
2255	DET	WHC	WARDEN HILL CORRECTIONAL CENTER                   	2005-03-05 14:50:58.890		1
2256	DET	WIC	WESTERN ILLINOIS CORRECTIONAL CENTER              	2005-03-05 14:50:58.890		1
2257	DET	WIN	WINFIELD CORRECTIONAL FACILITY                    	2005-03-05 14:50:58.890		1
2258	DET	WIS	WISCONSIN PRISON SYS., DIV. OF INTENSIVE SANCTIONS	2005-03-05 14:50:58.890		1
2259	DET	WSC	WEST SHORELINE CORRECTIONAL FACILTIY              	2005-03-05 14:50:58.890		1
1574	ELC	CAL	CALIPATRIA STATE PRISON	2003-08-10 11:23:16.927		1
1575	ELC	CNT	CENTINELA STATE PRISON	2003-08-10 11:23:16.927		1
1576	ELC	SIN	SING SING	2003-08-10 11:23:16.927		0
1577	ELO	CB6	ASPC FLR  PROTECTIVE CUSTODY/DISCIPLINARY/DEATH	2003-08-10 11:23:16.927		1
1578	ELO	CDN	TUCSON ASP - COMPLEX DETN	2003-08-10 11:23:16.927		1
1579	ELO	CIM	CIMIRRON UNIT - TUCSON ASP	2003-08-10 11:23:16.927		1
1580	ELO	COC	COCHISE UNIT -  MAXIMUM CUSTODY  ASPC DOUGLAS	2003-08-10 11:23:16.927		1
1581	ELO	COH	COCHELLA:  ASP DOUGLAS	2003-08-10 11:23:16.927		1
1582	ELO	COK	COOK UNIT	2003-08-10 11:23:16.927		1
1583	ELO	COR	WINSLOW ASP -CORONADO UNIT	2003-08-10 11:23:16.927		1
1584	ELO	CU	CENTRAL UNIT [MAX]	2003-08-10 11:23:16.927		1
1585	ELO	DOC	ARIZONA DEPARTMENT OF CORRECTIONS	2003-08-10 11:23:16.927		1
1586	ELO	ECH	ECHO - TUCSON ASP	2003-08-10 11:23:16.927		1
1587	ELO	ELO	ELOY BUREAU OF PRISONS	2003-08-10 11:23:16.927		1
1588	ELO	EU	EAST UNIT	2003-08-10 11:23:16.927		1
1589	ELO	FCI	FEDERAL CORRECTIONAL INSTITUTE	2003-08-10 11:23:16.927		1
1590	ELO	GIL	GILA UNIT -  MINIMUM CUSTODY    ASPC DOUGLAS	2003-08-10 11:23:16.927		1
1591	ELO	KAI	WINSLOW -ASP KAIBAB UNIT	2003-08-10 11:23:16.927		1
1592	ELO	LOC	LOCK UP - ASP DOUGLAS	2003-08-10 11:23:16.927		1
1593	ELO	MAN	TUCSON ASP-WOMENS UNIT   *MANZANITA*	2003-08-10 11:23:16.927		1
1594	ELO	MEA	MEADOWS  UNIT  -ASPC EYMAN COMPLEX	2003-08-10 11:23:16.927		1
1595	ELO	MOH	MOHAVE UNIT  -   HIGH CUSTODY   ASPC DOUGLAS	2003-08-10 11:23:16.927		1
1596	ELO	NO	NORTH UNIT	2003-08-10 11:23:16.927		1
1597	ELO	PAP	PAPAGO  ASPC DOUGLAS	2003-08-10 11:23:16.927		1
1598	ELO	PCW	PACHECO UNIT [MIN]	2003-08-10 11:23:16.927		1
1599	ELO	PIC	PICACHO CORRECTIONAL WORK CENTER - PICACHO	2003-08-10 11:23:16.927		1
1600	ELO	RIN	RINCON - TUCSON ASP	2003-08-10 11:23:16.927		1
1601	ELO	RYN	RYNNING UNIT -  ASP  FLORENCE	2003-08-10 11:23:16.927		1
1602	ELO	SC	SANTA CRUZ	2003-08-10 11:23:16.927		1
1603	ELO	SIT	SITGRAVE -  WINSLOW  ASP	2003-08-10 11:23:16.927		1
1604	ELO	SJ	SAN JUAN	2003-08-10 11:23:16.927		1
1605	ELO	SMF	SANTA MARIA  - FEMALES	2003-08-10 11:23:16.927		1
1606	ELO	SMU	SPECIAL MANAGEMENT UNIT	2003-08-10 11:23:16.927		1
1607	ELO	SNR	SANTA RITA - TUCSON ASP	2003-08-10 11:23:16.927		1
1608	ELO	SP	SAN PEDRO	2003-08-10 11:23:16.927		1
1609	ELO	SPU	SPECIAL PROGRAM UNIT	2003-08-10 11:23:16.927		1
1610	ELO	SU	SOUTH UNIT [MED]	2003-08-10 11:23:16.927		1
1611	ELO	WOM	WOMANS UNIT  ASP FLORENCE	2003-08-10 11:23:16.927		1
1612	ELP	CCC	CIBOLA COUNTY CORRECTIONAL CENTER	2003-08-10 11:23:16.927		1
1613	ELP	CNM	CENTRAL NEW MEXICO CORRECTIONAL FACILITY	2003-08-10 11:23:16.927		1
645	ELP	GPE	GUADALUPE COUNTY CORRECTIONAL FACILITY	2003-08-10 11:23:16.927		1
646	ELP	LAT	LA TUNA FEDERAL CORRECTIONAL INSTITUTE	2003-08-10 11:23:16.927		1
647	ELP	LEA	LEA COUNTY CORRECTIONAL FACILITY	2003-08-10 11:23:16.927		1
648	ELP	NMX	SOUTHERN NEW MEXICO CORRECTIONAL FACILITY	2003-08-10 11:23:16.927		1
649	ELP	PNM	PENITENTIARY OF NEW MEXICO	2003-08-10 11:23:16.927		1
650	ELP	RVS	REEVES COUNTY DETENTION FACILITY	2003-08-10 11:23:16.927		1
651	ELP	TCF	TORRENCE COUNTY DETENTION FACILITY	2003-08-10 11:23:16.927		1
652	ELP	WNM	WESTERN NEW MEXICO CORRECTIONAL FACILITY	2003-08-10 11:23:16.927		1
2260	ELZ	ADI	ADIRONDACK CORRECTIONAL FACILITY                  	2005-03-05 14:50:58.890		1
2261	ELZ	ADT	ADULT DIAGNOSTIC & TREATMENT CENTER, AVENEL       	2005-03-05 14:50:58.890		1
2262	ELZ	AKL	ARTHUR KILL                                       	2005-03-05 14:50:58.890		1
2263	ELZ	ALB	ALBION                                            	2005-03-05 14:50:58.890		1
2264	ELZ	ALT	ALTONA CORRECTIONAL FACILITY                      	2005-03-05 14:50:58.890		1
2265	ELZ	ATT	ATTICA                                            	2005-03-05 14:50:58.890		1
2266	ELZ	AUB	AUBURN                                            	2005-03-05 14:50:58.890		1
2267	ELZ	BAR	BARE HILL CORRECTIONAL FACILITY                   	2005-03-05 14:50:58.890		1
2268	ELZ	BAY	BAYVIEW                                           	2005-03-05 14:50:58.890		1
2269	ELZ	BCJ	BERGEN COUNTY JAIL                                	2005-03-05 14:50:58.890		1
2270	ELZ	BEA	CAMP BEACON                                       	2005-03-05 14:50:58.890		1
2271	ELZ	BED	BEDFORD HILLS                                     	2005-03-05 14:50:58.890		1
4344	ELZ	CCJ	CAMDEN COUNTY JAIL                                	2005-03-05 14:50:58.890	2009-08-09 00:02:00.000	1
2272	ELZ	CHA	CHATEAUGAY ASACTC                                 	2005-03-05 14:50:58.890		1
2273	ELZ	CIW	CORRECTIONAL INSTITUTION FOR WOMEN, CLINTON       	2005-03-05 14:50:58.890		1
2274	ELZ	CLI	CLINTON CORRECTIONAL FACILITY                     	2005-03-05 14:50:58.890		1
2275	ELZ	COL	COLLINS                                           	2005-03-05 14:50:58.890		1
2276	ELZ	COX	COXSACKIE                                         	2005-03-05 14:50:58.890		1
4345	ELZ	CRA	CENTRAL RECEPTION & ASSIGNMENT FACILITY           	2005-03-05 14:50:58.890	2009-08-09 00:02:00.000	1
2277	ELZ	CVI	CAPE VINCENT CORRECTIONAL FACILITY                	2005-03-05 14:50:58.890		1
2278	ELZ	DOW	DOWNSTATE                                         	2005-03-05 14:50:58.890		1
2279	ELZ	EAS	EASTERN                                           	2005-03-05 14:50:58.890		1
2280	ELZ	EDG	EDGECOMBE                                         	2005-03-05 14:50:58.890		1
2281	ELZ	EDN	EDNA MAHON CORR. FACILITY                         	2005-03-05 14:50:58.890		1
2282	ELZ	ELM	ELMIRA                                            	2005-03-05 14:50:58.890		1
2283	ELZ	FIS	FISKILL                                           	2005-03-05 14:50:58.890		1
2284	ELZ	FRA	FRANKLIN CORRECTIONAL FACILITY                    	2005-03-05 14:50:58.890		1
2285	ELZ	FUL	FULTON                                            	2005-03-05 14:50:58.890		1
2286	ELZ	GAB	CAMP GABRIELS                                     	2005-03-05 14:50:58.890		1
2287	ELZ	GEO	CAMP GEORGETOWN                                   	2005-03-05 14:50:58.890		1
2288	ELZ	GHN	GREEN HAVEN                                       	2005-03-05 14:50:58.890		1
2289	ELZ	GMW	GREAT MEADOW CORRECTIONAL FACILITY                	2005-03-05 14:50:58.890		1
2290	ELZ	GOU	GOUVERNEUR CORRECTIONAL FACILITY                  	2005-03-05 14:50:58.890		1
2291	ELZ	GRE	GREENE                                            	2005-03-05 14:50:58.890		1
2292	ELZ	GRO	GROVELAND CORRECTIONAL FACILITY                   	2005-03-05 14:50:58.890		1
4346	ELZ	HCJ	HUDSON COUNTY JAIL                                	2005-03-05 14:50:58.890	2009-08-09 00:02:00.000	1
2293	ELZ	HUD	HUDSON                                            	2005-03-05 14:50:58.890		1
2294	ELZ	JMS	JUVENILE MEDIUM SECURITY FACILITY, BORDENTOWN     	2005-03-05 14:50:58.890		1
2295	ELZ	LIN	LINCOLN                                           	2005-03-05 14:50:58.890		1
2296	ELZ	LKV	LAKEVIEW CORRECTIONAL FACILITY                    	2005-03-05 14:50:58.890		1
2297	ELZ	LSA	LSP ANCORA UNIT, HAMMONTON                        	2005-03-05 14:50:58.890		1
2298	ELZ	LSF	LSP MINIMUM SECURITY UNIT, LEESBURG               	2005-03-05 14:50:58.890		1
2299	ELZ	LSP	NJ STATE PRISON, LEESBURG                         	2005-03-05 14:50:58.890		1
2300	ELZ	LYO	LYONS MOUNTAIN CORRECTIONAL FACILITY              	2005-03-05 14:50:58.890		1
4347	ELZ	MCC	MONMOUTH COUNTY JAIL                              	2005-03-05 14:50:58.890	2009-08-09 00:02:00.000	1
4348	ELZ	MCJ	MIDDLESEX COUNTY JAIL                             	2005-03-05 14:50:58.890	2009-08-09 00:02:00.000	1
2301	ELZ	MMG	MOUNT MCGREGOR CORRECTIONAL FACILITY              	2005-03-05 14:50:58.890		1
2302	ELZ	MOE	MID-ORANGE                                        	2005-03-05 14:50:58.890		1
2303	ELZ	MON	CAMP MONTEREY                                     	2005-03-05 14:50:58.890		1
2304	ELZ	MOR	MORIAH SHOCK INCARCERATION FACILITY               	2005-03-05 14:50:58.890		1
2305	ELZ	MSC	MID-STATE CORRECTIONAL FACILITY, WRIGHTSTOWN      	2005-03-05 14:50:58.890		1
2306	ELZ	MST	MIDSTATE                                          	2005-03-05 14:50:58.890		1
2307	ELZ	MYC	MOUNTAINVIEW YOUTH CORR. FACILITY                 	2005-03-05 14:50:58.890		1
2308	ELZ	NSP	NORTHERN STATE PRISON, NEWARK                     	2005-03-05 14:50:58.890		1
2309	ELZ	NYC	NYC CORRECT'L INST'N FOR WOMEN--ROSE M. SINGER BDG	2005-03-05 14:50:58.890		1
2310	ELZ	OGB	OGDENSBURG CORRECTIONAL FACILITY                  	2005-03-05 14:50:58.890		1
2311	ELZ	ONE	ONEIDA CORRECTIONAL FACILITY                      	2005-03-05 14:50:58.890		1
2312	ELZ	ORL	ORLEANS                                           	2005-03-05 14:50:58.890		1
2313	ELZ	OTI	OTISVILLE                                         	2005-03-05 14:50:58.890		1
2314	ELZ	PAR	PARKSIDE                                          	2005-03-05 14:50:58.890		1
2315	ELZ	PAS	PASSAIC COUNTY JAIL                               	2005-03-05 14:50:58.890		1
2316	ELZ	PHA	CAMP PHARSALIA                                    	2005-03-05 14:50:58.890		1
2317	ELZ	QUE	QUEENSBORO                                        	2005-03-05 14:50:58.890		1
2318	ELZ	RFC	RIVERFRONT CORRECTIONAL FACILITY                  	2005-03-05 14:50:58.890		1
2319	ELZ	RIK	RIKERS                                            	2005-03-05 14:50:58.890		1
4349	ELZ	RIS	RIKERS ISLAND GMDC                                	2005-03-05 14:50:58.890	2009-08-09 00:02:00.000	1
2320	ELZ	ROC	ROCHESTER                                         	2005-03-05 14:50:58.890		1
2321	ELZ	RSB	RSP RAHWAY CAMP                                   	2005-03-05 14:50:58.890		1
2322	ELZ	RSM	RSP MARLBORO CAMP                                 	2005-03-05 14:50:58.890		1
2323	ELZ	RSP	NJ STATE PRISON, RAHWAY                           	2005-03-05 14:50:58.890		1
2324	ELZ	RVW	RIVERVIEW CORRECTIONAL FACILITY                   	2005-03-05 14:50:58.890		1
4350	ELZ	SCJ	SUSSEX COUNTY JAIL                                	2005-03-05 14:50:58.890	2009-08-09 00:02:00.000	1
2325	ELZ	SHA	SHAWANGUNK                                        	2005-03-05 14:50:58.890		1
2326	ELZ	SIN	SING SING                                         	2005-03-05 14:50:58.890		1
2327	ELZ	SSC	SOUTHERN STATE CORRECTIONAL FACILITY, DELMONT     	2005-03-05 14:50:58.890		1
2328	ELZ	SUL	SULLIVAN                                          	2005-03-05 14:50:58.890		1
2329	ELZ	SUM	CAMP SUMMIT                                       	2005-03-05 14:50:58.890		1
4351	ELZ	SWO	SOUTHWOODS STATE PRISON                           	2005-03-05 14:50:58.890	2009-08-09 00:02:00.000	1
2330	ELZ	TAC	TACONIC                                           	2005-03-05 14:50:58.890		1
2331	ELZ	TSJ	TRAINING SCHOOL FOR BOYS, JAMESBURG               	2005-03-05 14:50:58.890		1
2332	ELZ	TSP	NJ STATE PRISON, TRENTON                          	2005-03-05 14:50:58.890		1
2333	ELZ	TSR	TSP VROOM READJUSTMENT UNIT, WEST TRENTON         	2005-03-05 14:50:58.890		1
2334	ELZ	TSS	TRAINING SCHOOL FOR BOYS, SKILLMAN                	2005-03-05 14:50:58.890		1
2335	ELZ	ULS	ULSTER                                            	2005-03-05 14:50:58.890		1
2336	ELZ	WAL	WALLKILL                                          	2005-03-05 14:50:58.890		1
2337	ELZ	WAS	WASHINGTON CORRECTIONAL FACILITY                  	2005-03-05 14:50:58.890		1
2338	ELZ	WAT	WATERTOWN CORRECTIONAL FACILITY                   	2005-03-05 14:50:58.890		1
2339	ELZ	WEN	WENDE                                             	2005-03-05 14:50:58.890		1
2340	ELZ	WOO	WOODBOURNE                                        	2005-03-05 14:50:58.890		1
2341	ELZ	WYO	WYOMING                                           	2005-03-05 14:50:58.890		1
2342	ELZ	YCA	YOUTH CORRECTIONAL INSTITUTION, ANNANDALE         	2005-03-05 14:50:58.890		1
2343	ELZ	YCB	YOUTH CORRECTIONAL INSTITUTION, BORDENTOWN        	2005-03-05 14:50:58.890		1
2344	ELZ	YCH	YCIA, HIGH POINT UNIT                             	2005-03-05 14:50:58.890		1
2345	ELZ	YCK	YCIB, SKILLMAN UNIT                               	2005-03-05 14:50:58.890		1
2346	ELZ	YCN	YCIB, NEW LISBON UNIT                             	2005-03-05 14:50:58.890		1
2347	ELZ	YCS	YCIA, STOKES FOREST UNIT                          	2005-03-05 14:50:58.890		1
2348	ELZ	YRC	YOUTH RECEPTION 7 CORRECTION CENTER, YARDVILLE    	2005-03-05 14:50:58.890		1
2349	ELZ	YRP	YRCC PRISON RECEPTION UNIT, YARDVILLE             	2005-03-05 14:50:58.890		1
2350	ELZ	YRW	YRCC, WHARTON TRACT UNIT, VINCENTOWN              	2005-03-05 14:50:58.890		1
2351	ELZ	YRY	YRCC YOUTH RECEPTION UNIT, YARDVILLE              	2005-03-05 14:50:58.890		1
2352	HAR	BDG	BRIDGEPORT CORRECTIONAL CENTER                    	2005-03-05 14:50:58.890		1
2353	HAR	BDP	CONNECTICUT CORRECTIONAL INSTITUTION              	2005-03-05 14:50:58.890		1
2354	HAR	BIL	BILLERICA HOUSE OF CORRECTION                     	2005-03-05 14:50:58.890		1
2355	HAR	BOS	SOUTH BAY HOUSE OF CORRECTIONS                    	2005-03-05 14:50:58.890		1
2356	HAR	BOY	WORCESTER HOUSE OF CORRECTION                     	2005-03-05 14:50:58.890		1
2357	HAR	BRD	OLD COLONY CORRECTION CENTER                      	2005-03-05 14:50:58.890		1
2358	HAR	BRI	SOUTHEASTERN CORRECTIONAL CENTER                  	2005-03-05 14:50:58.890		1
2359	HAR	BRO	BROOKLYN CORRECTIONAL CENTER                      	2005-03-05 14:50:58.890		1
2360	HAR	BRP	COMMUNITY CORRECTIONAL CENTER                     	2005-03-05 14:50:58.890		1
2361	HAR	BRW	SOUTHEASTERN CORRECTIONAL CENTER                  	2005-03-05 14:50:58.890		1
2362	HAR	CAR	M.C.I. PLYMOUTH                                   	2005-03-05 14:50:58.890		1
2363	HAR	CAV	MASSACHUSETTS CORRECTIONAL INSTITUTION            	2005-03-05 14:50:58.890		1
2364	HAR	CHE	CHESHIRE COMMUNITY CORRECTIONAL CENTER            	2005-03-05 14:50:58.890		1
2365	HAR	CHS	J.R. MASON YI                                     	2005-03-05 14:50:58.890		1
2366	HAR	CNC	NEW HAMPSHIRE STATE PRISON                        	2005-03-05 14:50:58.890		1
2367	HAR	CND	NORTHEASTERN CORRECTIONAL CENTER                  	2005-03-05 14:50:58.890		1
2368	HAR	COD	MASSACHUSETTS CORRECTIONAL INSTTITUTION           	2005-03-05 14:50:58.890		1
2369	HAR	CON	MASSACHUSETTS CORRECTIONAL INSTITUTE              	2005-03-05 14:50:58.890		1
653	HAR	COR	CORRIGAN CORRECTIONAL INSTITUTION	2003-08-10 11:23:16.927		1
2370	HAR	CRA	ADULT CORRECTIONAL INSTITUTE                      	2005-03-05 14:50:58.890		1
2371	HAR	CRE	CONNECTICUT CORRECTIONAL INSTITUTION              	2005-03-05 14:50:58.890		1
2372	HAR	CSE	WEBSTER CORRECTIONAL INSTITUTION                  	2005-03-05 14:50:58.890		1
2373	HAR	CYB	CYBULSKI CORRECTION INSTITUTE                     	2005-03-05 14:50:58.890		1
2374	HAR	DAN	FEDERAL CORRECTIONAL INSTITUTION                  	2005-03-05 14:50:58.890		1
2375	HAR	DAR	BRISTOL COUNTY HOUSE OF CORRECTION                	2005-03-05 14:50:58.890		1
2376	HAR	DED	NORFOLK COUNTY HOUSE OF CORRECTIONS               	2005-03-05 14:50:58.890		1
2377	HAR	EFD	COMMUNITY CORRECTIONAL INSTITUTION-ENFIELD        	2005-03-05 14:50:58.890		1
2378	HAR	EID	ENFIELD CORRECTIONAL INSTITUTION                  	2005-03-05 14:50:58.890		1
2379	HAR	ELD	CONNECTICUT CORRECTIONAL INSTITUTION              	2005-03-05 14:50:58.890		1
2380	HAR	END	WILLARD CORRECTIONAL INSTITUTE                    	2005-03-05 14:50:58.890		1
2381	HAR	ENF	CARL ROBINSON CORRECTIONAL INSTITUTE              	2005-03-05 14:50:58.890		1
2382	HAR	ENI	ENFIELD CONNECTICUT CORRECTIONAL INSTITUTE        	2005-03-05 14:50:58.890		1
2383	HAR	FRA	MASSACHUSETTS CORRECTIONAL INSTITUTE              	2005-03-05 14:50:58.890		1
2384	HAR	FRM	SOUTH MIDDLESEX PRE RELEASE CENTER                	2005-03-05 14:50:58.890		1
2385	HAR	GAR	NORTH CENTRAL CORRECTIONAL INSTITUTE              	2005-03-05 14:50:58.890		1
2386	HAR	GOF	HILLSBOROUGH COUNTY HOUSE OF CORRECTIONS          	2005-03-05 14:50:58.890		1
2387	HAR	GRN	GARNER CORRECTIONAL INSTITUTION                   	2005-03-05 14:50:58.890		1
2388	HAR	HAR	HARTFORD CORRECTIONAL CENTER                      	2005-03-05 14:50:58.890		1
2389	HAR	HAT	COMMUNITY CORRECTIONAL CENTER                     	2005-03-05 14:50:58.890		1
2390	HAR	HAV	COMMUNITY CORRECTIONAL CENTER                     	2005-03-05 14:50:58.890		1
2391	HAR	LAN	 M.C.I.-LANCASTER   LANCASTER PRE RELEASE CENTER  	2005-03-05 14:50:58.890		1
2392	HAR	LIT	COMMUNITY CORRECTIONAL CENTER                     	2005-03-05 14:50:58.890		1
2393	HAR	LUD	HAMPDEN COUNTY CORRECTIONAL CENTER                	2005-03-05 14:50:58.890		1
2394	HAR	MDD	MIDDLETON HOUSE OF CORRECTIONS                    	2005-03-05 14:50:58.890		1
2395	HAR	MID	ESSEX COUNTY HOUSE OF CORRECTION                  	2005-03-05 14:50:58.890		1
2396	HAR	NCI	NORTHERN CORRECTIONAL INSTITUTION                 	2005-03-05 14:50:58.890		1
2397	HAR	NEH	NEW HAVEN CORRECTIONAL CENTER                     	2005-03-05 14:50:58.890		1
2398	HAR	NEW	CROSSROADS HALFWAY HOUSE                          	2005-03-05 14:50:58.890		1
2399	HAR	NIA	NIANTIC CORRECTIONAL INSTITUTE                    	2005-03-05 14:50:58.890		1
2400	HAR	NIN	YORK CORRECTIONAL INSTITUTION                     	2005-03-05 14:50:58.890		1
2401	HAR	NOF	BAYSTATE CORRECTIONAL CENTER                      	2005-03-05 14:50:58.890		1
2402	HAR	NOR	MASSACHUSETTS CORRECTIONAL INSTITUTE              	2005-03-05 14:50:58.890		1
2403	HAR	NOW	NORWALK ECONOMICAL OPPORTUNITY-PTI                	2005-03-05 14:50:58.890		1
2404	HAR	NRF	PONDVILLE CORRECTIONAL FACILITY                   	2005-03-05 14:50:58.890		1
2405	HAR	NRT	HAMPSHIRE COUNTY HOUSE OF CORRECTION              	2005-03-05 14:50:58.890		1
2406	HAR	NTC	J.B. GATES CORRECTIONAL UNIT                      	2005-03-05 14:50:58.890		1
2407	HAR	PLY	PLYMOUTH HOUSE OF CORRECTION                      	2005-03-05 14:50:58.890		1
2408	HAR	RAD	RADGOWSKI CORRECTIONAL CENTER                     	2005-03-05 14:50:58.890		1
2409	HAR	RAY	RAYBROOK                                          	2005-03-05 14:50:58.890		1
2410	HAR	SHI	MASSACHUSETTS CORRECTIONAL INSTITUTE              	2005-03-05 14:50:58.890		1
2411	HAR	SMR	CONNECTICUT CORRECTIONAL INSTITUTION              	2005-03-05 14:50:58.890		1
654	HAR	SOM	OSBOURN CORRECTIONAL INSTITUTION	2003-08-10 11:23:16.927		0
2412	HAR	STO	NORTHEAST CORRECTIONAL INSTITUTION                	2005-03-05 14:50:58.890		1
2413	HAR	SUF	MACDOUGALL CORRECTIONAL INSTITUTION               	2005-03-05 14:50:58.890		1
2414	HAR	THO	MAINE STATE PRISON                                	2005-03-05 14:50:58.890		1
2415	HAR	UNC	MONTVILLE CORRECTIONAL CENTER                     	2005-03-05 14:50:58.890		1
2416	HAR	WAL	MASSACHUSETTS CORRECTIONAL INSTITUTE              	2005-03-05 14:50:58.890		1
2417	HAR	WAR	MASSACHUSETTS CORRECTIONAL INSTITUTE              	2005-03-05 14:50:58.890		1
2418	HAR	WES	WESTERN SUBSTANCE ABUSE CENTER                    	2005-03-05 14:50:58.890		1
2419	HAR	WIN	SUFFOLK COUNTY HOUSE OF CORRECTION                	2005-03-05 14:50:58.890		1
2420	HAR	WLK	WALKER RECEPTION CENTER                           	2005-03-05 14:50:58.890		1
655	HLG	AIR	BIG SPRING CORRECTIONAL CENTER #2 (AIRPARK)	2003-08-10 11:23:16.927		1
656	HLG	BIG	FEDERAL CORRECTIONAL INSTITUTE	2003-08-10 11:23:16.927		1
657	HLG	EDN	EDEN DETENTION CENTER	2003-08-10 11:23:16.927		1
658	HLG	INT	INTERSTATE UNIT	2003-08-10 11:23:16.927		1
659	HLG	PEC	REEVES COUNTY LAW ENFORCEMENT CENTER	2003-08-10 11:23:16.927		1
4639	HOD	30D	IMMIRGATION COURT	2003-08-10 11:23:16.927	2010-09-16 00:02:00.000	1
4640	HOD	ACC	ALGOA CORRECTIONAL CENTER	2003-08-10 11:23:16.927	2010-09-16 00:02:00.000	0
4641	HOD	ALG	ALGOA CORRECTIONAL CENTER	2003-08-10 11:23:16.927	2010-09-16 00:02:00.000	0
4642	HOD	BC	BILL CLEMENS UNIT	2003-08-10 11:23:16.927	2010-09-16 00:02:00.000	1
4643	HOD	BCC	BOONEVILLE CORRECTIONAL CENTER	2003-08-10 11:23:16.927	2010-09-16 00:02:00.000	0
4644	HOD	BCF	BOONEVILLE CORRECTIONAL FACILITY	2003-08-10 11:23:16.927	2010-09-16 00:02:00.000	1
4645	HOD	BE2	BETO II	2003-08-10 11:23:16.927	2010-09-16 00:02:00.000	1
4646	HOD	BET	BETO I UNIT	2003-08-10 11:23:16.927	2010-09-16 00:02:00.000	1
4647	HOD	BM	MOORE	2003-08-10 11:23:16.927	2010-09-16 00:02:00.000	1
4648	HOD	BOL	J.H. LILLEY CORRECTIONAL CENTER	2003-08-10 11:23:16.927	2010-09-16 00:02:00.000	1
4649	HOD	BOY	BOYD	2003-08-10 11:23:16.927	2010-09-16 00:02:00.000	1
4650	HOD	BR	BRIDGEPORT	2003-08-10 11:23:16.927	2010-09-16 00:02:00.000	1
4651	HOD	BRI	BRISCOE UNIT	2003-08-10 11:23:16.927	2010-09-16 00:02:00.000	1
4652	HOD	BYD	BOYD UNIT	2003-08-10 11:23:16.927	2010-09-16 00:02:00.000	1
4653	HOD	CCC	CROSSROADS CORRECTIONAL CENTER	2003-08-10 11:23:16.927	2010-09-16 00:02:00.000	0
4654	HOD	CCF	CIMARRON CORRECTIONAL FACILITY                    	2005-03-05 14:50:58.890	2010-09-16 00:02:00.000	1
4655	HOD	CEN	CENTRAL UNIT	2003-08-10 11:23:16.927	2010-09-16 00:02:00.000	1
4656	HOD	CHI	CHILLICOTHE CORRECTIONAL FACILITY	2003-08-10 11:23:16.927	2010-09-16 00:02:00.000	1
4657	HOD	CLE	CLEMENS UNIT	2003-08-10 11:23:16.927	2010-09-16 00:02:00.000	1
4658	HOD	CLM	(BILL) CLEMENTS UNIT	2003-08-10 11:23:16.927	2010-09-16 00:02:00.000	1
4659	HOD	CMC	CENTRAL MISSOURI CORRECTIONAL CENTER	2003-08-10 11:23:16.927	2010-09-16 00:02:00.000	1
4660	HOD	COC	CENTRAL OKLAHOMA CORRECTIONAL FACILITY            	2005-03-05 14:50:58.890	2010-09-16 00:02:00.000	1
4661	HOD	COF	COFFIELD UNIT	2003-08-10 11:23:16.927	2010-09-16 00:02:00.000	1
4662	HOD	CV	CLEVELAND CCA	2003-08-10 11:23:16.927	2010-09-16 00:02:00.000	1
4663	HOD	CYC	CONNALLY UNIT	2003-08-10 11:23:16.927	2010-09-16 00:02:00.000	1
4664	HOD	DAR	DARRINGTON UNIT	2003-08-10 11:23:16.927	2010-09-16 00:02:00.000	1
4665	HOD	DCC	DICK CONNER CORRECTIONAL CENTER                   	2005-03-05 14:50:58.890	2010-09-16 00:02:00.000	1
4666	HOD	DCF	DIAMONDBACK CORRECTIONAL FACILITY                 	2005-03-05 14:50:58.890	2010-09-16 00:02:00.000	1
4667	HOD	DH	DALHART	2003-08-10 11:23:16.927	2010-09-16 00:02:00.000	1
4668	HOD	DL	DANIEL UNIT	2003-08-10 11:23:16.927	2010-09-16 00:02:00.000	1
4669	HOD	DO	DIBOLL	2003-08-10 11:23:16.927	2010-09-16 00:02:00.000	1
4670	HOD	DU	DIAGNOSTIC UNIT	2003-08-10 11:23:16.927	2010-09-16 00:02:00.000	1
4671	HOD	E1	ELLIS I UNIT	2003-08-10 11:23:16.927	2010-09-16 00:02:00.000	1
4672	HOD	EAS	EASTHAM  UNIT	2003-08-10 11:23:16.927	2010-09-16 00:02:00.000	1
4673	HOD	ECC	EASTERN CORRECTIONAL CENTER	2003-08-10 11:23:16.927	2010-09-16 00:02:00.000	1
4674	HOD	EDI	EDINBURG	2003-08-10 11:23:16.927	2010-09-16 00:02:00.000	1
4675	HOD	ELL	ELL(II)	2003-08-10 11:23:16.927	2010-09-16 00:02:00.000	1
4676	HOD	ELR	WARDEN	2003-08-10 11:23:16.927	2010-09-16 00:02:00.000	1
4677	HOD	FAR	FARMINGTON CORRECTIONAL CENTER	2003-08-10 11:23:16.927	2010-09-16 00:02:00.000	1
4678	HOD	FCC	FARMINGTON CORRECTIONAL CENTER	2003-08-10 11:23:16.927	2010-09-16 00:02:00.000	0
4679	HOD	FDC	FULTON RECEPTION / DIAGNOSTIC / CENTER	2003-08-10 11:23:16.927	2010-09-16 00:02:00.000	1
4680	HOD	FER	FERGUSON UNIT	2003-08-10 11:23:16.927	2010-09-16 00:02:00.000	1
4681	HOD	FRC	FULTON RECEPTION CENTER	2003-08-10 11:23:16.927	2010-09-16 00:02:00.000	1
4682	HOD	GL	GIBB LEWIS UNIT	2003-08-10 11:23:16.927	2010-09-16 00:02:00.000	1
4683	HOD	GPC	GREAT PLAINS CORRECTIONAL FACILITY                	2005-03-05 14:50:58.890	2010-09-16 00:02:00.000	1
4684	HOD	GR	GOREE UNIT	2003-08-10 11:23:16.927	2010-09-16 00:02:00.000	1
4685	HOD	GUR	GURNEY UNIT	2003-08-10 11:23:16.927	2010-09-16 00:02:00.000	1
4686	HOD	GV	GATESVILLE UNIT	2003-08-10 11:23:16.927	2010-09-16 00:02:00.000	1
4687	HOD	HB	HOBBY UNIT	2003-08-10 11:23:16.927	2010-09-16 00:02:00.000	1
4688	HOD	HG	TDC HOSPITAL/GALVESTON	2003-08-10 11:23:16.927	2010-09-16 00:02:00.000	1
4689	HOD	HI	HIGHTOWER UNIT	2003-08-10 11:23:16.927	2010-09-16 00:02:00.000	1
4690	HOD	HT	HILLTOP UNIT	2003-08-10 11:23:16.927	2010-09-16 00:02:00.000	1
4691	HOD	HUG	HUGHES UNIT	2003-08-10 11:23:16.927	2010-09-16 00:02:00.000	1
4692	HOD	HUN	HUNTSVILLE UNIT	2003-08-10 11:23:16.927	2010-09-16 00:02:00.000	1
4693	HOD	JA	ALRED UNIT	2003-08-10 11:23:16.927	2010-09-16 00:02:00.000	1
4694	HOD	JAM	JAMES CRABTREE CORRECTIONAL CENTER                	2005-03-05 14:50:58.890	2010-09-16 00:02:00.000	1
4695	HOD	JCC	JEFFERSON CITY CORRECTIONAL CENTER	2003-08-10 11:23:16.927	2010-09-16 00:02:00.000	1
4696	HOD	JE1	JESTER ONE UNIT	2003-08-10 11:23:16.927	2010-09-16 00:02:00.000	1
4697	HOD	JE2	JESTER TWO UNIT	2003-08-10 11:23:16.927	2010-09-16 00:02:00.000	1
4698	HOD	JE3	JESTER THREE UNIT	2003-08-10 11:23:16.927	2010-09-16 00:02:00.000	1
4699	HOD	JE4	JESTER IV UNIT (MENTAL HEALTH)	2003-08-10 11:23:16.927	2010-09-16 00:02:00.000	1
4700	HOD	JHC	JOSEPH HARP CORRECTION CENTER                     	2005-03-05 14:50:58.890	2010-09-16 00:02:00.000	1
4701	HOD	JOR	JORDAN UNIT	2003-08-10 11:23:16.927	2010-09-16 00:02:00.000	1
4702	HOD	JT	JOHNSTON UNIT	2003-08-10 11:23:16.927	2010-09-16 00:02:00.000	1
4703	HOD	KY	KYLE	2003-08-10 11:23:16.927	2010-09-16 00:02:00.000	1
4704	HOD	LAW	LAWTON CORRECTIONAL FACILITY                      	2005-03-05 14:50:58.890	2010-09-16 00:02:00.000	1
4705	HOD	LCC	LEXINGTON CORRECTIONAL CENTER                     	2005-03-05 14:50:58.890	2010-09-16 00:02:00.000	1
4706	HOD	LEX	LEXINGTON ASSESSMENT & RECEPTION CENTER	2003-08-10 11:23:16.927	2010-09-16 00:02:00.000	1
4707	HOD	LH	LYNAUGH	2003-08-10 11:23:16.927	2010-09-16 00:02:00.000	1
4708	HOD	LSJ	LYCHNER STATE JAIL	2003-08-10 11:23:16.927	2010-09-16 00:02:00.000	1
4709	HOD	LYN	LYNAUGH UNIT	2003-08-10 11:23:16.927	2010-09-16 00:02:00.000	1
4710	HOD	MAC	MACK ALFORD CORRECTIONAL CENTER                   	2005-03-05 14:50:58.890	2010-09-16 00:02:00.000	1
4711	HOD	MAM	MARY ANN MOHAN - TEMP. NOT IN TDC	2003-08-10 11:23:16.927	2010-09-16 00:02:00.000	1
4712	HOD	MBC	MABEL BASSETT CORRECTIONAL CENTER                 	2005-03-05 14:50:58.890	2010-09-16 00:02:00.000	1
4713	HOD	MCC	MCCONNELL UNIT	2003-08-10 11:23:16.927	2010-09-16 00:02:00.000	1
4714	HOD	MCO	MC CONNELL	2003-08-10 11:23:16.927	2010-09-16 00:02:00.000	1
4715	HOD	MEC	MISSOURI EASTERN CORRECTIONAL CENTER	2003-08-10 11:23:16.927	2010-09-16 00:02:00.000	1
4716	HOD	MIC	MICHAEL UNIT	2003-08-10 11:23:16.927	2010-09-16 00:02:00.000	1
4717	HOD	MOB	MOBERLY CORRECTIONAL CENTER	2003-08-10 11:23:16.927	2010-09-16 00:02:00.000	1
4718	HOD	MOC	MISSOURI DEPARTMENT OF CORRECTIONS	2003-08-10 11:23:16.927	2010-09-16 00:02:00.000	1
4719	HOD	MSP	MISSOURI STATE PENITENTIARY	2003-08-10 11:23:16.927	2010-09-16 00:02:00.000	1
4720	HOD	MTC	MISSOURI TRAINING CENTER FOR MEN	2003-08-10 11:23:16.927	2010-09-16 00:02:00.000	1
4721	HOD	MV	MOUNTAIN VIEW UNIT	2003-08-10 11:23:16.927	2010-09-16 00:02:00.000	1
4722	HOD	N1	MARLIN UNIT	2003-08-10 11:23:16.927	2010-09-16 00:02:00.000	1
4723	HOD	OCJ	OKLAHOMA CITY JAIL                                	2005-03-05 14:50:58.890	2010-09-16 00:02:00.000	1
4724	HOD	ODC	OKLAHOMA DEPARTMENT OF CORRECTION                 	2005-03-05 14:50:58.890	2010-09-16 00:02:00.000	1
4725	HOD	OSP	OKLAHOMA STATE PENITENTIARY                       	2005-03-05 14:50:58.890	2010-09-16 00:02:00.000	1
4726	HOD	OSR	OKLAHOMA STATE REFORMATORY                        	2005-03-05 14:50:58.890	2010-09-16 00:02:00.000	1
4727	HOD	PA1	PACK ONE UNIT	2003-08-10 11:23:16.927	2010-09-16 00:02:00.000	1
4728	HOD	PA2	PACK TWO UNIT	2003-08-10 11:23:16.927	2010-09-16 00:02:00.000	1
4729	HOD	RA1	RAMSEY ONE	2003-08-10 11:23:16.927	2010-09-16 00:02:00.000	1
4730	HOD	RA2	RAMSEY TWO	2003-08-10 11:23:16.927	2010-09-16 00:02:00.000	1
4731	HOD	RA3	RAMSEY 111	2003-08-10 11:23:16.927	2010-09-16 00:02:00.000	1
4732	HOD	RBD	R.B. DICK CONNER CORRECTIONAL CENTER              	2005-03-05 14:50:58.890	2010-09-16 00:02:00.000	1
4733	HOD	RDC	RECEPTION DIAGNOSTIC CENTER	2003-08-10 11:23:16.927	2010-09-16 00:02:00.000	0
4734	HOD	REN	RENZ CORRECTIONAL CENTER	2003-08-10 11:23:16.927	2010-09-16 00:02:00.000	1
4735	HOD	RET	RETRIEVE UNIT	2003-08-10 11:23:16.927	2010-09-16 00:02:00.000	1
4736	HOD	ROA	ROACH UNIT	2003-08-10 11:23:16.927	2010-09-16 00:02:00.000	1
4737	HOD	ROB	ROBERTSON UNIT	2003-08-10 11:23:16.927	2010-09-16 00:02:00.000	1
4738	HOD	SMI	SMITH UNIT	2003-08-10 11:23:16.927	2010-09-16 00:02:00.000	1
4739	HOD	STE	WARDEN MACK ALFORD CORRECTIONAL CENTER	2003-08-10 11:23:16.927	2010-09-16 00:02:00.000	1
4740	HOD	STI	STILES UNIT	2003-08-10 11:23:16.927	2010-09-16 00:02:00.000	1
4741	HOD	STV	STEVENSON	2003-08-10 11:23:16.927	2010-09-16 00:02:00.000	1
4742	HOD	SV	SKYVIEW UNIT   (STATE HOSPITAL IN CHEROKEE COUNTY)	2003-08-10 11:23:16.927	2010-09-16 00:02:00.000	1
4743	HOD	TDW	TEXAS WAIVER CASES	2003-08-10 11:23:16.927	2010-09-16 00:02:00.000	1
4744	HOD	TER	TERRELL UNIT	2003-08-10 11:23:16.927	2010-09-16 00:02:00.000	1
4745	HOD	TO	TELFORD UNIT	2003-08-10 11:23:16.927	2010-09-16 00:02:00.000	1
4746	HOD	TOR	TORRES UNIT	2003-08-10 11:23:16.927	2010-09-16 00:02:00.000	1
4747	HOD	VS	VENUS CCA	2003-08-10 11:23:16.927	2010-09-16 00:02:00.000	1
4748	HOD	WAL	WALKER COUNTY JAIL	2003-08-10 11:23:16.927	2010-09-16 00:02:00.000	1
4749	HOD	WHC	WACKEN HUT CORRECTIONAL CENTER                    	2005-03-05 14:50:58.890	2010-09-16 00:02:00.000	1
4750	HOD	WMC	WESTERN MISSOURI CORRECTIONAL CENTER	2003-08-10 11:23:16.927	2010-09-16 00:02:00.000	0
4751	HOD	WYN	WYNNE UNIT	2003-08-10 11:23:16.927	2010-09-16 00:02:00.000	1
2421	HON	FDC	BUREAU OF PRISON-FEDERAL DETENTION CENTER         	2005-03-05 14:50:58.890		1
660	HON	GUA	DEPARTMENT OF CORRECTIONS	2003-08-10 11:23:16.927		1
2422	HON	HAL	HALAWA MEDIUM SECURITY FACILITY                   	2005-03-05 14:50:58.890		1
661	HON	HCC	HILO COMMUNITY CORRECTIONAL CENTER	2003-08-10 11:23:16.927		1
662	HON	JUV	HAWAII YOUTH CORRECTIONAL FACILITY	2003-08-10 11:23:16.927		1
2423	HON	KAI	WOMEN'S COMMUNITY CORRECTION CENTER               	2005-03-05 14:50:58.890		1
2424	HON	KAU	KAUAI COMMUNITY CORRECTIONAL CENTER               	2005-03-05 14:50:58.890		1
2425	HON	KUL	KULANI CORRECTIONAL FACILITY                      	2005-03-05 14:50:58.890		1
2426	HON	LOM	LOMPOC FEDERAL CORRECTIONAL INSTITUTION           	2005-03-05 14:50:58.890		1
2427	HON	LOP	UNITED STATES PENITENTIARY, LOMPOC                	2005-03-05 14:50:58.890		1
2428	HON	MAU	MAUI COMMUNITY CORRECTIONAL CENTER                	2005-03-05 14:50:58.890		1
663	HON	OAH	OAHU COMMUNITY CORRECTIONAL CENTER	2003-08-10 11:23:16.927		1
664	HON	PRA	PRAIRIE CORRECTIONAL FACILITY	2003-08-10 11:23:16.927		1
2429	HON	WAI	WAIAWA CORRECTIONAL FACILITY                      	2005-03-05 14:50:58.890		1
665	HOU	30D	IMMIRGATION COURT	2003-08-10 11:23:16.927		1
666	HOU	ACC	ALGOA CORRECTIONAL CENTER	2003-08-10 11:23:16.927		0
667	HOU	ALG	ALGOA CORRECTIONAL CENTER	2003-08-10 11:23:16.927		0
668	HOU	BC	BILL CLEMENS UNIT	2003-08-10 11:23:16.927		1
669	HOU	BCC	BOONEVILLE CORRECTIONAL CENTER	2003-08-10 11:23:16.927		0
670	HOU	BCF	BOONEVILLE CORRECTIONAL FACILITY	2003-08-10 11:23:16.927		1
671	HOU	BE2	BETO II	2003-08-10 11:23:16.927		1
672	HOU	BET	BETO I UNIT	2003-08-10 11:23:16.927		1
673	HOU	BM	MOORE	2003-08-10 11:23:16.927		1
674	HOU	BOL	J.H. LILLEY CORRECTIONAL CENTER	2003-08-10 11:23:16.927		1
675	HOU	BOY	BOYD	2003-08-10 11:23:16.927		1
676	HOU	BR	BRIDGEPORT	2003-08-10 11:23:16.927		1
677	HOU	BRI	BRISCOE UNIT	2003-08-10 11:23:16.927		1
678	HOU	BYD	BOYD UNIT	2003-08-10 11:23:16.927		1
679	HOU	CCC	CROSSROADS CORRECTIONAL CENTER	2003-08-10 11:23:16.927		0
2430	HOU	CCF	CIMARRON CORRECTIONAL FACILITY                    	2005-03-05 14:50:58.890		1
680	HOU	CEN	CENTRAL UNIT	2003-08-10 11:23:16.927		1
681	HOU	CHI	CHILLICOTHE CORRECTIONAL FACILITY	2003-08-10 11:23:16.927		1
682	HOU	CLE	CLEMENS UNIT	2003-08-10 11:23:16.927		1
683	HOU	CLM	(BILL) CLEMENTS UNIT	2003-08-10 11:23:16.927		1
684	HOU	CMC	CENTRAL MISSOURI CORRECTIONAL CENTER	2003-08-10 11:23:16.927		1
2431	HOU	COC	CENTRAL OKLAHOMA CORRECTIONAL FACILITY            	2005-03-05 14:50:58.890		1
685	HOU	COF	COFFIELD UNIT	2003-08-10 11:23:16.927		1
686	HOU	CV	CLEVELAND CCA	2003-08-10 11:23:16.927		1
687	HOU	CYC	CONNALLY UNIT	2003-08-10 11:23:16.927		1
688	HOU	DAR	DARRINGTON UNIT	2003-08-10 11:23:16.927		1
2432	HOU	DCC	DICK CONNER CORRECTIONAL CENTER                   	2005-03-05 14:50:58.890		1
2433	HOU	DCF	DIAMONDBACK CORRECTIONAL FACILITY                 	2005-03-05 14:50:58.890		1
689	HOU	DH	DALHART	2003-08-10 11:23:16.927		1
690	HOU	DL	DANIEL UNIT	2003-08-10 11:23:16.927		1
691	HOU	DO	DIBOLL	2003-08-10 11:23:16.927		1
692	HOU	DU	DIAGNOSTIC UNIT	2003-08-10 11:23:16.927		1
693	HOU	E1	ELLIS I UNIT	2003-08-10 11:23:16.927		1
694	HOU	EAS	EASTHAM  UNIT	2003-08-10 11:23:16.927		1
695	HOU	ECC	EASTERN CORRECTIONAL CENTER	2003-08-10 11:23:16.927		1
696	HOU	EDI	EDINBURG	2003-08-10 11:23:16.927		1
697	HOU	ELL	ELL(II)	2003-08-10 11:23:16.927		1
698	HOU	ELR	WARDEN	2003-08-10 11:23:16.927		1
699	HOU	FAR	FARMINGTON CORRECTIONAL CENTER	2003-08-10 11:23:16.927		1
700	HOU	FCC	FARMINGTON CORRECTIONAL CENTER	2003-08-10 11:23:16.927		0
701	HOU	FDC	FULTON RECEPTION / DIAGNOSTIC / CENTER	2003-08-10 11:23:16.927		1
702	HOU	FER	FERGUSON UNIT	2003-08-10 11:23:16.927		1
703	HOU	FRC	FULTON RECEPTION CENTER	2003-08-10 11:23:16.927		1
704	HOU	GL	GIBB LEWIS UNIT	2003-08-10 11:23:16.927		1
2434	HOU	GPC	GREAT PLAINS CORRECTIONAL FACILITY                	2005-03-05 14:50:58.890		1
705	HOU	GR	GOREE UNIT	2003-08-10 11:23:16.927		1
706	HOU	GUR	GURNEY UNIT	2003-08-10 11:23:16.927		1
707	HOU	GV	GATESVILLE UNIT	2003-08-10 11:23:16.927		1
708	HOU	HB	HOBBY UNIT	2003-08-10 11:23:16.927		1
709	HOU	HG	TDC HOSPITAL/GALVESTON	2003-08-10 11:23:16.927		1
710	HOU	HI	HIGHTOWER UNIT	2003-08-10 11:23:16.927		1
711	HOU	HT	HILLTOP UNIT	2003-08-10 11:23:16.927		1
712	HOU	HUG	HUGHES UNIT	2003-08-10 11:23:16.927		1
713	HOU	HUN	HUNTSVILLE UNIT	2003-08-10 11:23:16.927		1
714	HOU	JA	ALRED UNIT	2003-08-10 11:23:16.927		1
2435	HOU	JAM	JAMES CRABTREE CORRECTIONAL CENTER                	2005-03-05 14:50:58.890		1
715	HOU	JCC	JEFFERSON CITY CORRECTIONAL CENTER	2003-08-10 11:23:16.927		1
716	HOU	JE1	JESTER ONE UNIT	2003-08-10 11:23:16.927		1
717	HOU	JE2	JESTER TWO UNIT	2003-08-10 11:23:16.927		1
718	HOU	JE3	JESTER THREE UNIT	2003-08-10 11:23:16.927		1
719	HOU	JE4	JESTER IV UNIT (MENTAL HEALTH)	2003-08-10 11:23:16.927		1
2436	HOU	JHC	JOSEPH HARP CORRECTION CENTER                     	2005-03-05 14:50:58.890		1
720	HOU	JOR	JORDAN UNIT	2003-08-10 11:23:16.927		1
721	HOU	JT	JOHNSTON UNIT	2003-08-10 11:23:16.927		1
722	HOU	KY	KYLE	2003-08-10 11:23:16.927		1
2437	HOU	LAW	LAWTON CORRECTIONAL FACILITY                      	2005-03-05 14:50:58.890		1
2438	HOU	LCC	LEXINGTON CORRECTIONAL CENTER                     	2005-03-05 14:50:58.890		1
723	HOU	LEX	LEXINGTON ASSESSMENT & RECEPTION CENTER	2003-08-10 11:23:16.927		1
724	HOU	LH	LYNAUGH	2003-08-10 11:23:16.927		1
725	HOU	LSJ	LYCHNER STATE JAIL	2003-08-10 11:23:16.927		1
726	HOU	LYN	LYNAUGH UNIT	2003-08-10 11:23:16.927		1
2439	HOU	MAC	MACK ALFORD CORRECTIONAL CENTER                   	2005-03-05 14:50:58.890		1
727	HOU	MAM	MARY ANN MOHAN - TEMP. NOT IN TDC	2003-08-10 11:23:16.927		1
2440	HOU	MBC	MABEL BASSETT CORRECTIONAL CENTER                 	2005-03-05 14:50:58.890		1
728	HOU	MCC	MCCONNELL UNIT	2003-08-10 11:23:16.927		1
729	HOU	MCO	MC CONNELL	2003-08-10 11:23:16.927		1
730	HOU	MEC	MISSOURI EASTERN CORRECTIONAL CENTER	2003-08-10 11:23:16.927		1
731	HOU	MIC	MICHAEL UNIT	2003-08-10 11:23:16.927		1
732	HOU	MOB	MOBERLY CORRECTIONAL CENTER	2003-08-10 11:23:16.927		1
733	HOU	MOC	MISSOURI DEPARTMENT OF CORRECTIONS	2003-08-10 11:23:16.927		1
734	HOU	MSP	MISSOURI STATE PENITENTIARY	2003-08-10 11:23:16.927		1
735	HOU	MTC	MISSOURI TRAINING CENTER FOR MEN	2003-08-10 11:23:16.927		1
736	HOU	MV	MOUNTAIN VIEW UNIT	2003-08-10 11:23:16.927		1
737	HOU	N1	MARLIN UNIT	2003-08-10 11:23:16.927		1
2441	HOU	OCJ	OKLAHOMA CITY JAIL                                	2005-03-05 14:50:58.890		1
2442	HOU	ODC	OKLAHOMA DEPARTMENT OF CORRECTION                 	2005-03-05 14:50:58.890		1
2443	HOU	OSP	OKLAHOMA STATE PENITENTIARY                       	2005-03-05 14:50:58.890		1
2444	HOU	OSR	OKLAHOMA STATE REFORMATORY                        	2005-03-05 14:50:58.890		1
738	HOU	PA1	PACK ONE UNIT	2003-08-10 11:23:16.927		1
739	HOU	PA2	PACK TWO UNIT	2003-08-10 11:23:16.927		1
740	HOU	RA1	RAMSEY ONE	2003-08-10 11:23:16.927		1
741	HOU	RA2	RAMSEY TWO	2003-08-10 11:23:16.927		1
742	HOU	RA3	RAMSEY 111	2003-08-10 11:23:16.927		1
2445	HOU	RBD	R.B. DICK CONNER CORRECTIONAL CENTER              	2005-03-05 14:50:58.890		1
743	HOU	RDC	RECEPTION DIAGNOSTIC CENTER	2003-08-10 11:23:16.927		0
744	HOU	REN	RENZ CORRECTIONAL CENTER	2003-08-10 11:23:16.927		1
745	HOU	RET	RETRIEVE UNIT	2003-08-10 11:23:16.927		1
746	HOU	ROA	ROACH UNIT	2003-08-10 11:23:16.927		1
747	HOU	ROB	ROBERTSON UNIT	2003-08-10 11:23:16.927		1
748	HOU	SMI	SMITH UNIT	2003-08-10 11:23:16.927		1
749	HOU	STE	WARDEN MACK ALFORD CORRECTIONAL CENTER	2003-08-10 11:23:16.927		1
750	HOU	STI	STILES UNIT	2003-08-10 11:23:16.927		1
751	HOU	STV	STEVENSON	2003-08-10 11:23:16.927		1
752	HOU	SV	SKYVIEW UNIT   (STATE HOSPITAL IN CHEROKEE COUNTY)	2003-08-10 11:23:16.927		1
753	HOU	TDW	TEXAS WAIVER CASES	2003-08-10 11:23:16.927		1
754	HOU	TER	TERRELL UNIT	2003-08-10 11:23:16.927		1
755	HOU	TO	TELFORD UNIT	2003-08-10 11:23:16.927		1
756	HOU	TOR	TORRES UNIT	2003-08-10 11:23:16.927		1
757	HOU	VS	VENUS CCA	2003-08-10 11:23:16.927		1
758	HOU	WAL	WALKER COUNTY JAIL	2003-08-10 11:23:16.927		1
2446	HOU	WHC	WACKEN HUT CORRECTIONAL CENTER                    	2005-03-05 14:50:58.890		1
759	HOU	WMC	WESTERN MISSOURI CORRECTIONAL CENTER	2003-08-10 11:23:16.927		0
760	HOU	WYN	WYNNE UNIT	2003-08-10 11:23:16.927		1
2447	IMP	CAL	CALIPATRIA STATE PRISON                           	2005-03-05 14:50:58.890		1
2448	IMP	CNT	CENTINELA STATE PRISON                            	2005-03-05 14:50:58.890		1
3327	KAN	ACC	ABODE CORRECTIONAL CENTER	2003-08-10 11:23:16.927		0
3328	KAN	ADR	ADRIAN TEMPORARY FACILITY	2003-08-10 11:23:16.927		0
4581	KAN	ALA	ALABAMA CORRECTIONAL	2003-08-10 11:23:16.927	2010-05-14 00:02:00.000	1
4582	KAN	ALC	ALLEN CORRECTIONAL CENTER	2003-08-10 11:23:16.927	2010-05-14 00:02:00.000	1
3329	KAN	ALG	ALGOA CORRECTIONAL CENTER	2003-08-10 11:23:16.927		0
3330	KAN	ALL	ALLEN CORRECTIONAL INSTITUTION	2003-08-10 11:23:16.927		0
4583	KAN	ANG	LOUISIANA STATE PENITENTIARY	2003-08-10 11:23:16.927	2010-05-14 00:02:00.000	1
4584	KAN	APJ	AVOYELLES PARISH JAIL	2003-08-10 11:23:16.927	2010-05-14 00:02:00.000	1
4585	KAN	APS	ALLEN PARISH SHERIFF'S OFFICE	2003-08-10 11:23:16.927	2010-05-14 00:02:00.000	1
4586	KAN	AW1	LSCI/ ALLENWOOD	2003-08-10 11:23:16.927	2010-05-14 00:02:00.000	1
4587	KAN	AW2	FCI/ ALLENWOOD	2003-08-10 11:23:16.927	2010-05-14 00:02:00.000	1
4588	KAN	AW3	U.S. PENTENTIARY/ ALLENWOOD	2003-08-10 11:23:16.927	2010-05-14 00:02:00.000	1
4589	KAN	AWC	AVOYELLES WOMEN CORRECTIONAL CENTE	2003-08-10 11:23:16.927	2010-05-14 00:02:00.000	1
3331	KAN	BCC	BOONEVILLE CORRECTIONAL CENTER	2003-08-10 11:23:16.927		0
3332	KAN	BCI	BELMONT CORRECTIONAL INSTITUTION	2003-08-10 11:23:16.927		0
4590	KAN	BDC	BASILE DETENTION CENTER	2003-08-10 11:23:16.927	2010-05-14 00:02:00.000	1
4591	KAN	BEA	BEAUREGARD PARISH JAIL	2003-08-10 11:23:16.927	2010-05-14 00:02:00.000	1
3333	KAN	BKR	INDIANA DOC/BUNKER HILL FACILITY                  	2005-03-05 14:50:58.890		0
3334	KAN	BMC	BIG MUDDY CORRECTIONAL CENTER	2003-08-10 11:23:16.927		0
4592	KAN	BML	FCC BEAUMONT	2003-08-10 11:23:16.927	2010-05-14 00:02:00.000	1
3335	KAN	BRF	BLACK RIVERS FALL CORRECTIONAL INSTITUTION	2003-08-10 11:23:16.927		0
3336	KAN	BRO	BROOKS REGIONAL FACILITY	2003-08-10 11:23:16.927		0
3337	KAN	BTC	BRANCHVILLE TRAINING CENTER	2003-08-10 11:23:16.927		0
3338	KAN	BUN	INDIANA DEPARTMENT OF CORRECTIONS                 	2005-03-05 14:50:58.890		0
4593	KAN	BWC	BORDELONVILLE WOMEN'S CORRECTIONAL CENTER	2003-08-10 11:23:16.927	2010-05-14 00:02:00.000	1
4594	KAN	CAD	CADDO PARISH CORRECTIONAL CENTER	2003-08-10 11:23:16.927	2010-05-14 00:02:00.000	1
3339	KAN	CAR	CARSON CITY CORRECTIONAL FACILITY	2003-08-10 11:23:16.927		0
4595	KAN	CBF	CAMP BEAUREGARD WORK FACILITY	2003-08-10 11:23:16.927	2010-05-14 00:02:00.000	1
3340	KAN	CCC	CROSSROADS CORRECTIONAL CENTER	2003-08-10 11:23:16.927		0
3341	KAN	CCM	MOBERLY CORRECTIONAL CENTER	2003-08-10 11:23:16.927		0
3342	KAN	CEF	CHARLES EGELER CORRECTIONAL FACILITY	2003-08-10 11:23:16.927		0
3343	KAN	CEN	CENTRALIA CORRECTIONAL CENTER	2003-08-10 11:23:16.927		0
3344	KAN	CHI	CHILLICOTHE  CORRECTIONAL INSTITUTE	2003-08-10 11:23:16.927		0
3345	KAN	CIC	CORRECTIONAL INDUSTRIAL COMPLEX	2003-08-10 11:23:16.927		0
3346	KAN	CLA	CLARINDA CORRECTIONAL FACILITY	2003-08-10 11:23:16.927		0
3347	KAN	CMC	CORRECTIONS MEDICAL CENTER	2003-08-10 11:23:16.927		0
3348	KAN	COL	COLUMBIA CORRECTIONAL INSTITUTION	2003-08-10 11:23:16.927		0
3349	KAN	COR	CORRECTIONAL RECEPTION CENTER	2003-08-10 11:23:16.927		0
4596	KAN	CPJ	CALCASIEU PARISH JAIL	2003-08-10 11:23:16.927	2010-05-14 00:02:00.000	1
3350	KAN	CPO	CAMP OJIBWAY	2003-08-10 11:23:16.927		0
3351	KAN	CRO	ST. CROIX CORRECTIONAL CENTER	2003-08-10 11:23:16.927		0
3352	KAN	CTC	CHIPPEWA TEMPOARY CORRECTIONAL FACILITY	2003-08-10 11:23:16.927		0
3353	KAN	DAN	DANVILLE CORRECTIONAL CENTER	2003-08-10 11:23:16.927		0
3354	KAN	DCI	DAYTON CORRECTIONAL INSTITUTE	2003-08-10 11:23:16.927		0
3355	KAN	DCS	DEPARTMENT OF CORRECTIONAL SERVICES	2003-08-10 11:23:16.927		0
3356	KAN	DEC	DECATUR  CORRECTIONAL CENTER                      	2005-03-05 14:50:58.890		0
3357	KAN	DIS	DIVISION OF INTENSIVE SANCTIONS	2003-08-10 11:23:16.927		0
3358	KAN	DIX	DIXON CORRECTIONAL CENTER	2003-08-10 11:23:16.927		0
3359	KAN	DOD	DODGE CORRECTIONAL INSTITUTION	2003-08-10 11:23:16.927		0
3360	KAN	DUN	DUNES CORRECTIONAL FACILITY	2003-08-10 11:23:16.927		0
3361	KAN	DWI	DWIGHT CORRECTIONAL CENTER	2003-08-10 11:23:16.927		0
3362	KAN	EAS	EAST MOLINE CORRECTIONAL CENTER	2003-08-10 11:23:16.927		0
4597	KAN	ECD	EAST CARROLL DETENTION CENTER	2003-08-10 11:23:16.927	2010-05-14 00:02:00.000	1
3363	KAN	ECF	ELLSWORTH CORRECTIONAL FACILITY	2003-08-10 11:23:16.927		0
4598	KAN	EFP	EAST FELICIANA PARISH PRISON	2003-08-10 11:23:16.927	2010-05-14 00:02:00.000	1
3364	KAN	EGC	EGELER CORRECTIONAL FACILITY	2003-08-10 11:23:16.927		0
3365	KAN	ELD	EL DORADO CORRECTIONAL FACILITY	2003-08-10 11:23:16.927		0
3366	KAN	EMC	EASTERN MISSOURI CORRECTIONAL CTR.	2003-08-10 11:23:16.927		0
3367	KAN	ENG	ENGLER CORRECTIONAL FACILITY	2003-08-10 11:23:16.927		0
4599	KAN	ERD	EASTERN RECEPTION DIAGNOSTIC & CORRECTION CENTER  	2005-03-05 14:50:58.890	2010-05-14 00:02:00.000	1
4600	KAN	EVA	EVANGELINE PARISH JAIL	2003-08-10 11:23:16.927	2010-05-14 00:02:00.000	1
3368	KAN	FC	FEDERAL CORRECTIONAL	2003-08-10 11:23:16.927		0
3369	KAN	FCC	FARMINGTON CORRECTIONAL CENTER	2003-08-10 11:23:16.927		0
3370	KAN	FCI	FOX LAKE CORRECTIONAL INSTITUTION	2003-08-10 11:23:16.927		0
4601	KAN	FDC	FEDERAL DETENTION CENTER	2003-08-10 11:23:16.927	2010-05-14 00:02:00.000	1
4602	KAN	FEL	EAST FELICIANA PARISH JAIL	2003-08-10 11:23:16.927	2010-05-14 00:02:00.000	1
3371	KAN	FRD	FULTON RECEPTION AND DIAGNOSTIC CENTER	2003-08-10 11:23:16.927		0
3372	KAN	FTH	FEDERAL CORRECTIONAL - TERRE HAUTE	2003-08-10 11:23:16.927		0
4603	KAN	FUL	FULTON FRDC                                       	2005-03-05 14:50:58.890	2010-05-14 00:02:00.000	1
3373	KAN	GCC	GALESBURG CORRECTIONAL CENTER	2003-08-10 11:23:16.927		0
3374	KAN	GFT	GRAFTON CORRECTIONAL INSTITUTION	2003-08-10 11:23:16.927		0
3375	KAN	GRA	GRAHAM CORRECTIONAL CENTER	2003-08-10 11:23:16.927		0
3376	KAN	GRE	GREEN BAY CORRECTIONAL INSTITUTION	2003-08-10 11:23:16.927		0
3377	KAN	GUS	GUS HARRISON FACILITY	2003-08-10 11:23:16.927		0
4604	KAN	HAN	HANCOCK COUNTY JAIL	2003-08-10 11:23:16.927	2010-05-14 00:02:00.000	1
4605	KAN	HAR	HARRISON COUNTY JAIL	2003-08-10 11:23:16.927	2010-05-14 00:02:00.000	1
3378	KAN	HAS	HASTINGS CORRECTIONAL CENTER	2003-08-10 11:23:16.927		0
3379	KAN	HCC	HILL CORRECTIONAL CENTER	2003-08-10 11:23:16.927		0
3380	KAN	HCF	HUTCHINSON CORRECTIONAL FACILITY	2003-08-10 11:23:16.927		0
3381	KAN	HCK	HOCKING CORRECTIONAL FACILITY	2003-08-10 11:23:16.927		0
3382	KAN	HCW	HUTCHINSON CORRECTIONAL WORK FACILITY	2003-08-10 11:23:16.927		0
3383	KAN	HIA	HIAWATHA TEMPORARY FACILITY	2003-08-10 11:23:16.927		0
4606	KAN	HUN	HUNT CORRECTIONAL FACILITY	2003-08-10 11:23:16.927	2010-05-14 00:02:00.000	1
3384	KAN	ICD	IOWA DEPARTMENT OF CORRECTIONS	2003-08-10 11:23:16.927		0
3385	KAN	ICW	IOWA CORRECTIONAL INSTITUTE FOR WOMEN	2003-08-10 11:23:16.927		0
3386	KAN	IDC	IOWA DEPARTMENT OF CORRECTIONS-WORK RELEASE CENTER	2003-08-10 11:23:16.927		0
3387	KAN	IMA	IOWA MEDICAL AND CLASSIFICATION CENTER	2003-08-10 11:23:16.927		0
3388	KAN	IMR	IOWA MEN'S REFORMATORY	2003-08-10 11:23:16.927		0
3389	KAN	IND	INDIANA STATE PRISON	2003-08-10 11:23:16.927		0
4607	KAN	INS	IMMIGRATION AND NATURALIZATION SERVICE	2003-08-10 11:23:16.927	2010-05-14 00:02:00.000	1
3390	KAN	ION	IONIA CORRECTIONAL FACILITY	2003-08-10 11:23:16.927		0
4608	KAN	IPD	IBERIA PARISH DETENTION CENTER	2003-08-10 11:23:16.927	2010-05-14 00:02:00.000	1
4609	KAN	IPJ	IBERIA PARISH JAIL	2003-08-10 11:23:16.927	2010-05-14 00:02:00.000	1
3391	KAN	IRC	ILLINOIS RIVER CORRECTIONAL INSTITUTION	2003-08-10 11:23:16.927		0
3392	KAN	ISF	INDIANA STATE FARM	2003-08-10 11:23:16.927		0
3393	KAN	ISP	INDIANA STATE PRISON	2003-08-10 11:23:16.927		0
3394	KAN	ISR	INDIANA STATE REFORMATORY	2003-08-10 11:23:16.927		0
3395	KAN	IWP	INDIANA WOMEN'S PRISON	2003-08-10 11:23:16.927		0
3396	KAN	IYC	INDIANA YOUTH CENTER	2003-08-10 11:23:16.927		0
3397	KAN	JAC	JACKSON STATE PRISON - CENTRAL	2003-08-10 11:23:16.927		0
3398	KAN	JAK	JACKSONVILLE CORRECTIONAL CENTER	2003-08-10 11:23:16.927		0
3399	KAN	JBC	C/O JOHN BENNET CORRECTIONAL FACILITY	2003-08-10 11:23:16.927		0
3400	KAN	JCC	JEFFERSON CITY CORRECTIONAL CENTER	2003-08-10 11:23:16.927		0
3401	KAN	JCF	JACKSON COTTON FACILITY	2003-08-10 11:23:16.927		0
3402	KAN	JCI	JACKSON CORRECTIONAL INSTITUTION	2003-08-10 11:23:16.927		0
3403	KAN	JOL	JOLIET CORRECTIONAL CENTER	2003-08-10 11:23:16.927		0
3404	KAN	KCC	KENOSHA CORRECTIONAL CENTER	2003-08-10 11:23:16.927		0
3405	KAN	KCF	KINROSS CORRECTIONAL FACILITY	2003-08-10 11:23:16.927		0
3406	KAN	KEN	KENT COUNTY CORRECTIONAL FACILITY	2003-08-10 11:23:16.927		0
3407	KAN	KMC	KETTLE MORAINE CORRECTIONAL INSTITUTION	2003-08-10 11:23:16.927		0
3408	KAN	KSC	KANSAS STATE CORRECTION INSTITUTION	2003-08-10 11:23:16.927		0
3409	KAN	KSI	KANSAS STATE INDUSTRIAL REFORMATORY	2003-08-10 11:23:16.927		0
4610	KAN	LAF	LAFAYETTE PARISH CORRECTIONAL CENTER	2003-08-10 11:23:16.927	2010-05-14 00:02:00.000	1
3410	KAN	LAK	METROPOLITAN CORRECTIONAL FACILITY/LINO LAKES	2003-08-10 11:23:16.927		0
3411	KAN	LAW	LAWRENCE CORRECTIONAL FACILITY                    	2005-03-05 14:50:58.890		0
3412	KAN	LCC	LINCOLN CORRECTIONAL CENTER	2003-08-10 11:23:16.927		0
3413	KAN	LCF	LANSING CORRECTIONAL FACILITY	2003-08-10 11:23:16.927		0
3414	KAN	LCI	LORAIN CORRECTIONAL INSTITUTION	2003-08-10 11:23:16.927		0
3415	KAN	LEB	LEBANON CORRECTIONAL INSTITUTE	2003-08-10 11:23:16.927		0
3416	KAN	LEV	UNITED STATES PENITENTIARY LEAVENWORTH	2003-08-10 11:23:16.927		0
3417	KAN	LEX	FEDERAL CORRECTIONAL INSTITUTION	2003-08-10 11:23:16.927		0
3418	KAN	LIM	LIMA CORRECTIONAL INSTITUTE	2003-08-10 11:23:16.927		0
3419	KAN	LIN	LINCOLN CORRECTIONAL CENTER	2003-08-10 11:23:16.927		0
3420	KAN	LKC	LAKESIDE CORRECTIONAL CENTER	2003-08-10 11:23:16.927		0
3421	KAN	LLC	LAKELAND CORRECTIONAL FACILITY	2003-08-10 11:23:16.927		0
3422	KAN	LOG	LOGAN CORRECTIONAL CENTER	2003-08-10 11:23:16.927		0
3423	KAN	LON	LONDON CORRECTIONAL INSTITUTE	2003-08-10 11:23:16.927		0
3424	KAN	MAD	MADISON CORRECTIONAL INSTITUTE	2003-08-10 11:23:16.927		0
3425	KAN	MAQ	MARQUETTE BRANCH PRISON	2003-08-10 11:23:16.927		0
3426	KAN	MAR	MARION CORRECTIONAL FACILITY	2003-08-10 11:23:16.927		0
3427	KAN	MCB	MACOMB REGIONAL FACILITY	2003-08-10 11:23:16.927		0
3428	KAN	MCC	MOBERLY CORRECTIONAL CENTER	2003-08-10 11:23:16.927		0
3429	KAN	MCF	MINNESOTA CORRECTIONAL FACILITY - STILLWATER	2003-08-10 11:23:16.927		0
3430	KAN	MDC	METROPOLITAN DETENTION CENTER	2003-08-10 11:23:16.927		0
3431	KAN	MEC	MISSOURI EASTERN CORRECTIONAL CENTER	2003-08-10 11:23:16.927		0
3432	KAN	MEN	MENARD	2003-08-10 11:23:16.927		0
4611	KAN	MER	MISSOURI EASTERN RECEPTION & DIAGNOSTIC CENTER    	2005-03-05 14:50:58.890	2010-05-14 00:02:00.000	1
3433	KAN	MFF	MINNESOTA CORRECTIONAL FACILITY - FARIBAULT	2003-08-10 11:23:16.927		0
4612	KAN	MIS	MISSISSIPPI STATE PENITENTIARY	2003-08-10 11:23:16.927	2010-05-14 00:02:00.000	1
3434	KAN	MLK	METROPOLITAN CORRECTIONAL FACILITY/MOOSE LAKE	2003-08-10 11:23:16.927		0
3435	KAN	MLL	MINNESOTA CORRECTIONAL FACILITY-LINO LAKES	2003-08-10 11:23:16.927		0
3436	KAN	MML	MINNESOTA CORRECTIONAL FACILITY - MOOSE LAKE	2003-08-10 11:23:16.927		0
3437	KAN	MNS	MANSFIELD CORRECTIONAL INSTITUTION	2003-08-10 11:23:16.927		0
3438	KAN	MON	MONTGOMERY EDUCATION AND PRE-RELEASE CENTER	2003-08-10 11:23:16.927		0
3439	KAN	MOP	MINNESOTA CORRECTIONAL FACILITY-OAK PARK HEIGHTS	2003-08-10 11:23:16.927		0
3440	KAN	MOU	MOUND REGIONAL FACILITY	2003-08-10 11:23:16.927		0
4613	KAN	MPD	MADISON PARISH DETENTION CENTER	2003-08-10 11:23:16.927	2010-05-14 00:02:00.000	1
3441	KAN	MPI	MOUNT PLEASANT CORRECTIONAL FACILITY	2003-08-10 11:23:16.927		0
3442	KAN	MRD	MENARD PSYCH CENTER	2003-08-10 11:23:16.927		0
3443	KAN	MRF	MOUND REGIONAL FACILITY	2003-08-10 11:23:16.927		0
3444	KAN	MSA	MINNESOTA CORRECTIONAL FACILITY - ST. CLOUD	2003-08-10 11:23:16.927		0
3445	KAN	MSP	STATE PRISON OF SOUTHERN MICHIGAN	2003-08-10 11:23:16.927		0
3446	KAN	MTA	MINNESOTA CORRECTIONAL FACILITY - SHAKOPEE	2003-08-10 11:23:16.927		0
3447	KAN	MTP	MT. PLEASANT CORRECTIONAL FACILITY	2003-08-10 11:23:16.927		0
3448	KAN	MTU	MICHIGAN TRAINING UNIT	2003-08-10 11:23:16.927		0
3449	KAN	MUS	MUSKEGON CORRECTIONAL FACILITY	2003-08-10 11:23:16.927		0
3450	KAN	NCC	NORTH CENTRAL CORRECTIONAL FACILITY	2003-08-10 11:23:16.927		0
3451	KAN	NCF	NORTON CORRECTIONAL FACILITY	2003-08-10 11:23:16.927		0
3452	KAN	NCI	NORTH CENTRAL CORRECTIONAL INSTITUTION	2003-08-10 11:23:16.927		0
3453	KAN	NCW	NEBRASKA CENTER FOR WOMEN	2003-08-10 11:23:16.927		0
3454	KAN	NDC	NEBRASKA DEPARTMENT OF CORRECTIONAL SERVICE	2003-08-10 11:23:16.927		0
3455	KAN	NDE	NEBRASKA DIAGNOSTIC & EVALUATION CENTER	2003-08-10 11:23:16.927		0
3456	KAN	NMC	NORTHEAST MISSOURI CORRECTIONAL CENTER	2003-08-10 11:23:16.927		0
3457	KAN	NOC	NOBLE CORRECTIONAL INSTITUTION	2003-08-10 11:23:16.927		0
3458	KAN	NSP	NEBRASKA STATE PENITENTIARY	2003-08-10 11:23:16.927		0
3459	KAN	NWL	NEW LIBSON CORRECTIONAL INSTITUTION               	2005-03-05 14:50:58.890		0
3460	KAN	OAK	OAKWOOD FORENSIC CENTER DEPT OF MENTAL HEALTH	2003-08-10 11:23:16.927		0
3461	KAN	OC	OMAHA CORRECTIONAL CENTER	2003-08-10 11:23:16.927		0
3462	KAN	OCC	OMAHA CORRECTIONAL CENTER	2003-08-10 11:23:16.927		0
3463	KAN	OCI	OAKHILL CORRECTIONAL INSTITUTION	2003-08-10 11:23:16.927		0
3464	KAN	OCJ	OUTAGAMIE COUNTY JAIL	2003-08-10 11:23:16.927		0
3465	KAN	OHS	OHIO STATE REFORMATORY	2003-08-10 11:23:16.927		0
3466	KAN	OHW	OHIO STATE REFORMATORY FOR WOMEN	2003-08-10 11:23:16.927		0
3467	KAN	OKS	OAKS MAXIMUM FACILITY	2003-08-10 11:23:16.927		0
3468	KAN	OMC	OMAHA CORRECTIONS CENTER	2003-08-10 11:23:16.927		0
3469	KAN	OPH	METROPOLITAN CORRECTION FACILITY/OAK PARK HEIGHTS	2003-08-10 11:23:16.927		0
4614	KAN	OPJ	OUACHITA PARISH JAIL	2003-08-10 11:23:16.927	2010-05-14 00:02:00.000	1
3470	KAN	ORE	OREGON CORRECTIONAL INSTITUTION	2003-08-10 11:23:16.927		0
3471	KAN	ORI	ORIENT CORRECTIONAL INSTITUTION	2003-08-10 11:23:16.927		0
4615	KAN	ORL	ORLEANS CRIMINAL CORRECTIONAL CENTER	2003-08-10 11:23:16.927	2010-05-14 00:02:00.000	1
3472	KAN	OSH	OSHKOSH CORRECTIONAL INSTITUTION	2003-08-10 11:23:16.927		0
3473	KAN	OSK	OSKOSH CORRECTIONAL FACILITY	2003-08-10 11:23:16.927		0
4616	KAN	OUT	RELEASED	2003-08-10 11:23:16.927	2010-05-14 00:02:00.000	0
3474	KAN	PCC	PONTIAC CORRECTIONAL CENTER - MICHIGAN	2003-08-10 11:23:16.927		0
3475	KAN	PCF	PRAIRIE CORRECTIONAL FACILITY	2003-08-10 11:23:16.927		0
4617	KAN	PCJ	POINT COUPEE JAIL	2003-08-10 11:23:16.927	2010-05-14 00:02:00.000	1
3476	KAN	PEN	PENDLETON STATE REFORMATORY	2003-08-10 11:23:16.927		0
4618	KAN	PER	 PEARL RIVER COUNTY JAIL	2003-08-10 11:23:16.927	2010-05-14 00:02:00.000	1
3477	KAN	PIC	PICKAWAY  CORRECTIONAL INSTITUTE	2003-08-10 11:23:16.927		0
3478	KAN	PIN	PINCKENYVILLE CORRECTIONAL CENTER	2003-08-10 11:23:16.927		0
3479	KAN	PON	PONTIAC CORRECTIONAL CENTER	2003-08-10 11:23:16.927		0
4619	KAN	PPC	PINE PRAIRIE CORRECTIONAL CENTER	2003-08-10 11:23:16.927	2010-05-14 00:02:00.000	1
3480	KAN	PUT	PUTNAMVILLE CORRECTIONAL FACILITY	2003-08-10 11:23:16.927		0
3481	KAN	RCF	RIVERSIDE CORRECTIONAL FACILITY	2003-08-10 11:23:16.927		0
3482	KAN	RCI	RACINE CORRECTIONAL INSTITUTION	2003-08-10 11:23:16.927		0
3483	KAN	RDC	RECEPTION DIAGNOSTIC CENTER	2003-08-10 11:23:16.927		0
3484	KAN	RED	REDGRANITE CORRECTIONAL INSTITUTION               	2005-03-05 14:50:58.890		0
4620	KAN	RIC	RICHWOOD CORRECTIONAL CENTER                      	2006-03-26 13:01:03.903	2010-05-14 00:02:00.000	1
3485	KAN	ROB	ROBINSON CORRECTIONAL CENTER	2003-08-10 11:23:16.927		0
3486	KAN	ROS	ROSS CORRECTIONAL INSTITUTE	2003-08-10 11:23:16.927		0
3487	KAN	RTC	ROCKVILLE TRAINING CENTER	2003-08-10 11:23:16.927		0
3488	KAN	RYN	RYAN REGIONAL CORRECTIONAL FACILITY	2003-08-10 11:23:16.927		0
3489	KAN	SAG	SAGINAW REGIONAL FACILITY	2003-08-10 11:23:16.927		0
3490	KAN	SAN	FED. CORR. INSTITUTION - MR. STEVE DALESSIO	2003-08-10 11:23:16.927		0
3491	KAN	SCI	STATE CORRECTIONAL INSTITUTION AT CAMP HILL	2003-08-10 11:23:16.927		0
3492	KAN	SCT	SCOTT CORRECTIONAL FACILITY	2003-08-10 11:23:16.927		0
3493	KAN	SDS	SOUTH DAKOTA STATE PENITENTIARY	2003-08-10 11:23:16.927		0
3494	KAN	SEA	SOUTHEASTERN CORRECTIONAL INSTITUTION	2003-08-10 11:23:16.927		0
3495	KAN	SEC	SECURITY MEDICAL FACILITY	2003-08-10 11:23:16.927		0
3496	KAN	SHA	SHAWNEE CORRECTIONAL CENTER	2003-08-10 11:23:16.927		0
3497	KAN	SHE	SHERIDAN CORRECTOINAL CENTER	2003-08-10 11:23:16.927		0
3498	KAN	SHP	METROPOLITAN CORRECTIONAL FACILITY/SHAKOPEE	2003-08-10 11:23:16.927		0
4621	KAN	SJB	ST. JOHN THE BAPTIST PARISH PRISON	2003-08-10 11:23:16.927	2010-05-14 00:02:00.000	1
4622	KAN	SLC	SOUTH LOUISIANA CORRECTIONAL	2003-08-10 11:23:16.927	2010-05-14 00:02:00.000	1
3499	KAN	SOL	SOUTHERN OHIO CORRECTIONAL FAC. "LUCASVILLE"	2003-08-10 11:23:16.927		0
3500	KAN	SOU	SOUTHEASTERN CORRECTIONAL FACILITY	2003-08-10 11:23:16.927		0
4623	KAN	SPC	SPECIAL HOUSING CASE                              	2005-03-05 14:50:58.890	2010-05-14 00:02:00.000	1
3501	KAN	SPR	ST. PETER REGIONAL TREATMENT CENTER               	2005-03-05 14:50:58.890		0
3502	KAN	SRW	STATE REFORMATORY FOR WOMEN	2003-08-10 11:23:16.927		0
3503	KAN	SSN	SPECIAL SERVICES STATE OF NEBRASKA	2003-08-10 11:23:16.927		0
3504	KAN	STA	STATEVILLE CORRECTIONAL CENTER	2003-08-10 11:23:16.927		0
3505	KAN	STC	METROPOLITAN CORRECTIONAL FACILITY/ST. CLOUD	2003-08-10 11:23:16.927		0
4624	KAN	STD	DHS/ICE                                           	2005-03-05 14:50:58.890	2010-05-14 00:02:00.000	1
3506	KAN	STL	STANLEY CORRECTIONAL INSTITUTION                  	2005-03-05 14:50:58.890		0
4625	KAN	STM	ST. MARTIN PARISH JAIL	2003-08-10 11:23:16.927	2010-05-14 00:02:00.000	1
4626	KAN	STT	ST. TAMMANY PARISH JAIL	2003-08-10 11:23:16.927	2010-05-14 00:02:00.000	1
3507	KAN	SWC	SOUTHWESTERN CORRECTIONAL CENTER	2003-08-10 11:23:16.927		0
3508	KAN	TAC	TACHEEDAH CORRECTIONAL INSTITUTION	2003-08-10 11:23:16.927		0
4627	KAN	TAN	TANGIPAHOA PARISH JAIL	2003-08-10 11:23:16.927	2010-05-14 00:02:00.000	1
3509	KAN	TAY	TAYCHEEDAH CORRECTIONAL INSTITUTION	2003-08-10 11:23:16.927		0
3510	KAN	TCC	TAYLORVILLE CORRECTIONAL CENTER	2003-08-10 11:23:16.927		0
3511	KAN	TCF	TOPEKA CORRECTIONAL FACILITY	2003-08-10 11:23:16.927		0
3512	KAN	TCI	TRUMBULL CORRECTIONAL INSTITUTION	2003-08-10 11:23:16.927		0
3513	KAN	THU	THUMB CORRECTIONAL FACILITY	2003-08-10 11:23:16.927		0
3514	KAN	TOP	RECEPTION & DIAGNOSTIC CENTER	2003-08-10 11:23:16.927		0
4628	KAN	TPD	TENSAS PARISH DETENTION CENTER                    	2005-03-05 14:50:58.890	2010-05-14 00:02:00.000	1
3515	KAN	TRU	TRUMBAL CORRECTIONAL INSTITUTION	2003-08-10 11:23:16.927		0
4629	KAN	UNK	UNKNOWN LOCALE OF DETENTION	2003-08-10 11:23:16.927	2010-05-14 00:02:00.000	1
3516	KAN	USP	UNITED STATES PENITENTARY	2003-08-10 11:23:16.927		0
3517	KAN	VAN	VANDALIA CORRECTIONAL CENTER	2003-08-10 11:23:16.927		0
4630	KAN	VCF	VERNON CORRECTIONAL FACILITY	2003-08-10 11:23:16.927	2010-05-14 00:02:00.000	1
4631	KAN	VER	VERMILLION PARISH JAIL	2003-08-10 11:23:16.927	2010-05-14 00:02:00.000	1
3518	KAN	VIE	VIENNA CORRECTIONAL CENTER	2003-08-10 11:23:16.927		0
3519	KAN	WAB	WABASH VALLEY CORRECTIONAL INSTITUTION	2003-08-10 11:23:16.927		0
4632	KAN	WAD	WADE CORRECTIONAL CENTER	2003-08-10 11:23:16.927	2010-05-14 00:02:00.000	1
3520	KAN	WAR	WARREN CORRECTIONAL INSTITUTION	2003-08-10 11:23:16.927		0
4633	KAN	WAS	WASHINGTON CORRECTIONAL INSTITUTE	2003-08-10 11:23:16.927	2010-05-14 00:02:00.000	1
3521	KAN	WAU	WAUPAN CORRECTIONAL INSTITUTION	2003-08-10 11:23:16.927		0
4634	KAN	WBR	WEST BATON ROUGE DETENTION CENTER	2003-08-10 11:23:16.927	2010-05-14 00:02:00.000	1
3522	KAN	WCC	WISCONSIN CORRECTIONAL CENTER SYSTEM	2003-08-10 11:23:16.927		0
3523	KAN	WCJ	WALWORTH COUNTY JAIL	2003-08-10 11:23:16.927		0
4635	KAN	WCO	WEST CARROLL PARISH JAIL	2003-08-10 11:23:16.927	2010-05-14 00:02:00.000	1
4636	KAN	WEB	WEBSTER PARISH JAIL	2003-08-10 11:23:16.927	2010-05-14 00:02:00.000	1
3524	KAN	WER	WOMENS' EASTERN RECEPTION & DIAGNOSTIC CENTER	2003-08-10 11:23:16.927		0
3525	KAN	WES	WESTVILLE CORRECTIONAL CENTER	2003-08-10 11:23:16.927		0
3526	KAN	WHC	WARDEN HILL CORRECTIONAL CENTER	2003-08-10 11:23:16.927		0
3527	KAN	WIC	WESTERN ILLINOIS CORRECTIONAL CENTER	2003-08-10 11:23:16.927		0
3528	KAN	WIN	WINFIELD CORRECTIONAL FACILITY	2003-08-10 11:23:16.927		0
3529	KAN	WIS	WISCONSIN PRISON SYS.	2003-08-10 11:23:16.927		0
3530	KAN	WM1	WESTERN MISSOURI CORECTIONAL CENTER	2003-08-10 11:23:16.927		0
3531	KAN	WMC	WESTERN MISSOURI CORRECTIONAL CENTER	2003-08-10 11:23:16.927		0
4637	KAN	WNN	WINN CORRECTIONAL CENTER	2003-08-10 11:23:16.927	2010-05-14 00:02:00.000	1
3532	KAN	WRC	WISCONSIN RESOURCE CENTER	2003-08-10 11:23:16.927		0
4638	KAN	YRK	YORK COUNTY PRISON	2003-08-10 11:23:16.927	2010-05-14 00:02:00.000	0
761	KRO	APA	APALACHEE C.I.	2003-08-10 11:23:16.927		0
762	KRO	APE	ACI EAST	2003-08-10 11:23:16.927		1
763	KRO	APW	ACI WEST	2003-08-10 11:23:16.927		1
764	KRO	AVO	AVON PARK C.I.	2003-08-10 11:23:16.927		0
765	KRO	BAK	BAKER C.I.	2003-08-10 11:23:16.927		0
766	KRO	BEL	BELLE GLADE	2003-08-10 11:23:16.927		1
767	KRO	BER	BERRYDADE F.C.	2003-08-10 11:23:16.927		1
768	KRO	BRE	BREVARD CORRECTIONAL INSTITUTION	2003-08-10 11:23:16.927		1
769	KRO	BRO	BROWARD C.I.	2003-08-10 11:23:16.927		0
770	KRO	CAL	CALHOUN C.I.	2003-08-10 11:23:16.927		0
771	KRO	CAR	CARYVILLE W.C.	2003-08-10 11:23:16.927		1
772	KRO	CEN	CENTURY CORRECTIONAL INSTITUTION	2003-08-10 11:23:16.927		1
773	KRO	CFR	CENTRAL FLORIDA RECEPTION	2003-08-10 11:23:16.927		1
774	KRO	CHA	CHARLOTTE C.I.	2003-08-10 11:23:16.927		0
775	KRO	COL	COLUMBIA CORRECTIONAL INSTUTITION	2003-08-10 11:23:16.927		0
776	KRO	COR	CORRECTIONS MENTAL HEALTH	2003-08-10 11:23:16.927		1
777	KRO	CRO	CROSS CITY C.I.	2003-08-10 11:23:16.927		0
778	KRO	DAD	DADE C.I.	2003-08-10 11:23:16.927		0
779	KRO	DES	DESOTO C.I.	2003-08-10 11:23:16.927		0
780	KRO	FLO	FLORIDA C.I.	2003-08-10 11:23:16.927		0
781	KRO	FSP	FLORIDA STATE PRISON C.I.	2003-08-10 11:23:16.927		0
782	KRO	GUL	GULF CORRECTIONAL INSTITUTION	2003-08-10 11:23:16.927		1
783	KRO	GWC	GAINESVILLE WORK CAMP	2003-08-10 11:23:16.927		0
784	KRO	HAM	HAMILTON C.I.	2003-08-10 11:23:16.927		0
785	KRO	HAR	HARDEE CORRECTIONAL INSTITUTION	2003-08-10 11:23:16.927		1
786	KRO	HEN	HENDRY C.I.	2003-08-10 11:23:16.927		0
787	KRO	HIL	HOLLISBOROUGH C.I.	2003-08-10 11:23:16.927		1
788	KRO	HOL	HOLMES C.I.	2003-08-10 11:23:16.927		0
789	KRO	IND	INDIAN RIVER C.I.	2003-08-10 11:23:16.927		0
790	KRO	JAC	JACKSON CORRECTIONAL INSTITUTE	2003-08-10 11:23:16.927		1
791	KRO	JEF	JACKSON CORRECTIONAL INSTITUTION	2003-08-10 11:23:16.927		1
792	KRO	LAK	LAKE C.I.	2003-08-10 11:23:16.927		0
793	KRO	LAN	LANTANA C.I.	2003-08-10 11:23:16.927		0
794	KRO	LAS	LANCASTER C.I.	2003-08-10 11:23:16.927		0
795	KRO	LAW	LAWTEY C.I.	2003-08-10 11:23:16.927		0
796	KRO	LIB	LIBERTY C.I.	2003-08-10 11:23:16.927		0
797	KRO	LOX	LOXAHATECHEE	2003-08-10 11:23:16.927		0
798	KRO	MAC	MARIANNA CCC	2003-08-10 11:23:16.927		1
799	KRO	MAD	MADISIN C.T.	2003-08-10 11:23:16.927		1
800	KRO	MAN	MARION C.I.	2003-08-10 11:23:16.927		0
801	KRO	MAR	MARTIN C.I.	2003-08-10 11:23:16.927		0
802	KRO	MAW	MARIANNA W.C.	2003-08-10 11:23:16.927		1
803	KRO	MAY	MAYO C.I.	2003-08-10 11:23:16.927		0
804	KRO	MHI	MARKION C. T.	2003-08-10 11:23:16.927		1
805	KRO	MNC	MENTAL HEALTH INSTITUTE	2003-08-10 11:23:16.927		1
806	KRO	NEW	NEW RIVER WEST C.I.	2003-08-10 11:23:16.927		1
807	KRO	OKA	OKALOOSA C.I.	2003-08-10 11:23:16.927		0
808	KRO	PAN	PANAMA CITY CCC	2003-08-10 11:23:16.927		1
809	KRO	PAR	PARK HOUSE	2003-08-10 11:23:16.927		1
810	KRO	PEN	PENSACOLA CCC	2003-08-10 11:23:16.927		1
811	KRO	POL	POLK C.I.	2003-08-10 11:23:16.927		0
812	KRO	PUT	PUTNAM C.I.	2003-08-10 11:23:16.927		0
813	KRO	QUI	QUINCY CORRECTIONAL INSTITUTION	2003-08-10 11:23:16.927		0
814	KRO	REC	RECEPTION AND MEDICAL CENTER	2003-08-10 11:23:16.927		0
815	KRO	RIV	RIVER JUNCTION C.I.	2003-08-10 11:23:16.927		0
816	KRO	SFR	SFRC-C.I.	2003-08-10 11:23:16.927		1
817	KRO	SUM	SUMTER C.I.	2003-08-10 11:23:16.927		0
818	KRO	TAL	TALAHASSEE R. P.	2003-08-10 11:23:16.927		1
2449	KRO	TGK	INS DEPORTATION OFFICER (LETICIA HENFLING)        	2005-03-05 14:50:58.890		1
819	KRO	TOM	TOMOKA C.I.	2003-08-10 11:23:16.927		0
820	KRO	UNI	UNION C.I.	2003-08-10 11:23:16.927		0
821	KRO	WAL	WALTON CORRECTIONAL INSTITUTE	2003-08-10 11:23:16.927		1
822	KRO	ZEP	ZEPHYRHILLS C.I.	2003-08-10 11:23:16.927		0
823	LAN	LOM	LOMPOC-IHP FACILITY	2003-08-10 11:23:16.927		1
824	LAN	LOP	UNITED STATES PENITENTIARY-LOMPOC	2003-08-10 11:23:16.927		1
825	LOS	LOM	LOMPOC-IHP FACILITY	2003-08-10 11:23:16.927		1
826	LOS	LOP	UNITED STATES PENITENTIARY-LOMPOC	2003-08-10 11:23:16.927		1
4343	LOS	TIP	TERMINAL ISLAND FEDRAL CORRECTIONAL INSTITUTION	2003-08-10 11:23:16.927	2009-05-30 00:02:00.000	1
2450	LVG	ACW	ARIZONA STATE PRISON - ARIZONA CENTER FOR WOMEN   	2005-03-05 14:50:58.890		1
2451	LVG	ALH	ARIZONA STATE PRISON - ALHAMBRA UNIT              	2005-03-05 14:50:58.890		1
2452	LVG	APU	ARIZONA STATE PRISON - APACHE UNIT                	2005-03-05 14:50:58.890		1
2453	LVG	CB6	ARIZONA STATE PRISON - CB6                        	2005-03-05 14:50:58.890		1
2454	LVG	CCA	CENTRAL DETENTION CORRECTION ASSOCIATION          	2005-03-05 14:50:58.890		1
2455	LVG	CCC	CARLIN CONSERVATION CAMP; ATTN:  AWP/FAC. MGR.    	2005-03-05 14:50:58.890		1
2456	LVG	CDN	ARIZONA STATE PRISON - COMPLEX DETENTION          	2005-03-05 14:50:58.890		1
2457	LVG	CDU	ARIZONA STATE PRISON - COMPLEX DETENTION          	2005-03-05 14:50:58.890		1
2458	LVG	CIM	ARIZONA STATE PRISON - CIMARRON UNIT              	2005-03-05 14:50:58.890		1
2459	LVG	COK	ARIZONA STATE PRISON - COOK UNIT                  	2005-03-05 14:50:58.890		1
2460	LVG	CU 	ARIZONA STATE PRISON - CENTRAL UNIT               	2005-03-05 14:50:58.890		1
2461	LVG	ECC	ELY CONSERVATION CAMP; ATTN:  AWP/FAC. MGR.       	2005-03-05 14:50:58.890		1
2462	LVG	ECH	ARIZONA STATE PRISON - ECHO UNIT                  	2005-03-05 14:50:58.890		1
2463	LVG	ESP	ELY STATE PRISON; ATTN:  AWP/FAC. MGR.            	2005-03-05 14:50:58.890		1
2464	LVG	EU 	ARIZONA STATE PRISON - EAST UNIT                  	2005-03-05 14:50:58.890		1
2465	LVG	FLW	ASPC FLORENCE WEST                                	2005-03-05 14:50:58.890		1
2466	LVG	HCC	HUMBOLDT CONSERVATION CAMP; ATTN:  AWP/FAC. MGR.  	2005-03-05 14:50:58.890		1
827	LVG	HDS	HIGH DESERT STATE PRISON	2003-08-10 11:23:16.927		1
828	LVG	ICC	INDIAN SPRINGS CONSERVATION CAMP	2003-08-10 11:23:16.927		1
829	LVG	JCC	JEAN CONSERVATION CAMP	2003-08-10 11:23:16.927		1
830	LVG	JWC	JEAN WOMEN'S CONSERVATION CAMP	2003-08-10 11:23:16.927		1
2467	LVG	LCC	LOVELOCK CORRECTIONAL CENTER; ATTN:  AWP/FAC. MGR.	2005-03-05 14:50:58.890		1
2468	LVG	LUM	ARIZONA STATE PRISON-LUMLEY                       	2005-03-05 14:50:58.890		1
2469	LVG	MAN	ARIZONA STATE PRISON - MANZANITA UNIT             	2005-03-05 14:50:58.890		1
2470	LVG	MAR	MARANA COMMUNITY CORRECTIONAL TREATMENT CENTER    	2005-03-05 14:50:58.890		1
2471	LVG	MEA	ARIZONA STATE PRISON - MEADOWS UNIT               	2005-03-05 14:50:58.890		1
2472	LVG	NNC	NORTHERN NEV. CRTNL CENTER; ATTN:  AWP/FAC. MGR.  	2005-03-05 14:50:58.890		1
2473	LVG	NO1	ARIZONA STATE PRISON - NORTH UNIT 1               	2005-03-05 14:50:58.890		1
2474	LVG	NO2	ARIZONA STATE PRISON - NORTH UNIT 2               	2005-03-05 14:50:58.890		1
2475	LVG	NSP	NEVADA STATE PRISON; ATTN:  AWP/FAC. MGR.         	2005-03-05 14:50:58.890		1
2476	LVG	PCC	PIOCHE CONSERVATION CAMP;  ATTN:  AWP/FAC. MGR.   	2005-03-05 14:50:58.890		1
2477	LVG	PHW	ARIZONA STATE PRISON - C/O LAURA LEIST            	2005-03-05 14:50:58.890		1
2478	LVG	PIC	ARIZONA STATE PRISON - PICACHO WORK CENTER        	2005-03-05 14:50:58.890		1
2479	LVG	RIN	ARIZONA STATE PRISON - RINCON UNIT                	2005-03-05 14:50:58.890		1
2480	LVG	RYN	ARIZONA STATE PRISON - RYNNING UNIT               	2005-03-05 14:50:58.890		1
2481	LVG	SC 	ARIZONA STATE PRISON - SANTA CRUZ UNIT            	2005-03-05 14:50:58.890		1
2482	LVG	SCC	STEWART CONSERVATION CAMP; ATTN:  AWP/FAC. MGR.   	2005-03-05 14:50:58.890		1
2483	LVG	SDC	SOUTHERN DESERT CRTNL CNTR.; ATTN:  AWP/FAC. MGR. 	2005-03-05 14:50:58.890		1
2484	LVG	SJ 	ARIZONA STATE PRISON - SAN JUAN UNIT              	2005-03-05 14:50:58.890		1
2485	LVG	SMF	ARIZONA STATE PRISON - SANTA MARIA UNIT           	2005-03-05 14:50:58.890		1
2486	LVG	SMU	ARIZONA STATE PRISON - SPECIAL MANAGEMENT UNIT 1  	2005-03-05 14:50:58.890		1
2487	LVG	SNC	SOUTHERN NEV. CRCTNL CENTER; ATTN:  AWP/FAC. MGR. 	2005-03-05 14:50:58.890		1
2488	LVG	SNR	ARIZONA STATE PRISON - SANTA RITA UNIT            	2005-03-05 14:50:58.890		1
831	LVG	SNW	SO.NEVADA WOMEN'S CORRECTIONAL FACILITY (SNWCF)	2003-08-10 11:23:16.927		1
2489	LVG	SP 	ARIZONA STATE PRISON - SAN PEDRO UNIT             	2005-03-05 14:50:58.890		1
2490	LVG	SPU	ARIZONA STATE PRISON - SPECIAL PROGRAM UNIT       	2005-03-05 14:50:58.890		1
2491	LVG	SRC	SOUTHERN NEV. REST. CENTER; ATTN:  AWP/FAC. MGR.  	2005-03-05 14:50:58.890		1
2492	LVG	SSC	SILVER SPGS CONSERVATION CAMP; ATTN:  AWP/FAC. MGR	2005-03-05 14:50:58.890		1
2493	LVG	SU 	ARIZONA STATE PRISON - SOUTH UNIT                 	2005-03-05 14:50:58.890		1
2494	LVG	SUM	ARIZONA STATE PRISON - SPECIAL MANAGEMENT UNIT 2  	2005-03-05 14:50:58.890		1
2495	LVG	TCC	TONOPAH CONSERVATION CAMP; ATTN:  AWP/FAC. MGR.   	2005-03-05 14:50:58.890		1
2496	LVG	WCC	WELLS CONSERVATION CAMP; ATTN:  AWP/FAC. MGR.     	2005-03-05 14:50:58.890		1
2497	LVG	WIN	ARIZONA STATE PRISON - WINCHESTER UNIT            	2005-03-05 14:50:58.890		1
2498	LVG	WSC	NEV MEN'S CRCTNL CTR, ATTN; AWP/FAC. MGR          	2005-03-05 14:50:58.890		1
2499	MEM	.LC	ST. LOUIS CORRECTIONAL FACILITY                   	2005-03-05 14:50:58.890		1
2500	MEM	ADR	ADRIAN TEMPORARY FACILITY                         	2005-03-05 14:50:58.890		1
2501	MEM	AIR	BIG SPRING CORRECTIONAL CENTER  #2                	2005-03-05 14:50:58.890		1
2502	MEM	ALL	ALLEN CORRECTIONAL INSTITUTION                    	2005-03-05 14:50:58.890		1
2503	MEM	BAR	BARAGA MAX. FACILITY                              	2005-03-05 14:50:58.890		1
2504	MEM	BCC	BELLAMY CREEK CORRECTIONAL FACILITY               	2005-03-05 14:50:58.890		1
2505	MEM	BCI	BELMONT CORRECTIONAL INSTITUTION                  	2005-03-05 14:50:58.890		1
2506	MEM	BIG	BIG SPRINGS FEDERAL CORRECTIONAL INSTITUTE        	2005-03-05 14:50:58.890		1
2507	MEM	BMC	BIG MUDDY CORRECTIONAL CENTER                     	2005-03-05 14:50:58.890		1
2508	MEM	BRC	BOYER ROAD CORRECTIONAL FACILITY                  	2005-03-05 14:50:58.890		1
2509	MEM	BRO	BROOKS REGIONAL FACILITY                          	2005-03-05 14:50:58.890		1
2510	MEM	BTC	BRANCHVILLE TRAINING CENTER                       	2005-03-05 14:50:58.890		1
2511	MEM	CAR	CARSON CITY CORRECTIONAL FACILITY                 	2005-03-05 14:50:58.890		1
2512	MEM	CCC	CIBOLA COUNTY CORRECTIONAL CENTER                 	2005-03-05 14:50:58.890		1
2513	MEM	CCF	COTTON CORRECTIONAL FACILITY                      	2005-03-05 14:50:58.890		1
2514	MEM	CEF	CHARLES EGELER CORRECTIONAL FACILITY              	2005-03-05 14:50:58.890		1
2515	MEM	CEN	CENTRALIA CORRECTIONAL CENTER                     	2005-03-05 14:50:58.890		1
2516	MEM	CHI	CHILLICOTHE  CORRECTIONAL INSTITUTE               	2005-03-05 14:50:58.890		1
2517	MEM	CIC	CORRECTIONAL INDUSTRIAL COMPLEX                   	2005-03-05 14:50:58.890		1
2518	MEM	CLA	CLARINDA CORRECTIONAL FACILITY                    	2005-03-05 14:50:58.890		1
2519	MEM	CMC	CORRECTIONS MEDICAL CENTER                        	2005-03-05 14:50:58.890		1
2520	MEM	CNM	CENTRAL NEW MEXICO CORRECTIONAL FACILITY          	2005-03-05 14:50:58.890		1
2521	MEM	COL	COLUMBIA CORRECTIONAL INSTITUTION                 	2005-03-05 14:50:58.890		1
2522	MEM	COR	CORRECTIONAL RECEPTION CENTER                     	2005-03-05 14:50:58.890		1
2523	MEM	COT	G. ROBERT COTTON FACILITY                         	2005-03-05 14:50:58.890		1
2524	MEM	CPO	CAMP OJIBWAY                                      	2005-03-05 14:50:58.890		1
2525	MEM	CTC	CHIPPEWA TEMPOARY CORRECTIONAL FACILITY           	2005-03-05 14:50:58.890		1
2526	MEM	DAN	DANVILLE CORRECTIONAL CENTER                      	2005-03-05 14:50:58.890		1
2527	MEM	DCI	DAYTON CORRECTIONAL INSTITUTE                     	2005-03-05 14:50:58.890		1
2528	MEM	DCS	DEPARTMENT OF CORRECTIONAL SERVICES               	2005-03-05 14:50:58.890		1
2529	MEM	DFI	DEERFIELD CORRECTIONAL FACILITY                   	2005-03-05 14:50:58.890		1
2530	MEM	DIS	DIVISION OF INTENSIVE SANCTIONS                   	2005-03-05 14:50:58.890		1
2531	MEM	DIX	DIXON CORRECTIONAL CENTER                         	2005-03-05 14:50:58.890		1
2532	MEM	DOD	DODGE CORRECTIONAL                                	2005-03-05 14:50:58.890		1
2533	MEM	DUN	DUNES CORRECTIONAL FACILITY                       	2005-03-05 14:50:58.890		1
2534	MEM	DWI	DWIGHT CORRECTIONAL CENTER                        	2005-03-05 14:50:58.890		1
2535	MEM	EAS	EAST MOLINE CORRECTIONAL CENTER                   	2005-03-05 14:50:58.890		1
2536	MEM	ECF	ELLSWORTH CORRECTIONAL FACILITY                   	2005-03-05 14:50:58.890		1
2537	MEM	EGC	EGELER CORRECTIONAL FACILITY                      	2005-03-05 14:50:58.890		1
2538	MEM	ELD	EL DORADO CORRECTIONAL FACILITY                   	2005-03-05 14:50:58.890		1
2539	MEM	ELL	ELLSWORTH CORRECTIONAL FACILITY                   	2005-03-05 14:50:58.890		1
2540	MEM	ENG	ENGLER CORRECTIONAL FACILITY                      	2005-03-05 14:50:58.890		1
2541	MEM	FCI	FOX LAKE CORRECTIONAL INSTITUTION                 	2005-03-05 14:50:58.890		1
2542	MEM	FLT	BIG SPRING CORRECTIONAL CENTER                    	2005-03-05 14:50:58.890		1
2543	MEM	FPR	FRANKLIN PRE RELEASE CENTER                       	2005-03-05 14:50:58.890		1
2544	MEM	GCC	GALESBURG CORRECTIONAL CENTER                     	2005-03-05 14:50:58.890		1
2545	MEM	GFT	GRAFTON CORRECTIONAL INSTITUTION                  	2005-03-05 14:50:58.890		1
2546	MEM	GPE	GUADALUPE COUNTY CORRECTIONAL FACILITY            	2005-03-05 14:50:58.890		1
2547	MEM	GRA	GRAHAM CORRECTIONAL CENTER                        	2005-03-05 14:50:58.890		1
2548	MEM	GRE	GREEN BAY CORRECTIONAL INSTITUTION                	2005-03-05 14:50:58.890		1
2549	MEM	GUS	GUS HARRISON FACILITY                             	2005-03-05 14:50:58.890		1
2550	MEM	HAN	HANDLON CORRECTIONAL FACILITY                     	2005-03-05 14:50:58.890		1
2551	MEM	HAS	HASTINGS CORRECTIONAL CENTER                      	2005-03-05 14:50:58.890		1
2552	MEM	HC 	HARRSION CORRECTIONAL FACILITY                    	2005-03-05 14:50:58.890		1
2553	MEM	HCC	HILL CORRECTIONAL CENTER                          	2005-03-05 14:50:58.890		1
2554	MEM	HCF	HUTCHINSON CORRECTIONAL FACILITY                  	2005-03-05 14:50:58.890		1
2555	MEM	HCK	HOCKING CORRECTIONAL FACILITY                     	2005-03-05 14:50:58.890		1
2556	MEM	HCW	HUTCHINSON CORRECTIONAL WORK FACILITY             	2005-03-05 14:50:58.890		1
2557	MEM	HIA	HIAWATHA TEMPORARY FACILITY                       	2005-03-05 14:50:58.890		1
2558	MEM	IAP	IOWA STATE PENITENTARY                            	2005-03-05 14:50:58.890		1
2559	MEM	ICD	IOWA DEPARTMENT OF CORRECTIONS                    	2005-03-05 14:50:58.890		1
2560	MEM	ICW	IOWA CORRECTIONAL INSTITUTE FOR WOMEN             	2005-03-05 14:50:58.890		1
2561	MEM	IDC	IOWA DEPARTMENT OF CORRECTIONS-WORK RELEASE CENTER	2005-03-05 14:50:58.890		1
2562	MEM	IMA	IOWA MEDICAL AND CLASSIFICATION CENTER            	2005-03-05 14:50:58.890		1
2563	MEM	IMR	IOWA MEN'S REFORMATORY                            	2005-03-05 14:50:58.890		1
2564	MEM	IND	INDIANA STATE PRISON                              	2005-03-05 14:50:58.890		1
2565	MEM	INT	INTERSTATE UNIT                                   	2005-03-05 14:50:58.890		1
2566	MEM	ION	IONIA CORRECTIONAL FACILITY                       	2005-03-05 14:50:58.890		1
2567	MEM	IRC	ILLINOIS RIVER CORRECTIONAL INSTITUTION           	2005-03-05 14:50:58.890		1
2568	MEM	ISF	INDIANA STATE FARM                                	2005-03-05 14:50:58.890		1
2569	MEM	ISP	INDIANA STATE PRISON                              	2005-03-05 14:50:58.890		1
2570	MEM	ISR	INDIANA STATE REFORMATORY                         	2005-03-05 14:50:58.890		1
2571	MEM	IWP	INDIANA WOMEN'S PRISON                            	2005-03-05 14:50:58.890		1
2572	MEM	IYC	INDIANA YOUTH CENTER                              	2005-03-05 14:50:58.890		1
2573	MEM	JAC	JACKSON STATE PRISON - CENTRAL                    	2005-03-05 14:50:58.890		1
2574	MEM	JAK	JACKSONVILLE CORRECTIONAL CENTER                  	2005-03-05 14:50:58.890		1
2575	MEM	JCF	JACKSON COTTON FACILITY                           	2005-03-05 14:50:58.890		1
2576	MEM	JCI	JACKSON CORRECTIONAL INSTITUTION                  	2005-03-05 14:50:58.890		1
2577	MEM	JOL	JOLIET CORRECTIONAL CENTER                        	2005-03-05 14:50:58.890		1
2578	MEM	KCC	KENOSHA CORRECTIONAL CENTER                       	2005-03-05 14:50:58.890		1
2579	MEM	KCF	KINROSS CORRECTIONAL FACILITY                     	2005-03-05 14:50:58.890		1
2580	MEM	KEN	KENT COUNTY CORRECTIONAL FACILITY                 	2005-03-05 14:50:58.890		1
2581	MEM	KMC	KETTLE MORAINE CORRECTIONAL INSTITUTION           	2005-03-05 14:50:58.890		1
2582	MEM	KSC	KANSAS STATE CORRECTION INSTITUTION               	2005-03-05 14:50:58.890		1
2583	MEM	KSI	KANSAS STATE INDUSTRIAL REFORMATORY               	2005-03-05 14:50:58.890		1
2584	MEM	LAK	METROPOLITAN CORRECTIONAL FACILITY/LINO LAKES     	2005-03-05 14:50:58.890		1
2585	MEM	LAT	LA TUNA FEDERAL CORRECTIONAL INSTITUTE            	2005-03-05 14:50:58.890		1
2586	MEM	LCC	LINCOLN CORRECTIONAL CENTER                       	2005-03-05 14:50:58.890		1
2587	MEM	LCF	LANSING CORRECTIONAL FACILITY                     	2005-03-05 14:50:58.890		1
2588	MEM	LCI	LORAIN CORRECTIONAL INSTITUTION                   	2005-03-05 14:50:58.890		1
2589	MEM	LEA	LEA COUNTY CORRECTIONAL FACILITY                  	2005-03-05 14:50:58.890		1
2590	MEM	LEB	LEBANON CORRECTIONAL INSTITUTE                    	2005-03-05 14:50:58.890		1
2591	MEM	LEC	LAKE ERIE CORRECTIONAL INSTITUTION                	2005-03-05 14:50:58.890		1
2592	MEM	LEV	UNITED STATES PENITENTIARY LEAVENWORTH            	2005-03-05 14:50:58.890		1
2593	MEM	LEX	LEXINGTON RECEPTION AND ASSESSMENT CENTER  ODOC   	2005-03-05 14:50:58.890		1
2594	MEM	LIM	LIMA CORRECTIONAL INSTITUTE                       	2005-03-05 14:50:58.890		1
2595	MEM	LIN	LINCOLN CORRECTIONAL CENTER                       	2005-03-05 14:50:58.890		1
2596	MEM	LLC	LAKELAND CORRECTIONAL FACILITY                    	2005-03-05 14:50:58.890		1
2597	MEM	LOG	LOGAN CORRECTIONAL CENTER                         	2005-03-05 14:50:58.890		1
2598	MEM	LON	LONDON CORRECTIONAL INSTITUTE                     	2005-03-05 14:50:58.890		1
2599	MEM	MAD	MADISON CORRECTIONAL INSTITUTE                    	2005-03-05 14:50:58.890		1
2600	MEM	MAQ	MARQUETTE BRANCH PRISON                           	2005-03-05 14:50:58.890		1
2601	MEM	MAR	MARION CORRECTIONAL FACILITY                      	2005-03-05 14:50:58.890		1
2602	MEM	MCB	MACOMB REGIONAL FACILITY                          	2005-03-05 14:50:58.890		1
2603	MEM	MCF	MINNESOTA CORRECTIONAL FACILITY - STILLWATER      	2005-03-05 14:50:58.890		1
2604	MEM	MDC	METROPOLITAN DETENTION CENTER                     	2005-03-05 14:50:58.890		1
2605	MEM	MEN	MENARD                                            	2005-03-05 14:50:58.890		1
2606	MEM	MFF	MINNESOTA CORRECTIONAL FACILITY - FARIBAULT       	2005-03-05 14:50:58.890		1
2607	MEM	MLK	METROPOLITAN CORRECTIONAL FACILITY/MOOSE LAKE     	2005-03-05 14:50:58.890		1
2608	MEM	MLL	MINNESOTA CORRECTIONAL FACILITY-LINO LAKES        	2005-03-05 14:50:58.890		1
2609	MEM	MNS	MANSFIELD CORRECTIONAL INSTITUTION                	2005-03-05 14:50:58.890		1
2610	MEM	MON	MONTGOMERY EDUCATION AND PRE-RELEASE CENTER       	2005-03-05 14:50:58.890		1
2611	MEM	MOP	MINNESOTA CORRECTIONAL FACILITY-OAK PARK HEIGHTS  	2005-03-05 14:50:58.890		1
2612	MEM	MOU	MOUND REGIONAL FACILITY                           	2005-03-05 14:50:58.890		1
2613	MEM	MPI	MOUNT PLEASANT CORRECTIONAL FACILITY              	2005-03-05 14:50:58.890		1
2614	MEM	MR 	MICHIGAN REFORMATORY                              	2005-03-05 14:50:58.890		1
2615	MEM	MRD	MENARD PSYCH CENTER                               	2005-03-05 14:50:58.890		1
2616	MEM	MRF	MOUND REGIONAL FACILITY                           	2005-03-05 14:50:58.890		1
2617	MEM	MSA	MINNESOTA CORRECTIONAL FACILITY                   	2005-03-05 14:50:58.890		1
2618	MEM	MSP	STATE PRISON OF SOUTHERN MICHIGAN                 	2005-03-05 14:50:58.890		1
2619	MEM	MTA	MINNESOTA CORRECTIONAL FACILITY - SHAKOPEE        	2005-03-05 14:50:58.890		1
2620	MEM	MTP	MT. PLEASANT CORRECTIONAL FACILITY                	2005-03-05 14:50:58.890		1
2621	MEM	MTU	MICHIGAN TRAINING UNIT                            	2005-03-05 14:50:58.890		1
2622	MEM	MUS	MUSKEGON CORRECTIONAL FACILITY                    	2005-03-05 14:50:58.890		1
2623	MEM	NCC	NORTH CENTRAL CORRECTIONAL FACILITY               	2005-03-05 14:50:58.890		1
2624	MEM	NCF	NORTON CORRECTIONAL FACILITY                      	2005-03-05 14:50:58.890		1
2625	MEM	NCS	NORTH COAST CORRECTIONAL FACILITY                 	2005-03-05 14:50:58.890		1
2626	MEM	NCW	NEBRASKA CENTER FOR WOMEN                         	2005-03-05 14:50:58.890		1
2627	MEM	NDC	NEBRASKA DEPARTMENT OF CORRECTIONAL SERVICE       	2005-03-05 14:50:58.890		1
2628	MEM	NDE	NEBRASKA DIAGNOSTIC & EVALUATION CENTER           	2005-03-05 14:50:58.890		1
2629	MEM	NEW	NEWBERRY CORRECTIONAL FACILITY                    	2005-03-05 14:50:58.890		1
2630	MEM	NIC	NOBLE CORRECTIONAL INSTITUTION/15708 ST.ROUTE 78  	2005-03-05 14:50:58.890		1
2631	MEM	NMX	SOUTHERN NEW MEXICO CORRECTIONAL FACILITY         	2005-03-05 14:50:58.890		1
2632	MEM	NSP	NEBRASKA STATE PENITENTIARY                       	2005-03-05 14:50:58.890		1
2633	MEM	OAK	OAKWOOD FORENSIC CENTER DEPT OF MENTAL HEALTH     	2005-03-05 14:50:58.890		1
2634	MEM	OCC	OMAHA CORRECTIONAL CENTER                         	2005-03-05 14:50:58.890		1
2635	MEM	OCI	OAKHILL CORRECTIONAL INSTITUTION                  	2005-03-05 14:50:58.890		1
2636	MEM	OCJ	OUTAGAMIE COUNTY JAIL                             	2005-03-05 14:50:58.890		1
2637	MEM	OHO	C/O CANDY CAIN                                    	2005-03-05 14:50:58.890		1
2638	MEM	OHS	OHIO STATE REFORMATORY                            	2005-03-05 14:50:58.890		1
2639	MEM	OHW	OHIO STATE REFORMATORY FOR WOMEN                  	2005-03-05 14:50:58.890		1
2640	MEM	OJI	OJIBWAY CORRECTIONAL FACILLITY                    	2005-03-05 14:50:58.890		1
2641	MEM	OKS	OAKS MAXIMUM FACILITY                             	2005-03-05 14:50:58.890		1
2642	MEM	OMC	OMAHA CORRECTIONS CENTER                          	2005-03-05 14:50:58.890		1
2643	MEM	OPH	METROPOLITAN CORRECTION FACILITY/OAK PARK HEIGHTS 	2005-03-05 14:50:58.890		1
2644	MEM	ORE	OREGON CORRECTIONAL INSTITUTION                   	2005-03-05 14:50:58.890		1
2645	MEM	ORI	ORIENT CORRECTIONAL INSTITUTION                   	2005-03-05 14:50:58.890		1
2646	MEM	OSH	OSHKOSH CORRECTIONAL INSTITUTION                  	2005-03-05 14:50:58.890		1
2647	MEM	OSK	OSKOSH CORRECTIONAL FACILITY                      	2005-03-05 14:50:58.890		1
2648	MEM	PCC	PONTIAC CORRECTIONAL CENTER - MICHIGAN            	2005-03-05 14:50:58.890		1
2649	MEM	PEN	PENDLETON STATE REFORMATORY                       	2005-03-05 14:50:58.890		1
2650	MEM	PIC	PICKAWAY  CORRECTIONAL INSTITUTE                  	2005-03-05 14:50:58.890		1
2651	MEM	PNM	PENITENTIARY OF NEW MEXICO                        	2005-03-05 14:50:58.890		1
2652	MEM	PON	PONTIAC CORRECTIONAL CENTER                       	2005-03-05 14:50:58.890		1
2653	MEM	PRC	PINE RIVER CORRECTIONAL FACILITY                  	2005-03-05 14:50:58.890		1
2654	MEM	RCF	RIVERSIDE CORRECTIONAL FACILITY                   	2005-03-05 14:50:58.890		1
2655	MEM	RCI	RACINE CORRECTIONAL INSTITUTION                   	2005-03-05 14:50:58.890		1
2656	MEM	RDC	RECEPTION DIAGNOSTIC CENTER                       	2005-03-05 14:50:58.890		1
2657	MEM	RIC	RICHLAND CORRECTIONAL INSTITUTION                 	2005-03-05 14:50:58.890		1
2658	MEM	ROB	ROBINSON CORRECTIONAL CENTER                      	2005-03-05 14:50:58.890		1
2659	MEM	ROS	ROSS CORRECTIONAL INSTITUTE                       	2005-03-05 14:50:58.890		1
2660	MEM	RVS	REEVES COUNTY LAW ENFORCEMENT CENTER              	2005-03-05 14:50:58.890		1
2661	MEM	RYN	RYAN REGIONAL CORRECTIONAL FACILITY               	2005-03-05 14:50:58.890		1
2662	MEM	SAG	SAGINAW REGIONAL FACILITY                         	2005-03-05 14:50:58.890		1
2663	MEM	SAN	FED. CORR. INSTITUTION - MR. STEVE DALESSIO       	2005-03-05 14:50:58.890		1
2664	MEM	SCI	STATE CORRECRTIONAL INSTITUTION AT CAMP HILL      	2005-03-05 14:50:58.890		1
2665	MEM	SCT	SCOTT CORRECTIONAL FACILITY                       	2005-03-05 14:50:58.890		1
2666	MEM	SDS	SOUTH DAKOTA STATE PENITENTIARY                   	2005-03-05 14:50:58.890		1
2667	MEM	SEA	SOUTHEASTERN CORRECTIONAL INSTITUTION             	2005-03-05 14:50:58.890		1
2668	MEM	SEC	SECURITY MEDICAL FACILITY                         	2005-03-05 14:50:58.890		1
2669	MEM	SHA	SHAWNEE CORRECTIONAL CENTER                       	2005-03-05 14:50:58.890		1
2670	MEM	SHE	SHERIDAN CORRECTOINAL CENTER                      	2005-03-05 14:50:58.890		1
2671	MEM	SHP	METROPOLITAN CORRECTIONAL FACILITY/SHAKOPEE       	2005-03-05 14:50:58.890		1
2672	MEM	SMC	SOUTHERN MICHIGAN CORRECTIONAL FACILITY           	2005-03-05 14:50:58.890		1
2673	MEM	SOL	SOUTHERN OHIO CORRECTIONAL FAC. "LUCASVILLE"      	2005-03-05 14:50:58.890		1
2674	MEM	SOU	SOUTHEASTERN CORRECTIONAL FACILITY                	2005-03-05 14:50:58.890		1
2675	MEM	SRW	STATE REFORMATORY FOR WOMEN                       	2005-03-05 14:50:58.890		1
2676	MEM	SSN	SPECIAL SERVICES STATE OF NEBRASKA                	2005-03-05 14:50:58.890		1
2677	MEM	STA	STATEVILLE CORRECTIONAL CENTER                    	2005-03-05 14:50:58.890		1
2678	MEM	STC	METROPOLITAN CORRECTIONAL FACILITY/ST. CLOUD      	2005-03-05 14:50:58.890		1
2679	MEM	TCC	TAYLORVILLE CORRECTIONAL CENTER                   	2005-03-05 14:50:58.890		1
2680	MEM	TCF	TORRENCE COUNTY DETENTION FACILITY                	2005-03-05 14:50:58.890		1
2681	MEM	TCI	TRUMBULL CORRECTIONAL INSTITUTION                 	2005-03-05 14:50:58.890		1
2682	MEM	THU	THUMB CORRECTIONAL FACILITY                       	2005-03-05 14:50:58.890		1
2683	MEM	TOL	TOLEDO CORRECTION INSTITUTION                     	2005-03-05 14:50:58.890		1
2684	MEM	TOP	RECEPTION & DIAGNOSTIC CENTER                     	2005-03-05 14:50:58.890		1
2685	MEM	TRU	TRUMBAL CORRECTIONAL INSTITUTION                  	2005-03-05 14:50:58.890		1
2686	MEM	USP	UNITED STATES PENITENTARY                         	2005-03-05 14:50:58.890		1
2687	MEM	VAN	VANDALIA CORRECTIONAL CENTER                      	2005-03-05 14:50:58.890		1
2688	MEM	VIE	VIENNA CORRECTIONAL CENTER                        	2005-03-05 14:50:58.890		1
2689	MEM	WAB	WABASH VALLEY CORRECTIONAL INSTITUTION            	2005-03-05 14:50:58.890		1
2690	MEM	WAR	WARREN CORRECTIONAL INSTITUTION                   	2005-03-05 14:50:58.890		1
2691	MEM	WAU	WAUPAN CORRECTIONAL INSTITUTION                   	2005-03-05 14:50:58.890		1
2692	MEM	WCC	WISCONSIN CORRECTIONAL CENTER SYSTEM              	2005-03-05 14:50:58.890		1
2693	MEM	WES	WESTVILLE CORRECTIONAL CENTER                     	2005-03-05 14:50:58.890		1
2694	MEM	WHC	WARDEN HILL CORRECTIONAL CENTER                   	2005-03-05 14:50:58.890		1
2695	MEM	WIC	WESTERN ILLINOIS CORRECTIONAL CENTER              	2005-03-05 14:50:58.890		1
2696	MEM	WIN	WINFIELD CORRECTIONAL FACILITY                    	2005-03-05 14:50:58.890		1
2697	MEM	WIS	WISCONSIN PRISON SYS., DIV. OF INTENSIVE SANCTIONS	2005-03-05 14:50:58.890		1
2698	MEM	WNM	WESTERN NEW MEXICO CORRECTIONAL FACILITY          	2005-03-05 14:50:58.890		1
2699	MEM	WSC	WEST SHORELINE CORRECTIONAL FACILTIY              	2005-03-05 14:50:58.890		1
832	MIA	APA	APALACHEE C.I.	2003-08-10 11:23:16.927		0
2700	MIA	APE	APALACHEE CI EAST UNIT                            	2005-03-05 14:50:58.890		1
2701	MIA	APW	APALACHEE CI WEST UNIT                            	2005-03-05 14:50:58.890		1
833	MIA	AVO	AVON PARK C.I.	2003-08-10 11:23:16.927		0
834	MIA	BAK	BAKER C.I.	2003-08-10 11:23:16.927		0
835	MIA	BAY	BAY CORRECTIONAL INSTITUTION	2003-08-10 11:23:16.927		0
836	MIA	BEL	BELLE GLADES C.I.	2003-08-10 11:23:16.927		0
837	MIA	BRE	BREVARD C.I.	2003-08-10 11:23:16.927		0
838	MIA	BRO	BROWARD C.I.	2003-08-10 11:23:16.927		0
839	MIA	CAL	CALHOUN C.I.	2003-08-10 11:23:16.927		0
840	MIA	CEN	CENTURY C.I.	2003-08-10 11:23:16.927		0
841	MIA	CFR	CENTRAL FLORIDA RECEPTION CENTER	2003-08-10 11:23:16.927		0
842	MIA	CHA	CHARLOTTE C.I.	2003-08-10 11:23:16.927		0
2702	MIA	COA	COLUMBIA ANNEX CORRECTIONAL INSTITUTION           	2005-03-05 14:50:58.890		1
843	MIA	COL	COLUMBIA C.I.	2003-08-10 11:23:16.927		0
844	MIA	COR	CORRECTIONS MENTAL HEALTH INSTITUION	2003-08-10 11:23:16.927		0
845	MIA	CRO	CROSS CITY C.I.	2003-08-10 11:23:16.927		0
846	MIA	DAD	DADE C.I.	2003-08-10 11:23:16.927		0
847	MIA	DES	DESOTO C.I.	2003-08-10 11:23:16.927		0
848	MIA	EVE	EVERGLADES CORRECTIONAL INSTITUTION	2003-08-10 11:23:16.927		0
849	MIA	FLO	FLORIDA C.I.	2003-08-10 11:23:16.927		0
850	MIA	FRA	FRANKLIN WORK CAMP	2003-08-10 11:23:16.927		0
851	MIA	FSP	FLORIDA STATE PRISON C.I.	2003-08-10 11:23:16.927		0
2703	MIA	GUA	GULF CORRECTIONAL INSTITUTION, ANNEX              	2005-03-05 14:50:58.890		1
852	MIA	GUL	GULF C.I.	2003-08-10 11:23:16.927		0
853	MIA	GWC	GAINESVILLE WORK CAMP	2003-08-10 11:23:16.927		0
2704	MIA	HAA	HAMILTON C.I. ANNEX                               	2005-03-05 14:50:58.890		1
854	MIA	HAM	HAMILTON C.I.	2003-08-10 11:23:16.927		0
855	MIA	HAR	HARDEE C.I.	2003-08-10 11:23:16.927		0
856	MIA	HEN	HENDRY C.I.	2003-08-10 11:23:16.927		0
857	MIA	HIL	HILLISBOROUGH C.I.	2003-08-10 11:23:16.927		0
858	MIA	HOL	HOLMES C.I.	2003-08-10 11:23:16.927		0
2705	MIA	HOM	HOMESTEAD CORRECTIONAL INSTITUTION                	2005-03-05 14:50:58.890		1
859	MIA	IND	INDIAN RIVER C.I.	2003-08-10 11:23:16.927		0
860	MIA	JAC	JACKSON C.I.	2003-08-10 11:23:16.927		0
861	MIA	JEF	JEFFERSON C.I.	2003-08-10 11:23:16.927		0
862	MIA	LAK	LAKE C.I.	2003-08-10 11:23:16.927		0
863	MIA	LAN	LANTANA C.I.	2003-08-10 11:23:16.927		0
864	MIA	LAS	LANCASTER C.I.	2003-08-10 11:23:16.927		0
865	MIA	LAW	LAWTEY C.I.	2003-08-10 11:23:16.927		0
866	MIA	LCI	LAKE CITY CORRECTIONAL INSTITUTION	2003-08-10 11:23:16.927		0
867	MIA	LIB	LIBERTY C.I.	2003-08-10 11:23:16.927		0
868	MIA	LOM	LOWELL CORRECTIONAL INSTITUTION (MEN'S UNIT)	2003-08-10 11:23:16.927		1
869	MIA	LOW	LOWELL CORRECTIONAL FACILITY (WOMEN'S UNIT)	2003-08-10 11:23:16.927		1
870	MIA	LOX	LOXAHATECHEE	2003-08-10 11:23:16.927		0
871	MIA	MAD	MADISON C.I.	2003-08-10 11:23:16.927		0
872	MIA	MAN	MARION C.I.	2003-08-10 11:23:16.927		0
873	MIA	MAR	MARTIN C.I.	2003-08-10 11:23:16.927		0
874	MIA	MAY	MAYO C.I.	2003-08-10 11:23:16.927		0
875	MIA	MHI	MENTAL HEALTH INSTITUTION	2003-08-10 11:23:16.927		0
876	MIA	MNC	MIAMI NORTH COMMUNITY CORRECTIONAL CENTER	2003-08-10 11:23:16.927		0
877	MIA	MOO	MOORE HAVEN CORRECTIONAL INSTITUTION	2003-08-10 11:23:16.927		0
878	MIA	NEW	NEW RIVER C.I.	2003-08-10 11:23:16.927		0
879	MIA	NFR	NORTH FLORIDA RECEPTION CENTER	2003-08-10 11:23:16.927		0
2706	MIA	NRE	NEW RIVER EAST UNIT                               	2005-03-05 14:50:58.890		1
2707	MIA	NRW	NEW RIVER C.I. WEST UNIT                          	2005-03-05 14:50:58.890		1
880	MIA	OKA	OKALOOSA C.I.	2003-08-10 11:23:16.927		0
881	MIA	OKE	OKEECHOBEE CORRECTIONAL INSTITUTION	2003-08-10 11:23:16.927		0
882	MIA	PER	PERRY CORRECTIONAL INSTITUTION	2003-08-10 11:23:16.927		0
883	MIA	POL	POLK C.I.	2003-08-10 11:23:16.927		0
884	MIA	PUT	PUTNAM C.I.	2003-08-10 11:23:16.927		0
2708	MIA	QUA	QUINCY CORRECTIONAL INSTITUTION ANNEX             	2005-03-05 14:50:58.890		1
885	MIA	QUI	QUINCY CORRECTIONAL INSTITUTION	2003-08-10 11:23:16.927		0
886	MIA	REC	RECEPTION AND MEDICAL CENTER	2003-08-10 11:23:16.927		0
887	MIA	RIV	RIVER JUNCTION C.I.	2003-08-10 11:23:16.927		0
2709	MIA	RMC	RECEPTION AND MEDICAL CENTER                      	2005-03-05 14:50:58.890		1
2710	MIA	RMW	R M C WEST UNIT                                   	2005-03-05 14:50:58.890		1
888	MIA	SAN	SANTA ROSA CORRECTIONAL INSTITUTION	2003-08-10 11:23:16.927		0
889	MIA	SFR	SOUTH FLORIDA RECEPTION CENTER	2003-08-10 11:23:16.927		0
890	MIA	SOU	SOUTH BAY CORRECTIONAL FACILITY	2003-08-10 11:23:16.927		0
3270	MIA	SRA	SANTA ROSA ANNEX                                  	2007-01-28 13:05:52.687		1
891	MIA	SUM	SUMTER C.I.	2003-08-10 11:23:16.927		0
2711	MIA	TAA	TAYLOR CORRECTIONAL INSTITUTION  ANNEX            	2005-03-05 14:50:58.890		1
892	MIA	TAY	TAYLOR CORRECTIONAL INSTITUTION	2003-08-10 11:23:16.927		0
893	MIA	TGK	CINDAY TALBOT	2003-08-10 11:23:16.927		0
894	MIA	TOM	TOMOKA C.I.	2003-08-10 11:23:16.927		0
895	MIA	UNI	UNION C.I.	2003-08-10 11:23:16.927		0
896	MIA	WAK	WAKULLA CORRECTIONAL INSTITUTION	2003-08-10 11:23:16.927		1
897	MIA	WAL	WALTON C.I.	2003-08-10 11:23:16.927		0
898	MIA	WAS	WASHINGTON CORRECTIONAL INSTITUTION	2003-08-10 11:23:16.927		0
899	MIA	ZEP	ZEPHYRHILLS C.I.	2003-08-10 11:23:16.927		0
900	NEW	ADI	ADIRONDACK CORRECTIONAL FACILITY	2003-08-10 11:23:16.927		0
901	NEW	ADT	ADULT DIAGNOSTIC & TREATMENT CENTER	2003-08-10 11:23:16.927		1
902	NEW	AKL	ARTHUR KILL	2003-08-10 11:23:16.927		1
903	NEW	ALB	ALBION	2003-08-10 11:23:16.927		1
904	NEW	ALT	ALTONA CORRECTIONAL FACILITY	2003-08-10 11:23:16.927		0
905	NEW	ATT	ATTICA	2003-08-10 11:23:16.927		1
906	NEW	AUB	AUBURN	2003-08-10 11:23:16.927		1
907	NEW	BAR	BARE HILL CORRECTIONAL FACILITY	2003-08-10 11:23:16.927		0
908	NEW	BAY	BAYVIEW	2003-08-10 11:23:16.927		1
909	NEW	BCJ	BERGEN COUNTY JAIL	2003-08-10 11:23:16.927		1
910	NEW	BEA	CAMP BEACON	2003-08-10 11:23:16.927		0
911	NEW	BED	BEDFORD HILLS	2003-08-10 11:23:16.927		1
2712	NEW	CCJ	CAMDEN COUNTY JAIL                                	2005-03-05 14:50:58.890		1
912	NEW	CHA	CHATEAUGAY ASACTC	2003-08-10 11:23:16.927		0
913	NEW	CIW	CORRECTIONAL INSTITUTION FOR WOMEN	2003-08-10 11:23:16.927		1
914	NEW	CLI	CLINTON CORRECTIONAL FACILITY	2003-08-10 11:23:16.927		0
915	NEW	COL	COLLINS	2003-08-10 11:23:16.927		1
916	NEW	COX	COXSACKIE	2003-08-10 11:23:16.927		1
2713	NEW	CRA	CENTRAL RECEPTION & ASSIGNMENT FACILITY           	2005-03-05 14:50:58.890		1
917	NEW	CVI	CAPE VINCENT CORRECTIONAL FACILITY	2003-08-10 11:23:16.927		0
918	NEW	DOW	DOWNSTATE	2003-08-10 11:23:16.927		1
919	NEW	EAS	EASTERN	2003-08-10 11:23:16.927		1
920	NEW	EDG	EDGECOMBE	2003-08-10 11:23:16.927		1
921	NEW	EDN	EDNA MAHON CORR. FACILITY	2003-08-10 11:23:16.927		1
922	NEW	ELM	ELMIRA	2003-08-10 11:23:16.927		1
923	NEW	FIS	FISKILL	2003-08-10 11:23:16.927		1
924	NEW	FRA	FRANKLIN CORRECTIONAL FACILITY	2003-08-10 11:23:16.927		0
925	NEW	FUL	FULTON	2003-08-10 11:23:16.927		1
926	NEW	GAB	CAMP GABRIELS	2003-08-10 11:23:16.927		1
927	NEW	GEO	CAMP GEORGETOWN	2003-08-10 11:23:16.927		1
928	NEW	GHN	GREEN HAVEN	2003-08-10 11:23:16.927		1
929	NEW	GMW	GREAT MEADOW CORRECTIONAL FACILITY	2003-08-10 11:23:16.927		0
930	NEW	GOU	GOUVERNEUR CORRECTIONAL FACILITY	2003-08-10 11:23:16.927		0
931	NEW	GRE	GREENE	2003-08-10 11:23:16.927		1
932	NEW	GRO	GROVELAND CORRECTIONAL FACILITY	2003-08-10 11:23:16.927		0
2714	NEW	HCJ	HUDSON COUNTY JAIL                                	2005-03-05 14:50:58.890		1
933	NEW	HUD	HUDSON	2003-08-10 11:23:16.927		1
934	NEW	JMS	JUVENILE MEDIUM SECURITY FACILITY	2003-08-10 11:23:16.927		1
935	NEW	LIN	LINCOLN	2003-08-10 11:23:16.927		1
936	NEW	LKV	LAKEVIEW CORRECTIONAL FACILITY	2003-08-10 11:23:16.927		1
937	NEW	LSA	LSP ANCORA UNIT	2003-08-10 11:23:16.927		1
938	NEW	LSF	LSP MINIMUM SECURITY UNIT	2003-08-10 11:23:16.927		1
939	NEW	LSP	NJ STATE PRISON	2003-08-10 11:23:16.927		1
940	NEW	LYO	LYONS MOUNTAIN CORRECTIONAL FACILITY	2003-08-10 11:23:16.927		0
2715	NEW	MCC	MONMOUTH COUNTY JAIL                              	2005-03-05 14:50:58.890		1
2716	NEW	MCJ	MIDDLESEX COUNTY JAIL                             	2005-03-05 14:50:58.890		1
941	NEW	MMG	MOUNT MCGREGOR CORRECTIONAL FACILITY	2003-08-10 11:23:16.927		0
942	NEW	MOE	MID-ORANGE	2003-08-10 11:23:16.927		1
943	NEW	MON	CAMP MONTEREY	2003-08-10 11:23:16.927		1
944	NEW	MOR	MORIAH SHOCK INCARCERATION FACILITY	2003-08-10 11:23:16.927		0
945	NEW	MSC	MID-STATE CORRECTIONAL FACILITY	2003-08-10 11:23:16.927		1
946	NEW	MST	MIDSTATE	2003-08-10 11:23:16.927		1
947	NEW	MYC	MOUNTAINVIEW YOUTH CORR. FACILITY	2003-08-10 11:23:16.927		1
948	NEW	NSP	NORTHERN STATE PRISON	2003-08-10 11:23:16.927		1
949	NEW	NYC	NYC CORRECT'L INST'N FOR WOMEN--ROSE M. SINGER BDG	2003-08-10 11:23:16.927		1
950	NEW	OGB	OGDENSBURG CORRECTIONAL FACILITY	2003-08-10 11:23:16.927		0
951	NEW	ONE	ONEIDA CORRECTIONAL FACILITY	2003-08-10 11:23:16.927		0
952	NEW	ORL	ORLEANS	2003-08-10 11:23:16.927		1
953	NEW	OTI	OTISVILLE	2003-08-10 11:23:16.927		1
954	NEW	PAR	PARKSIDE	2003-08-10 11:23:16.927		1
955	NEW	PAS	PASSAIC COUNTY JAIL	2003-08-10 11:23:16.927		1
956	NEW	PHA	CAMP PHARSALIA	2003-08-10 11:23:16.927		1
957	NEW	QUE	QUEENSBORO	2003-08-10 11:23:16.927		1
958	NEW	RFC	RIVERFRONT CORRECTIONAL FACILITY	2003-08-10 11:23:16.927		1
959	NEW	RIK	RIKERS	2003-08-10 11:23:16.927		0
2717	NEW	RIS	RIKERS ISLAND GMDC                                	2005-03-05 14:50:58.890		1
960	NEW	ROC	ROCHESTER	2003-08-10 11:23:16.927		1
961	NEW	RSB	RSP RAHWAY CAMP	2003-08-10 11:23:16.927		1
962	NEW	RSM	RSP MARLBORO CAMP	2003-08-10 11:23:16.927		1
963	NEW	RSP	NJ STATE PRISON	2003-08-10 11:23:16.927		1
964	NEW	RVW	RIVERVIEW CORRECTIONAL FACILITY	2003-08-10 11:23:16.927		1
2718	NEW	SCJ	SUSSEX COUNTY JAIL                                	2005-03-05 14:50:58.890		1
965	NEW	SHA	SHAWANGUNK	2003-08-10 11:23:16.927		1
966	NEW	SIN	SING SING	2003-08-10 11:23:16.927		0
967	NEW	SSC	SOUTHERN STATE CORRECTIONAL FACILITY	2003-08-10 11:23:16.927		1
968	NEW	SUL	SULLIVAN	2003-08-10 11:23:16.927		1
969	NEW	SUM	CAMP SUMMIT	2003-08-10 11:23:16.927		1
2719	NEW	SWO	SOUTHWOODS STATE PRISON                           	2005-03-05 14:50:58.890		1
970	NEW	TAC	TACONIC	2003-08-10 11:23:16.927		1
971	NEW	TSJ	TRAINING SCHOOL FOR BOYS	2003-08-10 11:23:16.927		1
972	NEW	TSP	NJ STATE PRISON	2003-08-10 11:23:16.927		1
973	NEW	TSR	TSP VROOM READJUSTMENT UNIT	2003-08-10 11:23:16.927		1
974	NEW	TSS	TRAINING SCHOOL FOR BOYS	2003-08-10 11:23:16.927		1
975	NEW	ULS	ULSTER	2003-08-10 11:23:16.927		1
976	NEW	WAL	WALLKILL	2003-08-10 11:23:16.927		1
977	NEW	WAS	WASHINGTON CORRECTIONAL FACILITY	2003-08-10 11:23:16.927		0
978	NEW	WAT	WATERTOWN CORRECTIONAL FACILITY	2003-08-10 11:23:16.927		0
979	NEW	WEN	WENDE	2003-08-10 11:23:16.927		1
980	NEW	WOO	WOODBOURNE	2003-08-10 11:23:16.927		1
981	NEW	WYO	WYOMING	2003-08-10 11:23:16.927		1
982	NEW	YCA	YOUTH CORRECTIONAL INSTITUTION	2003-08-10 11:23:16.927		1
983	NEW	YCB	YOUTH CORRECTIONAL INSTITUTION	2003-08-10 11:23:16.927		1
984	NEW	YCH	YCIA	2003-08-10 11:23:16.927		1
985	NEW	YCK	YCIB	2003-08-10 11:23:16.927		1
986	NEW	YCN	YCIB	2003-08-10 11:23:16.927		1
987	NEW	YCS	YCIA	2003-08-10 11:23:16.927		1
988	NEW	YRC	YOUTH RECEPTION 7 CORRECTION CENTER	2003-08-10 11:23:16.927		1
989	NEW	YRP	YRCC PRISON RECEPTION UNIT	2003-08-10 11:23:16.927		1
990	NEW	YRW	YRCC	2003-08-10 11:23:16.927		1
991	NEW	YRY	YRCC YOUTH RECEPTION UNIT	2003-08-10 11:23:16.927		1
2720	NOL	ACC	AVOYELLES CORRECTIONAL CENTER                     	2005-03-05 14:50:58.890		1
2721	NOL	ALA	ALABAMA CORRECTIONAL                              	2005-03-05 14:50:58.890		1
2722	NOL	ALC	ALLEN CORRECTIONAL CENTER                         	2005-03-05 14:50:58.890		1
2723	NOL	ANG	LOUISIANA STATE PENITENTIARY                      	2005-03-05 14:50:58.890		1
2724	NOL	APJ	AVOYELLES PARISH JAIL                             	2005-03-05 14:50:58.890		1
2725	NOL	APS	ALLEN PARISH SHERIFF'S OFFICE                     	2005-03-05 14:50:58.890		1
2726	NOL	AW1	LSCI/ ALLENWOOD                                   	2005-03-05 14:50:58.890		1
2727	NOL	AW2	FCI/ ALLENWOOD                                    	2005-03-05 14:50:58.890		1
2728	NOL	AW3	U.S. PENTENTIARY/ ALLENWOOD                       	2005-03-05 14:50:58.890		1
2729	NOL	AWC	AVOYELLES WOMEN CORRECTIONAL CENTER               	2005-03-05 14:50:58.890		1
2730	NOL	BDC	BASILE DETENTION CENTER                           	2005-03-05 14:50:58.890		1
2731	NOL	BEA	BEAUREGARD PARISH JAIL                            	2005-03-05 14:50:58.890		1
2732	NOL	BWC	BORDELONVILLE WOMEN'S CORRECTIONAL CENTER         	2005-03-05 14:50:58.890		1
2733	NOL	CAD	CADDO PARISH CORRECTIONAL CENTER                  	2005-03-05 14:50:58.890		1
2734	NOL	DIX	DIXON CORRECTIONAL INSTITUTION                    	2005-03-05 14:50:58.890		1
2735	NOL	ECD	EAST CARROLL DETENTION CENTER                     	2005-03-05 14:50:58.890		1
2736	NOL	EFP	EAST FELICIANA PARISH PRISON                      	2005-03-05 14:50:58.890		1
2737	NOL	EVA	EVANGELINE PARISH JAIL                            	2005-03-05 14:50:58.890		1
2738	NOL	FCC	FEDERAL CORRECTIONAL COMPLEX                      	2005-03-05 14:50:58.890		1
2739	NOL	FCI	FEDERAL CORRECTIONAL INSTITUTE                    	2005-03-05 14:50:58.890		1
2740	NOL	FDC	FEDERAL DETENTION CENTER                          	2005-03-05 14:50:58.890		1
2741	NOL	FEL	EAST FELICIANA PARISH JAIL                        	2005-03-05 14:50:58.890		1
2742	NOL	HAN	HANCOCK COUNTY JAIL                               	2005-03-05 14:50:58.890		1
2743	NOL	HAR	HARRISON COUNTY JAIL                              	2005-03-05 14:50:58.890		1
2744	NOL	HUN	HUNT CORRECTIONAL FACILITY                        	2005-03-05 14:50:58.890		1
2745	NOL	IPD	IBERIA PARISH DETENTION CENTER                    	2005-03-05 14:50:58.890		1
2746	NOL	LAF	LAFAYETTE PARISH CORRECTIONAL CENTER              	2005-03-05 14:50:58.890		1
2747	NOL	LAW	LOUISIANA CORRECTIONAL INSTITUTE FOR WOMEN        	2005-03-05 14:50:58.890		1
2748	NOL	LCI	LOUISIANA CORRECTIONAL & INDUSTRIAL SCHOOL        	2005-03-05 14:50:58.890		1
2749	NOL	MIS	MISSISSIPPI STATE PENITENTIARY                    	2005-03-05 14:50:58.890		1
2750	NOL	MPD	MADISON PARISH DETENTION CENTER                   	2005-03-05 14:50:58.890		1
2751	NOL	OPJ	OUACHITA PARISH JAIL                              	2005-03-05 14:50:58.890		1
2752	NOL	ORL	ORLEANS CRIMINAL CORRECTIONAL CENTER              	2005-03-05 14:50:58.890		1
2753	NOL	OUT	RELEASED                                          	2005-03-05 14:50:58.890		1
2754	NOL	PCC	PHELPS CORRECTIONAL CENTER                        	2005-03-05 14:50:58.890		1
2755	NOL	PCJ	POINT COUPEE JAIL                                 	2005-03-05 14:50:58.890		1
2756	NOL	PER	 PEARL RIVER COUNTY JAIL                          	2005-03-05 14:50:58.890		1
3261	NOL	PPC	PINE PRAIRIE CORRECTIONAL CENTER                  	2005-09-25 13:03:01.640		1
2757	NOL	STM	ST. MARTIN PARISH JAIL                            	2005-03-05 14:50:58.890		1
2758	NOL	STT	ST. TAMMANY PARISH JAIL                           	2005-03-05 14:50:58.890		1
2759	NOL	TAN	TANGIPAHOA PARISH JAIL                            	2005-03-05 14:50:58.890		1
3262	NOL	TPD	TENSAS PARISH DETENTION CENTER                    	2005-09-25 13:03:01.640		1
2760	NOL	UNK	UNKNOWN LOCALE OF DETENTION                       	2005-03-05 14:50:58.890		1
2761	NOL	VCF	VERNON CORRECTIONAL FACILITY                      	2005-03-05 14:50:58.890		1
2762	NOL	VER	VERMILLION PARISH JAIL                            	2005-03-05 14:50:58.890		1
2763	NOL	WAD	WADE CORRECTIONAL CENTER                          	2005-03-05 14:50:58.890		1
2764	NOL	WAS	WASHINGTON CORRECTIONAL INSTITUTE                 	2005-03-05 14:50:58.890		1
2765	NOL	WBR	WEST BATON ROUGE DETENTION CENTER                 	2005-03-05 14:50:58.890		1
2766	NOL	WCO	WEST CARROLL PARISH JAIL                          	2005-03-05 14:50:58.890		1
2767	NOL	WEB	WEBSTER PARISH JAIL                               	2005-03-05 14:50:58.890		1
2768	NOL	WNN	WINN CORRECTIONAL CENTER                          	2005-03-05 14:50:58.890		1
2769	NOL	YRK	YORK COUNTY PRISON                                	2005-03-05 14:50:58.890		1
992	NYC	ADI	ADIRONDACK CORRECTIONAL FACILITY	2003-08-10 11:23:16.927		0
993	NYC	AKL	ARTHUR KILL CORRECTIONAL FACILITY	2003-08-10 11:23:16.927		0
994	NYC	ALB	ALBION CORRECTIONAL FACILITY	2003-08-10 11:23:16.927		0
995	NYC	ALT	ALTONA CORRECTIONAL FACILITY	2003-08-10 11:23:16.927		0
996	NYC	ATT	ATTICA CORRECTIONAL FACILITY	2003-08-10 11:23:16.927		0
997	NYC	AUB	AUBURN CORRECTIONAL FACILITY	2003-08-10 11:23:16.927		0
998	NYC	BAR	BARE HILL CORRECTIONAL FACILITY	2003-08-10 11:23:16.927		0
999	NYC	BAY	BAYVIEW CORRECTIONAL FACILITY	2003-08-10 11:23:16.927		0
1000	NYC	BEA	CAMP BEACON	2003-08-10 11:23:16.927		0
1001	NYC	BED	BEDFORD HILLS CORRECTIONAL FACILITY	2003-08-10 11:23:16.927		1
1002	NYC	BUT	BUTLER SHOCK INCARCERATION FACILITY	2003-08-10 11:23:16.927		0
1003	NYC	CAM	CAMP GABRIELS	2003-08-10 11:23:16.927		0
1004	NYC	CAY	CAYUGA CORRECTIONAL FACILITY	2003-08-10 11:23:16.927		0
1005	NYC	CGT	CAMP GEORGETOWN	2003-08-10 11:23:16.927		0
1006	NYC	CHA	CHATEAUGAY ASACTC	2003-08-10 11:23:16.927		0
1007	NYC	CLI	CLINTON CORRECTIONAL FACILITY	2003-08-10 11:23:16.927		0
1008	NYC	CMT	MONTEREY SHOCK INCARCERATION FACILITY	2003-08-10 11:23:16.927		0
1009	NYC	COL	COLLINS CORRECTIONAL FACILITY	2003-08-10 11:23:16.927		0
1010	NYC	COX	COXSACKIE CORRECTIONAL FACILITY	2003-08-10 11:23:16.927		0
1011	NYC	CPH	CAMP PHARSALIA	2003-08-10 11:23:16.927		0
1012	NYC	CSU	SUMMIT SHOCK INCARCERATION FACILITY	2003-08-10 11:23:16.927		0
1013	NYC	CVI	CAPE VINCENT CORRECTIONAL FACILITY	2003-08-10 11:23:16.927		0
1014	NYC	DOW	DOWNSTATE CORRECTIONAL FACILITY	2003-08-10 11:23:16.927		0
1015	NYC	EAS	EASTERN CORRECTIONAL FACILITY	2003-08-10 11:23:16.927		0
1016	NYC	EDG	EDGECOMBE CORRECTIONAL FACILITY	2003-08-10 11:23:16.927		0
1017	NYC	ELM	ELMIRA CORRECTIONAL FACILITY	2003-08-10 11:23:16.927		0
1018	NYC	FIS	FISKILL CORRECTIONAL FACILITY	2003-08-10 11:23:16.927		0
1019	NYC	FRA	FRANKLIN CORRECTIONAL FACILITY	2003-08-10 11:23:16.927		0
1020	NYC	FUL	FULTON CORRECTIONAL FACILITY	2003-08-10 11:23:16.927		0
1021	NYC	GHN	GREEN HAVEN CORRECTIONAL FACILITY	2003-08-10 11:23:16.927		0
1022	NYC	GMW	GREAT MEADOW CORRECTIONAL FACILITY	2003-08-10 11:23:16.927		0
1023	NYC	GOU	GOUVERNEUR CORRECTIONAL FACILITY	2003-08-10 11:23:16.927		0
1024	NYC	GRE	GREENE CORRECTIONAL FACILITY	2003-08-10 11:23:16.927		0
1025	NYC	GRO	GROVELAND CORRECTIONAL FACILITY	2003-08-10 11:23:16.927		0
1026	NYC	HUD	HUDSON CORRECTIONAL FACILITY	2003-08-10 11:23:16.927		0
1027	NYC	JOH	JOHNSTOWN ASACTC	2003-08-10 11:23:16.927		0
1028	NYC	LAK	LAKEVIEW SHOCK INCARCERATION FACILITY	2003-08-10 11:23:16.927		0
1029	NYC	LIN	LINCOLN CORRECTIONAL FACILITY	2003-08-10 11:23:16.927		0
1030	NYC	LIV	LIVINGSTON CORRECTIONAL FACILITY	2003-08-10 11:23:16.927		0
1031	NYC	LYO	LYONS MOUNTAIN CORRECTIONAL FACILITY	2003-08-10 11:23:16.927		0
1032	NYC	MAR	MARCY CORRECTIONAL FACILITY	2003-08-10 11:23:16.927		1
1033	NYC	MMG	MOUNT MCGREGOR CORRECTIONAL FACILITY	2003-08-10 11:23:16.927		0
1034	NYC	MOE	MID-ORANGE CORRECTIONAL FACILITY	2003-08-10 11:23:16.927		0
1035	NYC	MOH	MOHAWK CORRECTIONAL FACILITY	2003-08-10 11:23:16.927		0
1036	NYC	MOR	MORIAH SHOCK INCARCERATION FACILITY	2003-08-10 11:23:16.927		0
1037	NYC	MST	MID-STATE CORRECTIONAL FACILITY	2003-08-10 11:23:16.927		0
1038	NYC	OGB	OGDENSBURG CORRECTIONAL FACILITY	2003-08-10 11:23:16.927		0
1039	NYC	ONE	ONEIDA CORRECTIONAL FACILITY	2003-08-10 11:23:16.927		0
1040	NYC	ORL	ORLEANS CORRECTIONAL FACILITY	2003-08-10 11:23:16.927		0
1041	NYC	OTI	OTISVILLE CORRECTIONAL FACILITY	2003-08-10 11:23:16.927		0
1042	NYC	PAR	PARKSIDE CORRECTIONAL FACILITY	2003-08-10 11:23:16.927		0
1043	NYC	QUE	QUEENSBORO CORRECTIONAL FACILITY	2003-08-10 11:23:16.927		0
1044	NYC	RIK	RIKERS	2003-08-10 11:23:16.927		0
1045	NYC	RIV	RIVERVIEW CORRECTIONAL FACILITY	2003-08-10 11:23:16.927		0
1046	NYC	ROC	ROCHESTER CORRECTIONAL FACILITY	2003-08-10 11:23:16.927		0
1047	NYC	SHA	SHAWANGUNK CORRECTIONAL FACILITY	2003-08-10 11:23:16.927		0
1048	NYC	SIN	SING SING CORRECTIONAL FACILITY	2003-08-10 11:23:16.927		1
1049	NYC	SOU	SOUTHPORT CORRECTIONAL FACILITY	2003-08-10 11:23:16.927		0
1050	NYC	SUL	SULLIVAN CORRECTIONAL FACILITY	2003-08-10 11:23:16.927		0
1051	NYC	TAC	TACONIC CORRECTIONAL FACILITY	2003-08-10 11:23:16.927		0
1052	NYC	ULS	ULSTER CORRECTIONAL FACILITY	2003-08-10 11:23:16.927		0
1053	NYC	WAL	WALLKILL CORRECTIONAL FACILITY	2003-08-10 11:23:16.927		0
1054	NYC	WAS	WASHINGTON CORRECTIONAL FACILITY	2003-08-10 11:23:16.927		0
1055	NYC	WAT	WATERTOWN CORRECTIONAL FACILITY	2003-08-10 11:23:16.927		0
1056	NYC	WEN	WENDE CORRECTIONAL FACILITY	2003-08-10 11:23:16.927		0
1057	NYC	WOO	WOODBOURNE CORRECTIONAL FACILITY	2003-08-10 11:23:16.927		1
1058	NYC	WYO	WYOMING CORRECTIONAL FACILITY	2003-08-10 11:23:16.927		0
1059	NYD	ADI	ADIRONDACK CORRECTIONAL FACILITY	2003-08-10 11:23:16.927		0
1060	NYD	AKL	ARTHUR KILL CORRECTIONAL FACILITY	2003-08-10 11:23:16.927		0
1061	NYD	ALB	ALBION CORRECTIONAL FACILITY	2003-08-10 11:23:16.927		1
1062	NYD	ALT	ALTONA CORRECTIONAL FACILITY	2003-08-10 11:23:16.927		0
1063	NYD	ATT	ATTICA CORRECTIONAL FACILITY	2003-08-10 11:23:16.927		0
1064	NYD	AUB	AUBURN CORRECTIONAL FACILITY	2003-08-10 11:23:16.927		0
1065	NYD	BAR	BARE HILL CORRECTIONAL FACILITY	2003-08-10 11:23:16.927		0
1066	NYD	BAY	BAYVIEW CORRECTIONAL FACILITY	2003-08-10 11:23:16.927		0
1067	NYD	BEA	BEACON CORRECTIONAL FACILITY	2003-08-10 11:23:16.927		1
309	NYD	BED	BEDFORD HILLS CORRECTIONAL FACILITY	2003-08-10 11:23:16.927		1
310	NYD	BUA	BUTLER ASACTC	2003-08-10 11:23:16.927		1
311	NYD	BUF	BUFFALO CORRECTIONAL FACILITY	2003-08-10 11:23:16.927		1
312	NYD	BUT	BUTLER CORRECTIONAL FACILITY	2003-08-10 11:23:16.927		1
313	NYD	CAG	CAMP GABRIELS	2003-08-10 11:23:16.927		1
314	NYD	CAY	CAYUGA CORRECTIONAL FACILITY	2003-08-10 11:23:16.927		0
315	NYD	CGT	CAMP GEORGETOWN	2003-08-10 11:23:16.927		0
316	NYD	CHA	CHATEAUGAY ASACTC	2003-08-10 11:23:16.927		0
317	NYD	CLI	CLINTON CORRECTIONAL FACILITY	2003-08-10 11:23:16.927		0
318	NYD	COL	COLLINS CORRECTIONAL FACILITY	2003-08-10 11:23:16.927		0
319	NYD	COX	COXSACKIE CORRECTIONAL FACILITY	2003-08-10 11:23:16.927		0
320	NYD	CPH	CAMP PHARSALIA	2003-08-10 11:23:16.927		0
321	NYD	CVI	CAPE VINCENT CORRECTIONAL FACILITY	2003-08-10 11:23:16.927		0
322	NYD	DOW	DOWNSTATE CORRECTIONAL FACILITY	2003-08-10 11:23:16.927		0
323	NYD	EAS	EASTERN NEW YORK CORRECTIONAL FACILITY	2003-08-10 11:23:16.927		1
324	NYD	EDG	EDGECOMBE CORRECTIONAL FACILITY	2003-08-10 11:23:16.927		0
325	NYD	ELM	ELMIRA CORRECTIONAL FACILITY	2003-08-10 11:23:16.927		0
326	NYD	FIS	FISKILL CORRECTIONAL FACILITY	2003-08-10 11:23:16.927		0
327	NYD	FRA	FRANKLIN CORRECTIONAL FACILITY	2003-08-10 11:23:16.927		0
328	NYD	FUL	FULTON CORRECTIONAL FACILITY	2003-08-10 11:23:16.927		0
329	NYD	GHN	GREEN HAVEN CORRECTIONAL FACILITY	2003-08-10 11:23:16.927		0
330	NYD	GMW	GREAT MEADOW CORRECTIONAL FACILITY	2003-08-10 11:23:16.927		0
331	NYD	GOU	GOUVERNEUR CORRECTIONAL FACILITY	2003-08-10 11:23:16.927		0
332	NYD	GOW	GOWANDA CORRECTIONAL FACILITY	2003-08-10 11:23:16.927		1
333	NYD	GRE	GREENE CORRECTIONAL FACILITY	2003-08-10 11:23:16.927		0
334	NYD	GRO	GROVELAND CORRECTIONAL FACILITY	2003-08-10 11:23:16.927		0
335	NYD	HAL	HALE CREEK ASACTC	2003-08-10 11:23:16.927		1
336	NYD	HUD	HUDSON CORRECTIONAL FACILITY	2003-08-10 11:23:16.927		0
337	NYD	LAK	LAKEVIEW SHOCK INCARCERATION CORRECTIONAL FACILITY	2003-08-10 11:23:16.927		1
338	NYD	LIN	LINCOLN CORRECTIONAL FACILITY	2003-08-10 11:23:16.927		0
339	NYD	LIV	LIVINGSTON CORRECTIONAL FACILITY	2003-08-10 11:23:16.927		0
340	NYD	LYO	LYONS MOUNTAIN CORRECTIONAL FACILTIY	2003-08-10 11:23:16.927		0
341	NYD	MAR	MARCY CORRECTIONAL FACILITY	2003-08-10 11:23:16.927		1
342	NYD	MMG	MOUNT MCGREGOR CORRECTIONAL FACILITY	2003-08-10 11:23:16.927		0
343	NYD	MOE	MID-ORANGE CORRECTIONAL FACILITY	2003-08-10 11:23:16.927		0
344	NYD	MOH	MOHAWK CORRECTIONAL FACILITY	2003-08-10 11:23:16.927		0
345	NYD	MON	MONTEREY SHOCK INCARCERATION CORRECTIONAL FACILITY	2003-08-10 11:23:16.927		1
346	NYD	MOR	MORIAH SHOCK INCARCERATION CORRECTIONAL FACILITY	2003-08-10 11:23:16.927		1
347	NYD	MST	MID-STATE CORRECTIONAL FACILITY	2003-08-10 11:23:16.927		0
348	NYD	OGB	OGDENSBURG CORRECTIONAL FACILITY	2003-08-10 11:23:16.927		0
349	NYD	ONE	ONEIDA CORRECTIONAL FACILITY	2003-08-10 11:23:16.927		0
350	NYD	ORL	ORLEANS CORRECTIONAL FACILITY	2003-08-10 11:23:16.927		0
351	NYD	OTI	OTISVILLE CORRECTIONAL FACILITY	2003-08-10 11:23:16.927		0
352	NYD	PAR	PARKSIDE CORRECTIONAL FACILITY	2003-08-10 11:23:16.927		0
353	NYD	PHA	CAMP PHARSALIA	2003-08-10 11:23:16.927		1
354	NYD	QUE	QUEENSBORO CORRECTIONAL FACILITY	2003-08-10 11:23:16.927		0
355	NYD	RIV	RIVERVIEW CORRECTIONAL FACILITY	2003-08-10 11:23:16.927		0
356	NYD	ROC	ROCHESTER CORRECTIONAL FACILITY	2003-08-10 11:23:16.927		0
357	NYD	SHA	SHAWANGUNK CORRECTIONAL FACILITY	2003-08-10 11:23:16.927		0
358	NYD	SIN	SING SING CORRECTIONAL FACILITY	2003-08-10 11:23:16.927		1
359	NYD	SOU	SOUTHPORT CORRECTIONAL FACILITY	2003-08-10 11:23:16.927		0
360	NYD	SUL	SULLIVAN CORRECTIONAL FACILITY	2003-08-10 11:23:16.927		0
361	NYD	SUM	SUMMIT SHOCK INCARCERATION CORRECTIONAL FACILITY	2003-08-10 11:23:16.927		1
362	NYD	TAC	TACONIC CORRECTIONAL FACILITY	2003-08-10 11:23:16.927		0
363	NYD	ULS	ULSTER CORRECTIONAL FACILITY	2003-08-10 11:23:16.927		0
364	NYD	UPS	UPSTATE CORRECTIONAL FACILITY	2003-08-10 11:23:16.927		1
365	NYD	WAL	WALLKILL CORRECTIONAL FACILITY	2003-08-10 11:23:16.927		0
366	NYD	WAS	WASHINGTON CORRECTIONAL FACILITY	2003-08-10 11:23:16.927		0
367	NYD	WAT	WATERTOWN CORRECTIONAL FACILITY	2003-08-10 11:23:16.927		0
368	NYD	WEN	WENDE CORRECTIONAL FACILITY	2003-08-10 11:23:16.927		0
369	NYD	WIL	WILLARD DRUG TREATMENT CENTER	2003-08-10 11:23:16.927		1
370	NYD	WLS	WALSH MEDICAL CENTER	2003-08-10 11:23:16.927		1
371	NYD	WOO	WOODBOURNE CORRECTIONAL FACILITY	2003-08-10 11:23:16.927		1
372	NYD	WYO	WYOMING CORRECTIONAL FACILITY	2003-08-10 11:23:16.927		0
373	OAK	ACC	AVOYELLES CORRECTIONAL CENTER (MALE FACILITY)	2003-08-10 11:23:16.927		1
374	OAK	ALA	ALABAMA CORRECTIONAL	2003-08-10 11:23:16.927		1
375	OAK	ALC	ALLEN CORRECTIONAL CENTER	2003-08-10 11:23:16.927		1
376	OAK	ANG	LOUISIANA STATE PENITENTIARY	2003-08-10 11:23:16.927		1
377	OAK	APJ	AVOYELLES PARISH JAIL	2003-08-10 11:23:16.927		1
378	OAK	APS	ALLEN PARISH SHERIFF'S OFFICE	2003-08-10 11:23:16.927		1
379	OAK	AW1	LSCI/ ALLENWOOD	2003-08-10 11:23:16.927		1
380	OAK	AW2	FCI/ ALLENWOOD	2003-08-10 11:23:16.927		1
381	OAK	AW3	U.S. PENTENTIARY/ ALLENWOOD	2003-08-10 11:23:16.927		1
382	OAK	AWC	AVOYELLES WOMEN CORRECTIONAL CENTE	2003-08-10 11:23:16.927		1
383	OAK	BDC	BASILE DETENTION CENTER	2003-08-10 11:23:16.927		1
384	OAK	BEA	BEAUREGARD PARISH JAIL	2003-08-10 11:23:16.927		1
385	OAK	BML	FCC BEAUMONT	2003-08-10 11:23:16.927		1
386	OAK	BWC	BORDELONVILLE WOMEN'S CORRECTIONAL CENTER	2003-08-10 11:23:16.927		1
387	OAK	CAD	CADDO PARISH CORRECTIONAL CENTER	2003-08-10 11:23:16.927		1
388	OAK	CBF	CAMP BEAUREGARD WORK FACILITY	2003-08-10 11:23:16.927		1
2770	OAK	CCC	CATAHOULA CORRECTIONAL CENTER                     	2005-03-05 14:50:58.890		1
389	OAK	CPJ	CALCASIEU PARISH JAIL	2003-08-10 11:23:16.927		1
390	OAK	DIX	DIXON CORRECTIONAL INSTITUTION	2003-08-10 11:23:16.927		1
391	OAK	ECD	EAST CARROLL DETENTION CENTER	2003-08-10 11:23:16.927		1
392	OAK	EFP	EAST FELICIANA PARISH PRISON	2003-08-10 11:23:16.927		1
2771	OAK	ERD	EASTERN RECEPTION DIAGNOSTIC & CORRECTION CENTER  	2005-03-05 14:50:58.890		1
393	OAK	EVA	EVANGELINE PARISH JAIL	2003-08-10 11:23:16.927		1
394	OAK	FCC	FEDERAL CORRECTIONAL COMPLEX	2003-08-10 11:23:16.927		1
395	OAK	FCI	FEDERAL CORRECTIONAL INSTITUTE	2003-08-10 11:23:16.927		1
396	OAK	FDC	FEDERAL DETENTION CENTER	2003-08-10 11:23:16.927		1
397	OAK	FEL	EAST FELICIANA PARISH JAIL	2003-08-10 11:23:16.927		1
2772	OAK	FUL	FULTON FRDC                                       	2005-03-05 14:50:58.890		1
398	OAK	HAN	HANCOCK COUNTY JAIL	2003-08-10 11:23:16.927		1
399	OAK	HAR	HARRISON COUNTY JAIL	2003-08-10 11:23:16.927		1
400	OAK	HUN	HUNT CORRECTIONAL FACILITY	2003-08-10 11:23:16.927		1
401	OAK	INS	IMMIGRATION AND NATURALIZATION SERVICE	2003-08-10 11:23:16.927		1
402	OAK	IPD	IBERIA PARISH DETENTION CENTER	2003-08-10 11:23:16.927		1
403	OAK	IPJ	IBERIA PARISH JAIL	2003-08-10 11:23:16.927		1
404	OAK	LAF	LAFAYETTE PARISH CORRECTIONAL CENTER	2003-08-10 11:23:16.927		1
405	OAK	LAW	LOUISIANA CORRECTIONAL INSTITUTE FOR WOMEN	2003-08-10 11:23:16.927		1
406	OAK	LCI	LOUISIANA CORRECTIONAL & INDUSTRIAL SCHOOL	2003-08-10 11:23:16.927		1
2773	OAK	MER	MISSOURI EASTERN RECEPTION & DIAGNOSTIC CENTER    	2005-03-05 14:50:58.890		1
407	OAK	MIS	MISSISSIPPI STATE PENITENTIARY	2003-08-10 11:23:16.927		1
2774	OAK	MOU	MISSOURI DEPARTMENT OF CORRECTIONS                	2005-03-05 14:50:58.890		1
408	OAK	MPD	MADISON PARISH DETENTION CENTER	2003-08-10 11:23:16.927		1
409	OAK	OPJ	OUACHITA PARISH JAIL	2003-08-10 11:23:16.927		1
410	OAK	ORL	ORLEANS CRIMINAL CORRECTIONAL CENTER	2003-08-10 11:23:16.927		1
411	OAK	OUT	RELEASED	2003-08-10 11:23:16.927		0
412	OAK	PCC	PHELPS CORRECTIONAL CENTER	2003-08-10 11:23:16.927		1
413	OAK	PCJ	POINT COUPEE JAIL	2003-08-10 11:23:16.927		1
414	OAK	PER	 PEARL RIVER COUNTY JAIL	2003-08-10 11:23:16.927		1
415	OAK	PPC	PINE PRAIRIE CORRECTIONAL CENTER	2003-08-10 11:23:16.927		1
3263	OAK	RIC	RICHWOOD CORRECTIONAL CENTER                      	2006-03-26 13:01:03.903		1
416	OAK	SJB	ST. JOHN THE BAPTIST PARISH PRISON	2003-08-10 11:23:16.927		1
417	OAK	SLC	SOUTH LOUISIANA CORRECTIONAL	2003-08-10 11:23:16.927		1
2775	OAK	SPC	SPECIAL HOUSING CASE                              	2005-03-05 14:50:58.890		1
2776	OAK	STD	DHS/ICE                                           	2005-03-05 14:50:58.890		1
418	OAK	STM	ST. MARTIN PARISH JAIL	2003-08-10 11:23:16.927		1
419	OAK	STT	ST. TAMMANY PARISH JAIL	2003-08-10 11:23:16.927		1
420	OAK	TAN	TANGIPAHOA PARISH JAIL	2003-08-10 11:23:16.927		1
2777	OAK	TPD	TENSAS PARISH DETENTION CENTER                    	2005-03-05 14:50:58.890		1
421	OAK	UNK	UNKNOWN LOCALE OF DETENTION	2003-08-10 11:23:16.927		1
422	OAK	VCF	VERNON CORRECTIONAL FACILITY	2003-08-10 11:23:16.927		1
423	OAK	VER	VERMILLION PARISH JAIL	2003-08-10 11:23:16.927		1
424	OAK	WAD	WADE CORRECTIONAL CENTER	2003-08-10 11:23:16.927		1
425	OAK	WAS	WASHINGTON CORRECTIONAL INSTITUTE	2003-08-10 11:23:16.927		1
426	OAK	WBR	WEST BATON ROUGE DETENTION CENTER	2003-08-10 11:23:16.927		1
427	OAK	WCO	WEST CARROLL PARISH JAIL	2003-08-10 11:23:16.927		1
428	OAK	WEB	WEBSTER PARISH JAIL	2003-08-10 11:23:16.927		1
429	OAK	WNN	WINN CORRECTIONAL CENTER	2003-08-10 11:23:16.927		1
430	OAK	YRK	YORK COUNTY PRISON	2003-08-10 11:23:16.927		0
3533	OMA	ACC	ABODE CORRECTIONAL CENTER	2003-08-10 11:23:16.927		0
3534	OMA	ADR	ADRIAN TEMPORARY FACILITY	2003-08-10 11:23:16.927		0
3535	OMA	ALG	ALGOA CORRECTIONAL CENTER	2003-08-10 11:23:16.927		1
3536	OMA	ALL	ALLEN CORRECTIONAL INSTITUTION	2003-08-10 11:23:16.927		0
3537	OMA	BCC	BOONEVILLE CORRECTIONAL CENTER	2003-08-10 11:23:16.927		0
3538	OMA	BCI	BELMONT CORRECTIONAL INSTITUTION	2003-08-10 11:23:16.927		0
3539	OMA	BKR	INDIANA DOC/BUNKER HILL FACILITY                  	2005-03-05 14:50:58.890		1
3540	OMA	BMC	BIG MUDDY CORRECTIONAL CENTER	2003-08-10 11:23:16.927		1
3541	OMA	BRF	BLACK RIVERS FALL CORRECTIONAL INSTITUTION	2003-08-10 11:23:16.927		1
3542	OMA	BRO	BROOKS REGIONAL FACILITY	2003-08-10 11:23:16.927		0
3543	OMA	BTC	BRANCHVILLE TRAINING CENTER	2003-08-10 11:23:16.927		0
3544	OMA	BUN	INDIANA DEPARTMENT OF CORRECTIONS                 	2005-03-05 14:50:58.890		1
3545	OMA	CAR	CARSON CITY CORRECTIONAL FACILITY	2003-08-10 11:23:16.927		0
3546	OMA	CCC	CROSSROADS CORRECTIONAL CENTER	2003-08-10 11:23:16.927		1
3547	OMA	CCM	MOBERLY CORRECTIONAL CENTER	2003-08-10 11:23:16.927		0
3548	OMA	CEF	CHARLES EGELER CORRECTIONAL FACILITY	2003-08-10 11:23:16.927		0
3549	OMA	CEN	CENTRALIA CORRECTIONAL CENTER	2003-08-10 11:23:16.927		0
3550	OMA	CHI	CHILLICOTHE  CORRECTIONAL INSTITUTE	2003-08-10 11:23:16.927		0
3551	OMA	CIC	CORRECTIONAL INDUSTRIAL COMPLEX	2003-08-10 11:23:16.927		0
3552	OMA	CLA	CLARINDA CORRECTIONAL FACILITY	2003-08-10 11:23:16.927		0
3553	OMA	CMC	CORRECTIONS MEDICAL CENTER	2003-08-10 11:23:16.927		0
3554	OMA	COL	COLUMBIA CORRECTIONAL INSTITUTION	2003-08-10 11:23:16.927		1
3555	OMA	COR	CORRECTIONAL RECEPTION CENTER	2003-08-10 11:23:16.927		0
3556	OMA	CPO	CAMP OJIBWAY	2003-08-10 11:23:16.927		0
3557	OMA	CRO	ST. CROIX CORRECTIONAL CENTER	2003-08-10 11:23:16.927		0
3558	OMA	CTC	CHIPPEWA TEMPOARY CORRECTIONAL FACILITY	2003-08-10 11:23:16.927		0
3559	OMA	DAN	DANVILLE CORRECTIONAL CENTER	2003-08-10 11:23:16.927		0
3560	OMA	DCI	DAYTON CORRECTIONAL INSTITUTE	2003-08-10 11:23:16.927		0
3561	OMA	DCS	DEPARTMENT OF CORRECTIONAL SERVICES	2003-08-10 11:23:16.927		0
3562	OMA	DEC	DECATUR  CORRECTIONAL CENTER                      	2005-03-05 14:50:58.890		1
3563	OMA	DIS	DIVISION OF INTENSIVE SANCTIONS	2003-08-10 11:23:16.927		0
3564	OMA	DIX	DIXON CORRECTIONAL CENTER	2003-08-10 11:23:16.927		0
3565	OMA	DOD	DODGE CORRECTIONAL INSTITUTION	2003-08-10 11:23:16.927		0
3566	OMA	DUN	DUNES CORRECTIONAL FACILITY	2003-08-10 11:23:16.927		0
3567	OMA	DWI	DWIGHT CORRECTIONAL CENTER	2003-08-10 11:23:16.927		0
3568	OMA	EAS	EAST MOLINE CORRECTIONAL CENTER	2003-08-10 11:23:16.927		0
3569	OMA	ECF	ELLSWORTH CORRECTIONAL FACILITY	2003-08-10 11:23:16.927		0
3570	OMA	EGC	EGELER CORRECTIONAL FACILITY	2003-08-10 11:23:16.927		0
3571	OMA	ELD	EL DORADO CORRECTIONAL FACILITY	2003-08-10 11:23:16.927		0
3572	OMA	EMC	EASTERN MISSOURI CORRECTIONAL CTR.	2003-08-10 11:23:16.927		0
3573	OMA	ENG	ENGLER CORRECTIONAL FACILITY	2003-08-10 11:23:16.927		0
3574	OMA	FC	FEDERAL CORRECTIONAL	2003-08-10 11:23:16.927		0
3575	OMA	FCC	FARMINGTON CORRECTIONAL CENTER	2003-08-10 11:23:16.927		0
3576	OMA	FCI	FOX LAKE CORRECTIONAL INSTITUTION	2003-08-10 11:23:16.927		0
3577	OMA	FRD	FULTON RECEPTION AND DIAGNOSTIC CENTER	2003-08-10 11:23:16.927		0
3578	OMA	FTH	FEDERAL CORRECTIONAL - TERRE HAUTE	2003-08-10 11:23:16.927		0
3579	OMA	GCC	GALESBURG CORRECTIONAL CENTER	2003-08-10 11:23:16.927		0
3580	OMA	GFT	GRAFTON CORRECTIONAL INSTITUTION	2003-08-10 11:23:16.927		0
3581	OMA	GRA	GRAHAM CORRECTIONAL CENTER	2003-08-10 11:23:16.927		0
3582	OMA	GRE	GREEN BAY CORRECTIONAL INSTITUTION	2003-08-10 11:23:16.927		0
3583	OMA	GUS	GUS HARRISON FACILITY	2003-08-10 11:23:16.927		0
3584	OMA	HAS	HASTINGS CORRECTIONAL CENTER	2003-08-10 11:23:16.927		0
3585	OMA	HCC	HILL CORRECTIONAL CENTER	2003-08-10 11:23:16.927		0
3586	OMA	HCF	HUTCHINSON CORRECTIONAL FACILITY	2003-08-10 11:23:16.927		0
3587	OMA	HCK	HOCKING CORRECTIONAL FACILITY	2003-08-10 11:23:16.927		0
3588	OMA	HCW	HUTCHINSON CORRECTIONAL WORK FACILITY	2003-08-10 11:23:16.927		0
3589	OMA	HIA	HIAWATHA TEMPORARY FACILITY	2003-08-10 11:23:16.927		0
3590	OMA	ICD	IOWA DEPARTMENT OF CORRECTIONS	2003-08-10 11:23:16.927		0
3591	OMA	ICW	IOWA CORRECTIONAL INSTITUTE FOR WOMEN	2003-08-10 11:23:16.927		0
3592	OMA	IDC	IOWA DEPARTMENT OF CORRECTIONS-WORK RELEASE CENTER	2003-08-10 11:23:16.927		0
3593	OMA	IMA	IOWA MEDICAL AND CLASSIFICATION CENTER	2003-08-10 11:23:16.927		0
3594	OMA	IMR	IOWA MEN'S REFORMATORY	2003-08-10 11:23:16.927		0
3595	OMA	IND	INDIANA STATE PRISON	2003-08-10 11:23:16.927		0
3596	OMA	ION	IONIA CORRECTIONAL FACILITY	2003-08-10 11:23:16.927		0
3597	OMA	IRC	ILLINOIS RIVER CORRECTIONAL INSTITUTION	2003-08-10 11:23:16.927		0
3598	OMA	ISF	INDIANA STATE FARM	2003-08-10 11:23:16.927		0
3599	OMA	ISP	INDIANA STATE PRISON	2003-08-10 11:23:16.927		0
3600	OMA	ISR	INDIANA STATE REFORMATORY	2003-08-10 11:23:16.927		0
3601	OMA	IWP	INDIANA WOMEN'S PRISON	2003-08-10 11:23:16.927		0
3602	OMA	IYC	INDIANA YOUTH CENTER	2003-08-10 11:23:16.927		0
3603	OMA	JAC	JACKSON STATE PRISON - CENTRAL	2003-08-10 11:23:16.927		0
3604	OMA	JAK	JACKSONVILLE CORRECTIONAL CENTER	2003-08-10 11:23:16.927		0
3605	OMA	JBC	C/O JOHN BENNET CORRECTIONAL FACILITY	2003-08-10 11:23:16.927		0
3606	OMA	JCC	JEFFERSON CITY CORRECTIONAL CENTER	2003-08-10 11:23:16.927		0
3607	OMA	JCF	JACKSON COTTON FACILITY	2003-08-10 11:23:16.927		0
3608	OMA	JCI	JACKSON CORRECTIONAL INSTITUTION	2003-08-10 11:23:16.927		0
3609	OMA	JOL	JOLIET CORRECTIONAL CENTER	2003-08-10 11:23:16.927		0
3610	OMA	KCC	KENOSHA CORRECTIONAL CENTER	2003-08-10 11:23:16.927		0
3611	OMA	KCF	KINROSS CORRECTIONAL FACILITY	2003-08-10 11:23:16.927		0
3612	OMA	KEN	KENT COUNTY CORRECTIONAL FACILITY	2003-08-10 11:23:16.927		0
3613	OMA	KMC	KETTLE MORAINE CORRECTIONAL INSTITUTION	2003-08-10 11:23:16.927		0
3614	OMA	KSC	KANSAS STATE CORRECTION INSTITUTION	2003-08-10 11:23:16.927		0
3615	OMA	KSI	KANSAS STATE INDUSTRIAL REFORMATORY	2003-08-10 11:23:16.927		0
3616	OMA	LAK	METROPOLITAN CORRECTIONAL FACILITY/LINO LAKES	2003-08-10 11:23:16.927		1
3617	OMA	LAW	LAWRENCE CORRECTIONAL FACILITY                    	2005-03-05 14:50:58.890		1
3618	OMA	LCC	LINCOLN CORRECTIONAL CENTER	2003-08-10 11:23:16.927		0
3619	OMA	LCF	LANSING CORRECTIONAL FACILITY	2003-08-10 11:23:16.927		0
3620	OMA	LCI	LORAIN CORRECTIONAL INSTITUTION	2003-08-10 11:23:16.927		0
3621	OMA	LEB	LEBANON CORRECTIONAL INSTITUTE	2003-08-10 11:23:16.927		0
3622	OMA	LEV	UNITED STATES PENITENTIARY LEAVENWORTH	2003-08-10 11:23:16.927		0
3623	OMA	LEX	FEDERAL CORRECTIONAL INSTITUTION	2003-08-10 11:23:16.927		0
3624	OMA	LIM	LIMA CORRECTIONAL INSTITUTE	2003-08-10 11:23:16.927		0
3625	OMA	LIN	LINCOLN CORRECTIONAL CENTER	2003-08-10 11:23:16.927		1
3626	OMA	LKC	LAKESIDE CORRECTIONAL CENTER	2003-08-10 11:23:16.927		0
3627	OMA	LLC	LAKELAND CORRECTIONAL FACILITY	2003-08-10 11:23:16.927		0
3628	OMA	LOG	LOGAN CORRECTIONAL CENTER	2003-08-10 11:23:16.927		0
3629	OMA	LON	LONDON CORRECTIONAL INSTITUTE	2003-08-10 11:23:16.927		0
3630	OMA	MAD	MADISON CORRECTIONAL INSTITUTE	2003-08-10 11:23:16.927		0
3631	OMA	MAQ	MARQUETTE BRANCH PRISON	2003-08-10 11:23:16.927		0
3632	OMA	MAR	MARION CORRECTIONAL FACILITY	2003-08-10 11:23:16.927		1
3633	OMA	MCB	MACOMB REGIONAL FACILITY	2003-08-10 11:23:16.927		0
3634	OMA	MCC	MOBERLY CORRECTIONAL CENTER	2003-08-10 11:23:16.927		0
3635	OMA	MCF	MINNESOTA CORRECTIONAL FACILITY - STILLWATER	2003-08-10 11:23:16.927		1
3636	OMA	MDC	METROPOLITAN DETENTION CENTER	2003-08-10 11:23:16.927		0
3637	OMA	MEC	MISSOURI EASTERN CORRECTIONAL CENTER	2003-08-10 11:23:16.927		1
3638	OMA	MEN	MENARD	2003-08-10 11:23:16.927		0
3639	OMA	MFF	MINNESOTA CORRECTIONAL FACILITY - FARIBAULT	2003-08-10 11:23:16.927		1
3640	OMA	MLK	METROPOLITAN CORRECTIONAL FACILITY/MOOSE LAKE	2003-08-10 11:23:16.927		1
3641	OMA	MLL	MINNESOTA CORRECTIONAL FACILITY-LINO LAKES	2003-08-10 11:23:16.927		1
3642	OMA	MML	MINNESOTA CORRECTIONAL FACILITY - MOOSE LAKE	2003-08-10 11:23:16.927		1
3643	OMA	MNS	MANSFIELD CORRECTIONAL INSTITUTION	2003-08-10 11:23:16.927		0
3644	OMA	MON	MONTGOMERY EDUCATION AND PRE-RELEASE CENTER	2003-08-10 11:23:16.927		0
3645	OMA	MOP	MINNESOTA CORRECTIONAL FACILITY-OAK PARK HEIGHTS	2003-08-10 11:23:16.927		1
3646	OMA	MOU	MOUND REGIONAL FACILITY	2003-08-10 11:23:16.927		0
3647	OMA	MPI	MOUNT PLEASANT CORRECTIONAL FACILITY	2003-08-10 11:23:16.927		0
3648	OMA	MRD	MENARD PSYCH CENTER	2003-08-10 11:23:16.927		0
3649	OMA	MRF	MOUND REGIONAL FACILITY	2003-08-10 11:23:16.927		0
3650	OMA	MSA	MINNESOTA CORRECTIONAL FACILITY - ST. CLOUD	2003-08-10 11:23:16.927		1
3651	OMA	MSP	STATE PRISON OF SOUTHERN MICHIGAN	2003-08-10 11:23:16.927		0
3652	OMA	MTA	MINNESOTA CORRECTIONAL FACILITY - SHAKOPEE	2003-08-10 11:23:16.927		1
3653	OMA	MTP	MT. PLEASANT CORRECTIONAL FACILITY	2003-08-10 11:23:16.927		0
3654	OMA	MTU	MICHIGAN TRAINING UNIT	2003-08-10 11:23:16.927		0
3655	OMA	MUS	MUSKEGON CORRECTIONAL FACILITY	2003-08-10 11:23:16.927		0
3656	OMA	NCC	NORTH CENTRAL CORRECTIONAL FACILITY	2003-08-10 11:23:16.927		0
3657	OMA	NCF	NORTON CORRECTIONAL FACILITY	2003-08-10 11:23:16.927		0
3658	OMA	NCI	NORTH CENTRAL CORRECTIONAL INSTITUTION	2003-08-10 11:23:16.927		0
3659	OMA	NCW	NEBRASKA CENTER FOR WOMEN	2003-08-10 11:23:16.927		0
3660	OMA	NDC	NEBRASKA DEPARTMENT OF CORRECTIONAL SERVICE	2003-08-10 11:23:16.927		0
3661	OMA	NDE	NEBRASKA DIAGNOSTIC & EVALUATION CENTER	2003-08-10 11:23:16.927		0
3662	OMA	NMC	NORTHEAST MISSOURI CORRECTIONAL CENTER	2003-08-10 11:23:16.927		0
3663	OMA	NOC	NOBLE CORRECTIONAL INSTITUTION	2003-08-10 11:23:16.927		0
3664	OMA	NSP	NEBRASKA STATE PENITENTIARY	2003-08-10 11:23:16.927		0
3665	OMA	NWL	NEW LIBSON CORRECTIONAL INSTITUTION               	2005-03-05 14:50:58.890		1
3666	OMA	OAK	OAKWOOD FORENSIC CENTER DEPT OF MENTAL HEALTH	2003-08-10 11:23:16.927		0
3667	OMA	OC	OMAHA CORRECTIONAL CENTER	2003-08-10 11:23:16.927		0
3668	OMA	OCC	OMAHA CORRECTIONAL CENTER	2003-08-10 11:23:16.927		0
3669	OMA	OCI	OAKHILL CORRECTIONAL INSTITUTION	2003-08-10 11:23:16.927		0
3670	OMA	OCJ	OUTAGAMIE COUNTY JAIL	2003-08-10 11:23:16.927		0
3671	OMA	OHS	OHIO STATE REFORMATORY	2003-08-10 11:23:16.927		0
3672	OMA	OHW	OHIO STATE REFORMATORY FOR WOMEN	2003-08-10 11:23:16.927		0
3673	OMA	OKS	OAKS MAXIMUM FACILITY	2003-08-10 11:23:16.927		0
3674	OMA	OMC	OMAHA CORRECTIONS CENTER	2003-08-10 11:23:16.927		0
3675	OMA	OPH	METROPOLITAN CORRECTION FACILITY/OAK PARK HEIGHTS	2003-08-10 11:23:16.927		1
3676	OMA	ORE	OREGON CORRECTIONAL INSTITUTION	2003-08-10 11:23:16.927		0
3677	OMA	ORI	ORIENT CORRECTIONAL INSTITUTION	2003-08-10 11:23:16.927		0
3678	OMA	OSH	OSHKOSH CORRECTIONAL INSTITUTION	2003-08-10 11:23:16.927		0
3679	OMA	OSK	OSKOSH CORRECTIONAL FACILITY	2003-08-10 11:23:16.927		0
3680	OMA	PCC	PONTIAC CORRECTIONAL CENTER - MICHIGAN	2003-08-10 11:23:16.927		0
3681	OMA	PCF	PRAIRIE CORRECTIONAL FACILITY	2003-08-10 11:23:16.927		0
3682	OMA	PEN	PENDLETON STATE REFORMATORY	2003-08-10 11:23:16.927		0
3683	OMA	PIC	PICKAWAY  CORRECTIONAL INSTITUTE	2003-08-10 11:23:16.927		0
3684	OMA	PIN	PINCKENYVILLE CORRECTIONAL CENTER	2003-08-10 11:23:16.927		0
3685	OMA	PON	PONTIAC CORRECTIONAL CENTER	2003-08-10 11:23:16.927		0
3686	OMA	PUT	PUTNAMVILLE CORRECTIONAL FACILITY	2003-08-10 11:23:16.927		0
3687	OMA	RCF	RIVERSIDE CORRECTIONAL FACILITY	2003-08-10 11:23:16.927		0
3688	OMA	RCI	RACINE CORRECTIONAL INSTITUTION	2003-08-10 11:23:16.927		0
3689	OMA	RDC	RECEPTION DIAGNOSTIC CENTER	2003-08-10 11:23:16.927		0
3690	OMA	RED	REDGRANITE CORRECTIONAL INSTITUTION               	2005-03-05 14:50:58.890		1
3691	OMA	ROB	ROBINSON CORRECTIONAL CENTER	2003-08-10 11:23:16.927		0
3692	OMA	ROS	ROSS CORRECTIONAL INSTITUTE	2003-08-10 11:23:16.927		0
3693	OMA	RTC	ROCKVILLE TRAINING CENTER	2003-08-10 11:23:16.927		0
3694	OMA	RYN	RYAN REGIONAL CORRECTIONAL FACILITY	2003-08-10 11:23:16.927		0
3695	OMA	SAG	SAGINAW REGIONAL FACILITY	2003-08-10 11:23:16.927		0
3696	OMA	SAN	FED. CORR. INSTITUTION - MR. STEVE DALESSIO	2003-08-10 11:23:16.927		0
3697	OMA	SCI	STATE CORRECTIONAL INSTITUTION AT CAMP HILL	2003-08-10 11:23:16.927		0
3698	OMA	SCT	SCOTT CORRECTIONAL FACILITY	2003-08-10 11:23:16.927		0
3699	OMA	SDS	SOUTH DAKOTA STATE PENITENTIARY	2003-08-10 11:23:16.927		1
3700	OMA	SEA	SOUTHEASTERN CORRECTIONAL INSTITUTION	2003-08-10 11:23:16.927		0
3701	OMA	SEC	SECURITY MEDICAL FACILITY	2003-08-10 11:23:16.927		0
3702	OMA	SHA	SHAWNEE CORRECTIONAL CENTER	2003-08-10 11:23:16.927		0
3703	OMA	SHE	SHERIDAN CORRECTOINAL CENTER	2003-08-10 11:23:16.927		0
3704	OMA	SHP	METROPOLITAN CORRECTIONAL FACILITY/SHAKOPEE	2003-08-10 11:23:16.927		1
3705	OMA	SOL	SOUTHERN OHIO CORRECTIONAL FAC. "LUCASVILLE"	2003-08-10 11:23:16.927		0
3706	OMA	SOU	SOUTHEASTERN CORRECTIONAL FACILITY	2003-08-10 11:23:16.927		0
3707	OMA	SPR	ST. PETER REGIONAL TREATMENT CENTER               	2005-03-05 14:50:58.890		1
3708	OMA	SRW	STATE REFORMATORY FOR WOMEN	2003-08-10 11:23:16.927		0
3709	OMA	SSN	SPECIAL SERVICES STATE OF NEBRASKA	2003-08-10 11:23:16.927		0
3710	OMA	STA	STATEVILLE CORRECTIONAL CENTER	2003-08-10 11:23:16.927		0
3711	OMA	STC	METROPOLITAN CORRECTIONAL FACILITY/ST. CLOUD	2003-08-10 11:23:16.927		1
3712	OMA	STL	STANLEY CORRECTIONAL INSTITUTION                  	2005-03-05 14:50:58.890		1
3713	OMA	SWC	SOUTHWESTERN CORRECTIONAL CENTER	2003-08-10 11:23:16.927		0
3714	OMA	TAC	TACHEEDAH CORRECTIONAL INSTITUTION	2003-08-10 11:23:16.927		0
3715	OMA	TAY	TAYCHEEDAH CORRECTIONAL INSTITUTION	2003-08-10 11:23:16.927		0
3716	OMA	TCC	TAYLORVILLE CORRECTIONAL CENTER	2003-08-10 11:23:16.927		0
3717	OMA	TCF	TOPEKA CORRECTIONAL FACILITY	2003-08-10 11:23:16.927		0
3718	OMA	TCI	TRUMBULL CORRECTIONAL INSTITUTION	2003-08-10 11:23:16.927		0
3719	OMA	THU	THUMB CORRECTIONAL FACILITY	2003-08-10 11:23:16.927		0
3720	OMA	TOP	RECEPTION & DIAGNOSTIC CENTER	2003-08-10 11:23:16.927		0
3721	OMA	TRU	TRUMBAL CORRECTIONAL INSTITUTION	2003-08-10 11:23:16.927		0
3722	OMA	USP	UNITED STATES PENITENTARY	2003-08-10 11:23:16.927		0
3723	OMA	VAN	VANDALIA CORRECTIONAL CENTER	2003-08-10 11:23:16.927		0
3724	OMA	VIE	VIENNA CORRECTIONAL CENTER	2003-08-10 11:23:16.927		0
3725	OMA	WAB	WABASH VALLEY CORRECTIONAL INSTITUTION	2003-08-10 11:23:16.927		0
3726	OMA	WAR	WARREN CORRECTIONAL INSTITUTION	2003-08-10 11:23:16.927		0
3727	OMA	WAU	WAUPAN CORRECTIONAL INSTITUTION	2003-08-10 11:23:16.927		0
3728	OMA	WCC	WISCONSIN CORRECTIONAL CENTER SYSTEM	2003-08-10 11:23:16.927		0
3729	OMA	WCJ	WALWORTH COUNTY JAIL	2003-08-10 11:23:16.927		0
3730	OMA	WER	WOMENS' EASTERN RECEPTION & DIAGNOSTIC CENTER	2003-08-10 11:23:16.927		0
3731	OMA	WES	WESTVILLE CORRECTIONAL CENTER	2003-08-10 11:23:16.927		0
3732	OMA	WHC	WARDEN HILL CORRECTIONAL CENTER	2003-08-10 11:23:16.927		0
3733	OMA	WIC	WESTERN ILLINOIS CORRECTIONAL CENTER	2003-08-10 11:23:16.927		0
3734	OMA	WIN	WINFIELD CORRECTIONAL FACILITY	2003-08-10 11:23:16.927		0
3735	OMA	WIS	WISCONSIN PRISON SYS.	2003-08-10 11:23:16.927		0
3736	OMA	WM1	WESTERN MISSOURI CORECTIONAL CENTER	2003-08-10 11:23:16.927		0
3737	OMA	WMC	WESTERN MISSOURI CORRECTIONAL CENTER	2003-08-10 11:23:16.927		0
3738	OMA	WRC	WISCONSIN RESOURCE CENTER	2003-08-10 11:23:16.927		0
2778	ORL	APA	APALACHEE C.I.                                    	2005-03-05 14:50:58.890		1
2779	ORL	AVO	AVON PARK C.I.                                    	2005-03-05 14:50:58.890		1
2780	ORL	BAK	BAKER C.I.                                        	2005-03-05 14:50:58.890		1
2781	ORL	BAY	BAY CORRECTIONAL INSTITUTION                      	2005-03-05 14:50:58.890		1
2782	ORL	BEL	BELLE GLADES C.I.                                 	2005-03-05 14:50:58.890		1
2783	ORL	BRE	BREVARD C.I.                                      	2005-03-05 14:50:58.890		1
2784	ORL	BRO	BROWARD C.I.                                      	2005-03-05 14:50:58.890		1
2785	ORL	CAL	CALHOUN C.I.                                      	2005-03-05 14:50:58.890		1
2786	ORL	CEN	CENTURY C.I.                                      	2005-03-05 14:50:58.890		1
2787	ORL	CFR	CENTRAL FLORIDA RECEPTION CENTER                  	2005-03-05 14:50:58.890		1
2788	ORL	CHA	CHARLOTTE C.I.                                    	2005-03-05 14:50:58.890		1
2789	ORL	COL	COLUMBIA C.I.                                     	2005-03-05 14:50:58.890		1
2790	ORL	COR	CORRECTIONS MENTAL HEALTH INSTITUION              	2005-03-05 14:50:58.890		1
2791	ORL	CRO	CROSS CITY C.I.                                   	2005-03-05 14:50:58.890		1
2792	ORL	DAD	DADE C.I.                                         	2005-03-05 14:50:58.890		1
2793	ORL	DES	DESOTO C.I.                                       	2005-03-05 14:50:58.890		1
2794	ORL	EVE	EVERGLADES CORRECTIONAL INSTITUTION               	2005-03-05 14:50:58.890		1
2795	ORL	FLO	FLORIDA C.I.                                      	2005-03-05 14:50:58.890		1
2796	ORL	FRA	FRANKLIN WORK CAMP                                	2005-03-05 14:50:58.890		1
2797	ORL	FSP	FLORIDA STATE PRISON C.I.                         	2005-03-05 14:50:58.890		1
2798	ORL	GUL	GULF C.I.                                         	2005-03-05 14:50:58.890		1
2799	ORL	GWC	GAINESVILLE WORK CAMP                             	2005-03-05 14:50:58.890		1
2800	ORL	HAM	HAMILTON C.I.                                     	2005-03-05 14:50:58.890		1
2801	ORL	HAR	HARDEE C.I.                                       	2005-03-05 14:50:58.890		1
2802	ORL	HEN	HENDRY C.I.                                       	2005-03-05 14:50:58.890		1
2803	ORL	HIL	HILLISBOROUGH C.I.                                	2005-03-05 14:50:58.890		1
2804	ORL	HOL	HOLMES C.I.                                       	2005-03-05 14:50:58.890		1
2805	ORL	IND	INDIAN RIVER C.I.                                 	2005-03-05 14:50:58.890		1
2806	ORL	JAC	JACKSON C.I.                                      	2005-03-05 14:50:58.890		1
2807	ORL	JEF	JEFFERSON C.I.                                    	2005-03-05 14:50:58.890		1
2808	ORL	LAK	LAKE C.I.                                         	2005-03-05 14:50:58.890		1
2809	ORL	LAN	LANTANA C.I.                                      	2005-03-05 14:50:58.890		1
2810	ORL	LAS	LANCASTER C.I.                                    	2005-03-05 14:50:58.890		1
2811	ORL	LAW	LAWTEY C.I.                                       	2005-03-05 14:50:58.890		1
2812	ORL	LCI	LAKE CITY CORRECTIONAL INSTITUTION                	2005-03-05 14:50:58.890		1
2813	ORL	LIB	LIBERTY C.I.                                      	2005-03-05 14:50:58.890		1
2814	ORL	LOX	LOXAHATECHEE                                      	2005-03-05 14:50:58.890		1
2815	ORL	MAD	MADISON C.I.                                      	2005-03-05 14:50:58.890		1
2816	ORL	MAN	MARION C.I.                                       	2005-03-05 14:50:58.890		1
2817	ORL	MAR	MARTIN C.I.                                       	2005-03-05 14:50:58.890		1
2818	ORL	MAY	MAYO C.I.                                         	2005-03-05 14:50:58.890		1
2819	ORL	MHI	MENTAL HEALTH INSTITUTION                         	2005-03-05 14:50:58.890		1
2820	ORL	MNC	MIAMI NORTH COMMUNITY CORRECTIONAL CENTER         	2005-03-05 14:50:58.890		1
2821	ORL	MOO	MOORE HAVEN CORRECTIONAL INSTITUTION              	2005-03-05 14:50:58.890		1
2822	ORL	NEW	NEW RIVER C.I.                                    	2005-03-05 14:50:58.890		1
2823	ORL	NFR	NORTH FLORIDA RECEPTION CENTER                    	2005-03-05 14:50:58.890		1
2824	ORL	OKA	OKALOOSA C.I.                                     	2005-03-05 14:50:58.890		1
2825	ORL	OKE	OKEECHOBEE CORRECTIONAL INSTITUTION               	2005-03-05 14:50:58.890		1
2826	ORL	PER	PERRY CORRECTIONAL INSTITUTION                    	2005-03-05 14:50:58.890		1
2827	ORL	POL	POLK C.I.                                         	2005-03-05 14:50:58.890		1
2828	ORL	PUT	PUTNAM C.I.                                       	2005-03-05 14:50:58.890		1
2829	ORL	QUI	QUINCY CORRECTIONAL INSTITUTION                   	2005-03-05 14:50:58.890		1
2830	ORL	REC	RECEPTION AND MEDICAL CENTER                      	2005-03-05 14:50:58.890		1
2831	ORL	RIV	RIVER JUNCTION C.I.                               	2005-03-05 14:50:58.890		1
2832	ORL	SAN	SANTA ROSA CORRECTIONAL INSTITUTION               	2005-03-05 14:50:58.890		1
2833	ORL	SFR	SOUTH FLORIDA RECEPTION CENTER                    	2005-03-05 14:50:58.890		1
2834	ORL	SOU	SOUTH BAY CORRECTIONAL FACILITY                   	2005-03-05 14:50:58.890		1
2835	ORL	SUM	SUMTER C.I.                                       	2005-03-05 14:50:58.890		1
2836	ORL	TAY	TAYLOR CORRECTIONAL INSTITUTION                   	2005-03-05 14:50:58.890		1
2837	ORL	TGK	CINDAY TALBOT                                     	2005-03-05 14:50:58.890		1
2838	ORL	TOM	TOMOKA C.I.                                       	2005-03-05 14:50:58.890		1
2839	ORL	UNI	UNION C.I.                                        	2005-03-05 14:50:58.890		1
2840	ORL	WAL	WALTON C.I.                                       	2005-03-05 14:50:58.890		1
2841	ORL	WAS	WASHINGTON CORRECTIONAL INSTITUTION               	2005-03-05 14:50:58.890		1
2842	ORL	ZEP	ZEPHYRHILLS C.I.                                  	2005-03-05 14:50:58.890		1
431	PHI	FCI	FCI-ALLENWOOD	2003-08-10 11:23:16.927		1
432	PHI	LSC	LSCI-ALLENWOOD	2003-08-10 11:23:16.927		1
433	PHI	USP	U.S. PENITENTIARY ALLENWOOD	2003-08-10 11:23:16.927		1
434	PHO	ACW	ARIZONA STATE PRISON - ARIZONA CENTER FOR WOMEN	2003-08-10 11:23:16.927		1
435	PHO	ALH	ARIZONA STATE PRISON - ALHAMBRA UNIT	2003-08-10 11:23:16.927		1
436	PHO	APU	ARIZONA STATE PRISON - APACHE UNIT	2003-08-10 11:23:16.927		1
437	PHO	ASP	ARIZONA STATE PRISON - ASPEN UNIT	2003-08-10 11:23:16.927		1
3257	PHO	B28	B28 SPECIAL MANAGE-PERRYVILLE                     	2005-08-28 13:01:20.140		1
438	PHO	BAC	ASPC-LEWIS	2003-08-10 11:23:16.927		1
439	PHO	BAR	ASPC LEWIS STATE PRISON	2003-08-10 11:23:16.927		1
2843	PHO	BUC	ASPC-LEWIS STATE PRISON                           	2005-03-05 14:50:58.890		1
440	PHO	CB6	ARIZONA STATE PRISON - CB6	2003-08-10 11:23:16.927		1
441	PHO	CCA	CENTRAL DETENTION CORRECTION ASSOCIATION	2003-08-10 11:23:16.927		1
442	PHO	CCC	CARLIN CONSERVATION CAMP; ATTN:  AWP/FAC. MGR.	2003-08-10 11:23:16.927		1
443	PHO	CDN	ARIZONA STATE PRISON - COMPLEX DETENTION	2003-08-10 11:23:16.927		1
444	PHO	CDU	ARIZONA STATE PRISON - COMPLEX DETENTION	2003-08-10 11:23:16.927		1
445	PHO	CIM	ARIZONA STATE PRISON - CIMARRON UNIT	2003-08-10 11:23:16.927		1
446	PHO	COC	ARIZONA STATE PRISON - COCHISE UNIT	2003-08-10 11:23:16.927		1
447	PHO	COK	ARIZONA STATE PRISON - COOK UNIT	2003-08-10 11:23:16.927		1
448	PHO	COR	ARIZONA STATE PRISON - CORONADO UNIT	2003-08-10 11:23:16.927		1
449	PHO	CU	ARIZONA STATE PRISON - CENTRAL UNIT	2003-08-10 11:23:16.927		1
450	PHO	DOC	ARIZONA DEPARTMENT OF CORRECTIONS	2003-08-10 11:23:16.927		1
451	PHO	ECC	ELY CONSERVATION CAMP; ATTN:  AWP/FAC. MGR.	2003-08-10 11:23:16.927		1
452	PHO	ECH	ARIZONA STATE PRISON - ECHO UNIT	2003-08-10 11:23:16.927		1
453	PHO	ESP	ELY STATE PRISON; ATTN:  AWP/FAC. MGR.	2003-08-10 11:23:16.927		1
454	PHO	EU	ARIZONA STATE PRISON - EAST UNIT	2003-08-10 11:23:16.927		1
3267	PHO	EYM	ASPC-EYMAN UNIT                                   	2006-11-26 13:01:55.873		1
455	PHO	FLW	ASPC FLORENCE WEST	2003-08-10 11:23:16.927		1
456	PHO	FTG	ARIZONA STATE PRISON - FT. GRANT	2003-08-10 11:23:16.927		1
457	PHO	GIL	ARIZONA STATE PRISON - GILA UNIT	2003-08-10 11:23:16.927		1
458	PHO	GLO	ARIZONA STATE PRISON - GLOBE	2003-08-10 11:23:16.927		1
459	PHO	HCC	HUMBOLDT CONSERVATION CAMP; ATTN:  AWP/FAC. MGR.	2003-08-10 11:23:16.927		1
460	PHO	ISC	INDIAN SPGS. CONSERVATION CAMP; ATTN: AWP/FAC. MGR	2003-08-10 11:23:16.927		1
461	PHO	JCC	JEAN CONSERVATION CAMP; ATTN:  AWP/FAC. MGR.	2003-08-10 11:23:16.927		1
462	PHO	KAI	ARIZONA STATE PRISON - KAIBAB UNIT	2003-08-10 11:23:16.927		1
2844	PHO	KIN	HUGH MATSON, DEPUTY WARDEN                        	2005-03-05 14:50:58.890		1
463	PHO	LCC	LOVELOCK CORRECTIONAL CENTER; ATTN:  AWP/FAC. MGR.	2003-08-10 11:23:16.927		1
464	PHO	LEW	ASPC-LEWIS	2003-08-10 11:23:16.927		1
465	PHO	LUM	ARIZONA STATE PRISON-LUMLEY	2003-08-10 11:23:16.927		1
466	PHO	MAN	ARIZONA STATE PRISON - MANZANITA UNIT	2003-08-10 11:23:16.927		1
467	PHO	MAR	MARANA COMMUNITY CORRECTIONAL TREATMENT CENTER	2003-08-10 11:23:16.927		1
468	PHO	MEA	ARIZONA STATE PRISON - MEADOWS UNIT	2003-08-10 11:23:16.927		1
469	PHO	MOH	ARIZONA STATE PRISON - MOHAVE UNIT	2003-08-10 11:23:16.927		1
470	PHO	MOR	ASPC-LEWIS	2003-08-10 11:23:16.927		1
3264	PHO	MRT	ASPC PERRYVILLE                                   	2006-06-11 13:05:52.403		1
471	PHO	NNC	NORTHERN NEV. CRTNL CENTER; ATTN:  AWP/FAC. MGR.	2003-08-10 11:23:16.927		1
472	PHO	NO1	ARIZONA STATE PRISON - NORTH UNIT 1	2003-08-10 11:23:16.927		1
473	PHO	NO2	ARIZONA STATE PRISON - NORTH UNIT 2	2003-08-10 11:23:16.927		1
474	PHO	NSP	NEVADA STATE PRISON; ATTN:  AWP/FAC. MGR.	2003-08-10 11:23:16.927		1
2845	PHO	NWC	NEV. WOMEN'S CRCTNL. CENTER; ATTN:  AWP/FAC. MGR. 	2005-03-05 14:50:58.890		1
475	PHO	PAP	ARIZONA STATE PRISON - PAPAGO UNIT	2003-08-10 11:23:16.927		1
476	PHO	PCC	PIOCHE CONSERVATION CAMP;  ATTN:  AWP/FAC. MGR.	2003-08-10 11:23:16.927		1
477	PHO	PHW	ARIZONA STATE PRISON - C/O COURTNEY SMITH	2003-08-10 11:23:16.927		1
478	PHO	PIC	ARIZONA STATE PRISON - PICACHO WORK CENTER	2003-08-10 11:23:16.927		1
2846	PHO	RAS	ASPC-LEWIS STATE PRISON                           	2005-03-05 14:50:58.890		1
479	PHO	RIN	ARIZONA STATE PRISON - RINCON UNIT	2003-08-10 11:23:16.927		1
480	PHO	RYN	ARIZONA STATE PRISON - RYNNING UNIT	2003-08-10 11:23:16.927		1
481	PHO	SAF	ARIZONA STATE PRISON - SAFFORD	2003-08-10 11:23:16.927		1
482	PHO	SC	ARIZONA STATE PRISON - SANTA CRUZ UNIT	2003-08-10 11:23:16.927		1
483	PHO	SCC	STEWART CONSERVATION CAMP; ATTN:  AWP/FAC. MGR.	2003-08-10 11:23:16.927		1
484	PHO	SDC	SOUTHERN DESERT CRTNL CNTR.; ATTN:  AWP/FAC. MGR.	2003-08-10 11:23:16.927		1
3268	PHO	SEP	ASPC PERRYVILLE PRISON                            	2006-11-26 13:01:55.873		1
485	PHO	SJ	ARIZONA STATE PRISON - SAN JUAN UNIT	2003-08-10 11:23:16.927		1
486	PHO	SMF	ARIZONA STATE PRISON - SANTA MARIA UNIT	2003-08-10 11:23:16.927		1
487	PHO	SMU	ARIZONA STATE PRISON - SPECIAL MANAGEMENT UNIT 1	2003-08-10 11:23:16.927		1
488	PHO	SNC	SOUTHERN NEV. CRCTNL CENTER; ATTN:  AWP/FAC. MGR.	2003-08-10 11:23:16.927		1
489	PHO	SNR	ARIZONA STATE PRISON - SANTA RITA UNIT	2003-08-10 11:23:16.927		1
490	PHO	SP	ARIZONA STATE PRISON - SAN PEDRO UNIT	2003-08-10 11:23:16.927		1
491	PHO	SPU	ARIZONA STATE PRISON - SPECIAL PROGRAM UNIT	2003-08-10 11:23:16.927		1
492	PHO	SRC	SOUTHERN NEV. REST. CENTER; ATTN:  AWP/FAC. MGR.	2003-08-10 11:23:16.927		1
493	PHO	SSC	SILVER SPGS CONSERVATION CAMP; ATTN:  AWP/FAC. MGR	2003-08-10 11:23:16.927		1
494	PHO	STI	ASPC-LEWIS	2003-08-10 11:23:16.927		1
495	PHO	SU	ARIZONA STATE PRISON - SOUTH UNIT	2003-08-10 11:23:16.927		1
496	PHO	SUM	ARIZONA STATE PRISON - SPECIAL MANAGEMENT UNIT 2	2003-08-10 11:23:16.927		1
497	PHO	TCC	TONOPAH CONSERVATION CAMP; ATTN:  AWP/FAC. MGR.	2003-08-10 11:23:16.927		1
498	PHO	TON	ARIZONA STATE PRISON - TONTO UNIT	2003-08-10 11:23:16.927		1
499	PHO	WCC	WELLS CONSERVATION CAMP; ATTN:  AWP/FAC. MGR.	2003-08-10 11:23:16.927		1
500	PHO	WIN	ARIZONA STATE PRISON - WINCHESTER UNIT	2003-08-10 11:23:16.927		1
501	PHO	WSC	NEV MEN'S CRCTNL CTR	2003-08-10 11:23:16.927		1
502	PHO	YUM	ARIZONA DEPARTMENT OF CORRECTIONS - YUMA COMPLEX	2003-08-10 11:23:16.927		1
2847	POO	???	?????????????????                                 	2005-03-05 14:50:58.890		1
2848	POO	AWH	AIRWAY HEIGHTS                                    	2005-03-05 14:50:58.890		1
2849	POO	BCJ	BONNEVILLE COUNTY JAIL                            	2005-03-05 14:50:58.890		1
2850	POO	CBC	CLALLUM BAY CORRECTIONAL CENTER                   	2005-03-05 14:50:58.890		1
2851	POO	CCC	CEDAR CREEK CORRECTION CENTER                     	2005-03-05 14:50:58.890		1
2852	POO	CIP	COOK INLET PRETRIAL FACILITY                      	2005-03-05 14:50:58.890		1
2853	POO	CRC	COYOTE RIDGE CORRECTIONS CENTER                   	2005-03-05 14:50:58.890		1
2854	POO	CWC	CLEARWATER CORRECTIONAL CENTER                    	2005-03-05 14:50:58.890		1
2855	POO	EOC	EASTERN OREGON CORRECTIONAL INSTITUTION           	2005-03-05 14:50:58.890		1
2856	POO	FCC	FAIRBANKS CORRECTIONAL CENTER                     	2005-03-05 14:50:58.890		1
2857	POO	HIG	HIGHLAND MOUNTAIN CORRECTIONAL FACILITY           	2005-03-05 14:50:58.890		1
3255	POO	ICC	IDAHO CORRECTIONAL CENTER                         	2005-07-24 13:03:53.373		1
2858	POO	ICO	IDAHO STATE CORRECTIONAL INST. AT OROFINO         	2005-03-05 14:50:58.890		1
2859	POO	IMS	IDAHO MAXIMUM SECURITY INSTITUTION                	2005-03-05 14:50:58.890		1
2860	POO	IRC	INDIAN RIDGE CORRECTION CENTER                    	2005-03-05 14:50:58.890		1
2861	POO	ISC	IDAHO STATE CORRECTIONAL INSTITUTION              	2005-03-05 14:50:58.890		1
2862	POO	ISP	IDAHO STATE PENITENTIARY                          	2005-03-05 14:50:58.890		1
2863	POO	KCC	KETICHIKAN CORRECTIONAL CENTER                    	2005-03-05 14:50:58.890		1
2864	POO	LAR	LARCH CORRECTIONAL CORRECTIONAL CENTER            	2005-03-05 14:50:58.890		1
2865	POO	LEM	LEMON CREEK CORRECTIONAL CENTER                   	2005-03-05 14:50:58.890		1
2866	POO	MCC	MEADOW CREEK CORRECTIONAL CENTER                  	2005-03-05 14:50:58.890		1
2867	POO	MCF	MARION COUNTY CORRECTIONS FACILITY                	2005-03-05 14:50:58.890		1
2868	POO	MNI	MCNEIL ISLAND CORRECTIONAL CENTER                 	2005-03-05 14:50:58.890		1
2869	POO	MSP	MONTANA STATE PRISON                              	2005-03-05 14:50:58.890		1
2870	POO	MWC	MONTANA WOMEN'S CORRECTIONAL CENTER               	2005-03-05 14:50:58.890		1
2871	POO	NIC	NORTH IDAHO CORRECTIONAL INSTITUTE                	2005-03-05 14:50:58.890		1
2872	POO	OCJ	OWYHEE COUNTY JAIL                                	2005-03-05 14:50:58.890		1
2873	POO	OLY	OLYMPIC CORRECTION FACILITY                       	2005-03-05 14:50:58.890		1
2874	POO	ORO	IDAHO CORRECTIONAL INSTITUTION-OROFINO            	2005-03-05 14:50:58.890		1
2875	POO	OSC	OREGON STATE CORRECTIONAL INSTITUTION             	2005-03-05 14:50:58.890		1
2876	POO	OSP	OREGONA STATE PENITENTIARY                        	2005-03-05 14:50:58.890		1
2877	POO	OWC	OREGON WOMEN'S CORRECTIONAL INST.                 	2005-03-05 14:50:58.890		1
2878	POO	PAL	PALMER CORRECTIONAL CENTER                        	2005-03-05 14:50:58.890		1
2879	POO	PLC	PINE LODGE CORRECTIONAL CENTER                    	2005-03-05 14:50:58.890		1
2880	POO	PLR	PINE LODGE PRE-RELEASE                            	2005-03-05 14:50:58.890		1
2881	POO	PUR	PURDY TREATMENT CENTER FOR WOMEN                  	2005-03-05 14:50:58.890		1
2882	POO	SIC	SOUTH IDAHO CORRECTIONAL INSTITUTION              	2005-03-05 14:50:58.890		1
2883	POO	SIX	SIXTH AVENUE CORRECTIONAL CENTER                  	2005-03-05 14:50:58.890		1
2884	POO	SOC	SPECIAL OFFENDER CENTER                           	2005-03-05 14:50:58.890		1
2885	POO	SPR	SPRING CREEK CORRECTIONAL CENTER                  	2005-03-05 14:50:58.890		1
2886	POO	SRC	SNAKE RIVER CORRECTIONAL INSTITUTION              	2005-03-05 14:50:58.890		1
2887	POO	TNN	TENNESSEE DEPT. OF CORRECTIONS                    	2005-03-05 14:50:58.890		1
2888	POO	TWC	TWIN RIVERS CORRECTIONAL CENTER                   	2005-03-05 14:50:58.890		1
2889	POO	WCC	WILDWOOD CORRECTIONAL CENTER                      	2005-03-05 14:50:58.890		1
2890	POO	WCJ	WASHINGTON COUNTY JAIL                            	2005-03-05 14:50:58.890		1
2891	POO	WCW	WASHINGTON CORRECTIONS CENTER FOR WOMEN           	2005-03-05 14:50:58.890		1
2892	POO	WSC	WASHINGTON STATE CORRECTIONAL CENTER              	2005-03-05 14:50:58.890		1
2893	POO	WSP	WASHINGTON STATE PENITENTIARY                     	2005-03-05 14:50:58.890		1
2894	POO	WSR	WASHINGTON STATE REFORMATORY                      	2005-03-05 14:50:58.890		1
2895	POO	WST	WASHINGTON STATE CORRECTIONAL CTR.-TRAINING CENTER	2005-03-05 14:50:58.890		1
503	SAJ	BAY	BAYAMON REGIONAL JAIL (1072)	2003-08-10 11:23:16.927		1
504	SAJ	MDC	METROPOLITAN DETENTION CENTER	2003-08-10 11:23:16.927		0
505	SAJ	NAG	CAMPAMENTO PUNTA LIMA	2003-08-10 11:23:16.927		0
506	SAJ	PON	INSTITUCION REGIONAL DEL SUR	2003-08-10 11:23:16.927		0
507	SAJ	PRC	CRISTOBAL MELENDEZ	2003-08-10 11:23:16.927		1
508	SAJ	PRI	CORRECTIONS ADMINISTRATION	2003-08-10 11:23:16.927		1
509	SAJ	RIO	STATE PENITENTIARY	2003-08-10 11:23:16.927		0
510	SAJ	SAB	SABANA HOYOS CAMP	2003-08-10 11:23:16.927		0
4352	SDC	AIK	AIKEN CORRECTIONAL CENTER                         	2005-03-05 14:50:58.890	2010-01-09 00:02:00.000	1
4353	SDC	ALA	KILBY CORRECTIONS FACILITY	2003-08-10 11:23:16.927	2010-01-09 00:02:00.000	1
4354	SDC	ALB	ALBANY TRANSITIONAL CENTER                        	2005-03-05 14:50:58.890	2010-01-09 00:02:00.000	1
4355	SDC	ALD	ALDERSON FEDERAL CORRECTIONAL INSTITUTE           	2005-03-05 14:50:58.890	2010-01-09 00:02:00.000	1
4356	SDC	ALL	ALLENDALE CORRECTINAL INSTITUTION	2003-08-10 11:23:16.927	2010-01-09 00:02:00.000	0
4357	SDC	ALW	LFCI ALLENWOOD                                    	2005-03-05 14:50:58.890	2010-01-09 00:02:00.000	1
4358	SDC	AND	ANDERSON COUNTY JAIL	2003-08-10 11:23:16.927	2010-01-09 00:02:00.000	1
4359	SDC	ANS	ANSON CORRECTIONAL CENTER                         	2005-03-05 14:50:58.890	2010-01-09 00:02:00.000	1
4360	SDC	ARR	ARRENDALE C.I.,                                   	2005-03-05 14:50:58.890	2010-01-09 00:02:00.000	1
4361	SDC	AUG	AUGUSTA                                           	2005-03-05 14:50:58.890	2010-01-09 00:02:00.000	1
4362	SDC	AUT	AUTRY CORRECTIONAL INSTITUTION	2003-08-10 11:23:16.927	2010-01-09 00:02:00.000	0
4363	SDC	BAS	BASKERVILLE CORRECTIONAL UNIT                     	2005-03-05 14:50:58.890	2010-01-09 00:02:00.000	1
4364	SDC	BAY	BAYAMON REGIONAL JAIL	2003-08-10 11:23:16.927	2010-01-09 00:02:00.000	1
4365	SDC	BBW	BLACK BLUFF WARDEN                                	2005-03-05 14:50:58.890	2010-01-09 00:02:00.000	1
4366	SDC	BCI	BURESS C.I.	2003-08-10 11:23:16.927	2010-01-09 00:02:00.000	0
4367	SDC	BCN	BLANCH YOUTH INSTITUTION                          	2005-03-05 14:50:58.890	2010-01-09 00:02:00.000	1
4368	SDC	BDR	BROAD RIVER CORRECTIONAL INSTITUTION              	2005-03-05 14:50:58.890	2010-01-09 00:02:00.000	1
4369	SDC	BLA	BLAND CORRECTIONAL CENTER                         	2005-03-05 14:50:58.890	2010-01-09 00:02:00.000	1
4370	SDC	BOS	BOSTICK CORRECTIONAL INSTITUTION                  	2005-03-05 14:50:58.890	2010-01-09 00:02:00.000	1
4371	SDC	BOT	BOTECOURT CORRECTIONAL FACILITY                   	2005-03-05 14:50:58.890	2010-01-09 00:02:00.000	1
4372	SDC	BRE	BROAD RIVER RECEPTION AND EVALUATION CENTER	2003-08-10 11:23:16.927	2010-01-09 00:02:00.000	0
4373	SDC	BRO	BROWN CREEK CORRECTION CENTER                     	2005-03-05 14:50:58.890	2010-01-09 00:02:00.000	1
4374	SDC	BRS	AL BURRIS CORRECTIONAL INSTITUTION                	2005-03-05 14:50:58.890	2010-01-09 00:02:00.000	1
4375	SDC	BTN	FCI BUTNER                                        	2005-03-05 14:50:58.890	2010-01-09 00:02:00.000	1
4376	SDC	BUC	BUCKINGHAM CORRECTIONAL CENTER                    	2005-03-05 14:50:58.890	2010-01-09 00:02:00.000	1
4377	SDC	BUL	BULLOCK COUNTY CORRECTIONAL INSTITUTION	2003-08-10 11:23:16.927	2010-01-09 00:02:00.000	0
4378	SDC	BUR	BURKEVILLE                                        	2005-03-05 14:50:58.890	2010-01-09 00:02:00.000	1
4379	SDC	BUT	LSCI BUTNER	2003-08-10 11:23:16.927	2010-01-09 00:02:00.000	0
4380	SDC	BWN	BALDWIN CORRECTIONAL INSTITUTE                    	2005-03-05 14:50:58.890	2010-01-09 00:02:00.000	1
4381	SDC	CAB	CABARRUS CORRECTIONAL CENTER                      	2005-03-05 14:50:58.890	2010-01-09 00:02:00.000	1
4382	SDC	CAL	CALEDONIA CORRECTIONAL CORRECTIONS	2003-08-10 11:23:16.927	2010-01-09 00:02:00.000	0
4383	SDC	CAM	C/O SCI CAMP HILL                                 	2005-03-05 14:50:58.890	2010-01-09 00:02:00.000	1
4384	SDC	CAR	CAROLINE CORRECTIONAL UNIT NUMBER TWO             	2005-03-05 14:50:58.890	2010-01-09 00:02:00.000	1
4385	SDC	CAS	CASWELL CORR CTR	2003-08-10 11:23:16.927	2010-01-09 00:02:00.000	1
4386	SDC	CAT	CARTERET CORRECTIONAL CENTER                      	2005-03-05 14:50:58.890	2010-01-09 00:02:00.000	1
4387	SDC	CAW	CATAWBA CORRECTIONAL CENTER                       	2005-03-05 14:50:58.890	2010-01-09 00:02:00.000	1
4388	SDC	CCC	COLUMBUS CORRECTIONAL CENTER                      	2005-03-05 14:50:58.890	2010-01-09 00:02:00.000	1
4389	SDC	CCI	CENTRAL CORRECTIONAL INSTITUTION	2003-08-10 11:23:16.927	2010-01-09 00:02:00.000	0
4390	SDC	CEP	CENTRAL PRISON	2003-08-10 11:23:16.927	2010-01-09 00:02:00.000	0
4391	SDC	CHA	CHARLOTTE CORRECTIONAL CENTER	2003-08-10 11:23:16.927	2010-01-09 00:02:00.000	0
4392	SDC	CHN	CALHOUN CORRECTIONAL INSTITUTION                  	2005-03-05 14:50:58.890	2010-01-09 00:02:00.000	1
4393	SDC	CIR	CARROLL C.I.	2003-08-10 11:23:16.927	2010-01-09 00:02:00.000	0
4394	SDC	CLA	CLAYTON COUNTY CORRECTIONAL INSTITUTION	2003-08-10 11:23:16.927	2010-01-09 00:02:00.000	0
4395	SDC	COA	COASTAL CORRECTIONAL INSTITUTION	2003-08-10 11:23:16.927	2010-01-09 00:02:00.000	0
4396	SDC	COB	COBB COUNTY CORRECTIONAL INSTITUTION	2003-08-10 11:23:16.927	2010-01-09 00:02:00.000	0
4397	SDC	COL	COLUMBUS CORRECTIONAL INSTITUTION	2003-08-10 11:23:16.927	2010-01-09 00:02:00.000	1
4398	SDC	CRA	CRAGGY CORRECTIONAL CENTER	2003-08-10 11:23:16.927	2010-01-09 00:02:00.000	0
4399	SDC	CRE	STATE CORRECTIONAL INSTITUTION                    	2005-03-05 14:50:58.890	2010-01-09 00:02:00.000	1
4400	SDC	CRO	CROSS ANCHOR CORR. INST                           	2005-03-05 14:50:58.890	2010-01-09 00:02:00.000	1
4401	SDC	CTF	DC DOC, CORRECTIONAL TREATMENT FACILITY           	2005-03-05 14:50:58.890	2010-01-09 00:02:00.000	1
4402	SDC	CUR	CURRITUK CORRECTIONAL CENTER                      	2005-03-05 14:50:58.890	2010-01-09 00:02:00.000	1
4403	SDC	DAL	C/O WARDEN                                        	2005-03-05 14:50:58.890	2010-01-09 00:02:00.000	1
4404	SDC	DAV	DAVIE CORRECTIONAL CENTER	2003-08-10 11:23:16.927	2010-01-09 00:02:00.000	0
4405	SDC	DCH	DUTCHMAN CORRECTIONAL INSTITUTION	2003-08-10 11:23:16.927	2010-01-09 00:02:00.000	0
4406	SDC	DCI	DODGE CORRECTIONAL INSTITUTE	2003-08-10 11:23:16.927	2010-01-09 00:02:00.000	1
4407	SDC	DCJ	DC DEPARTMENT OF CORRECTIONS                      	2005-03-05 14:50:58.890	2010-01-09 00:02:00.000	1
4408	SDC	DCT	DARE COUNTY DETENTION FACILITY                    	2005-03-05 14:50:58.890	2010-01-09 00:02:00.000	1
4409	SDC	DEE	DEERFIELD CORRECTIONAL CENTER                     	2005-03-05 14:50:58.890	2010-01-09 00:02:00.000	1
4410	SDC	DIL	DILLWYN CORRECTIONAL FACILITY                     	2005-03-05 14:50:58.890	2010-01-09 00:02:00.000	1
4411	SDC	DKB	DEKALB COUNTY JAIL                                	2005-03-05 14:50:58.890	2010-01-09 00:02:00.000	1
4412	SDC	DLY	DOOLY CORRECTIONAL INSTITUTION                    	2005-03-05 14:50:58.890	2010-01-09 00:02:00.000	1
4413	SDC	DMC	DEEP MEADOW CORRECTIONAL CENTER                   	2005-03-05 14:50:58.890	2010-01-09 00:02:00.000	1
4414	SDC	DOD	DODGE CORRECTIONAL INSTITUTION                    	2005-03-05 14:50:58.890	2010-01-09 00:02:00.000	1
4415	SDC	DPN	DUPLIN CORRECTIONAL CENTER                        	2005-03-05 14:50:58.890	2010-01-09 00:02:00.000	1
4416	SDC	DPR	DRAPER CORRECTIONAL FACILITY	2003-08-10 11:23:16.927	2010-01-09 00:02:00.000	0
4417	SDC	DRA	DRAPER CORRECTIONAL FACILITY                      	2005-03-05 14:50:58.890	2010-01-09 00:02:00.000	1
4418	SDC	DUR	DURHAM CORRECTIONAL  CENTER                       	2005-03-05 14:50:58.890	2010-01-09 00:02:00.000	1
4419	SDC	EAS	EASTERN CORR. INST..                              	2005-03-05 14:50:58.890	2010-01-09 00:02:00.000	1
4420	SDC	EVA	EVANS CORRECTIONAL INSTITUTION                    	2005-03-05 14:50:58.890	2010-01-09 00:02:00.000	1
4421	SDC	EVE	EVANS CORRECTIONAL INSTITUTION	2003-08-10 11:23:16.927	2010-01-09 00:02:00.000	1
4422	SDC	FCC	FOUNTAIN CORRECTIONAL CENTER FOR WOMEN            	2005-03-05 14:50:58.890	2010-01-09 00:02:00.000	1
4423	SDC	FCI	FEDERAL CORRECTIONAL INSTITUTION	2003-08-10 11:23:16.927	2010-01-09 00:02:00.000	1
4424	SDC	FLO	FLOYD COUNTY CORRECTIONAL INSTITUTION	2003-08-10 11:23:16.927	2010-01-09 00:02:00.000	0
4425	SDC	FOO	FOOTHILLS CORRECTIONAL INSTITUTION	2003-08-10 11:23:16.927	2010-01-09 00:02:00.000	0
4426	SDC	FOR	FORSYTH COUNTY DETENTION CENTER	2003-08-10 11:23:16.927	2010-01-09 00:02:00.000	0
4427	SDC	FOU	FOUNTAIN CORRECTIONAL CENTER FOR WOMEN            	2005-03-05 14:50:58.890	2010-01-09 00:02:00.000	1
4428	SDC	FRA	FRANKLIN CORRECTIONAL CENTER	2003-08-10 11:23:16.927	2010-01-09 00:02:00.000	0
4429	SDC	FRN	FRANKLIN CORRECTIONAL CENTER                      	2005-03-05 14:50:58.890	2010-01-09 00:02:00.000	1
4430	SDC	GAT	GATES CORRECTIONAL CENTER                         	2005-03-05 14:50:58.890	2010-01-09 00:02:00.000	1
4431	SDC	GCC	GASTON CORRECTIONAL CENTER                        	2005-03-05 14:50:58.890	2010-01-09 00:02:00.000	1
4432	SDC	GDB	GEORGIA DIAGNOSTIC & CLASSIFICATION CENTER        	2005-03-05 14:50:58.890	2010-01-09 00:02:00.000	1
4433	SDC	GDC	GEORGIA DIAGNOSTIC & CLASSIFICATION CENTER	2003-08-10 11:23:16.927	2010-01-09 00:02:00.000	1
4434	SDC	GEO	GEORGIA DIAGNOSTIC & CLASSIFICATION CENTER	2003-08-10 11:23:16.927	2010-01-09 00:02:00.000	1
4435	SDC	GII	GEORGIA INDUSTRIAL INSTITUTION                    	2005-03-05 14:50:58.890	2010-01-09 00:02:00.000	1
4436	SDC	GNE	GREENE CORRECTIONL INSTITUTION                    	2005-03-05 14:50:58.890	2010-01-09 00:02:00.000	1
4437	SDC	GOO	VIRGINIA CORRECTIONAL CENTER FOR WOMEN            	2005-03-05 14:50:58.890	2010-01-09 00:02:00.000	1
4438	SDC	GRA	C/O SCI GRATERFORD                                	2005-03-05 14:50:58.890	2010-01-09 00:02:00.000	1
4439	SDC	GRE	GREENSVILLE CORRECTIONAL CENTER                   	2005-03-05 14:50:58.890	2010-01-09 00:02:00.000	1
4440	SDC	GSP	GEORGIA STATE PRISON                              	2005-03-05 14:50:58.890	2010-01-09 00:02:00.000	1
4441	SDC	HAD	RIVERS CORRECTIONAL INST.	2003-08-10 11:23:16.927	2010-01-09 00:02:00.000	0
4442	SDC	HAN	HANCOCK CORRECTIONAL INSTITUTION                  	2005-03-05 14:50:58.890	2010-01-09 00:02:00.000	1
4443	SDC	HAR	HARNETT CORRECTIONAL INSTITUTION	2003-08-10 11:23:16.927	2010-01-09 00:02:00.000	0
4444	SDC	HAY	HAYS CORRECTIONAL INST	2003-08-10 11:23:16.927	2010-01-09 00:02:00.000	0
4445	SDC	HLX	HALIFAX CORRECTION CENTER                         	2005-03-05 14:50:58.890	2010-01-09 00:02:00.000	1
4446	SDC	HOK	HOKE CORRECTIONAL INSTITUTION	2003-08-10 11:23:16.927	2010-01-09 00:02:00.000	0
4447	SDC	HRS	HARRIS COUNTY C.I.	2003-08-10 11:23:16.927	2010-01-09 00:02:00.000	0
4448	SDC	HUN	SCI AT RETREAT                                    	2005-03-05 14:50:58.890	2010-01-09 00:02:00.000	1
4449	SDC	HVL	HAYNESVILLE CI                                    	2005-03-05 14:50:58.890	2010-01-09 00:02:00.000	1
4450	SDC	HYS	HAYES CORECTIONAL CENTER                          	2005-03-05 14:50:58.890	2010-01-09 00:02:00.000	1
4451	SDC	IFW	NORTH CAROLINA INSTITUTION FOR WOMEN              	2005-03-05 14:50:58.890	2010-01-09 00:02:00.000	1
4452	SDC	INC	INDIAN CREEK CORRECTIONAL FACILITY                	2005-03-05 14:50:58.890	2010-01-09 00:02:00.000	1
4453	SDC	IRE	IREDEL CORRECTIONAL INSTITUTION                   	2005-03-05 14:50:58.890	2010-01-09 00:02:00.000	1
4454	SDC	JAC	JACKSON COUNTY C.I.	2003-08-10 11:23:16.927	2010-01-09 00:02:00.000	1
4455	SDC	JCI	JOHNSON CORRECTIONAL INSTITUTION                  	2005-03-05 14:50:58.890	2010-01-09 00:02:00.000	1
4456	SDC	JOH	JOHNSTON CORR. INST                               	2005-03-05 14:50:58.890	2010-01-09 00:02:00.000	1
4457	SDC	JRI	JAMES RIVER CORRECTIONAL CENTER                   	2005-03-05 14:50:58.890	2010-01-09 00:02:00.000	1
4458	SDC	KCI	KIRKLAND CORRECTIONAL INSTITUTION	2003-08-10 11:23:16.927	2010-01-09 00:02:00.000	0
4459	SDC	KIL	AL DEP OF CORR, KILBY CORRECTIONAL INSTITUTE      	2005-03-05 14:50:58.890	2010-01-09 00:02:00.000	1
4460	SDC	KMC	KEENE MOUNTAIN CORRECTIONAL CENTER                	2005-03-05 14:50:58.890	2010-01-09 00:02:00.000	1
4461	SDC	LBR	LIEBER CORRECTIONAL INSTITUTION	2003-08-10 11:23:16.927	2010-01-09 00:02:00.000	0
4462	SDC	LCI	LOWNDES CORRECTIONAL INSTITUTE	2003-08-10 11:23:16.927	2010-01-09 00:02:00.000	0
4463	SDC	LEE	LEE CORRECTIONAL INSTITUTE	2003-08-10 11:23:16.927	2010-01-09 00:02:00.000	0
4464	SDC	LER	LEROY CORRECTIONAL CENTER	2003-08-10 11:23:16.927	2010-01-09 00:02:00.000	1
4465	SDC	LEW	C/O LEWISBURG                                     	2005-03-05 14:50:58.890	2010-01-09 00:02:00.000	1
4466	SDC	LIM	LIMESTONE CC                                      	2005-03-05 14:50:58.890	2010-01-09 00:02:00.000	1
4467	SDC	LIN	LINCOLN CORRECTIONAL CENTER                       	2005-03-05 14:50:58.890	2010-01-09 00:02:00.000	1
4468	SDC	LOR	 LORTON CORRECTIONAL FACILITY, DOC                	2005-03-05 14:50:58.890	2010-01-09 00:02:00.000	1
4469	SDC	LOW	LOW SECURITY CORRECTIONAL INSTITUTION	2003-08-10 11:23:16.927	2010-01-09 00:02:00.000	0
4470	SDC	LTH	LEATH CORRECTIONAL INSTITUTION	2003-08-10 11:23:16.927	2010-01-09 00:02:00.000	0
4471	SDC	LUM	LUMBERTON CORRECTIONAL CENTER                     	2005-03-05 14:50:58.890	2010-01-09 00:02:00.000	1
4472	SDC	MAC	MACDOUGALL CORRECTIONAL CENTER	2003-08-10 11:23:16.927	2010-01-09 00:02:00.000	1
4473	SDC	MAF	MARY FRANCIS CORRECTIONAL INSTITUTION	2003-08-10 11:23:16.927	2010-01-09 00:02:00.000	0
4474	SDC	MAN	MANNING CORRECTIONAL INSTITUTION	2003-08-10 11:23:16.927	2010-01-09 00:02:00.000	0
4475	SDC	MAO	CENTRAL CORRECTIONAL INSTITUTE	2003-08-10 11:23:16.927	2010-01-09 00:02:00.000	0
4476	SDC	MAR	MARION CORRECTIONAL INSTITUTION	2003-08-10 11:23:16.927	2010-01-09 00:02:00.000	0
4477	SDC	MAU	EASTERN CORRECTIONAL CENTER	2003-08-10 11:23:16.927	2010-01-09 00:02:00.000	1
4478	SDC	MCC	MCCORMICK CORRECTIONAL INSTITUTION	2003-08-10 11:23:16.927	2010-01-09 00:02:00.000	0
4479	SDC	MCD	MACDOUGALL CORRECTIONAL INSTITUTION               	2005-03-05 14:50:58.890	2010-01-09 00:02:00.000	1
4480	SDC	MCH	MCCAIN CORRECTIONAL HOSPITAL                      	2005-03-05 14:50:58.890	2010-01-09 00:02:00.000	1
4481	SDC	MCK	MECKLENBURG CORRECTIONAL CENTER                   	2005-03-05 14:50:58.890	2010-01-09 00:02:00.000	1
4482	SDC	MCN	MACON CORRECTIONAL INSTITUTION                    	2005-03-05 14:50:58.890	2010-01-09 00:02:00.000	1
4483	SDC	MEN	MEN'S CORRECTIONAL INSTITUTION	2003-08-10 11:23:16.927	2010-01-09 00:02:00.000	0
4484	SDC	MET	METRO CORRECTIONAL INSTITUTION	2003-08-10 11:23:16.927	2010-01-09 00:02:00.000	0
4485	SDC	MGC	MGCI WOMENS CORRECTIONAL INSTITUTION              	2005-03-05 14:50:58.890	2010-01-09 00:02:00.000	1
4486	SDC	MON	MONTGOMERY CORRECTIONAL CENTER                    	2005-03-05 14:50:58.890	2010-01-09 00:02:00.000	1
4487	SDC	MOR	MORRISON YOUTH INSTITUTION                        	2005-03-05 14:50:58.890	2010-01-09 00:02:00.000	1
4488	SDC	MUS	MUSCOGEE C.I.	2003-08-10 11:23:16.927	2010-01-09 00:02:00.000	0
4489	SDC	NAG	CAMPAMENTO PUNTA LIMA	2003-08-10 11:23:16.927	2010-01-09 00:02:00.000	0
4490	SDC	NAS	NASH CORRECTIONAL INSTITUTE                       	2005-03-05 14:50:58.890	2010-01-09 00:02:00.000	1
4491	SDC	NCC	N.C. DEPARTMENT OF CORRECTIONS                    	2005-03-05 14:50:58.890	2010-01-09 00:02:00.000	1
4492	SDC	NCT	NORTH CAROLINA CORRECTIONAL CENTER                	2005-03-05 14:50:58.890	2010-01-09 00:02:00.000	1
4493	SDC	NEU	NEUSE CORRECTIONAL INSTITUTION	2003-08-10 11:23:16.927	2010-01-09 00:02:00.000	0
4494	SDC	NHA	NEW HANOVER CORRECTIONAL CENTER	2003-08-10 11:23:16.927	2010-01-09 00:02:00.000	0
4495	SDC	NOR	NORTH CAROLINA CORRECTIONAL INSTITUTION	2003-08-10 11:23:16.927	2010-01-09 00:02:00.000	1
4496	SDC	NOT	NOTTOWAY CORRECTIONAL CNETER                      	2005-03-05 14:50:58.890	2010-01-09 00:02:00.000	1
4497	SDC	NSV	NASH CORRECTIONAL INSTITUTION                     	2005-03-05 14:50:58.890	2010-01-09 00:02:00.000	1
4498	SDC	NTH	NORTHSIDE CORRECTIONAL CENTER	2003-08-10 11:23:16.927	2010-01-09 00:02:00.000	0
4499	SDC	OCC	OCCOQUAN FACILITY                                 	2005-03-05 14:50:58.890	2010-01-09 00:02:00.000	1
4500	SDC	OCO	OCONEE COUNTY JAIL	2003-08-10 11:23:16.927	2010-01-09 00:02:00.000	0
4501	SDC	ODO	ODOM CORRECTIONAL INSTITUTION	2003-08-10 11:23:16.927	2010-01-09 00:02:00.000	0
4502	SDC	ORA	ORANGE CORRECTIONAL CENTER                        	2005-03-05 14:50:58.890	2010-01-09 00:02:00.000	1
4503	SDC	PEN	PENDER CORRECTIONAL CENTER	2003-08-10 11:23:16.927	2010-01-09 00:02:00.000	0
4504	SDC	PET	PETERSBURG FEDERAL CORRECTIONAL INSTITUTE         	2005-03-05 14:50:58.890	2010-01-09 00:02:00.000	1
4505	SDC	PHI	PHILLIPS CORRECTIONAL INSTITUTION	2003-08-10 11:23:16.927	2010-01-09 00:02:00.000	0
4506	SDC	PIE	PIEDMONT CORRECTIONAL CENTER	2003-08-10 11:23:16.927	2010-01-09 00:02:00.000	0
4507	SDC	POL	POLK CORRECTIONAL CENTER	2003-08-10 11:23:16.927	2010-01-09 00:02:00.000	0
4508	SDC	PON	INSTITUCION REGIONAL DEL SUR	2003-08-10 11:23:16.927	2010-01-09 00:02:00.000	0
4509	SDC	POR	PORTSMOUTH CITY JAIL                              	2005-03-05 14:50:58.890	2010-01-09 00:02:00.000	1
4510	SDC	POW	POWHATAN CORRECTIONAL CENTER                      	2005-03-05 14:50:58.890	2010-01-09 00:02:00.000	1
4511	SDC	PRI	ADMINISTRATION OF CORRECTIONS/PUERTO RICO         	2005-03-05 14:50:58.890	2010-01-09 00:02:00.000	1
4512	SDC	PRY	PERRY CORRECTIONAL CENTER	2003-08-10 11:23:16.927	2010-01-09 00:02:00.000	0
4513	SDC	PUL	PULASKI                                           	2005-03-05 14:50:58.890	2010-01-09 00:02:00.000	1
4514	SDC	PWC	PRINCE WILLIAM COUNTY ADC                         	2005-03-05 14:50:58.890	2010-01-09 00:02:00.000	1
4515	SDC	PYO	POLK YOUTH INSTITUTION                            	2005-03-05 14:50:58.890	2010-01-09 00:02:00.000	1
4516	SDC	QUO	PASQUOTANK C.I.	2003-08-10 11:23:16.927	2010-01-09 00:02:00.000	0
4517	SDC	RAN	RANDOLPH CORRECTIONAL INSTITUTION	2003-08-10 11:23:16.927	2010-01-09 00:02:00.000	0
4518	SDC	RCC	ROCKINGHAM CORRECTIONAL CENTER	2003-08-10 11:23:16.927	2010-01-09 00:02:00.000	1
4519	SDC	RCW	RALEIGH CORRECTIONAL CENTER FOR WOMEN	2003-08-10 11:23:16.927	2010-01-09 00:02:00.000	0
4520	SDC	RDG	RIDGELAND CORRECTIONAL INSTITUTION	2003-08-10 11:23:16.927	2010-01-09 00:02:00.000	0
4521	SDC	RID	RIDGELAND CORRECTIONAL INSTITUTION	2003-08-10 11:23:16.927	2010-01-09 00:02:00.000	0
4522	SDC	RIO	STATE PENITENTIARY	2003-08-10 11:23:16.927	2010-01-09 00:02:00.000	0
4523	SDC	ROB	ROBESON CORRECTIONAL CENTER                       	2005-03-05 14:50:58.890	2010-01-09 00:02:00.000	1
4524	SDC	ROC	C/O SCI ROCKVIEW                                  	2005-03-05 14:50:58.890	2010-01-09 00:02:00.000	1
4525	SDC	ROG	ROGERS CORRECTIONAL INSTITUTION                   	2005-03-05 14:50:58.890	2010-01-09 00:02:00.000	1
4526	SDC	RTD	RUTHERFORD CORRECTIONAL CENTER	2003-08-10 11:23:16.927	2010-01-09 00:02:00.000	0
4527	SDC	RUT	RUTLEDGE CORRECTIONAL INSTITUTION	2003-08-10 11:23:16.927	2010-01-09 00:02:00.000	0
4528	SDC	SAB	SABANA HOYOS CAMP                                 	2005-03-05 14:50:58.890	2010-01-09 00:02:00.000	1
4529	SDC	SAC	SANFORD CORRECTIONAL CENTER                       	2005-03-05 14:50:58.890	2010-01-09 00:02:00.000	1
4530	SDC	SAL	ROWAN CORRECTIONAL CENTER	2003-08-10 11:23:16.927	2010-01-09 00:02:00.000	0
4531	SDC	SAM	SAMPSON CORRECTIONAL CENTER	2003-08-10 11:23:16.927	2010-01-09 00:02:00.000	0
4532	SDC	SAN	SANDHILLS YOUTH CENTER                            	2005-03-05 14:50:58.890	2010-01-09 00:02:00.000	1
4533	SDC	SCC	SAMPSON CORRECTIONAL CENTER	2003-08-10 11:23:16.927	2010-01-09 00:02:00.000	0
4534	SDC	SCI	SUMTER COUNTY CORRECTIONAL INSTITUTE	2003-08-10 11:23:16.927	2010-01-09 00:02:00.000	1
4535	SDC	SCT	SCOTT CORRECTIONAL INSTITUTION                    	2005-03-05 14:50:58.890	2010-01-09 00:02:00.000	1
4536	SDC	SFD	SANFORD CORRECTIONAL CENTER                       	2005-03-05 14:50:58.890	2010-01-09 00:02:00.000	1
4537	SDC	SHA	SCI COAL TOWNSHIP                                 	2005-03-05 14:50:58.890	2010-01-09 00:02:00.000	1
4538	SDC	SMI	SMITH CORRECTIONAL INSTITUTION                    	2005-03-05 14:50:58.890	2010-01-09 00:02:00.000	1
4539	SDC	SOC	SOUTH CAROLINA DEPT OF CORRECTIONS                	2005-03-05 14:50:58.890	2010-01-09 00:02:00.000	1
4540	SDC	SOT	SOUTHERN CORRECTIONAL INST.                       	2005-03-05 14:50:58.890	2010-01-09 00:02:00.000	1
4541	SDC	SOU	SOUTHERN CORRECTIONAL CENTER	2003-08-10 11:23:16.927	2010-01-09 00:02:00.000	1
4542	SDC	STA	STANLY COUNTY JAIL	2003-08-10 11:23:16.927	2010-01-09 00:02:00.000	1
4543	SDC	STB	ST. BRIDES CORRECTIONAL CENTER                    	2005-03-05 14:50:58.890	2010-01-09 00:02:00.000	1
4544	SDC	STO	STOKES CORRECTIONAL CENTER	2003-08-10 11:23:16.927	2010-01-09 00:02:00.000	0
4545	SDC	SUM	SUMTER CITY CORRECTIONAL INSTITUTION              	2005-03-05 14:50:58.890	2010-01-09 00:02:00.000	1
4546	SDC	SYL	FCI. SCHYKLILL                                    	2005-03-05 14:50:58.890	2010-01-09 00:02:00.000	1
4547	SDC	TDG	FCI, TALLADEGA	2003-08-10 11:23:16.927	2010-01-09 00:02:00.000	0
4548	SDC	TEL	TELFAIR CORRECTIONAL INSTITUTION                  	2005-03-05 14:50:58.890	2010-01-09 00:02:00.000	1
4549	SDC	TER	TERRELL CO. CORRECTIONAL INSTITUTION	2003-08-10 11:23:16.927	2010-01-09 00:02:00.000	0
4550	SDC	TIL	TILLERY CORRECTIONAL CENTER                       	2005-03-05 14:50:58.890	2010-01-09 00:02:00.000	1
4551	SDC	TRI	TRIANGLE CORRECTIONAL INSTITUTION	2003-08-10 11:23:16.927	2010-01-09 00:02:00.000	0
4552	SDC	TRO	TROUP COUNTY C.I.	2003-08-10 11:23:16.927	2010-01-09 00:02:00.000	0
4553	SDC	TUR	TURBEVILLE CORRECTIONAL INSTITUTION	2003-08-10 11:23:16.927	2010-01-09 00:02:00.000	0
4554	SDC	UMS	UMSTEAD CORRECTIONAL CENTER                       	2005-03-05 14:50:58.890	2010-01-09 00:02:00.000	1
4555	SDC	VAN	VANCE CORRECTIONAL INSTITUTION                    	2005-03-05 14:50:58.890	2010-01-09 00:02:00.000	1
4556	SDC	VCI	VALDOSTA CORRECTIONAL INSTITUTE	2003-08-10 11:23:16.927	2010-01-09 00:02:00.000	1
4557	SDC	VSP	VIRGINIA STATE PENITENTIARY                       	2005-03-05 14:50:58.890	2010-01-09 00:02:00.000	1
4558	SDC	WAK	WAKE CORRECTIONAL CENTER	2003-08-10 11:23:16.927	2010-01-09 00:02:00.000	1
4559	SDC	WAL	WALKER CORRECTIONAL INSTITUTION                   	2005-03-05 14:50:58.890	2010-01-09 00:02:00.000	1
4560	SDC	WAR	WARE CORRECTIONAL INSTITUTION	2003-08-10 11:23:16.927	2010-01-09 00:02:00.000	1
4561	SDC	WAT	WATERBEE CORRECTIONAL INSTITUTION                 	2005-03-05 14:50:58.890	2010-01-09 00:02:00.000	1
4562	SDC	WAY	WAYNE CORRECTIONAL INSTITUTE	2003-08-10 11:23:16.927	2010-01-09 00:02:00.000	1
4563	SDC	WCC	WOMEN'S CORRECTIONAL CENTER	2003-08-10 11:23:16.927	2010-01-09 00:02:00.000	1
4564	SDC	WCI	WOMRN'S CORRECTIONAL INSTITUTION                  	2005-03-05 14:50:58.890	2010-01-09 00:02:00.000	1
4565	SDC	WCP	WEST CENTRAL PRISON	2003-08-10 11:23:16.927	2010-01-09 00:02:00.000	0
4566	SDC	WDC	WILLIAM DONALDSON CORRECTIONAL FACILITY           	2005-03-05 14:50:58.890	2010-01-09 00:02:00.000	1
4567	SDC	WES	WESTERN YOUTH INSTITUTION	2003-08-10 11:23:16.927	2010-01-09 00:02:00.000	0
4568	SDC	WHI	WHITEVILLE PRISON UNIT	2003-08-10 11:23:16.927	2010-01-09 00:02:00.000	0
4569	SDC	WIL	WILCOX C.I.                                       	2005-03-05 14:50:58.890	2010-01-09 00:02:00.000	1
4570	SDC	WLD	WALDEN CORRECTIONAL INSTITUTION	2003-08-10 11:23:16.927	2010-01-09 00:02:00.000	0
4571	SDC	WLK	WILKES CORRECTIONAL CENTER	2003-08-10 11:23:16.927	2010-01-09 00:02:00.000	0
4572	SDC	WNE	WAYNE CORRECTIONAL                                	2005-03-05 14:50:58.890	2010-01-09 00:02:00.000	1
4573	SDC	WOM	NC CORR. INSTITUTION FOR WOMEN	2003-08-10 11:23:16.927	2010-01-09 00:02:00.000	1
4574	SDC	WRE	WATEREE RIVER C.I.	2003-08-10 11:23:16.927	2010-01-09 00:02:00.000	0
4575	SDC	WRN	WARREN CORRECTIONAL CENTER	2003-08-10 11:23:16.927	2010-01-09 00:02:00.000	0
4576	SDC	WSH	WASHINGTON CORRECTIONAL INSTITUTE                 	2005-03-05 14:50:58.890	2010-01-09 00:02:00.000	1
4577	SDC	YAD	YADKIN CORRECTIONAL CENTER	2003-08-10 11:23:16.927	2010-01-09 00:02:00.000	0
4578	SDC	YDC	YOUTH CENTER, DISTRICT OF COLUMBIA                	2005-03-05 14:50:58.890	2010-01-09 00:02:00.000	1
4579	SDC	YKN	YADKIN CORRECTIONAL CENTER                        	2005-03-05 14:50:58.890	2010-01-09 00:02:00.000	1
2896	SEA	???	?????????????????                                 	2005-03-05 14:50:58.890		1
511	SEA	AWH	AIRWAY HEIGHTS	2003-08-10 11:23:16.927		1
512	SEA	BCJ	BONNEVILLE COUNTY JAIL	2003-08-10 11:23:16.927		1
513	SEA	CAZ	CENTRAL ARIZONA DETENTION CENTER	2003-08-10 11:23:16.927		1
514	SEA	CBC	CLALLUM BAY CORRECTIONAL CENTER	2003-08-10 11:23:16.927		1
515	SEA	CCC	CEDAR CREEK CORRECTION CENTER	2003-08-10 11:23:16.927		1
516	SEA	CIP	COOK INLET PRETRIAL FACILITY	2003-08-10 11:23:16.927		1
517	SEA	CRC	COYOTE RIDGE CORRECTIONS CENTER	2003-08-10 11:23:16.927		1
518	SEA	CWC	CLEARWATER CORRECTIONAL CENTER	2003-08-10 11:23:16.927		1
519	SEA	EOC	EASTERN OREGON CORRECTIONAL INSTITUTION	2003-08-10 11:23:16.927		1
520	SEA	FCC	FAIRBANKS CORRECTIONAL CENTER	2003-08-10 11:23:16.927		1
2897	SEA	FLO	FLORENCE CORRECTIONAL CENTER                      	2005-03-05 14:50:58.890		1
521	SEA	HIG	HIGHLAND MOUNTAIN CORRECTIONAL FACILITY	2003-08-10 11:23:16.927		1
2898	SEA	ICC	ICC                                               	2005-03-05 14:50:58.890		1
522	SEA	ICO	IDAHO STATE CORRECTIONAL INST. AT OROFINO	2003-08-10 11:23:16.927		1
523	SEA	IMS	IDAHO MAXIMUM SECURITY INSTITUTION	2003-08-10 11:23:16.927		1
524	SEA	IRC	INDIAN RIDGE CORRECTION CENTER	2003-08-10 11:23:16.927		1
525	SEA	ISC	IDAHO STATE CORRECTIONAL INSTITUTION	2003-08-10 11:23:16.927		1
526	SEA	ISP	IDAHO STATE PENITENTIARY	2003-08-10 11:23:16.927		1
527	SEA	KCC	KETICHIKAN CORRECTIONAL CENTER	2003-08-10 11:23:16.927		1
528	SEA	LAR	LARCH CORRECTIONAL CORRECTIONAL CENTER	2003-08-10 11:23:16.927		1
529	SEA	LEM	LEMON CREEK CORRECTIONAL CENTER	2003-08-10 11:23:16.927		1
530	SEA	MCC	MEADOW CREEK CORRECTIONAL CENTER	2003-08-10 11:23:16.927		1
531	SEA	MCF	MARION COUNTY CORRECTIONS FACILITY	2003-08-10 11:23:16.927		1
532	SEA	MNI	MCNEIL ISLAND CORRECTIONAL CENTER	2003-08-10 11:23:16.927		1
533	SEA	MSP	MONTANA STATE PRISON	2003-08-10 11:23:16.927		1
534	SEA	MWC	MONTANA WOMEN'S CORRECTIONAL CENTER	2003-08-10 11:23:16.927		1
535	SEA	NIC	NORTH IDAHO CORRECTIONAL INSTITUTE	2003-08-10 11:23:16.927		1
536	SEA	NNC	NORTHERN NEVADA CORR. CTR.	2003-08-10 11:23:16.927		1
537	SEA	OCJ	OWYHEE COUNTY JAIL	2003-08-10 11:23:16.927		1
538	SEA	OLY	OLYMPIC CORRECTION FACILITY	2003-08-10 11:23:16.927		1
539	SEA	ORO	IDAHO CORRECTIONAL INSTITUTION-OROFINO	2003-08-10 11:23:16.927		1
540	SEA	OSC	OREGON STATE CORRECTIONAL INSTITUTION	2003-08-10 11:23:16.927		1
541	SEA	OSP	OREGONA STATE PENITENTIARY	2003-08-10 11:23:16.927		1
542	SEA	OWC	OREGON WOMEN'S CORRECTIONAL INST.	2003-08-10 11:23:16.927		1
543	SEA	PAL	PALMER CORRECTIONAL CENTER	2003-08-10 11:23:16.927		1
544	SEA	PLC	PINE LODGE CORRECTIONAL CENTER	2003-08-10 11:23:16.927		1
545	SEA	PLR	PINE LODGE PRE-RELEASE	2003-08-10 11:23:16.927		1
546	SEA	PUR	PURDY TREATMENT CENTER FOR WOMEN	2003-08-10 11:23:16.927		1
547	SEA	SIC	SOUTH IDAHO CORRECTIONAL INSTITUTION	2003-08-10 11:23:16.927		1
548	SEA	SIX	SIXTH AVENUE CORRECTIONAL CENTER	2003-08-10 11:23:16.927		1
549	SEA	SOC	SPECIAL OFFENDER CENTER	2003-08-10 11:23:16.927		1
550	SEA	SPR	SPRING CREEK CORRECTIONAL CENTER	2003-08-10 11:23:16.927		1
551	SEA	SRC	SNAKE RIVER CORRECTIONAL INSTITUTION	2003-08-10 11:23:16.927		1
552	SEA	STA	STAFFORD CREEK CORRECTIONS CENTER	2003-08-10 11:23:16.927		1
553	SEA	TNN	TENNESSEE DEPT. OF CORRECTIONS	2003-08-10 11:23:16.927		1
554	SEA	TWC	TWIN RIVERS CORRECTIONAL CENTER	2003-08-10 11:23:16.927		1
555	SEA	WCC	WILDWOOD CORRECTIONAL CENTER	2003-08-10 11:23:16.927		1
556	SEA	WCJ	WASHINGTON COUNTY JAIL	2003-08-10 11:23:16.927		1
557	SEA	WCW	WASHINGTON CORRECTIONS CENTER FOR WOMEN	2003-08-10 11:23:16.927		1
558	SEA	WSC	WASHINGTON STATE CORRECTIONAL CENTER	2003-08-10 11:23:16.927		1
559	SEA	WSP	WASHINGTON STATE PENITENTIARY	2003-08-10 11:23:16.927		1
560	SEA	WSR	WASHINGTON STATE REFORMATORY	2003-08-10 11:23:16.927		1
561	SEA	WST	WASHINGTON STATE CORRECTIONAL CTR.-TRAINING CENTER	2003-08-10 11:23:16.927		1
562	SFR	PLE	FCI	2003-08-10 11:23:16.927		1
563	SFR	SNQ	CALIFORNIA DEPARTMENT OF CORRECTIONS	2003-08-10 11:23:16.927		1
2899	SNA	EDC	EDEN DETENTION CENTER                             	2005-03-05 14:50:58.890		1
564	SND	GUA	DEPARTMENT OF CORRECTIONS	2003-08-10 11:23:16.927		1
565	SND	HAL	HALAWA MEDIUM SECURITY FACILITY	2003-08-10 11:23:16.927		1
566	SND	KAI	WOMEN'S COMMUNITY CORRECTION CENTER	2003-08-10 11:23:16.927		1
567	SND	KAU	KAUAI COMMUNITY CORRECTIONAL CENTER	2003-08-10 11:23:16.927		1
568	SND	KUL	KULANI CORRECTIONAL FACILITY	2003-08-10 11:23:16.927		1
569	SND	MAU	MAUI COMMUNITY CORRECTIONAL CENTER	2003-08-10 11:23:16.927		1
570	SND	OAH	OAHU COMMUNITY CORRECTIONAL CENTER	2003-08-10 11:23:16.927		1
571	SND	WAI	WAIAWA CORRECTIONAL FACILITY	2003-08-10 11:23:16.927		1
572	SPD	TIP	TERMINAL ISLAND FEDRAL CORRECTIONAL INSTITUTION	2003-08-10 11:23:16.927		1
3273	TAC	???	?????????????????                                 	2005-03-05 14:50:58.890		0
3274	TAC	AWH	AIRWAY HEIGHTS	2003-08-10 11:23:16.927		0
3275	TAC	BCJ	BONNEVILLE COUNTY JAIL	2003-08-10 11:23:16.927		0
3276	TAC	CAZ	CENTRAL ARIZONA DETENTION CENTER	2003-08-10 11:23:16.927		0
3277	TAC	CBC	CLALLUM BAY CORRECTIONAL CENTER	2003-08-10 11:23:16.927		0
3278	TAC	CCC	CEDAR CREEK CORRECTION CENTER	2003-08-10 11:23:16.927		0
3279	TAC	CIP	COOK INLET PRETRIAL FACILITY	2003-08-10 11:23:16.927		0
3280	TAC	CRC	COYOTE RIDGE CORRECTIONS CENTER	2003-08-10 11:23:16.927		0
3281	TAC	CWC	CLEARWATER CORRECTIONAL CENTER	2003-08-10 11:23:16.927		0
3282	TAC	EOC	EASTERN OREGON CORRECTIONAL INSTITUTION	2003-08-10 11:23:16.927		0
3283	TAC	FCC	FAIRBANKS CORRECTIONAL CENTER	2003-08-10 11:23:16.927		0
3284	TAC	FLO	FLORENCE CORRECTIONAL CENTER                      	2005-03-05 14:50:58.890		0
3285	TAC	HIG	HIGHLAND MOUNTAIN CORRECTIONAL FACILITY	2003-08-10 11:23:16.927		0
3286	TAC	ICC	ICC                                               	2005-03-05 14:50:58.890		0
3287	TAC	ICO	IDAHO STATE CORRECTIONAL INST. AT OROFINO	2003-08-10 11:23:16.927		0
3288	TAC	IMS	IDAHO MAXIMUM SECURITY INSTITUTION	2003-08-10 11:23:16.927		0
3289	TAC	IRC	INDIAN RIDGE CORRECTION CENTER	2003-08-10 11:23:16.927		0
3290	TAC	ISC	IDAHO STATE CORRECTIONAL INSTITUTION	2003-08-10 11:23:16.927		0
3291	TAC	ISP	IDAHO STATE PENITENTIARY	2003-08-10 11:23:16.927		0
3292	TAC	KCC	KETICHIKAN CORRECTIONAL CENTER	2003-08-10 11:23:16.927		0
3293	TAC	LAR	LARCH CORRECTIONAL CORRECTIONAL CENTER	2003-08-10 11:23:16.927		0
3294	TAC	LEM	LEMON CREEK CORRECTIONAL CENTER	2003-08-10 11:23:16.927		0
3295	TAC	MCC	MEADOW CREEK CORRECTIONAL CENTER	2003-08-10 11:23:16.927		0
3296	TAC	MCF	MARION COUNTY CORRECTIONS FACILITY	2003-08-10 11:23:16.927		0
3297	TAC	MNI	MCNEIL ISLAND CORRECTIONAL CENTER	2003-08-10 11:23:16.927		0
3298	TAC	MSP	MONTANA STATE PRISON	2003-08-10 11:23:16.927		0
3299	TAC	MWC	MONTANA WOMEN'S CORRECTIONAL CENTER	2003-08-10 11:23:16.927		0
3300	TAC	NIC	NORTH IDAHO CORRECTIONAL INSTITUTE	2003-08-10 11:23:16.927		0
3301	TAC	NNC	NORTHERN NEVADA CORR. CTR.	2003-08-10 11:23:16.927		0
3302	TAC	OCJ	OWYHEE COUNTY JAIL	2003-08-10 11:23:16.927		0
3303	TAC	OLY	OLYMPIC CORRECTION FACILITY	2003-08-10 11:23:16.927		0
3304	TAC	ORO	IDAHO CORRECTIONAL INSTITUTION-OROFINO	2003-08-10 11:23:16.927		0
3305	TAC	OSC	OREGON STATE CORRECTIONAL INSTITUTION	2003-08-10 11:23:16.927		0
3306	TAC	OSP	OREGONA STATE PENITENTIARY	2003-08-10 11:23:16.927		0
3307	TAC	OWC	OREGON WOMEN'S CORRECTIONAL INST.	2003-08-10 11:23:16.927		0
3308	TAC	PAL	PALMER CORRECTIONAL CENTER	2003-08-10 11:23:16.927		0
3309	TAC	PLC	PINE LODGE CORRECTIONAL CENTER	2003-08-10 11:23:16.927		0
3310	TAC	PLR	PINE LODGE PRE-RELEASE	2003-08-10 11:23:16.927		0
3311	TAC	PUR	PURDY TREATMENT CENTER FOR WOMEN	2003-08-10 11:23:16.927		0
3312	TAC	SIC	SOUTH IDAHO CORRECTIONAL INSTITUTION	2003-08-10 11:23:16.927		0
3313	TAC	SIX	SIXTH AVENUE CORRECTIONAL CENTER	2003-08-10 11:23:16.927		0
3314	TAC	SOC	SPECIAL OFFENDER CENTER	2003-08-10 11:23:16.927		0
3315	TAC	SPR	SPRING CREEK CORRECTIONAL CENTER	2003-08-10 11:23:16.927		0
3316	TAC	SRC	SNAKE RIVER CORRECTIONAL INSTITUTION	2003-08-10 11:23:16.927		0
3317	TAC	STA	STAFFORD CREEK CORRECTIONS CENTER	2003-08-10 11:23:16.927		0
3318	TAC	TNN	TENNESSEE DEPT. OF CORRECTIONS	2003-08-10 11:23:16.927		0
3319	TAC	TWC	TWIN RIVERS CORRECTIONAL CENTER	2003-08-10 11:23:16.927		0
3320	TAC	WCC	WILDWOOD CORRECTIONAL CENTER	2003-08-10 11:23:16.927		0
3321	TAC	WCJ	WASHINGTON COUNTY JAIL	2003-08-10 11:23:16.927		0
3322	TAC	WCW	WASHINGTON CORRECTIONS CENTER FOR WOMEN	2003-08-10 11:23:16.927		0
3323	TAC	WSC	WASHINGTON STATE CORRECTIONAL CENTER	2003-08-10 11:23:16.927		0
3324	TAC	WSP	WASHINGTON STATE PENITENTIARY	2003-08-10 11:23:16.927		0
3325	TAC	WSR	WASHINGTON STATE REFORMATORY	2003-08-10 11:23:16.927		0
3326	TAC	WST	WASHINGTON STATE CORRECTIONAL CTR.-TRAINING CENTER	2003-08-10 11:23:16.927		0
2900	TUC	ACW	ARIZONA STATE PRISON - ARIZONA CENTER FOR WOMEN   	2005-03-05 14:50:58.890		1
2901	TUC	ALH	ARIZONA STATE PRISON - ALHAMBRA UNIT              	2005-03-05 14:50:58.890		1
2902	TUC	APU	ARIZONA STATE PRISON - APACHE UNIT                	2005-03-05 14:50:58.890		1
2903	TUC	ASP	ARIZONA STATE PRISON - ASPEN UNIT                 	2005-03-05 14:50:58.890		1
2904	TUC	CB6	ARIZONA STATE PRISON - CB6                        	2005-03-05 14:50:58.890		1
2905	TUC	CCC	CARLIN CONSERVATION CAMP; ATTN:  AWP/FAC. MGR.    	2005-03-05 14:50:58.890		1
2906	TUC	CDN	ARIZONA STATE PRISON - COMPLEX DETENTION          	2005-03-05 14:50:58.890		1
2907	TUC	CDU	ARIZONA STATE PRISON - COMPLEX DETENTION          	2005-03-05 14:50:58.890		1
2908	TUC	CIM	ARIZONA STATE PRISON - CIMARRON UNIT              	2005-03-05 14:50:58.890		1
2909	TUC	COC	ARIZONA STATE PRISON - COCHISE UNIT               	2005-03-05 14:50:58.890		1
2910	TUC	COK	ARIZONA STATE PRISON - COOK UNIT                  	2005-03-05 14:50:58.890		1
2911	TUC	COR	ARIZONA STATE PRISON - CORONADO UNIT              	2005-03-05 14:50:58.890		1
2912	TUC	CU 	ARIZONA STATE PRISON - CENTRAL UNIT               	2005-03-05 14:50:58.890		1
2913	TUC	DOC	ARIZONA DEPARTMENT OF CORRECTIONS                 	2005-03-05 14:50:58.890		1
2914	TUC	ECC	ELY CONSERVATION CAMP; ATTN:  AWP/FAC. MGR.       	2005-03-05 14:50:58.890		1
2915	TUC	ECH	ARIZONA STATE PRISON - ECHO UNIT                  	2005-03-05 14:50:58.890		1
2916	TUC	ESP	ELY STATE PRISON; ATTN:  AWP/FAC. MGR.            	2005-03-05 14:50:58.890		1
2917	TUC	EU 	ARIZONA STATE PRISON - EAST UNIT                  	2005-03-05 14:50:58.890		1
2918	TUC	FTG	ARIZONA STATE PRISON - FT. GRANT                  	2005-03-05 14:50:58.890		1
2919	TUC	GIL	ARIZONA STATE PRISON - GILA UNIT                  	2005-03-05 14:50:58.890		1
2920	TUC	GLO	ARIZONA STATE PRISON - GLOBE                      	2005-03-05 14:50:58.890		1
2921	TUC	HCC	HUMBOLDT CONSERVATION CAMP; ATTN:  AWP/FAC. MGR.  	2005-03-05 14:50:58.890		1
2922	TUC	ISC	INDIAN SPGS. CONSERVATION CAMP; ATTN: AWP/FAC. MGR	2005-03-05 14:50:58.890		1
2923	TUC	JCC	JEAN CONSERVATION CAMP; ATTN:  AWP/FAC. MGR.      	2005-03-05 14:50:58.890		1
2924	TUC	KAI	ARIZONA STATE PRISON - KAIBAB UNIT                	2005-03-05 14:50:58.890		1
2925	TUC	LCC	LOVELOCK CORRECTIONAL CENTER; ATTN:  AWP/FAC. MGR.	2005-03-05 14:50:58.890		1
2926	TUC	MAN	ARIZONA STATE PRISON - MANZANITA UNIT             	2005-03-05 14:50:58.890		1
2927	TUC	MAR	MARANA COMMUNITY CORRECTIONAL TREATMENT CENTER    	2005-03-05 14:50:58.890		1
2928	TUC	MEA	ARIZONA STATE PRISON - MEADOWS UNIT               	2005-03-05 14:50:58.890		1
2929	TUC	MOH	ARIZONA STATE PRISON - MOHAVE UNIT                	2005-03-05 14:50:58.890		1
2930	TUC	NNC	NORTHERN NEV. CRTNL CENTER; ATTN:  AWP/FAC. MGR.  	2005-03-05 14:50:58.890		1
2931	TUC	NO1	ARIZONA STATE PRISON - NORTH UNIT 1               	2005-03-05 14:50:58.890		1
2932	TUC	NO2	ARIZONA STATE PRISON - NORTH UNIT 2               	2005-03-05 14:50:58.890		1
2933	TUC	NSP	NEVADA STATE PRISON; ATTN:  AWP/FAC. MGR.         	2005-03-05 14:50:58.890		1
2934	TUC	NWC	NEV. WOMEN'S CRCTNL. CENTER; ATTN:  AWP/FAC. MGR. 	2005-03-05 14:50:58.890		1
2935	TUC	PAP	ARIZONA STATE PRISON - PAPAGO UNIT                	2005-03-05 14:50:58.890		1
2936	TUC	PCC	PIOCHE CONSERVATION CAMP;  ATTN:  AWP/FAC. MGR.   	2005-03-05 14:50:58.890		1
2937	TUC	PHW	ARIZONA STATE PRISON - C/O LAURA LEIST            	2005-03-05 14:50:58.890		1
2938	TUC	PIC	ARIZONA STATE PRISON - PICACHO WORK CENTER        	2005-03-05 14:50:58.890		1
2939	TUC	RIN	ARIZONA STATE PRISON - RINCON UNIT                	2005-03-05 14:50:58.890		1
2940	TUC	RYN	ARIZONA STATE PRISON - RYNNING UNIT               	2005-03-05 14:50:58.890		1
2941	TUC	SAF	ARIZONA STATE PRISON - SAFFORD                    	2005-03-05 14:50:58.890		1
2942	TUC	SC 	ARIZONA STATE PRISON - SANTA CRUZ UNIT            	2005-03-05 14:50:58.890		1
2943	TUC	SCC	STEWART CONSERVATION CAMP; ATTN:  AWP/FAC. MGR.   	2005-03-05 14:50:58.890		1
2944	TUC	SDC	SOUTHERN DESERT CRTNL CNTR.; ATTN:  AWP/FAC. MGR. 	2005-03-05 14:50:58.890		1
2945	TUC	SJ 	ARIZONA STATE PRISON - SAN JUAN UNIT              	2005-03-05 14:50:58.890		1
2946	TUC	SMF	ARIZONA STATE PRISON - SANTA MARIA UNIT           	2005-03-05 14:50:58.890		1
2947	TUC	SMU	ARIZONA STATE PRISON - SPECIAL MANAGEMENT UNIT 1  	2005-03-05 14:50:58.890		1
2948	TUC	SNC	SOUTHERN NEV. CRCTNL CENTER; ATTN:  AWP/FAC. MGR. 	2005-03-05 14:50:58.890		1
2949	TUC	SNR	ARIZONA STATE PRISON - SANTA RITA UNIT            	2005-03-05 14:50:58.890		1
2950	TUC	SP 	ARIZONA STATE PRISON - SAN PEDRO UNIT             	2005-03-05 14:50:58.890		1
2951	TUC	SPU	ARIZONA STATE PRISON - SPECIAL PROGRAM UNIT       	2005-03-05 14:50:58.890		1
2952	TUC	SRC	SOUTHERN NEV. REST. CENTER; ATTN:  AWP/FAC. MGR.  	2005-03-05 14:50:58.890		1
2953	TUC	SSC	SILVER SPGS CONSERVATION CAMP; ATTN:  AWP/FAC. MGR	2005-03-05 14:50:58.890		1
2954	TUC	SU 	ARIZONA STATE PRISON - SOUTH UNIT                 	2005-03-05 14:50:58.890		1
2955	TUC	SUM	ARIZONA STATE PRISON - SPECIAL MANAGEMENT UNIT 2  	2005-03-05 14:50:58.890		1
2956	TUC	TCC	TONOPAH CONSERVATION CAMP; ATTN:  AWP/FAC. MGR.   	2005-03-05 14:50:58.890		1
2957	TUC	TON	ARIZONA STATE PRISON - TONTO UNIT                 	2005-03-05 14:50:58.890		1
2958	TUC	WCC	WELLS CONSERVATION CAMP; ATTN:  AWP/FAC. MGR.     	2005-03-05 14:50:58.890		1
2959	TUC	WIN	ARIZONA STATE PRISON - WINCHESTER UNIT            	2005-03-05 14:50:58.890		1
2960	TUC	YUM	ARIZONA DEPARTMENT OF CORRECTIONS - YUMA COMPLEX  	2005-03-05 14:50:58.890		1
573	ULS	ADI	ADIRONDACK CORRECTIONAL FACILITY	2003-08-10 11:23:16.927		0
574	ULS	AKL	ARTHUR KILL CORRECTIONAL FACILITY	2003-08-10 11:23:16.927		0
575	ULS	ALB	ALBION CORRECTIONAL FACILITY	2003-08-10 11:23:16.927		1
576	ULS	ALT	ALTONA CORRECTIONAL FACILITY	2003-08-10 11:23:16.927		0
577	ULS	ATT	ATTICA CORRECTIONAL FACILITY	2003-08-10 11:23:16.927		0
578	ULS	AUB	AUBURN CORRECTIONAL FACILITY	2003-08-10 11:23:16.927		0
579	ULS	BAR	BARE HILL CORRECTIONAL FACILITY	2003-08-10 11:23:16.927		0
580	ULS	BAY	BAYVIEW CORRECTIONAL FACILITY	2003-08-10 11:23:16.927		0
581	ULS	BEA	BEACON CORRECTIONAL FACILITY	2003-08-10 11:23:16.927		1
582	ULS	BED	BEDFORD HILLS CORRECTIONAL FACILITY	2003-08-10 11:23:16.927		1
583	ULS	BUA	BUTLER ASACTC	2003-08-10 11:23:16.927		1
584	ULS	BUF	BUFFALO CORRECTIONAL FACILITY	2003-08-10 11:23:16.927		1
585	ULS	BUS	BUTLER SHOCK INCARCERATION FACILITY	2003-08-10 11:23:16.927		1
586	ULS	BUT	BUTLER CORRECTIONAL FACILTIY	2003-08-10 11:23:16.927		1
587	ULS	CAG	CAMP GABRIELS	2003-08-10 11:23:16.927		1
588	ULS	CAY	CAYUGA CORRECTIONAL FACILITY	2003-08-10 11:23:16.927		0
589	ULS	CGT	CAMP GEORGETOWN	2003-08-10 11:23:16.927		0
590	ULS	CHA	CHATEAUGAY ASACTC	2003-08-10 11:23:16.927		0
591	ULS	CLI	CLINTON CORRECTIONAL FACILITY	2003-08-10 11:23:16.927		0
592	ULS	COL	COLLINS CORRECTIONAL FACILITY	2003-08-10 11:23:16.927		0
593	ULS	COX	COXSACKIE CORRECTIOANL FACILITY	2003-08-10 11:23:16.927		0
594	ULS	CPH	CAMP PHARSALIA	2003-08-10 11:23:16.927		0
595	ULS	CVI	CAPE VINCENT CORRECTIONAL FACILITY	2003-08-10 11:23:16.927		0
596	ULS	DOW	DOWNSTATE CORRECTIONAL FACILITY	2003-08-10 11:23:16.927		0
597	ULS	EAS	EASTERN CORRECTIONAL FACILITY	2003-08-10 11:23:16.927		0
598	ULS	EDG	EDGECOMBE CORRECTIONAL FACILITY	2003-08-10 11:23:16.927		0
599	ULS	ELM	ELMIRA CORRECTIONAL FACILITY	2003-08-10 11:23:16.927		0
600	ULS	FIS	FISHKILL CORRECTIONAL FACILITY	2003-08-10 11:23:16.927		0
601	ULS	FIV	FIVE POINTS CORRECTIONAL FACILITY	2003-08-10 11:23:16.927		1
602	ULS	FRA	FRANKLIN CORRECTIONAL FACILITY	2003-08-10 11:23:16.927		0
603	ULS	FUL	FULTON CORRECTIONAL FACILITY	2003-08-10 11:23:16.927		0
604	ULS	GHN	GREEN HAVEN CORRECTIONAL FACILITY	2003-08-10 11:23:16.927		0
605	ULS	GMW	GREAT MEADOW CORRECTIONAL FACILITY	2003-08-10 11:23:16.927		0
606	ULS	GOU	GOUVERNEUR CORRECTIONAL FACILITY	2003-08-10 11:23:16.927		0
607	ULS	GOW	GOWANDA CORRECTIONAL FACILITY	2003-08-10 11:23:16.927		1
608	ULS	GRE	GREENE CORRECTIONAL FACILITY	2003-08-10 11:23:16.927		0
609	ULS	GRO	GROVELAND CORRECTIONAL FACILITY	2003-08-10 11:23:16.927		0
610	ULS	HAL	HALE CREEK ASACTC	2003-08-10 11:23:16.927		1
611	ULS	HUD	HUDSON  CORRECTIONAL FACILITY	2003-08-10 11:23:16.927		0
612	ULS	LAK	LAKEVIEW SHOCK INCARCERATION FACILITY	2003-08-10 11:23:16.927		0
613	ULS	LIN	LINCOLN CORRECTIONAL FACILITY	2003-08-10 11:23:16.927		0
614	ULS	LIV	LIVINGSTON CORRECTIONAL FACILITY	2003-08-10 11:23:16.927		0
615	ULS	LYO	LYONS MOUNTAIN CORRECTIONAL FACILITY	2003-08-10 11:23:16.927		0
616	ULS	MAR	MARCY CORRECTIONAL FACILITY	2003-08-10 11:23:16.927		1
617	ULS	MMG	MOUNT MCGREGOR CORRECTIONAL FACILITY	2003-08-10 11:23:16.927		0
618	ULS	MOE	MID-ORANGE CORRECTIONAL FACILITY	2003-08-10 11:23:16.927		0
619	ULS	MOH	MOHAWK CORRECTIONAL FACILITY	2003-08-10 11:23:16.927		0
620	ULS	MON	MONTEREY SHOCK INCARCERATION FACILITY	2003-08-10 11:23:16.927		1
621	ULS	MOR	MORIAH SHOCK INCARCERATION FACILITY	2003-08-10 11:23:16.927		1
622	ULS	MST	MID-STATE CORRECTIONAL FACILITY	2003-08-10 11:23:16.927		0
623	ULS	OGB	OGDENSBURG CORRECTIONAL FACILITY	2003-08-10 11:23:16.927		0
624	ULS	ONE	ONEIDA CORRECTIONAL FACILITY	2003-08-10 11:23:16.927		0
625	ULS	ORL	ORLEANS CORRECTIONAL FACILITY	2003-08-10 11:23:16.927		0
626	ULS	OTI	OTISVILLE CORRECTIONAL FACILITY	2003-08-10 11:23:16.927		0
627	ULS	PAR	PARKSIDE CORRECTIONAL FACILITY	2003-08-10 11:23:16.927		0
628	ULS	PHA	CAMP PHARSALIA	2003-08-10 11:23:16.927		1
629	ULS	QUE	QUEENSBORO CORRECTIONAL FACILITY	2003-08-10 11:23:16.927		0
630	ULS	RIV	RIVERVIEW CORRECTIONAL FACILITY	2003-08-10 11:23:16.927		0
631	ULS	ROC	ROCHESTER CORRECTIONAL FACILITY	2003-08-10 11:23:16.927		0
632	ULS	SHA	SHAWANGUNK CORRECTIONAL FACILITY	2003-08-10 11:23:16.927		0
633	ULS	SIN	SING SING CORRECTIONAL FACILITY	2003-08-10 11:23:16.927		1
634	ULS	SOU	SOUTHPORT CORRECTIONAL FACILITY	2003-08-10 11:23:16.927		0
635	ULS	SUL	SULLIVAN CORRECTIONAL FACILITY	2003-08-10 11:23:16.927		0
636	ULS	SUM	SUMMIT SHOCK INCARCERATION FACILITY	2003-08-10 11:23:16.927		1
637	ULS	TAC	TACONIC CORRECTIONAL FACILITY	2003-08-10 11:23:16.927		0
638	ULS	ULS	ULSTER CORRECTIONAL FACILITY	2003-08-10 11:23:16.927		0
639	ULS	UPS	UPSTATE CORRECTIONAL FACILITY	2003-08-10 11:23:16.927		1
640	ULS	WAL	WALLKILL CORRECTIONAL FACILITY	2003-08-10 11:23:16.927		0
641	ULS	WAS	WASHINGTON CORRECTIONAL FACILITY	2003-08-10 11:23:16.927		0
642	ULS	WAT	WATERTOWN CORRECTIONAL FACILITY	2003-08-10 11:23:16.927		0
643	ULS	WEN	WENDE CORRECTIONAL FACILITY	2003-08-10 11:23:16.927		0
644	ULS	WIL	WILLARD DRUG TREATMENT CAMPUS	2003-08-10 11:23:16.927		1
1068	ULS	WLS	WALSH MEDICAL CENTER	2003-08-10 11:23:16.927		1
1069	ULS	WOO	WOODBURNE CORRECTIONAL FACILITY	2003-08-10 11:23:16.927		1
1070	ULS	WYO	WYOMING CORRECTIONAL FACILITY	2003-08-10 11:23:16.927		0
2961	WAS	.LC	ST. LOUIS CORRECTIONAL FACILITY                   	2005-03-05 14:50:58.890		1
1071	WAS	ACU	APPALACHIAN CORRECTIONL UNIT #29	2003-08-10 11:23:16.927		1
2962	WAS	ADR	ADRIAN TEMPORARY FACILITY                         	2005-03-05 14:50:58.890		1
1072	WAS	AIK	AIKEN CORRECTIONAL CENTER	2003-08-10 11:23:16.927		0
1073	WAS	ALA	C/O WARDEN KILBY CORRECTIONS FACILITY	2003-08-10 11:23:16.927		1
1074	WAS	ALB	ALBANY TRANSITIONAL CENTER	2003-08-10 11:23:16.927		0
1075	WAS	ALD	ALDERSON FEDERAL CORRECTIONAL INSTITUTE	2003-08-10 11:23:16.927		0
1076	WAS	ALL	ALLENDALE CORRECTIONAL INSTITUTION	2003-08-10 11:23:16.927		1
2963	WAS	ALN	ALLEN CORRECTIONAL INSTITUTE                      	2005-03-05 14:50:58.890		1
1077	WAS	ALW	LFCI ALLENWOOD	2003-08-10 11:23:16.927		0
1078	WAS	AND	ANDERSON COUNTY DETENTION CENTER	2003-08-10 11:23:16.927		0
1079	WAS	ANS	ANSON CORRECTIONAL CENTER	2003-08-10 11:23:16.927		0
1080	WAS	ARR	ARRENDALE C.I.	2003-08-10 11:23:16.927		0
1081	WAS	AUG	AUGUSTA	2003-08-10 11:23:16.927		0
2964	WAS	BAR	BARAGA MAX. FACILITY                              	2005-03-05 14:50:58.890		1
1082	WAS	BAS	BASKERVILLE CORRECTIONAL UNIT #4	2003-08-10 11:23:16.927		0
1083	WAS	BAY	BAYAMON REGIONAL JAIL (1072)	2003-08-10 11:23:16.927		0
1084	WAS	BBW	BLACK BLUFF WARDEN	2003-08-10 11:23:16.927		0
2965	WAS	BCC	BELLAMY CREEK CORRECTIONAL FACILITY               	2005-03-05 14:50:58.890		1
2966	WAS	BCI	BELMONT CORRECTIONAL INSTITUTION                  	2005-03-05 14:50:58.890		1
1085	WAS	BCN	BLANCH YOUTH INSTITUTION	2003-08-10 11:23:16.927		0
1086	WAS	BDR	BROAD RIVER CORRECTIONAL INSTITUTION	2003-08-10 11:23:16.927		0
2967	WAS	BEL	BELMONT CORRECTINAL INSTITUTE                     	2005-03-05 14:50:58.890		1
1087	WAS	BLA	BLAND CORRECTIONAL CENTER	2003-08-10 11:23:16.927		0
2968	WAS	BMC	BIG MUDDY CORRECTIONAL CENTER                     	2005-03-05 14:50:58.890		1
1088	WAS	BOS	BOSTICK CORRECTIONAL INSTITUTION	2003-08-10 11:23:16.927		0
1089	WAS	BOT	BOTECOURT CORRECTIONAL FACILITY	2003-08-10 11:23:16.927		0
2969	WAS	BRC	BOYER ROAD CORRECTIONAL FACILITY                  	2005-03-05 14:50:58.890		1
1090	WAS	BRO	BROWN CREEK CORRECTION CENTER	2003-08-10 11:23:16.927		0
1091	WAS	BRS	AL BURRIS CORRECTIONAL INSTITUTION	2003-08-10 11:23:16.927		0
1092	WAS	BRU	BRUNSWICK CORRECTIONAL FACILITY	2003-08-10 11:23:16.927		1
2970	WAS	BTC	BRANCHVILLE TRAINING CENTER                       	2005-03-05 14:50:58.890		1
1093	WAS	BTN	FCI BUTNER	2003-08-10 11:23:16.927		0
1094	WAS	BUC	BUCKINGHAM CORRECTIONAL CENTER	2003-08-10 11:23:16.927		0
2971	WAS	BUR	BURKEVILLE                                        	2005-03-05 14:50:58.890		1
1095	WAS	BWN	BALDWIN CORRECTIONAL INSTITUTE	2003-08-10 11:23:16.927		0
1096	WAS	CAB	CABARRUS CORRECTIONAL CENTER	2003-08-10 11:23:16.927		0
1097	WAS	CAL	CALEDONIA CORRECTIONAL INSTITUTION	2003-08-10 11:23:16.927		1
1098	WAS	CAM	C/O SCI CAMP HILL	2003-08-10 11:23:16.927		0
1099	WAS	CAR	CAROLINE CORRECTIONAL UNIT #2	2003-08-10 11:23:16.927		0
1100	WAS	CAS	CASWELL CORRECTIONAL CENTER	2003-08-10 11:23:16.927		0
1101	WAS	CAT	CARTERET CORRECTIONAL CENTER	2003-08-10 11:23:16.927		0
1102	WAS	CAW	CATAWBA CORRECTIONAL CENTER	2003-08-10 11:23:16.927		0
1103	WAS	CCC	COLUMBUS CORRECTIONAL CENTER	2003-08-10 11:23:16.927		0
2972	WAS	CCF	COTTON CORRECTIONAL FACILITY                      	2005-03-05 14:50:58.890		1
1104	WAS	CCI	CENTRAL CORRECTIONAL INSTITUTION	2003-08-10 11:23:16.927		0
2973	WAS	CEF	CHARLES EGELER CORRECTIONAL FACILITY              	2005-03-05 14:50:58.890		1
2974	WAS	CEN	CENTRALIA CORRECTIONAL CENTER                     	2005-03-05 14:50:58.890		1
1105	WAS	CEP	CENTRAL PRISON	2003-08-10 11:23:16.927		0
1106	WAS	CFW	COFFEEWOOD CORRECTIONAL CENTER	2003-08-10 11:23:16.927		1
1107	WAS	CHA	CHATHAM CORRECTIONAL UNIT #15	2003-08-10 11:23:16.927		1
1108	WAS	CHE	CHESTERFIELD COMMUNITY CORRECTIONAL UNIT #33	2003-08-10 11:23:16.927		1
2975	WAS	CHI	CHILLICOTHE  CORRECTIONAL INSTITUTE               	2005-03-05 14:50:58.890		1
1109	WAS	CHN	CALHOUN CORRECTIONAL INSTITUTION	2003-08-10 11:23:16.927		1
2976	WAS	CIC	CORRECTIONAL INDUSTRIAL COMPLEX                   	2005-03-05 14:50:58.890		1
2977	WAS	CLA	CLARINDA CORRECTIONAL FACILITY                    	2005-03-05 14:50:58.890		1
2978	WAS	CMC	CORRECTIONS MEDICAL CENTER                        	2005-03-05 14:50:58.890		1
1110	WAS	COA	COASTAL CORRECTIONAL INSTITUTION	2003-08-10 11:23:16.927		0
2979	WAS	COL	COLUMBIA CORRECTIONAL INSTITUTION                 	2005-03-05 14:50:58.890		1
2980	WAS	COR	CORRECTIONAL RECEPTION CENTER                     	2005-03-05 14:50:58.890		1
2981	WAS	COT	G. ROBERT COTTON FACILITY                         	2005-03-05 14:50:58.890		1
2982	WAS	CPO	CAMP OJIBWAY                                      	2005-03-05 14:50:58.890		1
1111	WAS	CRA	CRAGGY CORRECTIONAL CENTER	2003-08-10 11:23:16.927		0
1112	WAS	CRE	STATE CORRECTIONAL INSTITUTION	2003-08-10 11:23:16.927		0
1113	WAS	CRO	CROSS ANCHOR CORR. INST	2003-08-10 11:23:16.927		0
1114	WAS	CSC	COLD SPRINGS CORRECTIONAL UNIT #10	2003-08-10 11:23:16.927		1
2983	WAS	CTC	CHIPPEWA TEMPOARY CORRECTIONAL FACILITY           	2005-03-05 14:50:58.890		1
1115	WAS	CTF	DC DOC, CORRECTIONAL TREATMENT FACILITY	2003-08-10 11:23:16.927		0
1116	WAS	CUR	CURRITUK CORRECTIONAL CENTER	2003-08-10 11:23:16.927		0
1117	WAS	DAL	C/O WARDEN	2003-08-10 11:23:16.927		0
2984	WAS	DAN	DANVILLE CORRECTIONAL CENTER                      	2005-03-05 14:50:58.890		1
1118	WAS	DAV	DAVIE CORRECTIONAL CENTER	2003-08-10 11:23:16.927		0
2985	WAS	DCI	DAYTON CORRECTIONAL INSTITUTE                     	2005-03-05 14:50:58.890		1
1119	WAS	DCJ	DC DEPARTMENT OF CORRECTIONS	2003-08-10 11:23:16.927		0
2986	WAS	DCS	DEPARTMENT OF CORRECTIONAL SERVICES               	2005-03-05 14:50:58.890		1
1120	WAS	DCT	DARE COUNTY DETENTION FACILITY	2003-08-10 11:23:16.927		0
1121	WAS	DCU	DINWIDDIE CORRECTIONAL UNIT #27	2003-08-10 11:23:16.927		1
1122	WAS	DEE	DEERFIELD CORRECTIONAL CENTER	2003-08-10 11:23:16.927		0
2987	WAS	DFI	DEERFIELD CORRECTIONAL FACILITY                   	2005-03-05 14:50:58.890		1
1123	WAS	DIL	DILLWYN CORRECTIONAL FACILITY	2003-08-10 11:23:16.927		0
2988	WAS	DIS	DIVISION OF INTENSIVE SANCTIONS                   	2005-03-05 14:50:58.890		1
2989	WAS	DIX	DIXON CORRECTIONAL CENTER                         	2005-03-05 14:50:58.890		1
1124	WAS	DKB	DEKALB COUNTY JAIL	2003-08-10 11:23:16.927		0
1125	WAS	DLY	DOOLY CORRECTIONAL INSTITUTION	2003-08-10 11:23:16.927		0
1126	WAS	DMC	DEEP MEADOW CORRECTIONAL CENTER	2003-08-10 11:23:16.927		0
1127	WAS	DOD	DODGE CORRECTIONAL INSTITUTION	2003-08-10 11:23:16.927		0
1128	WAS	DPN	DUPLIN CORRECTIONAL CENTER	2003-08-10 11:23:16.927		1
1129	WAS	DRA	DRAPER CORRECTIONAL FACILITY	2003-08-10 11:23:16.927		0
2990	WAS	DUN	DUNES CORRECTIONAL FACILITY                       	2005-03-05 14:50:58.890		1
1130	WAS	DUR	DURHAM CORRECTIONAL  CENTER	2003-08-10 11:23:16.927		0
2991	WAS	DWI	DWIGHT CORRECTIONAL CENTER                        	2005-03-05 14:50:58.890		1
1131	WAS	EAS	EASTERN CORR. INST..	2003-08-10 11:23:16.927		0
2992	WAS	ECF	ELLSWORTH CORRECTIONAL FACILITY                   	2005-03-05 14:50:58.890		1
2993	WAS	EGC	EGELER CORRECTIONAL FACILITY                      	2005-03-05 14:50:58.890		1
2994	WAS	ELD	EL DORADO CORRECTIONAL FACILITY                   	2005-03-05 14:50:58.890		1
2995	WAS	ELL	ELLSWORTH CORRECTIONAL FACILITY                   	2005-03-05 14:50:58.890		1
2996	WAS	ENG	ENGLER CORRECTIONAL FACILITY                      	2005-03-05 14:50:58.890		1
1132	WAS	EVA	EVANS CORRECTIONAL INSTITUTION	2003-08-10 11:23:16.927		0
1133	WAS	FCC	FOUNTAIN CORRECTIONAL CENTER FOR WOMEN	2003-08-10 11:23:16.927		0
2997	WAS	FCI	FOX LAKE CORRECTIONAL INSTITUTION                 	2005-03-05 14:50:58.890		1
1134	WAS	FCU	FAIRFAX CORRECTIONAL UNIT #30	2003-08-10 11:23:16.927		1
1135	WAS	FLU	FLUVANNA CORRECTIONAL CENTER	2003-08-10 11:23:16.927		1
1136	WAS	FOU	FOUNTAIN CORRECTIONAL CENTER FOR WOMEN	2003-08-10 11:23:16.927		0
2998	WAS	FPR	FRANKLIN PRE RELEASE CENTER                       	2005-03-05 14:50:58.890		1
1137	WAS	FRA	SCI FRACKVILLE	2003-08-10 11:23:16.927		0
1138	WAS	FRN	FRANKLIN CORRECTIONAL CENTER	2003-08-10 11:23:16.927		1
1139	WAS	GAT	GATES CORRECTIONAL CENTER	2003-08-10 11:23:16.927		0
1140	WAS	GCC	GASTON CORRECTIONAL CENTER	2003-08-10 11:23:16.927		0
1141	WAS	GDB	GEORGIA DIAGNOSTIC & CLASSIFICATION CENTER	2003-08-10 11:23:16.927		1
2999	WAS	GFT	GRAFTON CORRECTIONAL INSTITUTION                  	2005-03-05 14:50:58.890		1
1142	WAS	GII	GEORGIA INDUSTRIAL INSTITUTION	2003-08-10 11:23:16.927		0
1143	WAS	GNE	GREENE CORRECTIONAL INSTITUTION	2003-08-10 11:23:16.927		0
3000	WAS	GOO	VIRGINIA CORRECTIONAL CENTER FOR WOMEN            	2005-03-05 14:50:58.890		1
1144	WAS	GRA	C/O SCI GRATERFORD	2003-08-10 11:23:16.927		0
1145	WAS	GRE	GREENSVILLE CORRECTIONAL CENTER	2003-08-10 11:23:16.927		0
1146	WAS	GSP	GEORGIA STATE PRISON	2003-08-10 11:23:16.927		0
3001	WAS	GUS	GUS HARRISON FACILITY                             	2005-03-05 14:50:58.890		1
1147	WAS	HAD	RIVERS CORRECTIONAL INSTITUTION	2003-08-10 11:23:16.927		0
1148	WAS	HAN	HANCOCK CORRECTIONAL INSTITUTION	2003-08-10 11:23:16.927		0
1149	WAS	HAR	HARNETT CORRECTIONAL INSTITUTION	2003-08-10 11:23:16.927		0
3002	WAS	HAS	HASTINGS CORRECTIONAL CENTER                      	2005-03-05 14:50:58.890		1
1150	WAS	HAY	HAYS CORRECTIONAL INST	2003-08-10 11:23:16.927		0
3003	WAS	HC 	HARRSION CORRECTIONAL FACILITY                    	2005-03-05 14:50:58.890		1
3004	WAS	HCC	HILL CORRECTIONAL CENTER                          	2005-03-05 14:50:58.890		1
3005	WAS	HCF	HUTCHINSON CORRECTIONAL FACILITY                  	2005-03-05 14:50:58.890		1
3006	WAS	HCK	HOCKING CORRECTIONAL FACILITY                     	2005-03-05 14:50:58.890		1
1151	WAS	HCU	HARRISONBURG CORRECTIONAL UNIT #8	2003-08-10 11:23:16.927		1
3007	WAS	HCW	HUTCHINSON CORRECTIONAL WORK FACILITY             	2005-03-05 14:50:58.890		1
3008	WAS	HIA	HIAWATHA TEMPORARY FACILITY                       	2005-03-05 14:50:58.890		1
1152	WAS	HLX	HALIFAX CORRECTION CENTER	2003-08-10 11:23:16.927		0
1153	WAS	HOK	HOKE CORRECTIONAL INSTITUTION	2003-08-10 11:23:16.927		0
1154	WAS	HUN	SCI AT RETREAT	2003-08-10 11:23:16.927		0
1155	WAS	HVL	HAYNESVILLE CI	2003-08-10 11:23:16.927		0
1156	WAS	HXU	HALIFAX CORRECTIONAL UNIT #23	2003-08-10 11:23:16.927		1
1157	WAS	HYS	HAYES CORRECTIONAL CENTER	2003-08-10 11:23:16.927		1
3009	WAS	IAP	IOWA STATE PENITENTARY                            	2005-03-05 14:50:58.890		1
3010	WAS	ICD	IOWA DEPARTMENT OF CORRECTIONS                    	2005-03-05 14:50:58.890		1
3011	WAS	ICW	IOWA CORRECTIONAL INSTITUTE FOR WOMEN             	2005-03-05 14:50:58.890		1
3012	WAS	IDC	IOWA DEPARTMENT OF CORRECTIONS-WORK RELEASE CENTER	2005-03-05 14:50:58.890		1
1158	WAS	IFW	NORTH CAROLINA INSTITUTION FOR WOMEN	2003-08-10 11:23:16.927		0
3013	WAS	IMA	IOWA MEDICAL AND CLASSIFICATION CENTER            	2005-03-05 14:50:58.890		1
3014	WAS	IMR	IOWA MEN'S REFORMATORY                            	2005-03-05 14:50:58.890		1
1159	WAS	INC	INDIAN CREEK CORRECTIONAL FACILITY	2003-08-10 11:23:16.927		0
3015	WAS	IND	INDIANA STATE PRISON                              	2005-03-05 14:50:58.890		1
3016	WAS	ION	IONIA CORRECTIONAL FACILITY                       	2005-03-05 14:50:58.890		1
3017	WAS	IRC	ILLINOIS RIVER CORRECTIONAL INSTITUTION           	2005-03-05 14:50:58.890		1
1160	WAS	IRE	IREDEL CORRECTIONAL INSTITUTION	2003-08-10 11:23:16.927		0
3018	WAS	ISF	INDIANA STATE FARM                                	2005-03-05 14:50:58.890		1
3019	WAS	ISP	INDIANA STATE PRISON                              	2005-03-05 14:50:58.890		1
3020	WAS	ISR	INDIANA STATE REFORMATORY                         	2005-03-05 14:50:58.890		1
3021	WAS	IWP	INDIANA WOMEN'S PRISON                            	2005-03-05 14:50:58.890		1
3022	WAS	IYC	INDIANA YOUTH CENTER                              	2005-03-05 14:50:58.890		1
3023	WAS	JAC	JACKSON STATE PRISON - CENTRAL                    	2005-03-05 14:50:58.890		1
3024	WAS	JAK	JACKSONVILLE CORRECTIONAL CENTER                  	2005-03-05 14:50:58.890		1
3025	WAS	JCF	JACKSON COTTON FACILITY                           	2005-03-05 14:50:58.890		1
1161	WAS	JCI	JOHNSON CORRECTIONAL INSTITUTION	2003-08-10 11:23:16.927		0
1162	WAS	JOH	JOHNSTON CORR. INST	2003-08-10 11:23:16.927		0
3026	WAS	JOL	JOLIET CORRECTIONAL CENTER                        	2005-03-05 14:50:58.890		1
1163	WAS	JRC	JAMES RIVER CORRECTIONAL CENTER	2003-08-10 11:23:16.927		0
3027	WAS	JRI	JAMES RIVER CORRECTIONAL CENTER                   	2005-03-05 14:50:58.890		1
3028	WAS	KCC	KENOSHA CORRECTIONAL CENTER                       	2005-03-05 14:50:58.890		1
3029	WAS	KCF	KINROSS CORRECTIONAL FACILITY                     	2005-03-05 14:50:58.890		1
1164	WAS	KCI	KIRKLAND CORRECTIONAL INSTITUTION	2003-08-10 11:23:16.927		0
3030	WAS	KEN	KENT COUNTY CORRECTIONAL FACILITY                 	2005-03-05 14:50:58.890		1
1165	WAS	KIL	AL DEP OF CORR	2003-08-10 11:23:16.927		0
3031	WAS	KKW	LLW                                               	2005-03-05 14:50:58.890		1
1166	WAS	KMC	KEENE MOUNTAIN CORRECTIONAL CENTER	2003-08-10 11:23:16.927		0
3032	WAS	KSC	KANSAS STATE CORRECTION INSTITUTION               	2005-03-05 14:50:58.890		1
3033	WAS	KSI	KANSAS STATE INDUSTRIAL REFORMATORY               	2005-03-05 14:50:58.890		1
3034	WAS	LAK	METROPOLITAN CORRECTIONAL FACILITY/LINO LAKES     	2005-03-05 14:50:58.890		1
1167	WAS	LBR	LIEBER CORRECTIONAL INSTITUTION	2003-08-10 11:23:16.927		0
3035	WAS	LCC	LINCOLN CORRECTIONAL CENTER                       	2005-03-05 14:50:58.890		1
3036	WAS	LCF	LANSING CORRECTIONAL FACILITY                     	2005-03-05 14:50:58.890		1
1168	WAS	LCI	LOWNDES CORRECTIONAL INSTITUTE	2003-08-10 11:23:16.927		1
3037	WAS	LEB	LEBANON CORRECTIONAL INSTITUTE                    	2005-03-05 14:50:58.890		1
3038	WAS	LEC	LAKE ERIE CORRECTIONAL INSTITUTION                	2005-03-05 14:50:58.890		1
1169	WAS	LEE	LEE CORRECTIONAL INSTITUTE	2003-08-10 11:23:16.927		0
1170	WAS	LER	LEROY CORRECTION CENTER	2003-08-10 11:23:16.927		0
3039	WAS	LEV	UNITED STATES PENITENTIARY LEAVENWORTH            	2005-03-05 14:50:58.890		1
1171	WAS	LEW	C/O LEWISBURG	2003-08-10 11:23:16.927		0
3040	WAS	LEX	FEDERAL CORRECTIONAL INSTITUTION                  	2005-03-05 14:50:58.890		1
1172	WAS	LIM	LIMESTONE CC	2003-08-10 11:23:16.927		0
1173	WAS	LIN	LINCOLN CORRECTIONAL CENTER	2003-08-10 11:23:16.927		0
3041	WAS	LLC	LAKELAND CORRECTIONAL FACILITY                    	2005-03-05 14:50:58.890		1
3042	WAS	LOG	LOGAN CORRECTIONAL CENTER                         	2005-03-05 14:50:58.890		1
3043	WAS	LON	LONDON CORRECTIONAL INSTITUTE                     	2005-03-05 14:50:58.890		1
1174	WAS	LOR	 LORTON CORRECTIONAL FACILITY	2003-08-10 11:23:16.927		0
3044	WAS	LRN	LORAIN CORRECTIONAL INSTITUTION                   	2005-03-05 14:50:58.890		1
3045	WAS	LUM	LUMBERTON CORRECTIONAL CENTER                     	2005-03-05 14:50:58.890		1
1175	WAS	LUN	LUNENBERG CORRECTIONAL CENTER	2003-08-10 11:23:16.927		1
1176	WAS	MAC	MCDOUGAL CORR. INST.	2003-08-10 11:23:16.927		0
3046	WAS	MAD	MADISON CORRECTIONAL INSTITUTE                    	2005-03-05 14:50:58.890		1
1177	WAS	MAN	MANNING CORRECTIONAL INSTITUTION	2003-08-10 11:23:16.927		0
1178	WAS	MAO	CENTRAL CORRECTIONAL INSTITUTE	2003-08-10 11:23:16.927		0
3047	WAS	MAQ	MARQUETTE BRANCH PRISON                           	2005-03-05 14:50:58.890		1
3048	WAS	MAR	MARION CORRECTIONAL FACILITY                      	2005-03-05 14:50:58.890		1
1179	WAS	MAU	EASTERN CORRECTIONAL INSTITUTION	2003-08-10 11:23:16.927		0
3049	WAS	MCB	MACOMB REGIONAL FACILITY                          	2005-03-05 14:50:58.890		1
1180	WAS	MCC	MCCORMICK CORRECTIONAL INSTITUTION	2003-08-10 11:23:16.927		1
1181	WAS	MCD	MACDOUGALL CORRECTIONAL INSTITUTION	2003-08-10 11:23:16.927		0
3050	WAS	MCF	MINNESOTA CORRECTIONAL FACILITY - STILLWATER      	2005-03-05 14:50:58.890		1
1182	WAS	MCH	MCCAIN CORRECTIONAL HOSPITAL	2003-08-10 11:23:16.927		0
1183	WAS	MCK	MECKLENBURG CORRECTIONAL CENTER	2003-08-10 11:23:16.927		0
1184	WAS	MCN	MACON CORRECTIONAL INSTITUTION	2003-08-10 11:23:16.927		0
1185	WAS	MCT	MARION CORRECTIONAL TREATMENT CENTER	2003-08-10 11:23:16.927		1
3051	WAS	MDC	METROPOLITAN DETENTION CENTER                     	2005-03-05 14:50:58.890		1
1186	WAS	MEN	MEN'S CORRECTIONAL INSTITUTION	2003-08-10 11:23:16.927		0
1187	WAS	MET	METRO CORRECTIONAL INSTITUTION	2003-08-10 11:23:16.927		0
3052	WAS	MFF	MINNESOTA CORRECTIONAL FACILITY - FARIBAULT       	2005-03-05 14:50:58.890		1
1188	WAS	MGC	MGCI WOMENS CORRECTIONAL INSTITUTION	2003-08-10 11:23:16.927		0
3053	WAS	MLK	METROPOLITAN CORRECTIONAL FACILITY/MOOSE LAKE     	2005-03-05 14:50:58.890		1
3054	WAS	MLL	MINNESOTA CORRECTIONAL FACILITY-LINO LAKES        	2005-03-05 14:50:58.890		1
3055	WAS	MNS	MANSFIELD CORRECTIONAL INSTITUTION                	2005-03-05 14:50:58.890		1
1189	WAS	MON	MONTGOMERY CORRECTIONAL CENTER	2003-08-10 11:23:16.927		0
3056	WAS	MOP	MINNESOTA CORRECTIONAL FACILITY-OAK PARK HEIGHTS  	2005-03-05 14:50:58.890		1
1190	WAS	MOR	MORRISON YOUTH INSTITUTION	2003-08-10 11:23:16.927		0
3057	WAS	MOU	MOUND REGIONAL FACILITY                           	2005-03-05 14:50:58.890		1
3058	WAS	MPI	MOUNT PLEASANT CORRECTIONAL FACILITY              	2005-03-05 14:50:58.890		1
3059	WAS	MR 	MICHIGAN REFORMATORY                              	2005-03-05 14:50:58.890		1
3060	WAS	MRD	MENARD PSYCH CENTER                               	2005-03-05 14:50:58.890		1
3061	WAS	MRF	MOUND REGIONAL FACILITY                           	2005-03-05 14:50:58.890		1
3062	WAS	MSA	MINNESOTA CORRECTIONAL FACILITY                   	2005-03-05 14:50:58.890		1
3063	WAS	MSP	STATE PRISON OF SOUTHERN MICHIGAN                 	2005-03-05 14:50:58.890		1
3064	WAS	MTA	MINNESOTA CORRECTIONAL FACILITY - SHAKOPEE        	2005-03-05 14:50:58.890		1
3065	WAS	MTP	MT. PLEASANT CORRECTIONAL FACILITY                	2005-03-05 14:50:58.890		1
3066	WAS	MTU	MICHIGAN TRAINING UNIT                            	2005-03-05 14:50:58.890		1
3067	WAS	MUS	MUSKEGON CORRECTIONAL FACILITY                    	2005-03-05 14:50:58.890		1
1191	WAS	NAG	CAMPAMENTO PUNTA LIMA	2003-08-10 11:23:16.927		0
1192	WAS	NAS	NASH CORRECTIONAL INSTITUTE	2003-08-10 11:23:16.927		0
1193	WAS	NCC	N.C. DEPARTMENT OF CORRECTIONS	2003-08-10 11:23:16.927		0
3068	WAS	NCF	NORTON CORRECTIONAL FACILITY                      	2005-03-05 14:50:58.890		1
3069	WAS	NCS	NORTH COAST CORRECTIONAL FACILITY                 	2005-03-05 14:50:58.890		1
1194	WAS	NCT	NORTH CAROLINA CORRECTIONAL CENTER	2003-08-10 11:23:16.927		1
3070	WAS	NCW	NEBRASKA CENTER FOR WOMEN                         	2005-03-05 14:50:58.890		1
3071	WAS	NDC	NEBRASKA DEPARTMENT OF CORRECTIONAL SERVICE       	2005-03-05 14:50:58.890		1
3072	WAS	NDE	NEBRASKA DIAGNOSTIC & EVALUATION CENTER           	2005-03-05 14:50:58.890		1
3073	WAS	NEW	NEWBERRY CORRECTIONAL FACILITY                    	2005-03-05 14:50:58.890		1
3074	WAS	NIC	NOBLE CORRECTIONAL INSTITUTION/15708 ST.ROUTE 78  	2005-03-05 14:50:58.890		1
3075	WAS	NOB	NOBLE CORRECTONAL INSTITUTE                       	2005-03-05 14:50:58.890		1
3076	WAS	NOR	NORTH CENTRAL CORRECTIONAL INSTITUTE              	2005-03-05 14:50:58.890		1
1195	WAS	NOT	NOTTOWAY CORRECTIONAL CENTER	2003-08-10 11:23:16.927		0
3077	WAS	NSP	NEBRASKA STATE PENITENTIARY                       	2005-03-05 14:50:58.890		1
1196	WAS	NSV	NASH CORRECTIONAL INSTITUTION	2003-08-10 11:23:16.927		0
3078	WAS	OAK	OAKWOOD FORENSIC CENTER DEPT OF MENTAL HEALTH     	2005-03-05 14:50:58.890		1
1197	WAS	OCC	OCCOQUAN FACILITY	2003-08-10 11:23:16.927		0
3079	WAS	OCI	OAKHILL CORRECTIONAL INSTITUTION                  	2005-03-05 14:50:58.890		1
3080	WAS	OCJ	OUTAGAMIE COUNTY JAIL                             	2005-03-05 14:50:58.890		1
1198	WAS	OCO	OCONEE COUNTY JAIL	2003-08-10 11:23:16.927		0
1199	WAS	ODO	ODOM CORRECTIONAL INSTITUTION	2003-08-10 11:23:16.927		1
3081	WAS	OHO	C/O CANDY CAIN                                    	2005-03-05 14:50:58.890		1
3082	WAS	OHS	OHIO STATE REFORMATORY                            	2005-03-05 14:50:58.890		1
3083	WAS	OHW	OHIO STATE REFORMATORY FOR WOMEN                  	2005-03-05 14:50:58.890		1
3084	WAS	OJI	OJIBWAY CORRECTIONAL FACILLITY                    	2005-03-05 14:50:58.890		1
3085	WAS	OKS	OAKS MAXIMUM FACILITY                             	2005-03-05 14:50:58.890		1
3086	WAS	OMC	OMAHA CORRECTIONS CENTER                          	2005-03-05 14:50:58.890		1
3087	WAS	OPH	METROPOLITAN CORRECTION FACILITY/OAK PARK HEIGHTS 	2005-03-05 14:50:58.890		1
1200	WAS	ORA	ORANGE CORRECTIONAL CENTER	2003-08-10 11:23:16.927		0
3088	WAS	ORE	OREGON CORRECTIONAL INSTITUTION                   	2005-03-05 14:50:58.890		1
3089	WAS	ORI	ORIENT CORRECTIONAL INSTITUTION                   	2005-03-05 14:50:58.890		1
3090	WAS	OSH	OSHKOSH CORRECTIONAL INSTITUTION                  	2005-03-05 14:50:58.890		1
3091	WAS	OSK	OSKOSH CORRECTIONAL FACILITY                      	2005-03-05 14:50:58.890		1
1201	WAS	PCA	POCAHONTAS CORRECTIONAL UNIT #13	2003-08-10 11:23:16.927		1
3092	WAS	PCC	PONTIAC CORRECTIONAL CENTER - MICHIGAN            	2005-03-05 14:50:58.890		1
1202	WAS	PEN	PENDER CORRECTIONAL CENTER	2003-08-10 11:23:16.927		1
1203	WAS	PET	PETERSBURG FEDERAL CORRECTIONAL INSTITUTE	2003-08-10 11:23:16.927		0
1204	WAS	PHC	PATRICK HENRY CORRECTIONAL UNIT #28	2003-08-10 11:23:16.927		1
1205	WAS	PHI	PHILLIPS CORRECTIONAL INSTITUTION	2003-08-10 11:23:16.927		0
3093	WAS	PIC	PICKAWAY  CORRECTIONAL INSTITUTE                  	2005-03-05 14:50:58.890		1
1206	WAS	PIE	PIEDMONT CORRECTIONAL CENTER	2003-08-10 11:23:16.927		0
1207	WAS	POL	POLK CORRECTIONAL CENTER	2003-08-10 11:23:16.927		0
1208	WAS	PON	INSTITUCION REGIONAL DEL SUR	2003-08-10 11:23:16.927		0
3094	WAS	POR	PORTSMOUTH CITY JAIL                              	2005-03-05 14:50:58.890		1
1209	WAS	POW	POWHATAN CORRECTIONAL CENTER	2003-08-10 11:23:16.927		0
1210	WAS	PRC	POWHATAN RECEPTION & CLASSIFICATION CENTER	2003-08-10 11:23:16.927		1
1211	WAS	PRI	ADMINISTRATION OF CORRECTIONS/PUERTO RICO	2003-08-10 11:23:16.927		0
1212	WAS	PRY	PERRY CORRECTIONAL CENTER	2003-08-10 11:23:16.927		0
1213	WAS	PUL	PULASKI	2003-08-10 11:23:16.927		0
3095	WAS	PWC	PRINCE WILLIAM COUNTY ADC                         	2005-03-05 14:50:58.890		1
1214	WAS	PYO	POLK YOUTH INSTITUTION	2003-08-10 11:23:16.927		0
1215	WAS	RAN	RANDOLPH CORRECTIONAL INSTITUTION	2003-08-10 11:23:16.927		0
3096	WAS	RCC	RICHMOND CORRECTIONAL CENTER                      	2005-03-05 14:50:58.890		1
3097	WAS	RCF	RIVERSIDE CORRECTIONAL FACILITY                   	2005-03-05 14:50:58.890		1
3098	WAS	RCI	RACINE CORRECTIONAL INSTITUTION                   	2005-03-05 14:50:58.890		1
1216	WAS	RCU	RUSTBURG CORRECTIONAL UNIT #9	2003-08-10 11:23:16.927		1
3099	WAS	RDC	RECEPTION DIAGNOSTIC CENTER                       	2005-03-05 14:50:58.890		1
3100	WAS	RED	RED ONION STATE PRISON                            	2005-03-05 14:50:58.890		1
3101	WAS	REF	OHIO REFORMATORY FOR WOMEN                        	2005-03-05 14:50:58.890		1
3102	WAS	RIC	RICHLAND CORRECTIONAL INSTITUTION                 	2005-03-05 14:50:58.890		1
1217	WAS	RIO	STATE PENITENTIARY	2003-08-10 11:23:16.927		0
1218	WAS	ROB	ROBESON CORRECTIONAL CENTER	2003-08-10 11:23:16.927		0
1219	WAS	ROC	C/O SCI ROCKVIEW	2003-08-10 11:23:16.927		0
1220	WAS	ROG	ROGERS CORRECTIONAL INSTITUTION	2003-08-10 11:23:16.927		0
3103	WAS	ROS	ROSS CORRECTIONAL INSTITUTE                       	2005-03-05 14:50:58.890		1
1221	WAS	RTD	RUTHERFORD CORRECTIONAL CENTER	2003-08-10 11:23:16.927		0
1222	WAS	RUT	RUTLEDGE CORRECTIONAL INSTITUTION	2003-08-10 11:23:16.927		0
3104	WAS	RYN	RYAN REGIONAL CORRECTIONAL FACILITY               	2005-03-05 14:50:58.890		1
1223	WAS	SAB	SABANA HOYOS CAMP	2003-08-10 11:23:16.927		0
1224	WAS	SAC	SANFORD CORRECTIONAL CENTER	2003-08-10 11:23:16.927		0
3105	WAS	SAG	SAGINAW REGIONAL FACILITY                         	2005-03-05 14:50:58.890		1
1225	WAS	SAL	ROWAN CORRECTIONAL CENTER	2003-08-10 11:23:16.927		0
1226	WAS	SAN	SANDHILLS YOUTH CENTER	2003-08-10 11:23:16.927		0
1227	WAS	SCC	SAMPSON CORRECTIONAL CENTER	2003-08-10 11:23:16.927		1
3106	WAS	SCI	STATE CORRECRTIONAL INSTITUTION AT CAMP HILL      	2005-03-05 14:50:58.890		1
1228	WAS	SCT	SCOTT CORRECTIONAL INSTITUTION	2003-08-10 11:23:16.927		0
1229	WAS	SCU	STAFFORD CORRECTIONAL UNIT #21	2003-08-10 11:23:16.927		1
3107	WAS	SDS	SOUTH DAKOTA STATE PENITENTIARY                   	2005-03-05 14:50:58.890		1
3108	WAS	SEA	SOUTHEASTERN CORRECTIONAL INSTITUTION             	2005-03-05 14:50:58.890		1
3109	WAS	SEC	SECURITY MEDICAL FACILITY                         	2005-03-05 14:50:58.890		1
1230	WAS	SFD	SANFORD CORRECTIONAL CENTER	2003-08-10 11:23:16.927		0
1231	WAS	SHA	SCI COAL TOWNSHIP	2003-08-10 11:23:16.927		0
3110	WAS	SHE	SHERIDAN CORRECTOINAL CENTER                      	2005-03-05 14:50:58.890		1
3111	WAS	SHP	METROPOLITAN CORRECTIONAL FACILITY/SHAKOPEE       	2005-03-05 14:50:58.890		1
1232	WAS	SIT	SOUTHAMPTON INTENSIVE TREATMENT CENTER	2003-08-10 11:23:16.927		1
3112	WAS	SMC	SOUTHERN MICHIGAN CORRECTIONAL FACILITY           	2005-03-05 14:50:58.890		1
1233	WAS	SMI	SMITH CORRECTIONAL INSTITUTION	2003-08-10 11:23:16.927		0
1234	WAS	SOC	SOUTH CAROLINA DEPT OF CORRECTIONS	2003-08-10 11:23:16.927		1
3113	WAS	SOL	SOUTHERN OHIO CORRECTIONAL FAC. "LUCASVILLE"      	2005-03-05 14:50:58.890		1
1235	WAS	SOT	SOUTHERN CORRECTIONAL INST.	2003-08-10 11:23:16.927		0
1236	WAS	SOU	SOUTHAMPTON CORRECTIONAL CENTER	2003-08-10 11:23:16.927		0
1237	WAS	SRC	SOUTHAMPTON RECEPTION & CLASSIFICATION CENTER	2003-08-10 11:23:16.927		1
3114	WAS	SRW	STATE REFORMATORY FOR WOMEN                       	2005-03-05 14:50:58.890		1
3115	WAS	SSN	SPECIAL SERVICES STATE OF NEBRASKA                	2005-03-05 14:50:58.890		1
1238	WAS	STA	STAUNTON CORRECTIONAL CENTER	2003-08-10 11:23:16.927		0
1239	WAS	STB	ST. BRIDES CORRECTIONAL CENTER	2003-08-10 11:23:16.927		0
3116	WAS	STC	METROPOLITAN CORRECTIONAL FACILITY/ST. CLOUD      	2005-03-05 14:50:58.890		1
1240	WAS	SUM	SUMTER C.I.	2003-08-10 11:23:16.927		0
1241	WAS	SYL	FCI. SCHYKLILL	2003-08-10 11:23:16.927		0
1242	WAS	TAZ	TAZEWELL CORRECTIONAL UNIT #31	2003-08-10 11:23:16.927		1
3117	WAS	TCC	TAYLORVILLE CORRECTIONAL CENTER                   	2005-03-05 14:50:58.890		1
3118	WAS	TCF	TOPEKA CORRECTIONAL FACILITY                      	2005-03-05 14:50:58.890		1
3119	WAS	TCI	TRUMBULL CORRECTIONAL INSTITUTION                 	2005-03-05 14:50:58.890		1
1243	WAS	TCU	TIDEWATER CORRECTIONAL UNIT #22	2003-08-10 11:23:16.927		1
1244	WAS	TEL	TELFAIR CORRECTIONAL INSTITUTION	2003-08-10 11:23:16.927		0
3120	WAS	THU	THUMB CORRECTIONAL FACILITY                       	2005-03-05 14:50:58.890		1
1245	WAS	TIL	TILLERY CORRECTIONAL CENTER	2003-08-10 11:23:16.927		0
3121	WAS	TOL	TOLEDO CORRECTION INSTITUTION                     	2005-03-05 14:50:58.890		1
3122	WAS	TOP	RECEPTION & DIAGNOSTIC CENTER                     	2005-03-05 14:50:58.890		1
1246	WAS	TRI	TRIANGLE CORRECTIONAL INSTITUTION	2003-08-10 11:23:16.927		0
3123	WAS	TRU	TRUMBAL CORRECTIONAL INSTITUTION                  	2005-03-05 14:50:58.890		1
1247	WAS	UMS	UMSTEAD CORRECTIONAL CENTER	2003-08-10 11:23:16.927		0
3124	WAS	USP	UNITED STATES PENITENTARY                         	2005-03-05 14:50:58.890		1
1248	WAS	VAN	VANCE CORRECTIONAL INSTITUTION	2003-08-10 11:23:16.927		0
1249	WAS	VCI	VALDOSTA CORRECTIONAL INSTITUTION	2003-08-10 11:23:16.927		0
1250	WAS	VCW	VIRGINIA CORRECTIONAL CENTER FOR WOMEN	2003-08-10 11:23:16.927		1
3125	WAS	VIE	VIENNA CORRECTIONAL CENTER                        	2005-03-05 14:50:58.890		1
1251	WAS	VSP	VIRGINIA STATE PENITENTIARY	2003-08-10 11:23:16.927		0
3126	WAS	WAB	WABASH VALLEY CORRECTIONAL INSTITUTION            	2005-03-05 14:50:58.890		1
1252	WAS	WAK	WAKE CORRECTIONAL CENTER	2003-08-10 11:23:16.927		0
1253	WAS	WAL	WALKER CORRECTIONAL INSTITUTION	2003-08-10 11:23:16.927		0
1254	WAS	WAR	WARE CORRECTIONAL INSTITUTION	2003-08-10 11:23:16.927		0
1255	WAS	WAT	WATERBEE CORRECTIONAL INSTITUTION	2003-08-10 11:23:16.927		0
3127	WAS	WAU	WAUPAN CORRECTIONAL INSTITUTION                   	2005-03-05 14:50:58.890		1
1256	WAS	WAY	SCI WAYMART	2003-08-10 11:23:16.927		0
1257	WAS	WCC	WOMEN'S CORRECTIONAL INSTITUTION	2003-08-10 11:23:16.927		0
1258	WAS	WCI	WOMEN'S CORRECTIONAL INSTITUTION	2003-08-10 11:23:16.927		0
1259	WAS	WCU	WHITE POST CORRECTIONAL UNIT #7	2003-08-10 11:23:16.927		1
1260	WAS	WDC	WILLIAM DONALDSON CORRECTIONAL FACILITY	2003-08-10 11:23:16.927		0
1261	WAS	WES	WESTERN YOUTH INSTITUTION	2003-08-10 11:23:16.927		0
3128	WAS	WHC	WARDEN HILL CORRECTIONAL CENTER                   	2005-03-05 14:50:58.890		1
1262	WAS	WHI	WHITEVILLE PRISON UNIT	2003-08-10 11:23:16.927		0
1263	WAS	WHP	WHITE POST CORRECTIONAL UNIT	2003-08-10 11:23:16.927		1
3129	WAS	WIC	WESTERN ILLINOIS CORRECTIONAL CENTER              	2005-03-05 14:50:58.890		1
1264	WAS	WIL	WILCOX C.I.	2003-08-10 11:23:16.927		0
3130	WAS	WIN	WINFIELD CORRECTIONAL FACILITY                    	2005-03-05 14:50:58.890		1
3131	WAS	WIS	WISCONSIN PRISON SYS., DIV. OF INTENSIVE SANCTIONS	2005-03-05 14:50:58.890		1
3132	WAS	WLL	WALLENS RIDGE STATE PRISON                        	2005-03-05 14:50:58.890		1
1265	WAS	WNE	WAYNE CORRECTIONAL	2003-08-10 11:23:16.927		0
1266	WAS	WOM	NC CORR. INSTITUTION FOR WOMEN	2003-08-10 11:23:16.927		0
1267	WAS	WRE	WATEREE RIVER C.I.	2003-08-10 11:23:16.927		0
3133	WAS	WRR	WARREN CORRECTIONAL INSTITUTE                     	2005-03-05 14:50:58.890		1
3134	WAS	WSC	WEST SHORELINE CORRECTIONAL FACILTIY              	2005-03-05 14:50:58.890		1
1268	WAS	WSE	WISE CORRECTIONAL UNIT #18	2003-08-10 11:23:16.927		1
1269	WAS	WSH	WASHINGTON CORRECTIONAL INSTITUTE	2003-08-10 11:23:16.927		0
1270	WAS	YAD	YSDKIN CORRECTIONALCENTER	2003-08-10 11:23:16.927		0
1271	WAS	YDC	YOUTH CENTER	2003-08-10 11:23:16.927		1
3135	WAS	YKN	YADKIN CORRECTIONAL CENTER                        	2005-03-05 14:50:58.890		1
3136	YOR	ADI	ADIRONDACK CORRECTIONAL FACILITY                  	2005-03-05 14:50:58.890		1
3137	YOR	AKL	ARTHUR KILL CORRECTIONAL FACILITY                 	2005-03-05 14:50:58.890		1
3138	YOR	ALB	*SCI-ALBION CORRECTIONAL FACILITY                 	2005-03-05 14:50:58.890		1
3139	YOR	ALD	ALDERSON FEDERAL CORRECTIONAL INSTITUTE           	2005-03-05 14:50:58.890		1
3140	YOR	ALT	ALTONA CORRECTIONAL FACILITY                      	2005-03-05 14:50:58.890		1
3141	YOR	ALW	WARDEN, LSCI ALLENWOOD                            	2005-03-05 14:50:58.890		1
3142	YOR	ATT	ATTICA CORRECTIONAL FACILITY                      	2005-03-05 14:50:58.890		1
3143	YOR	AUB	AUBURN CORRECTIONAL FACILITY                      	2005-03-05 14:50:58.890		1
3144	YOR	AXJ	MARYLAND CORRECTIONAL INSTITUTE ANNEX AT JESSUP   	2005-03-05 14:50:58.890		1
3145	YOR	BAR	BARE HILL CORRECTIONAL FACILITY                   	2005-03-05 14:50:58.890		1
3146	YOR	BAY	BAYVIEW CORRECTIONAL FACILITY                     	2005-03-05 14:50:58.890		1
3147	YOR	BEA	CAMP BEACON                                       	2005-03-05 14:50:58.890		1
3148	YOR	BED	BEDFORD HILLS CORRECTIONAL FACILITY               	2005-03-05 14:50:58.890		1
3149	YOR	BRO	BROCKBRIDGE CORRECTIONAL FACILITY                 	2005-03-05 14:50:58.890		1
3150	YOR	BUC	BUCKINGHAM CORRECTIONAL FACILITY                  	2005-03-05 14:50:58.890		1
3151	YOR	BUT	BUTLER SHOCK INCARCERATION FACILITY               	2005-03-05 14:50:58.890		1
3152	YOR	CAM	CAMP GABRIELS                                     	2005-03-05 14:50:58.890		1
3153	YOR	CAY	CAYUGA CORRECTIONAL FACILITY                      	2005-03-05 14:50:58.890		1
3154	YOR	CGT	CAMP GEORGETOWN                                   	2005-03-05 14:50:58.890		1
3155	YOR	CHA	CHATEAUGAY ASACTC                                 	2005-03-05 14:50:58.890		1
3156	YOR	CLI	CLINTON CORRECTIONAL FACILITY                     	2005-03-05 14:50:58.890		1
3157	YOR	CMT	MONTEREY SHOCK INCARCERATION FACILITY             	2005-03-05 14:50:58.890		1
3158	YOR	COL	COLLINS CORRECTIONAL FACILITY                     	2005-03-05 14:50:58.890		1
3159	YOR	COX	COXSACKIE CORRECTIOANL FACILITY                   	2005-03-05 14:50:58.890		1
3160	YOR	CPH	CAMP PHARSALIA                                    	2005-03-05 14:50:58.890		1
3161	YOR	CSU	SUMMIT SHOCK INCARCERATION FACILITY               	2005-03-05 14:50:58.890		1
3162	YOR	CVI	CAPE VINCENT CORRECTIONAL FACILITY                	2005-03-05 14:50:58.890		1
3163	YOR	DCY	YORK COUNTY PRISON                                	2005-03-05 14:50:58.890		1
3164	YOR	DOW	DOWNSTATE CORRECTIONAL FACILITY                   	2005-03-05 14:50:58.890		1
3165	YOR	EAS	EASTERN CORRECTIONAL FACILITY                     	2005-03-05 14:50:58.890		1
3166	YOR	ECI	EASTERN CORRECTIONAL INSTITUTION                  	2005-03-05 14:50:58.890		1
3167	YOR	EDG	EDGECOMBE CORRECTIONAL FACILITY                   	2005-03-05 14:50:58.890		1
3168	YOR	ELM	ELMIRA CORRECTIONAL FACILITY                      	2005-03-05 14:50:58.890		1
3169	YOR	ESG	EDGECOMBE CORRECTIONAL FACILITY                   	2005-03-05 14:50:58.890		1
3170	YOR	FIS	FISHKILL CORRECTIONAL FACILITY                    	2005-03-05 14:50:58.890		1
3171	YOR	FRA	FRANKLIN CORRECTIONAL FACILITY                    	2005-03-05 14:50:58.890		1
3172	YOR	FUL	FULTON CORRECTIONAL FACILITY                      	2005-03-05 14:50:58.890		1
3173	YOR	GHN	GREEN HAVEN CORRECTIONAL FACILITY                 	2005-03-05 14:50:58.890		1
3174	YOR	GMW	GREAT MEADOW CORRECTIONAL FACILITY                	2005-03-05 14:50:58.890		1
3175	YOR	GOU	GOUVERNEUR CORRECTIONAL FACILITY                  	2005-03-05 14:50:58.890		1
3176	YOR	GOW	GOWANDA CORRECTIONAL FACILITY                     	2005-03-05 14:50:58.890		1
3177	YOR	GRE	GREENE CORRECTIONAL FACILITY                      	2005-03-05 14:50:58.890		1
3178	YOR	GRO	GROVELAND CORRECTIONAL FACILITY                   	2005-03-05 14:50:58.890		1
3179	YOR	HAL	HALE CREEK CORRECTIONAL FAC.                      	2005-03-05 14:50:58.890		1
3180	YOR	HCC	HALE CREEK ASACTC                                 	2005-03-05 14:50:58.890		1
3181	YOR	HUD	HUDSON  CORRECTIONAL FACILITY                     	2005-03-05 14:50:58.890		1
3182	YOR	JOH	HOHNSTOWN ASACTC                                  	2005-03-05 14:50:58.890		1
3183	YOR	LAK	LAKEVIEW SHOCK INCARCERATION FACILITY             	2005-03-05 14:50:58.890		1
3184	YOR	LIN	LINCOLN CORRECTIONAL FACILITY                     	2005-03-05 14:50:58.890		1
3185	YOR	LIV	LIVINGSTON CORRECTIONAL FACILITY                  	2005-03-05 14:50:58.890		1
3186	YOR	LOR	LORTON CORRECTIONAL FACILITY, DOC                 	2005-03-05 14:50:58.890		1
3187	YOR	LYO	LYONS MOUNTAIN CORRECTIONAL FACILITY              	2005-03-05 14:50:58.890		1
3188	YOR	MAR	MARCY CORRECTIONAL FACILITY                       	2005-03-05 14:50:58.890		1
3189	YOR	MCG	MT MCGREGER CAMP                                  	2005-03-05 14:50:58.890		1
3190	YOR	MCH	MARYLAND CORRECTIONAL INSTITUTION--HAGERSTOWN     	2005-03-05 14:50:58.890		1
3191	YOR	MCJ	MARYLAND CORRECTIONAL INSTITUTION AT JESSUP       	2005-03-05 14:50:58.890		1
3192	YOR	MCT	MARYLAND CORRECTIONAL TRAINING CENTER             	2005-03-05 14:50:58.890		1
3193	YOR	MCW	MARYLAND CORRECTIONAL INSTITUTION FOR WOMEN       	2005-03-05 14:50:58.890		1
3194	YOR	MHC	MARYLAND HOUSE OF CORRECTIONS                     	2005-03-05 14:50:58.890		1
3195	YOR	MMG	MOUNT MCGREGOR CORRECTIONAL FACILITY              	2005-03-05 14:50:58.890		1
3196	YOR	MOE	MID-ORANGE CORRECTIONAL FACILITY                  	2005-03-05 14:50:58.890		1
3197	YOR	MOH	MOHAWK CORRECTIONAL FACILITY                      	2005-03-05 14:50:58.890		1
3198	YOR	MOR	MORIAH SHOCK INCARCERATION FACILITY               	2005-03-05 14:50:58.890		1
3199	YOR	MRD	MARYLAND RECEPTION AND CLASSIFICATION CENTER      	2005-03-05 14:50:58.890		1
3200	YOR	MST	MID-STATE CORRECTIONAL FACILITY                   	2005-03-05 14:50:58.890		1
3201	YOR	OGB	OGDENSBURG CORRECTIONAL FACILITY                  	2005-03-05 14:50:58.890		1
3202	YOR	ONE	ONEIDA CORRECTIONAL FACILITY                      	2005-03-05 14:50:58.890		1
3203	YOR	ORL	ORLEANS CORRECTIONAL FACILITY                     	2005-03-05 14:50:58.890		1
3204	YOR	OTI	OTISVILLE CORRECTIONAL FACILITY                   	2005-03-05 14:50:58.890		1
3205	YOR	PAR	PARKSIDE CORRECTIONAL FACILITY                    	2005-03-05 14:50:58.890		1
3206	YOR	PAT	PATUXENT INSTITUTION                              	2005-03-05 14:50:58.890		1
3207	YOR	PET	PETERSBURG FEDERAL CORRECTIONAL INSTITUTE         	2005-03-05 14:50:58.890		1
3208	YOR	PGC	PRINCE GEORGE'S CO. DETENTION CENTER              	2005-03-05 14:50:58.890		1
3209	YOR	POW	POWHATAN CORRECTIONAL FACILITY                    	2005-03-05 14:50:58.890		1
3210	YOR	QUE	QUEENSBORO CORRECTIONAL FACILITY                  	2005-03-05 14:50:58.890		1
3211	YOR	RIK	RIKERS                                            	2005-03-05 14:50:58.890		1
3212	YOR	RIV	RIVERVIEW CORRECTIONAL FACILITY                   	2005-03-05 14:50:58.890		1
3213	YOR	ROC	ROCHESTER CORRECTIONAL FACILITY                   	2005-03-05 14:50:58.890		1
3214	YOR	ROX	ROXBURY CORRECTIONAL INSTITUTION                  	2005-03-05 14:50:58.890		1
3215	YOR	S10	SCI GRATERFORD/ NEW ADMIN. PERSONNEL OFFICE       	2005-03-05 14:50:58.890		1
3216	YOR	S11	SCI FRACKVILLE                                    	2005-03-05 14:50:58.890		1
3217	YOR	S12	SCI-GREENSBURG                                    	2005-03-05 14:50:58.890		1
3218	YOR	S14	SCI-CAMBRIDGE SPRINGS                             	2005-03-05 14:50:58.890		1
3219	YOR	S15	SCI-HOUTZDALE                                     	2005-03-05 14:50:58.890		1
3220	YOR	S17	SCI-LISBURN                                       	2005-03-05 14:50:58.890		1
3221	YOR	S18	SCI-HUNLOCK                                       	2005-03-05 14:50:58.890		1
3222	YOR	S19	SCI-MUNCY                                         	2005-03-05 14:50:58.890		1
3223	YOR	S20	SCI-QUEHANNA MOTIVATIONAL BOOT CAMP               	2005-03-05 14:50:58.890		1
3224	YOR	S21	SCI-GREENE                                        	2005-03-05 14:50:58.890		1
3225	YOR	S22	SCI-ALBION                                        	2005-03-05 14:50:58.890		1
3226	YOR	S23	SCI-MERCER                                        	2005-03-05 14:50:58.890		1
3227	YOR	S24	SCI-PITTSBURGH                                    	2005-03-05 14:50:58.890		1
3228	YOR	S25	SCI-WAYNESBURG                                    	2005-03-05 14:50:58.890		1
3229	YOR	SC0	SOMERSET SCI                                      	2005-03-05 14:50:58.890		1
3230	YOR	SC1	SCI-HUNTINGDON                                    	2005-03-05 14:50:58.890		1
3231	YOR	SC2	SCI RETREAT                                       	2005-03-05 14:50:58.890		1
3232	YOR	SC3	SCI CAMPHILL                                      	2005-03-05 14:50:58.890		1
3233	YOR	SC4	SCI ROCKVIEW                                      	2005-03-05 14:50:58.890		1
3234	YOR	SC5	SCI CRESSON                                       	2005-03-05 14:50:58.890		1
3235	YOR	SC6	SCI WAYMART                                       	2005-03-05 14:50:58.890		1
3236	YOR	SC7	SCI DALLAS/ SUPERINTENDANTS OFFICE                	2005-03-05 14:50:58.890		1
3237	YOR	SC8	SCI MAHANOY                                       	2005-03-05 14:50:58.890		1
3238	YOR	SC9	SCI SMITHFIELD                                    	2005-03-05 14:50:58.890		1
3239	YOR	SCI	SCI COAL TWP                                      	2005-03-05 14:50:58.890		1
3240	YOR	SGK	SHAWANGUNK CORRECTIONAL FACILITY                  	2005-03-05 14:50:58.890		1
3241	YOR	SHA	 SHAWANGUNK CORRECTIONAL FACILITY                 	2005-03-05 14:50:58.890		1
3242	YOR	SIN	SING SING CORRECTIONAL FACILITY                   	2005-03-05 14:50:58.890		1
3243	YOR	SOU	SOUTHPORT CORRECTIONAL FACILITY                   	2005-03-05 14:50:58.890		1
3244	YOR	SUL	 SULLIVAN CORRECTIONAL FACILITY                   	2005-03-05 14:50:58.890		1
3245	YOR	TAC	TACONIC CORRECTIONAL FACILITY                     	2005-03-05 14:50:58.890		1
3246	YOR	ULS	ULSTER CORRECTIONAL FACILITY                      	2005-03-05 14:50:58.890		1
3247	YOR	WAL	WALLKILL CORRECTIONAL FACILITY                    	2005-03-05 14:50:58.890		1
3248	YOR	WAS	WASHINGTON CORRECTIONAL FACILITY                  	2005-03-05 14:50:58.890		1
3249	YOR	WAT	WATERTOWN CORRECTIONAL FACILITY                   	2005-03-05 14:50:58.890		1
3250	YOR	WCI	WESTERN CORRECTIONAL INSTITUTION                  	2005-03-05 14:50:58.890		1
3251	YOR	WEN	WENDE CORRECTIONAL FACILITY                       	2005-03-05 14:50:58.890		1
3252	YOR	WMD	WALSH MEDICAL C/O MOHAWK CF                       	2005-03-05 14:50:58.890		1
3253	YOR	WOO	 WOODBRIDGE CORRECTIONAL FACILITY                 	2005-03-05 14:50:58.890		1
3254	YOR	WYO	WYOMING CORRECTIONAL FACILITY                     	2005-03-05 14:50:58.890		1
