ID	INMATE_BASE	INMATE_CODE	INMATE_NAME	INMATE_ADDRESS	INMATE_CITY	INMATE_ST	INMATE_ZIP	INMATE_PHONE	datCreatedOn	datModifiedOn	blnActive
1	AGA	GUA	DEPARTMENT OF CORRECTIONS                         	P.O. BOX 3236                 	HAGATNA        	GU	969320000		2007-01-13 10:47:53.060	2007-01-13 10:47:53.060	1
2	ATL	AIK	AIKEN CORRECTIONAL CENTER	P. O. BOX 2249	AIKEN	SC	298010000	1111111111	2007-07-14 12:59:52.060	2011-11-28 17:23:56.000	1
3	ATL	ALA	KILBY CORRECTIONS FACILITY                        	P. O. BOX 125                 	MT. MEIGS      	AL	360570000	1111111111	2007-07-14 12:59:52.060	2007-07-14 12:59:52.060	1
4	ATL	ALB	ALBANY TRANSITIONAL CENTER                        	304 N. WASHINGTON             	ALBANY         	GA	317010000	1111111111	2007-07-14 12:59:52.060	2007-07-14 12:59:52.060	1
5	ATL	ALD	ALDERSON FEDERAL CORRECTIONAL INSTITUTE           	P.O. BOX B                    	ALDERSON       	WV	249100000	89243236	2007-07-14 12:59:52.060	2007-07-14 12:59:52.060	1
6	ATL	ALL	ALLENDALE CORRECTIONAL INSTITUTION                	HIGHWAY 47                    	FAIRFAX        	SC	298270000	1111111111	2007-07-14 12:59:52.060	2007-07-14 12:59:52.060	1
7	ATL	ALW	LFCI ALLENWOOD                                    	P. O. BOX 1500                	WHITE DEER     	PA	178870000		2007-07-14 12:59:52.060	2007-07-14 12:59:52.060	1
8	ATL	AND	ANDERSON COUNTY DETENTION CENTER                  	1009 COUNTY HOME RD.          	ANDERSON       	SC	296250000	1111111111	2007-07-14 12:59:52.060	2007-07-14 12:59:52.060	1
9	ATL	ANS	ANSON CORRECTIONAL CENTER                         	P.O. BOX 160-C, RT. 1         	POLKTON        	NC	286350000	1111111111	2007-07-14 12:59:52.060	2007-07-14 12:59:52.060	1
10	ATL	ARR	ARRENDALE C.I.,                                   	P.O.BOX 709                   	ALTO           	GA	305100000	1111111111	2007-07-14 12:59:52.060	2007-07-14 12:59:52.060	1
11	ATL	AUG	AUGUSTA                                           	P.O. BOX 1000                 	CRAIGVILLE     	VA	244300000	1111111111	2007-07-14 12:59:52.060	2007-07-14 12:59:52.060	1
12	ATL	AUT	AUTRY CORRECTIONAL INSTITUTION                    	POST OFFICE BOX 648           	PELHAM         	GA	317790000	1111111111	2007-07-14 12:59:52.060	2007-07-14 12:59:52.060	1
13	ATL	BAS	BASKERVILLE CORRECTIONAL UNIT                     	RT. 1, BOX 65                 	BASKERVILLE    	VA	239150000	1111111111	2007-07-14 12:59:52.060	2007-07-14 12:59:52.060	1
14	ATL	BAY	BAYAMON REGIONAL JAIL                             	1072                          	BAYAMON        	PR	006190000	1111111111	2007-07-14 12:59:52.060	2007-07-14 12:59:52.060	1
15	ATL	BBW	BLACK BLUFF WARDEN                                	329 BLACK BLUFF ROAD, S.W.    	ROME           	GA	301610000	1111111111	2007-07-14 12:59:52.060	2007-07-14 12:59:52.060	1
16	ATL	BCI	BURESS C.I.                                       	1000 INDIAN SPRINGS DRIVE     	FORSYTH        	GA	310290000	1111111111	2007-07-14 12:59:52.060	2007-07-14 12:59:52.060	1
17	ATL	BCN	BLANCH YOUTH INSTITUTION                          	2061 HIGH ROCK SCHOOL ROAD    	BLANCH         	NC	272120000	1111111111	2007-07-14 12:59:52.060	2007-07-14 12:59:52.060	1
18	ATL	BDR	BROAD RIVER CORRECTIONAL INSTITUTION              	4460 BROAD RIVER ROAD         	COLUMBIA       	SC	292100000	1111111111	2007-07-14 12:59:52.060	2007-07-14 12:59:52.060	1
19	ATL	BLA	BLAND CORRECTIONAL CENTER                         	RT. 2, BOX 111                	BLAND          	VA	243159616	1111111111	2007-07-14 12:59:52.060	2007-07-14 12:59:52.060	1
20	ATL	BOS	BOSTICK CORRECTIONAL INSTITUTION                  	P.O. 1700                     	HARDWICK       	GA	310340000	1111111111	2007-07-14 12:59:52.060	2007-07-14 12:59:52.060	1
21	ATL	BOT	BOTECOURT CORRECTIONAL FACILITY                   	TROUTVILLE                    	TROUTVILLE     	VA	241750000		2007-07-14 12:59:52.060	2007-07-14 12:59:52.060	1
22	ATL	BRE	BROAD RIVER RECEPTION AND EVALUTION CENTER        	4464 BROAD RIVER ROAD         	COLUMBIA       	SC	292100000	1111111111	2007-07-14 12:59:52.060	2007-07-14 12:59:52.060	1
23	ATL	BRO	BROWN CREEK CORRECTION CENTER                     	P.O. BOX 310                  	POLKTON        	NC	281350000	1111111111	2007-07-14 12:59:52.060	2007-07-14 12:59:52.060	1
24	ATL	BRS	AL BURRIS CORRECTIONAL INSTITUTION                	P.O. BOX 5849                 	FORSYTH        	GA	310290000	1111111111	2007-07-14 12:59:52.060	2007-07-14 12:59:52.060	1
25	ATL	BTN	FCI BUTNER                                        	P.O. BOX 1000                 	BUTNER         	NC	275091000	1111111111	2007-07-14 12:59:52.060	2007-07-14 12:59:52.060	1
26	ATL	BUC	BUCKINGHAM CORRECTIONAL CENTER                    	P.O. BOX 430                  	DILLWYN        	VA	239360000		2007-07-14 12:59:52.060	2007-07-14 12:59:52.060	1
27	ATL	BUL	BULLOCK COUNTY CORRECTIONAL INSTITUTION           	17301 HWY 301 NORTH, BLDG #209	STATESBORO     	GA	304580000	1111111111	2007-07-14 12:59:52.060	2007-07-14 12:59:52.060	1
28	ATL	BUR	BURKEVILLE                                        	1111111111                    	1111111111     	VA	111111111	1111111111	2007-07-14 12:59:52.060	2007-07-14 12:59:52.060	1
29	ATL	BUT	LSCI BUTNER                                       	POST OFFICE BOX 999           	BUTNER         	NC	275090000	1111111111	2007-07-14 12:59:52.060	2007-07-14 12:59:52.060	1
30	ATL	BWN	BALDWIN CORRECTIONAL INSTITUTE                    	P.O. BOX 218                  	HARDWICK       	GA	304630000	1111111111	2007-07-14 12:59:52.060	2007-07-14 12:59:52.060	1
31	ATL	CAB	CABARRUS CORRECTIONAL CENTER                      	P.O. BOX 158                  	MT. PLEASANT   	NC	281240000	1111111111	2007-07-14 12:59:52.060	2007-07-14 12:59:52.060	1
32	ATL	CAL	CALEDONIA CORRECTIONAL CORRECTIONS                	P. O. BOX 137                 	TILLARY        	NC	278870000	1111111111	2007-07-14 12:59:52.060	2007-07-14 12:59:52.060	1
33	ATL	CAM	C/O SCI CAMP HILL                                 	P O  BOX 8837                 	CAMP HILL      	PA	170118370	1111111111	2007-07-14 12:59:52.060	2007-07-14 12:59:52.060	1
34	ATL	CAR	CAROLINE CORRECTIONAL UNIT NUMBER TWO             	ROUTE 1 BOX 79                	HANOVER        	VA	230691111	1111111111	2007-07-14 12:59:52.060	2007-07-14 12:59:52.060	1
35	ATL	CAS	CASWELL CORR CTR                                  	BOX 217                       	YANCEYVILLE    	NC	273790000	1111111111	2007-07-14 12:59:52.060	2007-07-14 12:59:52.060	1
36	ATL	CAT	CARTERET CORRECTIONAL CENTER                      	P. O. BOX 220                 	NEWPORT        	NC	285700000	1111111111	2007-07-14 12:59:52.060	2007-07-14 12:59:52.060	1
37	ATL	CAW	CATAWBA CORRECTIONAL CENTER                       	1347 PRISON CAMP RD.          	NEWTON         	NC	286580000	1111111111	2007-07-14 12:59:52.060	2007-07-14 12:59:52.060	1
38	ATL	CCC	COLUMBUS CORRECTIONAL CENTER                      	P.O. BOX 8                    	BRUNSWICK      	NC	284240000	1111111111	2007-07-14 12:59:52.060	2007-07-14 12:59:52.060	1
39	ATL	CCI	CENTRAL CORRECTIONAL INSTITUTION                  	P.O.BOX11158,CAPITOL STA-A    	COLUMBIA       	SC	292110000	1111111111	2007-07-14 12:59:52.060	2007-07-14 12:59:52.060	1
40	ATL	CEP	CENTRAL PRISON                                    	1300 WESTERN BLVD.            	RALEIGH        	NC	276030000	10010001	2007-07-14 12:59:52.060	2007-07-14 12:59:52.060	1
41	ATL	CHA	CHARLOTTE CORRECTIONAL CENTER                     	POST OFFICE BOX 668327        	CHARLOTTE      	NC	282660000		2007-07-14 12:59:52.060	2007-07-14 12:59:52.060	1
42	ATL	CHN	CALHOUN CORRECTIONAL INSTITUTION                  	P.O. BOX 249                  	MORGAN         	GA	317660000	1111111111	2007-07-14 12:59:52.060	2007-07-14 12:59:52.060	1
43	ATL	CIR	CARROLL C.I.                                      	96 HORSLEY MILL RD.           	CARROLLTON     	GA	301170000	1111111111	2007-07-14 12:59:52.060	2007-07-14 12:59:52.060	1
44	ATL	CLA	CLAYTON COUNTY CORRECTIONAL INSTITUTION           	11420 S.L.R. BLVD.            	LOVEJOY        	GA	302500000	1111111111	2007-07-14 12:59:52.060	2007-07-14 12:59:52.060	1
45	ATL	COA	COASTAL CORRECTIONAL INATITUTION                  	P. O. BOX 7150                	GARDEN CITY    	GA	310480000	1111111111	2007-07-14 12:59:52.060	2007-07-14 12:59:52.060	1
46	ATL	COB	COBB COUNTY CORRECTIONAL INSTITUTION              	1877 COUNTY FARM ROAD         	MARIETTA       	GA	300600000		2007-07-14 12:59:52.060	2007-07-14 12:59:52.060	1
47	ATL	CRA	CRAGGY CORRECTIONAL CENTER                        	P. O. BOX 8909                	ASHEVILLE      	NC	288140000	1111111111	2007-07-14 12:59:52.060	2007-07-14 12:59:52.060	1
48	ATL	CRE	STATE CORRECTIONAL INSTITUTION                    	DRAWER A, OLD ROUTE 22        	CRESSON        	PA	166300000	1111111111	2007-07-14 12:59:52.060	2007-07-14 12:59:52.060	1
49	ATL	CRO	CROSS ANCHOR CORR. INST                           	RT-1,BOX 322-C                	ENOREE         	SC	293350000	1111111111	2007-07-14 12:59:52.060	2007-07-14 12:59:52.060	1
50	ATL	CTF	DC DOC, CORRECTIONAL TREATMENT FACILITY           	1900 "E" ST., S.E.            	WASHINGTON     	DC	200190000		2007-07-14 12:59:52.060	2007-07-14 12:59:52.060	1
51	ATL	CUR	CURRITUK CORRECTIONAL CENTER                      	BOX 14                        	MAPLE          	NC	284240000	1111111111	2007-07-14 12:59:52.060	2007-07-14 12:59:52.060	1
52	ATL	DAL	C/O WARDEN                                        	SCI DALLAS                    	DALLAS         	PA	186120000	1111111111	2007-07-14 12:59:52.060	2007-07-14 12:59:52.060	1
53	ATL	DAV	DAVIE CORRECTIONAL CENTER                         	RT #1 BOX 403                 	MOCKSVILLE     	NC	270280000	1111111111	2007-07-14 12:59:52.060	2007-07-14 12:59:52.060	1
54	ATL	DCH	DUTCHMAN CORRECTIONAL INSTITUTION                 	200 PRISON ROAD               	ENOREE         	SC	293350000		2007-07-14 12:59:52.060	2007-07-14 12:59:52.060	1
55	ATL	DCJ	DC DEPARTMENT OF CORRECTIONS                      	1901 "D" ST., S.E.            	WASHINGTON     	DC	200030000	1111111111	2007-07-14 12:59:52.060	2007-07-14 12:59:52.060	1
56	ATL	DCT	DARE COUNTY DETENTION FACILITY                    	1044 DRIFTWOOD DRIVE          	MANTEO         	NC	279540000	1111111111	2007-07-14 12:59:52.060	2007-07-14 12:59:52.060	1
57	ATL	DEE	DEERFIELD CORRECTIONAL CENTER                     	ROUTE 1  BOX 22               	CAPRON         	VA	238290000	1111111111	2007-07-14 12:59:52.060	2007-07-14 12:59:52.060	1
58	ATL	DIL	DILLWYN CORRECTIONAL FACILITY                     	P.O. BOX 670                  	DILLWYN        	VA	239360000	1111111111	2007-07-14 12:59:52.060	2007-07-14 12:59:52.060	1
59	ATL	DKB	DEKALB COUNTY JAIL                                	3630 CAMP CIRCLE              	DECATUR        	GA	300320000	1111111111	2007-07-14 12:59:52.060	2007-07-14 12:59:52.060	1
60	ATL	DLY	DOOLY CORRECTIONAL INSTITUTION                    	P.O. BOX 750                  	UNADILLA       	GA	310910000	1111111111	2007-07-14 12:59:52.060	2007-07-14 12:59:52.060	1
61	ATL	DMC	DEEP MEADOW CORRECTIONAL CENTER                   	111                           	111            	VA	001110000	1111111111	2007-07-14 12:59:52.060	2007-07-14 12:59:52.060	1
62	ATL	DOD	DODGE CORRECTIONAL INSTITUTION                    	P.O. BOX 276                  	CHESTER        	GA	310120000	1111111111	2007-07-14 12:59:52.060	2007-07-14 12:59:52.060	1
63	ATL	DPN	DUPLIN CORRECTIONAL CENTER                        	P O BOX 737                   	KENANSVILLE    	NC	284390000	1111111111	2007-07-14 12:59:52.060	2007-07-14 12:59:52.060	1
64	ATL	DPR	DRAPER CORRECTIONAL FACILITY                      	POST OFFICE BOX 1107          	ELMORE         	AL	360250000		2007-07-14 12:59:52.060	2007-07-14 12:59:52.060	1
65	ATL	DRA	DRAPER CORRECTIONAL FACILITY                      	P.O. BOX 1107                 	ELMORE         	AL	360250000	1111111111	2007-07-14 12:59:52.060	2007-07-14 12:59:52.060	1
66	ATL	DUR	DURHAM CORRECTIONAL  CENTER                       	BOX 2567 W. DURHAM BRANCH     	DURHAM         	NC	277050000	1111111111	2007-07-14 12:59:52.060	2007-07-14 12:59:52.060	1
67	ATL	EAS	EASTERN CORR. INST..                              	P O  BOX 215                  	MAURY          	NC	285540000	1111111111	2007-07-14 12:59:52.060	2007-07-14 12:59:52.060	1
68	ATL	EVA	EVANS CORRECTIONAL INSTITUTION                    	P. O. BOX 2951202             	BENNETTSVILLE  	SC	295125202	1111111111	2007-07-14 12:59:52.060	2007-07-14 12:59:52.060	1
69	ATL	FCC	FOUNTAIN CORRECTIONAL CENTER FOR WOMEN            	827 FOUNTAIN ROAD             	ROCKY MOUNT    	NC	278010000	1111111111	2007-07-14 12:59:52.060	2007-07-14 12:59:52.060	1
70	ATL	FLO	FLOYD COUNTY CORRECTIONAL INSTITUTION             	329 BLACK BUFF RD., S.W.      	ROME           	GA	301610000	1111111111	2007-07-14 12:59:52.060	2007-07-14 12:59:52.060	1
71	ATL	FOO	FOOTHILLS CORRECTIONAL INSTITUTION                	5150 WESTERN AVENUE           	MORGANTON      	NC	286550000		2007-07-14 12:59:52.060	2007-07-14 12:59:52.060	1
72	ATL	FOR	FORSYTH COUNTY DETENTION CENTER                   	201 NORTH CHURCH ST.          	WINSTON-SALEM  	NC	271010000	1111111111	2007-07-14 12:59:52.060	2007-07-14 12:59:52.060	1
73	ATL	FOU	FOUNTAIN CORRECTIONAL CENTER FOR WOMEN            	827 FOUNTAIN ROAD             	ROCKY MOUNT    	NC	278010000	1111111111	2007-07-14 12:59:52.060	2007-07-14 12:59:52.060	1
74	ATL	FRA	SCI FRACKVILLE                                    	1111 ALTAMONT BLVD.           	FRACKVILLE     	PA	179310000	1111111111	2007-07-14 12:59:52.060	2007-07-14 12:59:52.060	1
75	ATL	FRN	FRANKLIN CORRECTIONAL CENTER                      	P. O. BOX 155                 	BUNN           	NC	275080000	1111111111	2007-07-14 12:59:52.060	2007-07-14 12:59:52.060	1
76	ATL	GAT	GATES CORRECTIONAL CENTER                         	RT.1, BOX 84                  	GATESVILLE     	NC	279380000	1111111111	2007-07-14 12:59:52.060	2007-07-14 12:59:52.060	1
77	ATL	GCC	GASTON CORRECTIONAL CENTER                        	P O BOX 556                   	DALLAS         	NC	280340000	1111111111	2007-07-14 12:59:52.060	2007-07-14 12:59:52.060	1
78	ATL	GDB	GEORGIA DIAGNOSTIC & CLASSIFICATION CENTER        	P.O.BOX 3877                  	JACKSON        	GA	302330000	1111111111	2007-07-14 12:59:52.060	2007-07-14 12:59:52.060	1
79	ATL	GDC	GEORGIA DEPARTMENT OF CORRECTIONS                 	#2 MLK JR DR EAST TOWER 6TH FL	ATLANTA        	GA	303340000		2007-07-14 12:59:52.060	2007-07-14 12:59:52.060	1
80	ATL	GEO	GEORGIA DIAGNOSTIC & CLASSIFICATION CENTER        	POST OFFICE BOX 3877          	JACKSON        	GA	302330000		2007-07-14 12:59:52.060	2007-07-14 12:59:52.060	1
81	ATL	GII	GEORGIA INDUSTRIAL INSTITUTION                    	P.O. BOX 709                  	ALTO           	GA	305100000	1111111111	2007-07-14 12:59:52.060	2007-07-14 12:59:52.060	1
82	ATL	GNE	GREENE CORRECTIONL INSTITUTION                    	111                           	MAURY          	NC	285540000	1111111111	2007-07-14 12:59:52.060	2007-07-14 12:59:52.060	1
83	ATL	GOO	VIRGINIA CORRECTIONAL CENTER FOR WOMEN            	P.O. BOX 1                    	GOOCHLAND      	VA	230630000	1111111111	2007-07-14 12:59:52.060	2007-07-14 12:59:52.060	1
84	ATL	GRA	C/O SCI GRATERFORD                                	P O  BOX 244                  	GRATERFORD     	PA	194260000	1111111111	2007-07-14 12:59:52.060	2007-07-14 12:59:52.060	1
85	ATL	GRE	GREENSVILLE CORRECTIONAL CENTER                   	1111111111                    	GREENSVILLE    	VA	244400000		2007-07-14 12:59:52.060	2007-07-14 12:59:52.060	1
86	ATL	GSP	GEORGIA STATE PRISON                              	STAR ROUTE                    	REIDSVILLE     	GA	304530000	1111111111	2007-07-14 12:59:52.060	2007-07-14 12:59:52.060	1
87	ATL	HAD	RIVERS CORRECTIONAL INSTITUTION                   	P. O. BOX 1500                	HARDWICK       	GA	310340000	1111111111	2007-07-14 12:59:52.060	2007-07-14 12:59:52.060	1
88	ATL	HAN	HANCOCK CORRECTIONAL INSTITUTION                  	P.O. BOX 339                  	SPARTA         	GA	310870000	1111111111	2007-07-14 12:59:52.060	2007-07-14 12:59:52.060	1
89	ATL	HAR	HARNETT CORRECTIONAL INSTITUTION                  	P. O. BOX 1569                	LILLINGTON     	NC	275460000	10010001	2007-07-14 12:59:52.060	2007-07-14 12:59:52.060	1
90	ATL	HAY	HAYS CORRECTIONAL INST                            	P.O.BOX 668                   	TRION          	GA	307530000	1111111111	2007-07-14 12:59:52.060	2007-07-14 12:59:52.060	1
91	ATL	HLX	HALIFAX CORRECTION CENTER                         	P O BOX 448                   	HALIFAX        	NC	278390000		2007-07-14 12:59:52.060	2007-07-14 12:59:52.060	1
92	ATL	HOK	HOKE CORRECTIONAL INSTITUTION                     	P. O. BOX 58                  	MCCAIN         	NC	283610000	1111111111	2007-07-14 12:59:52.060	2007-07-14 12:59:52.060	1
93	ATL	HRS	HARRIS COUNTY C.I.                                	9982 HIGHWAY 116              	HAMILTON       	GA	318110000	1111111111	2007-07-14 12:59:52.060	2007-07-14 12:59:52.060	1
94	ATL	HUN	SCI AT RETREAT                                    	P.O.BOX 500,                  	HUNLOCK CREEK  	PA	186240000	1111111111	2007-07-14 12:59:52.060	2007-07-14 12:59:52.060	1
95	ATL	HVL	HAYNESVILLE CI                                    	P.O. BOX 129                  	HAYNESVILLE    	VA	224720000		2007-07-14 12:59:52.060	2007-07-14 12:59:52.060	1
96	ATL	HYS	HAYES CORECTIONAL CENTER                          	P.O. BOX 668                  	TRION          	GA	307530000	1111111111	2007-07-14 12:59:52.060	2007-07-14 12:59:52.060	1
97	ATL	IFW	NORTH CAROLINA INSTITUTION FOR WOMEN              	1034 BRAGG STREET             	RALEIGH        	NC	276100000	1111111111	2007-07-14 12:59:52.060	2007-07-14 12:59:52.060	1
98	ATL	INC	INDIAN CREEK CORRECTIONAL FACILITY                	801 SANDERSON RD.             	CHESAPEAKE     	VA	233270000	1111111111	2007-07-14 12:59:52.060	2007-07-14 12:59:52.060	1
99	ATL	IRE	IREDEL CORRECTIONAL INSTITUTION                   	P. O. BOX 231                 	STATESVILLE    	NC	286770000	1111111111	2007-07-14 12:59:52.060	2007-07-14 12:59:52.060	1
100	ATL	JAC	JACKSON COUNTY C.I.                               	255 CURTIS SPENCE DR.         	JEFFERSON      	GA	305490000	1111111111	2007-07-14 12:59:52.060	2007-07-14 12:59:52.060	1
101	ATL	JCI	JOHNSON CORRECTIONAL INSTITUTION                  	P.O. BOX 344                  	WRIGHTSVILLE   	GA	310960000	1111111111	2007-07-14 12:59:52.060	2007-07-14 12:59:52.060	1
102	ATL	JOH	JOHNSTON CORR. INST                               	RT. 3 BOX 213                 	SMITHFIELD     	NC	275770000	1111111111	2007-07-14 12:59:52.060	2007-07-14 12:59:52.060	1
103	ATL	JRI	JAMES RIVER CORRECTIONAL CENTER                   	STATE FARM                    	STATE FARM     	VA	231600000	1111111111	2007-07-14 12:59:52.060	2007-07-14 12:59:52.060	1
104	ATL	KCI	KIRKLAND CORRECTIONAL INSTITUTION                 	4344 BROAD RIVER ROAD         	COLUMBIA       	SC	292100000	1111111111	2007-07-14 12:59:52.060	2007-07-14 12:59:52.060	1
105	ATL	KIL	AL DEP OF CORR, KILBY CORRECTIONAL INSTITUTE      	P.O. BOX 125                  	MT. MEIGS      	AL	360570000	1111111111	2007-07-14 12:59:52.060	2007-07-14 12:59:52.060	1
106	ATL	KMC	KEENE MOUNTAIN CORRECTIONAL CENTER                	1111111111                    	1111111111     	VA	111110000	1111111111	2007-07-14 12:59:52.060	2007-07-14 12:59:52.060	1
107	ATL	LBR	LIEBER CORRECTIONAL INSTITUTION                   	P. O. BOX 205                 	RIDGEVILLE     	SC	294720000	1111111111	2007-07-14 12:59:52.060	2007-07-14 12:59:52.060	1
108	ATL	LCI	LOWNDES CORRECTIONAL INSTITUTE                    	P. O. BOX 310                 	VALDOSTA       	GA	316010000	1111111111	2007-07-14 12:59:52.060	2007-07-14 12:59:52.060	1
109	ATL	LEE	LEE CORRECTIONAL INSTITUTE                        	P. O. BOX 399                 	LEESBURG       	GA	317630000	1111111111	2007-07-14 12:59:52.060	2007-07-14 12:59:52.060	1
110	ATL	LER	LEROY CORRECTIOAN CENTER                          	BOX 4128                      	ASHEBORO       	NC	272040000	1111111111	2007-07-14 12:59:52.060	2007-07-14 12:59:52.060	1
111	ATL	LEW	C/O LEWISBURG                                     	P.O. BOX 1000                 	LEWISBURG      	PA	178370000	1111111111	2007-07-14 12:59:52.060	2007-07-14 12:59:52.060	1
112	ATL	LIM	LIMESTONE CC                                      	P.O. BOX 66                   	CAPSHAW        	AL	357420000	1111111111	2007-07-14 12:59:52.060	2007-07-14 12:59:52.060	1
113	ATL	LIN	LINCOLN CORRECTIONAL CENTER                       	150 PRISON CAMP ROAD          	LINCOLNTON     	NC	280920000	1111111111	2007-07-14 12:59:52.060	2007-07-14 12:59:52.060	1
114	ATL	LOR	 LORTON CORRECTIONAL FACILITY, DOC                	1923 VERMONT AVE, STE N102, NW	WASHINGTON     	DC	200010000		2007-07-14 12:59:52.060	2007-07-14 12:59:52.060	1
115	ATL	LOW	LOW SECURITY CORRECTIONAL INSTITUTION             	POST OFFICE BOX 999           	BUTNER         	NC	275090000		2007-07-14 12:59:52.060	2007-07-14 12:59:52.060	1
116	ATL	LTH	LEATH CORRECTIONAL INSTITUTION                    	2809 AIRPORT RD.              	GREENWOOD      	SC	296490000		2007-07-14 12:59:52.060	2007-07-14 12:59:52.060	1
117	ATL	LUM	LUMBERTON CORRECTIONAL CENTER                     	                              	               	  	000000000	0	2007-07-14 12:59:52.060	2007-07-14 12:59:52.060	1
118	ATL	MAC	MCDOUGAL CORR. INST.                              	ROUTE 1, BOX 1178             	RIDGEVILLE     	SC	294720000	1111111111	2007-07-14 12:59:52.060	2007-07-14 12:59:52.060	1
119	ATL	MAF	MARY FRANCIS CORRECTIONAL INSTITUTION             	POST OFFICE BOX 1435          	ROCKY MOUNT    	NC	278010000	1111111111	2007-07-14 12:59:52.060	2007-07-14 12:59:52.060	1
120	ATL	MAN	MANNING CORRECTIONAL INSTITUTION                  	P.O. BOX 3173                 	COLUMBIA       	SC	292030000	1111111111	2007-07-14 12:59:52.060	2007-07-14 12:59:52.060	1
121	ATL	MAO	CENTRAL CORRECTIONAL INSTITUTE                    	4600 FULTON MILL ROAD         	MACON          	GA	312130000	1111111111	2007-07-14 12:59:52.060	2007-07-14 12:59:52.060	1
122	ATL	MAR	MARION CORRECTIONAL INSTITUTION                   	POST OFFICE BOX 2405          	MARION         	NC	287520000		2007-07-14 12:59:52.060	2007-07-14 12:59:52.060	1
123	ATL	MAU	EASTERN CORRECTIONAL INSTITUTION                  	P. O. BOX  215                	MAURY          	NC	285540000	1111111111	2007-07-14 12:59:52.060	2007-07-14 12:59:52.060	1
124	ATL	MCC	MCCORMICK CORRECTIONAL INSTITUTION                	ROUTE 2, BOX 100              	MCCORMIC       	SC	298990000	1111111111	2007-07-14 12:59:52.060	2007-07-14 12:59:52.060	1
125	ATL	MCD	MACDOUGALL CORRECTIONAL INSTITUTION               	ROUTE 1, BOX 1178             	RIDGESVILLE    	SC	294720000	1111111111	2007-07-14 12:59:52.060	2007-07-14 12:59:52.060	1
126	ATL	MCH	MCCAIN CORRECTIONAL HOSPITAL                      	P.O. BOX 5118                 	MCCAIN         	NC	283610000		2007-07-14 12:59:52.060	2007-07-14 12:59:52.060	1
127	ATL	MCK	MECKLENBURG CORRECTIONAL CENTER                   	P O BOX 685                   	HUNTERSVILLE   	NC	200780000		2007-07-14 12:59:52.060	2007-07-14 12:59:52.060	1
128	ATL	MCN	MACON CORRECTIONAL INSTITUTION                    	P.O. BOX 426                  	OGLETHORPE     	GA	310680000	1111111111	2007-07-14 12:59:52.060	2007-07-14 12:59:52.060	1
129	ATL	MEN	MEN'S CORRECTIONAL INSTITUTION                    	P. O. BOX 396                 	HARDWICK       	GA	310340000	1111111111	2007-07-14 12:59:52.060	2007-07-14 12:59:52.060	1
130	ATL	MET	METRO CORRECTIONAL INSTITUTION                    	1301 CONSTITUTION ROAD        	ATLANTA        	GA	303160000	1111111111	2007-07-14 12:59:52.060	2007-07-14 12:59:52.060	1
131	ATL	MGC	MGCI WOMENS CORRECTIONAL INSTITUTION              	P.O. BOX 218                  	HARDWICK       	GA	310340000	1111111111	2007-07-14 12:59:52.060	2007-07-14 12:59:52.060	1
132	ATL	MON	MONTGOMERY CORRECTIONAL CENTER                    	P.O. BOX 728                  	TROY           	NC	273710000	1111111111	2007-07-14 12:59:52.060	2007-07-14 12:59:52.060	1
133	ATL	MOR	MORRISON YOUTH INSTITUTION                        	P. O. BOX 169                 	HOFFMAN        	NC	283470000	1111111111	2007-07-14 12:59:52.060	2007-07-14 12:59:52.060	1
134	ATL	MUS	MUSCOGEE C.I.                                     	3950 SCHATULGA RD.            	COLUMBUS       	GA	319070000	1111111111	2007-07-14 12:59:52.060	2007-07-14 12:59:52.060	1
135	ATL	NAG	CAMPAMENTO PUNTA LIMA                             	BOX 36                        	NAGUABO        	PR	007180000	1111111111	2007-07-14 12:59:52.060	2007-07-14 12:59:52.060	1
136	ATL	NAS	NASH CORRECTIONAL INSTITUTE                       	ROUTE 2, BOX 29E              	NASHVILLE      	NC	278560000	1111111111	2007-07-14 12:59:52.060	2007-07-14 12:59:52.060	1
137	ATL	NCC	N.C. DEPARTMENT OF CORRECTIONS                    	P. O. BOX 1569                	LILLINGTON     	NC	275460000	1111111111	2007-07-14 12:59:52.060	2007-07-14 12:59:52.060	1
138	ATL	NCT	NORTH CAROLINA CORRECTIONAL CENTER                	1202 SOUTH STATE STREET       	RALEIGH        	NC	276010000	1111111111	2007-07-14 12:59:52.060	2007-07-14 12:59:52.060	1
139	ATL	NEU	NEUSE CORRECTIONAL INSTITUTION                    	CALLER BOX 8009               	GOLDSBORO      	NC	275330000		2007-07-14 12:59:52.060	2007-07-14 12:59:52.060	1
140	ATL	NHA	NEW HANOVER CORRECTIONAL CENTER                   	POST OFFICE BOX 240           	WILMINGTON     	NC	284020000	1111111111	2007-07-14 12:59:52.060	2007-07-14 12:59:52.060	1
141	ATL	NOR	NORTH CAROLINA CORRECTIONAL INSTITUTION           	1014 BRAGG ST.                	RALEIGH        	NC	276100000		2007-07-14 12:59:52.060	2007-07-14 12:59:52.060	1
142	ATL	NOT	NOTTOWAY CORRECTIONAL CNETER                      	P.O. BOX 488                  	BURKEVILLE     	VA	239220000	1111111111	2007-07-14 12:59:52.060	2007-07-14 12:59:52.060	1
143	ATL	NSV	NASH CORRECTIONAL INSTITUTION                     	ROUTE 2, BOX 29-E             	NASHVILLE      	NC	278560000	1111111111	2007-07-14 12:59:52.060	2007-07-14 12:59:52.060	1
144	ATL	NTH	NORTHSIDE CORRECTIONAL CENTER                     	504 BROADCASE DRIVE           	SPARTANBURG    	SC	293030000	1111111111	2007-07-14 12:59:52.060	2007-07-14 12:59:52.060	1
145	ATL	OCC	OCCOQUAN FACILITY                                 	P.O. B0X 85                   	LORTON         	VA	220790000	1111111111	2007-07-14 12:59:52.060	2007-07-14 12:59:52.060	1
146	ATL	OCO	OCONEE COUNTY JAIL                                	OLEC S. CHURCH STREET         	WALHALLA       	SC	296910000	1111111111	2007-07-14 12:59:52.060	2007-07-14 12:59:52.060	1
147	ATL	ODO	ODOM CORRECTIONAL INSTITUTION                     	P. O. BOX 36                  	JACKSON        	NC	278450000	1111111111	2007-07-14 12:59:52.060	2007-07-14 12:59:52.060	1
148	ATL	ORA	ORANGE CORRECTIONAL CENTER                        	RT. 3, BOX 4                  	HILLSBOROUGH   	NC	272780000	1111111111	2007-07-14 12:59:52.060	2007-07-14 12:59:52.060	1
149	ATL	PEN	PENDER CORRECTIONAL CENTER                        	P. O. BOX 1058                	BURGAW         	NC	284250000	1111111111	2007-07-14 12:59:52.060	2007-07-14 12:59:52.060	1
150	ATL	PET	PETERSBURG FEDERAL CORRECTIONAL INSTITUTE         	P.O. BOX 1000                 	PETERSBURG     	VA	238040000	1111111111	2007-07-14 12:59:52.060	2007-07-14 12:59:52.060	1
151	ATL	PHI	PHILLIPS CORRECTIONAL INSTITUTION                 	2989 WEST ROCK QUARRY ROAD    	BUFORD         	GA	305180000	1111111111	2007-07-14 12:59:52.060	2007-07-14 12:59:52.060	1
152	ATL	PIE	PIEDMONT CORRECTIONAL CENTER                      	977 CAMP ROAD                 	SALISBURRY     	NC	281440000	1111111111	2007-07-14 12:59:52.060	2007-07-14 12:59:52.060	1
153	ATL	POL	POLK CORRECRIONAL CENTER                          	1900 BLUE RIDGE BLVD.         	RALEIGH        	NC	276070000	1111111111	2007-07-14 12:59:52.060	2007-07-14 12:59:52.060	1
154	ATL	PON	INSTITUCION REGIONAL DEL SUR                      	C/O ADM D&R                   	PONCE          	PR	006040000	1111111111	2007-07-14 12:59:52.060	2007-07-14 12:59:52.060	1
155	ATL	POR	PORTSMOUTH CITY JAIL                              	701 CRAWFORD ST.              	PORTSMOUTH     	VA	237040000	1111111111	2007-07-14 12:59:52.060	2007-07-14 12:59:52.060	1
156	ATL	POW	POWHATAN CORRECTIONAL CENTER                      	VIRGINIA DEPT OF CORRECTIONS  	STATE FARM     	VA	231600000		2007-07-14 12:59:52.060	2007-07-14 12:59:52.060	1
157	ATL	PRI	ADMINISTRATION OF CORRECTIONS/PUERTO RICO         	AVENIDA BARBOSA 306           	HATO REY       	PR	009170000		2007-07-14 12:59:52.060	2007-07-14 12:59:52.060	1
158	ATL	PRY	PERRY CORRECTIONAL CENTER                         	ROUTE 3                       	PELZER         	SC	296690000	1111111111	2007-07-14 12:59:52.060	2007-07-14 12:59:52.060	1
159	ATL	PUL	PULASKI                                           	P.O. BOX 1188                 	DUBLIN         	VA	240840000	1111111111	2007-07-14 12:59:52.060	2007-07-14 12:59:52.060	1
160	ATL	PWC	PRINCE WILLIAM COUNTY ADC                         	9320 LEE AVENUE               	MANASSAS       	VA	221100000	1111111111	2007-07-14 12:59:52.060	2007-07-14 12:59:52.060	1
161	ATL	PYO	POLK YOUTH INSTITUTION                            	1900 BLUE RIDGE ROAD          	RALEIGH        	NC	276070000		2007-07-14 12:59:52.060	2007-07-14 12:59:52.060	1
162	ATL	QUO	PASQUOTANK C.I.                                   	527 COMMERCE DRIVE            	ELIZABETH CITY 	NC	279060000		2007-07-14 12:59:52.060	2007-07-14 12:59:52.060	1
163	ATL	RAN	RANDOLPH CORRECTIONAL INSTITUTION                 	P. O. BOX 3109                	ASHBORO        	NC	272040000	1111111111	2007-07-14 12:59:52.060	2007-07-14 12:59:52.060	1
164	ATL	RCC	RICHMOND CORRECTIONAL CENTER                      	111                           	111            	VA	001110000	1111111111	2007-07-14 12:59:52.060	2007-07-14 12:59:52.060	1
165	ATL	RCW	RALEIGH CORRECTIONAL CENTER FOR WOMEN             	1201 SOUTH STATE STREET       	RALEIGH        	NC	276100000		2007-07-14 12:59:52.060	2007-07-14 12:59:52.060	1
166	ATL	RDG	RIDGELAND CORRECTIONAL INSTITUTION                	POST OFFICE BOX 2039          	RIDGELAND      	SC	299360000	1111111111	2007-07-14 12:59:52.060	2007-07-14 12:59:52.060	1
167	ATL	RID	RIDGELAND CORRECTIONAL INSTITUTION                	                              	               	  	000000000	0	2007-07-14 12:59:52.060	2007-07-14 12:59:52.060	1
168	ATL	RIO	STATE PENITENTIARY                                	C/O ADM D&R                   	RIO PIEDRAS    	PR	009270000	1111111111	2007-07-14 12:59:52.060	2007-07-14 12:59:52.060	1
169	ATL	ROB	ROBESON CORRECTIONAL CENTER                       	P. O. BOC 233                 	LUMBERTON      	NC	283580000	1111111111	2007-07-14 12:59:52.060	2007-07-14 12:59:52.060	1
170	ATL	ROC	C/O SCI ROCKVIEW                                  	P O BOX A                     	BELLEFONTE     	PA	168230000	1111111111	2007-07-14 12:59:52.060	2007-07-14 12:59:52.060	1
171	ATL	ROG	ROGERS CORRECTIONAL INSTITUTION                   	STAR ROUTE BOX 5300           	REIDSVILLE     	GA	304530000	1111111111	2007-07-14 12:59:52.060	2007-07-14 12:59:52.060	1
172	ATL	RTD	RUTHERFORD CORRECTIONAL CENTER                    	901 LEDBETTER RD.             	SPINDALE       	NC	281600000	1111111111	2007-07-14 12:59:52.060	2007-07-14 12:59:52.060	1
173	ATL	RUT	RUTLEDGE COORECTIONAL INSTITUTION                 	7175 MANOR ROAD               	COLUMBUS       	GA	319070000	1111111111	2007-07-14 12:59:52.060	2007-07-14 12:59:52.060	1
174	ATL	SAB	SABANA HOYOS CAMP                                 	SABANA HOYOS                  	SABANA HOYOS   	PR	007480000	1111111111	2007-07-14 12:59:52.060	2007-07-14 12:59:52.060	1
175	ATL	SAC	SANFORD CORRECTIONAL CENTER                       	P. O. BOX 2490                	SANFORD        	NC	273300000	1111111111	2007-07-14 12:59:52.060	2007-07-14 12:59:52.060	1
176	ATL	SAL	ROWAN CORRECTIONAL CENTER                         	P. O. 1207                    	SALISBURY      	NC	281450000	1111111111	2007-07-14 12:59:52.060	2007-07-14 12:59:52.060	1
177	ATL	SAM	SAMPSON CORRECTIONAL CENTER                       	POST OFFICE BOX 999           	CLINTON        	NC	283280000	1111111111	2007-07-14 12:59:52.060	2007-07-14 12:59:52.060	1
178	ATL	SAN	SANDHILLS YOUTH CENTER                            	P. O. BOX 5088                	MC. CAIN       	NC	283610000	1111111111	2007-07-14 12:59:52.060	2007-07-14 12:59:52.060	1
179	ATL	SCC	SAMPSON CORRECTIONAL CENTER                       	120 N.BLVD.                   	CLINTON        	NC	283280000	1111111111	2007-07-14 12:59:52.060	2007-07-14 12:59:52.060	1
180	ATL	SCT	SCOTT CORRECTIONAL INSTITUTION                    	P O BOX 417                   	HARDWICK       	GA	310340000	1111111111	2007-07-14 12:59:52.060	2007-07-14 12:59:52.060	1
181	ATL	SFD	SANFORD CORRECTIONAL CENTER                       	P.O. BOX 2490                 	SANFORD        	NC	273300000	1111111111	2007-07-14 12:59:52.060	2007-07-14 12:59:52.060	1
182	ATL	SHA	SCI COAL TOWNSHIP                                 	I KELLY DRIVE                 	SHAMOKIN       	PA	178720000		2007-07-14 12:59:52.060	2007-07-14 12:59:52.060	1
183	ATL	SMI	SMITH CORRECTIONAL INSTITUTION                    	P.O. BOX 726, HWY. 301N       	GLENVILLE      	GA	304270000	1111111111	2007-07-14 12:59:52.060	2007-07-14 12:59:52.060	1
184	ATL	SOC	SOUTH CAROLINA DEPT OF CORRECTIONS                	4460 BROAD RIVER ROAD         	COLUMBIA       	SC	292100000	1111111111	2007-07-14 12:59:52.060	2007-07-14 12:59:52.060	1
185	ATL	SOT	SOUTHERN CORRECTIONAL INST.                       	P. O. BOX 786                 	TROY           	NC	273710000	1111111111	2007-07-14 12:59:52.060	2007-07-14 12:59:52.060	1
186	ATL	SOU	SOUTHAMPTON CORRECTIONAL CENTER                   	ROUTE 1  BOX 17               	CAPRON         	VA	238290000	1111111111	2007-07-14 12:59:52.060	2007-07-14 12:59:52.060	1
187	ATL	STA	STAUNTON CORRECTIONAL CENTER                      	P.O. BOX 3500                 	STAUTON        	VA	244010000	1111111111	2007-07-14 12:59:52.060	2007-07-14 12:59:52.060	1
188	ATL	STB	ST. BRIDES CORRECTIONAL CENTER                    	701 SANDERSON RD.             	CHESAPEAKE     	VA	233220000	1111111111	2007-07-14 12:59:52.060	2007-07-14 12:59:52.060	1
189	ATL	STO	STOKES CORRECTIONAL CENTER                        	ROUTE 3, BOX 96-A             	WALNUT COVE    	NC	275020000		2007-07-14 12:59:52.060	2007-07-14 12:59:52.060	1
190	ATL	SUM	SUMTER CITY CORRECTIONAL INSTITUTION              	P.O. BOX 484                  	AMERICUS       	GA	317090000	1111111111	2007-07-14 12:59:52.060	2007-07-14 12:59:52.060	1
191	ATL	SYL	FCI. SCHYKLILL                                    	P. O. BOX 789                 	MINERSVILLE    	PA	179540000	1111111111	2007-07-14 12:59:52.060	2007-07-14 12:59:52.060	1
192	ATL	TDG	FCI, TALLADEGA                                    	902 RENFROE RD.               	TALLADEGA      	AL	351600000		2007-07-14 12:59:52.060	2007-07-14 12:59:52.060	1
193	ATL	TEL	TELFAIR CORRECTIONAL INSTITUTION                  	P.O. BOX 549                  	HELENA         	GA	305180000	1111111111	2007-07-14 12:59:52.060	2007-07-14 12:59:52.060	1
194	ATL	TER	TERRELL CO. CORRECTIONAL INSTITUTION              	ROUTE 5, BOX 38               	DAWSON         	GA	317420000	1111111111	2007-07-14 12:59:52.060	2007-07-14 12:59:52.060	1
195	ATL	TIL	TILLERY CORRECTIONAL CENTER                       	P.O. BOX 222                  	TILLERY        	NC	278870000	1111111111	2007-07-14 12:59:52.060	2007-07-14 12:59:52.060	1
196	ATL	TRI	TRIANGLE CORRECTIONAL INSTITUTION                 	1300 WESTERN BLVD.            	RALEIGH        	NC	276060000	1111111111	2007-07-14 12:59:52.060	2007-07-14 12:59:52.060	1
197	ATL	TRO	TROUP COUNTY C.I.                                 	2508 HAMILTON RD.             	LAGRANGE       	GA	302400000	1111111111	2007-07-14 12:59:52.060	2007-07-14 12:59:52.060	1
198	ATL	TUR	TURBEVILLE CORRECTIONAL INSTITUTION               	POST OFFICE BOX 252           	TURBEVILLE     	SC	291620000	1111111111	2007-07-14 12:59:52.060	2007-07-14 12:59:52.060	1
199	ATL	UMS	UMSTEAD CORRECTIONAL CENTER                       	P. O. BOX 106                 	BUTNER         	NC	275090000	1111111111	2007-07-14 12:59:52.060	2007-07-14 12:59:52.060	1
200	ATL	VAN	VANCE CORRECTIONAL INSTITUTION                    	ROUTE 9, BOX 201              	HENDERSON      	NC	275360000	1111111111	2007-07-14 12:59:52.060	2007-07-14 12:59:52.060	1
201	ATL	VCI	VALDOSTA CORRECTIONAL INSTITUTION                 	P. O. BOX 310                 	VALDOSTA       	GA	316030000	1111111111	2007-07-14 12:59:52.060	2007-07-14 12:59:52.060	1
202	ATL	VSP	VIRGINIA STATE PENITENTIARY                       	500 SPRING STREET             	RICHMOND       	VA	232191111	1111111111	2007-07-14 12:59:52.060	2007-07-14 12:59:52.060	1
203	ATL	WAK	WAKE CORRECTIONAL CENTER                          	1000 ROCK QUARY ROAD          	RALEIGH        	NC	276100000		2007-07-14 12:59:52.060	2007-07-14 12:59:52.060	1
204	ATL	WAL	WALKER CORRECTIONAL INSTITUTION                   	P. O. BOX 98                  	ROCKSPRING     	GA	307390000	1111111111	2007-07-14 12:59:52.060	2007-07-14 12:59:52.060	1
205	ATL	WAR	WARE CORRECTIONAL INSTITUTION                     	3620 NORTH HARRIS ROAD        	WAYCROSS       	GA	315010000	1111111111	2007-07-14 12:59:52.060	2007-07-14 12:59:52.060	1
206	ATL	WAT	WATERBEE CORRECTIONAL INSTITUTION                 	P. O. BOX 189                 	REMBERT        	SC	291280189	1111111111	2007-07-14 12:59:52.060	2007-07-14 12:59:52.060	1
207	ATL	WAY	SCI WAYMART                                       	P. O. BOX 256                 	WAYMART        	PA	184720256	1111111111	2007-07-14 12:59:52.060	2007-07-14 12:59:52.060	1
208	ATL	WCC	WOMEN'S CORRECTIONAL INSTITUTION                  	4450 BROAD RIVER RD.          	COLUMBIA       	SC	292100000	1111111111	2007-07-14 12:59:52.060	2007-07-14 12:59:52.060	1
209	ATL	WCI	WOMRN'S CORRECTIONAL INSTITUTION                  	P.O.BOX 218                   	HARDWICK       	GA	310340000	1111111111	2007-07-14 12:59:52.060	2007-07-14 12:59:52.060	1
210	ATL	WCP	WEST CENTRAL PRISON                               	POST OFFICE BOX  589          	ZEBULON        	GA	302950000	1111111111	2007-07-14 12:59:52.060	2007-07-14 12:59:52.060	1
211	ATL	WDC	WILLIAM DONALDSON CORRECTIONAL FACILITY           	100 WARRIOR LANE              	BESSEMER       	AL	350230000	1111111111	2007-07-14 12:59:52.060	2007-07-14 12:59:52.060	1
212	ATL	WES	WESTERN YOUTH INSTITUTION                         	P. O. BOX 1439                	MORGANTON      	NC	282400000	1111111111	2007-07-14 12:59:52.060	2007-07-14 12:59:52.060	1
213	ATL	WHI	WHITEVILLE PRISON UNIT                            	P. O. BOX 8                   	BRUNSWICK      	NC	284240000	1111111111	2007-07-14 12:59:52.060	2007-07-14 12:59:52.060	1
214	ATL	WIL	WILCOX C.I.                                       	472 S. BROAD ST               	ABBEVILLE      	GA	310010000		2007-07-14 12:59:52.060	2007-07-14 12:59:52.060	1
215	ATL	WLD	WALDEN CORRECTIONAL INSTITUTION                   	4340 BROAD RIVER ROAD         	COLUMBIA       	SC	292100000	1111111111	2007-07-14 12:59:52.060	2007-07-14 12:59:52.060	1
216	ATL	WLK	WILKES CORRECTIONAL CENTER                        	404 STATESVILLE               	N. WILKESBORO  	NC	286590000		2007-07-14 12:59:52.060	2007-07-14 12:59:52.060	1
217	ATL	WNE	WAYNE CORRECTIONAL                                	1007 SHED ROAD                	ODUM           	GA	315550000	1111111111	2007-07-14 12:59:52.060	2007-07-14 12:59:52.060	1
218	ATL	WOM	NC CORR. INSTITUTION FOR WOMEN                    	1034 BRAGG STREET             	RALEIGH        	NC	276100000	1111111111	2007-07-14 12:59:52.060	2007-07-14 12:59:52.060	1
219	ATL	WRE	WATEREE RIVER C.I.                                	POST OFFICE BOX 189           	REMBERT        	SC	291280189	1111111111	2007-07-14 12:59:52.060	2007-07-14 12:59:52.060	1
220	ATL	WRN	WARREN CORRECTIONAL CENTER                        	POST OFFICE BOX 30            	WARRENTON      	NC	275890000	1111111111	2007-07-14 12:59:52.060	2007-07-14 12:59:52.060	1
221	ATL	WSH	WASHINGTON CORRECTIONAL INSTITUTE                 	P.O. BOX 206                  	DAVISBORO      	GA	310180206	1111111111	2007-07-14 12:59:52.060	2007-07-14 12:59:52.060	1
222	ATL	YAD	YSDKIN CORRECTIONALCENTER                         	RT. 2, BOX 523-B              	YADKINVILLE    	NC	270550000	1111111111	2007-07-14 12:59:52.060	2007-07-14 12:59:52.060	1
223	ATL	YDC	YOUTH CENTER, DISTRICT OF COLUMBIA                	1111111111                    	WASHINGTON     	DC	111111111	1111111111	2007-07-14 12:59:52.060	2007-07-14 12:59:52.060	1
224	ATL	YKN	YADKIN CORRECTIONAL CENTER                        	CALLER 525 SHACKTOWN ROAD     	YADKINVILLE    	NC	270550000	1111111111	2007-07-14 12:59:52.060	2007-07-14 12:59:52.060	1
225	BAL	AXJ	MARYLAND CORRECTIONAL INSTITUTE ANNEX AT JESSUP   	P.O. BOX 549                  	JESSUP         	MD	207940000	1111111111	2006-07-01 09:33:32.967	2006-07-01 09:33:32.967	1
226	BAL	BRO	BROCKBRIDGE CORRECTIONAL FACILITY                 	P.O. BOX 537                  	JESSUP         	MD	207940000	1111111111	2006-07-01 09:33:32.967	2006-07-01 09:33:32.967	1
227	BAL	DCY	YORK COUNTY PRISON                                	3401 CONCORD ROAD             	YORK           	PA	174020000		2006-07-01 09:33:32.967	2006-07-01 09:33:32.967	1
228	BAL	ECI	EASTERN CORRECTIONAL INSTITUTION                  	RT.1, BOX 500                 	WESTOVER       	MD	221870001		2006-07-01 09:33:32.967	2006-07-01 09:33:32.967	1
229	BAL	MCH	MARYLAND CORRECTIONAL INSTITUTION--HAGERSTOWN     	RT.3, BOX 2000                	HAGERSTOWN     	MD	217400000		2006-07-01 09:33:32.967	2006-07-01 09:33:32.967	1
230	BAL	MCJ	MARYLAND CORRECTIONAL INSTITUTION AT JESSUP       	P.O. BOX 549                  	JESSUP         	MD	207940000		2006-07-01 09:33:32.967	2006-07-01 09:33:32.967	1
231	BAL	MCT	MARYLAND CORRECTIONAL TRAINING CENTER             	18601 ROXBURY RD.             	HAGERSTOWN     	MD	217460000		2006-07-01 09:33:32.967	2006-07-01 09:33:32.967	1
232	BAL	MCW	MARYLAND CORRECTIONAL INSTITUTION FOR WOMEN       	P.O. BOX 535                  	JESSUP         	MD	207940000		2006-07-01 09:33:32.967	2006-07-01 09:33:32.967	1
233	BAL	MHC	MARYLAND HOUSE OF CORRECTIONS                     	P.O. BOX 534                  	JESSUP         	MD	207940000		2006-07-01 09:33:32.967	2006-07-01 09:33:32.967	1
234	BAL	MTC	MARYLAND TRANSIT CENTER (MTC)                     	954 FORREST STREET            	BALTIMORE      	MD	212020000		2006-07-01 09:33:32.967	2006-07-01 09:33:32.967	1
235	BAL	PAT	PATUXENT INSTITUTION                              	P.O. BOX 700                  	JESSUP         	MD	207940000	1111111111	2006-07-01 09:33:32.967	2006-07-01 09:33:32.967	1
236	BAL	ROX	ROXBURY CORRECTIONAL INSTITUTION                  	RT. 3, BOX 4444               	HAGERSTOWN     	MD	217400000		2006-07-01 09:33:32.967	2006-07-01 09:33:32.967	1
237	BAL	S10	SCI GRATERFORD/ NEW ADMIN. PERSONNEL OFFICE       	RT 29  P.O. BOX 246           	GRATERFORD     	PA	194260000		2006-07-01 09:33:32.967	2006-07-01 09:33:32.967	1
238	BAL	S11	SCI FRACKVILLE                                    	1111 ALTAMONTE BLVD.          	FRACKVILLE     	PA	179310000		2006-07-01 09:33:32.967	2006-07-01 09:33:32.967	1
239	BAL	S12	SCI-GREENSBURG                                    	ROUTE 119 SOUTH RD 10 P.O. BOX	GREENSBURG     	PA	156010000		2006-07-01 09:33:32.967	2006-07-01 09:33:32.967	1
240	BAL	S13	SCI LAUREL HIGHLANDS                              	5706 GLADES PIKE,P.O. BOX 631 	SOMERSET       	PA	155010631		2006-07-01 09:33:32.967	2006-07-01 09:33:32.967	1
241	BAL	S14	SCI-CAMBRIDGE SPRINGS                             	FULLERTON AVENUE              	CAMBRIDGE SPRIN	PA	164030000		2006-07-01 09:33:32.967	2006-07-01 09:33:32.967	1
242	BAL	S15	SCI-HOUTZDALE                                     	P.O. BOX 1000                 	HOUTZDALE      	PA	166980000		2006-07-01 09:33:32.967	2006-07-01 09:33:32.967	1
243	BAL	S17	SCI-LISBURN                                       	MOD UNIT #44/ P.O. BOX 200    	CAMP HILL      	PA	170770000		2006-07-01 09:33:32.967	2006-07-01 09:33:32.967	1
244	BAL	S18	SCI-HUNLOCK                                       	RETREAT RD. #3 BOX 500        	HUNLOCK CREEK  	PA	186210000	1111111111	2006-07-01 09:33:32.967	2006-07-01 09:33:32.967	1
245	BAL	S19	SCI-MUNCY                                         	RTE 405 P.O. BOX 180          	MUNCY          	PA	177560000		2006-07-01 09:33:32.967	2006-07-01 09:33:32.967	1
246	BAL	S20	SCI-QUEHANNA MOTIVATIONAL BOOT CAMP               	P.O. BOX 32 H C               	KARTHAUS       	PA	168450000		2006-07-01 09:33:32.967	2006-07-01 09:33:32.967	1
247	BAL	S21	SCI-GREENE                                        	1040 E. ROYFURMAN HIGHWAY     	WAYNESBURG     	PA	153700000		2006-07-01 09:33:32.967	2006-07-01 09:33:32.967	1
248	BAL	S22	SCI-ALBION                                        	10745 ROUTE 18                	ALBION         	PA	164010000		2006-07-01 09:33:32.967	2006-07-01 09:33:32.967	1
249	BAL	S23	SCI-MERCER                                        	801 BUTLER PIKE               	MERCER         	PA	161370000		2006-07-01 09:33:32.967	2006-07-01 09:33:32.967	1
250	BAL	S24	SCI-PITTSBURGH                                    	P.O. BOX 99901                	PITTSBURGH     	PA	152330000	1111111111	2006-07-01 09:33:32.967	2006-07-01 09:33:32.967	1
251	BAL	S25	SCI-WAYNESBURG                                    	ROAD 1 BOX 67                 	WAYNESBURG     	PA	153700000		2006-07-01 09:33:32.967	2006-07-01 09:33:32.967	1
252	BAL	SC0	SOMERSET SCI                                      	1590 WALTERS MILL RD          	SOMERSET       	PA	155010000		2006-07-01 09:33:32.967	2006-07-01 09:33:32.967	1
253	BAL	SC1	SCI-HUNTINGDON                                    	1100 PIKE STREET              	HUNTINGDON     	PA	166540000		2006-07-01 09:33:32.967	2006-07-01 09:33:32.967	1
254	BAL	SC2	SCI RETREAT                                       	RD #3 P.O BOX 500             	HUNLOCK CREEK  	PA	186210000		2006-07-01 09:33:32.967	2006-07-01 09:33:32.967	1
255	BAL	SC3	SCI CAMPHILL                                      	P.O. BOX 8837                 	CAMP HILL      	PA	170110200		2006-07-01 09:33:32.967	2006-07-01 09:33:32.967	1
256	BAL	SC4	SCI ROCKVIEW                                      	P.O. BOX A, RFD 3             	BELLEFONTE     	PA	168230000	1111111111	2006-07-01 09:33:32.967	2006-07-01 09:33:32.967	1
257	BAL	SC5	SCI CRESSON                                       	P.O. BOX A OLD ROUTE 22       	CRESSON        	PA	166990001	1111111111	2006-07-01 09:33:32.967	2006-07-01 09:33:32.967	1
258	BAL	SC6	SCI WAYMART                                       	ROUTE 6, P.O. BOX 256         	WAYMART        	PA	184720000	1111111111	2006-07-01 09:33:32.967	2006-07-01 09:33:32.967	1
259	BAL	SC7	SCI DALLAS/ SUPERINTENDANTS OFFICE                	STATE CORRECTIONAL INSTITUTION	DALLAS         	PA	186120000		2006-07-01 09:33:32.967	2006-07-01 09:33:32.967	1
260	BAL	SC8	SCI MAHANOY                                       	301 MOREA RD.                 	FRACKVILLE     	PA	179320000		2006-07-01 09:33:32.967	2006-07-01 09:33:32.967	1
261	BAL	SC9	SCI SMITHFIELD                                    	P.O. BOX 999  1120 PIKE ST.   	HUNTINGDON     	PA	166520000		2006-07-01 09:33:32.967	2006-07-01 09:33:32.967	1
262	BAL	SCI	SCI COAL TWP                                      	1 KELLY DRIVE                 	COAL TOWNSHIP  	PA	178660000		2006-07-01 09:33:32.967	2006-07-01 09:33:32.967	1
263	BAL	WCI	WESTERN CORRECTIONAL INSTITUTION                  	13800 MCMULLIN HIGHWAY        	S.W.CUMBERLAND 	MD	215020000		2006-07-01 09:33:32.967	2006-07-01 09:33:32.967	1
264	BCM	BAB	BATTLE CREEK Inmate Housing	1 BATTLE CREEK	BATTLE CREEK	MI	123456789		2003-11-06 00:00:00.000	2003-11-06 00:00:00.000	1
265	BCM	BDY	BATTLE CREEK 2nd Inmate Housing	Address	City	MI	123458785		2003-11-06 00:00:00.000	2003-11-06 00:00:00.000	1
266	BDC	APA	APALACHEE C.I.	U.S. HWY. 90 EAST	SNEADS	FL	324600000		2003-08-10 11:30:54.880		0
267	BDC	AVO	AVON PARK C.I.	COUNTY ROAD 64 EAST	AVON PARK	FL	338250000		2003-08-10 11:30:54.880		0
268	BDC	BAK	BAKER C.I.	U.S. HWY. 90 E. OF OLUSTEE	SANDERSON	FL	320870000		2003-08-10 11:30:54.880		0
269	BDC	BAY	BAY CORRECTIONAL INSTITUTION	5400 BAYLINE DRIVE	PANAMA CITY	FL	324040000	1111111111	2003-08-10 11:30:54.880		0
270	BDC	BEL	BELLE GLADES C.I.	500 ORANGE AVENUE CIRCLE	BELLE GLADE	FL	334300000		2003-08-10 11:30:54.880		0
271	BDC	BRE	BREVARD C.I.	855 CAMP ROAD	SHARPES	FL	329590340		2003-08-10 11:30:54.880		0
272	BDC	BRO	BROWARD C.I.	20421 SHERIDAN ST.	PEMBROKE PINES	FL	330240000		2003-08-10 11:30:54.880		0
273	BDC	CAL	CALHOUN C.I.	COUNTY ROAD 69 SOUTH	BLOUNTSTOWN	FL	324240000		2003-08-10 11:30:54.880		0
274	BDC	CEN	CENTURY C.I.	400 TEDDER ROAD	CENTURY	FL	325360000		2003-08-10 11:30:54.880		0
275	BDC	CFR	CENTRAL FLORIDA RECEPTION CENTER	7000 H.C. KELLEY RD. 32831	ORLANDO	FL	328628040		2003-08-10 11:30:54.880		0
276	BDC	CHA	CHARLOTTE C.I.	33123 OIL WELL ROAD	PUNTA GORDA	FL	339550000		2003-08-10 11:30:54.880		0
277	BDC	COL	COLUMBIA C.I.	RT., BOX 376	LAKE CITY	FL	320550000		2003-08-10 11:30:54.880		0
278	BDC	COR	CORRECTIONS MENTAL HEALTH INSTITUION	BLDG. 20, FLORIDA STATE HOSP.	CHATTAHOOCHEE	FL	323240000		2003-08-10 11:30:54.880		0
279	BDC	CRO	CROSS CITY C.I.	OLD RADAR ROAD	CROSS CITY	FL	326280000		2003-08-10 11:30:54.880		0
280	BDC	DAD	DADE C.I.	19000 S.W. 377TH STREET	FLORIDA CITY	FL	330340000		2003-08-10 11:30:54.880		0
281	BDC	DES	DESOTO C.I.	STATE ROAD 70 EAST	ARCADIA	FL	338210000		2003-08-10 11:30:54.880		0
282	BDC	EVE	EVERGLADES CORRECTIONAL INSTITUTION	1601 S.W. 187TH AVE.	MIAMI	FL	331850000	1111111111	2003-08-10 11:30:54.880		0
283	BDC	FLO	FLORIDA C.I.	STATE ROAD 25A	LOWELL	FL	326630000		2003-08-10 11:30:54.880		0
284	BDC	FRA	FRANKLIN WORK CAMP	P.O. BOX 160	APPLACHICOLA	FL	323200000	1111111111	2003-08-10 11:30:54.880		0
285	BDC	FSP	FLORIDA STATE PRISON C.I.	STATE ROAD 16	STARKE	FL	320910000		2003-08-10 11:30:54.880		0
286	BDC	GUL	GULF C.I.	STONE MILL CREEK ROAD	WEWAHITCHKA	FL	324650000		2003-08-10 11:30:54.880		0
287	BDC	GWC	GAINESVILLE WORK CAMP	P.O. BOX 1167	GAINESVILLE	FL	326090000	1111111111	2003-08-10 11:30:54.880		0
288	BDC	HAM	HAMILTON C.I.	LAKE BASIN ROAD	JASPER	FL	320520000		2003-08-10 11:30:54.880		0
289	BDC	HAR	HARDEE C.I.	STAE ROAD 62	BOWLING GREEN	FL	338340000		2003-08-10 11:30:54.880		0
290	BDC	HEN	HENDRY C.I.	STATE ROAD 858	IMMOKALEE	FL	339349747		2003-08-10 11:30:54.880		0
291	BDC	HIL	HILLISBOROUGH C.I.	11150 COUNTY ROAD 672	RIVERVIEW	FL	335698402		2003-08-10 11:30:54.880		0
292	BDC	HOL	HOLMES C.I.	COUNTY ROAD THREE	BONIFAY	FL	324250000		2003-08-10 11:30:54.880		0
293	BDC	IND	INDIAN RIVER C.I.	7625 17TH STREET, S.W.	VERO BCH.	FL	329680000		2003-08-10 11:30:54.880		0
294	BDC	JAC	JACKSON C.I.	STATE ROAD 71 NORTH	MALONE	FL	324550000		2003-08-10 11:30:54.880		0
295	BDC	JEF	JEFFERSON C.I.	BIG JOE ROAD	MONTICELLO	FL	323450430		2003-08-10 11:30:54.880		0
296	BDC	LAK	LAKE C.I.	19225 U.S. HWY. 27	CLEMONT	FL	347119025		2003-08-10 11:30:54.880		0
297	BDC	LAN	LANTANA C.I.	?	?	FL	111111111	1111111111	2003-08-10 11:30:54.880		0
298	BDC	LAS	LANCASTER C.I.	STATE ROAD 26 WEST	TRENTON	FL	326930158		2003-08-10 11:30:54.880		0
299	BDC	LAW	LAWTEY C.I.	COUNTY ROAD 200-B	LAWTEY	FL	320580000		2003-08-10 11:30:54.880		0
300	BDC	LCI	LAKE CITY CORRECTIONAL INSTITUTION	111111111	111111	FL	111111111	1111111111	2003-08-10 11:30:54.880		0
301	BDC	LIB	LIBERTY C.I.	COUNTY ROAD 271	BRISTOL	FL	323210000		2003-08-10 11:30:54.880		0
302	BDC	LOX	LOXAHATECHEE	???	MIAMI	FL	111111111	1111111111	2003-08-10 11:30:54.880		0
303	BDC	MAD	MADISON C.I.	STATE ROAD 14 SOUTH	MADISON	FL	323410000		2003-08-10 11:30:54.880		0
304	BDC	MAN	MARION C.I.	STATE ROAD 25-A	LOWELL	FL	326630000		2003-08-10 11:30:54.880		0
305	BDC	MAR	MARTIN C.I.	1150 S.W. ALLAPATTAH RD.	INDIANTOWN	FL	334560000		2003-08-10 11:30:54.880		0
306	BDC	MAY	MAYO C.I.	U.S. HWY. 27TH WEST	MAYO	FL	320660000		2003-08-10 11:30:54.880		0
307	BDC	MHI	MENTAL HEALTH INSTITUTION	???	???	FL	111111111	1111111111	2003-08-10 11:30:54.880		0
308	BDC	MNC	MIAMI NORTH COMMUNITY CORRECTIONAL CENTER	???	MIAMI	FL	111111111	1111111111	2003-08-10 11:30:54.880		0
309	BDC	MOO	MOORE HAVEN CORRECTIONAL INSTITUTION	P.O. BOX 718501	MOORE HAVEN	FL	334710000		2003-08-10 11:30:54.880		0
310	BDC	NEW	NEW RIVER C.I.	STATE ROAD 16 WEST	RAIFORD	FL	320830333		2003-08-10 11:30:54.880		0
311	BDC	NFR	NORTH FLORIDA RECEPTION CENTER	STATE ROAD 231 SOUTH	LAKE BULTER	FL	320540000		2003-08-10 11:30:54.880		0
312	BDC	OKA	OKALOOSA C.I.	3189 LITTLE SILVER RD.	CRESTVIEW	FL	325396708		2003-08-10 11:30:54.880		0
313	BDC	OKE	OKEECHOBEE CORRECTIONAL INSTITUTION	P.O. BOX 1984	OKEECHOBEE	FL	349721984	1111111111	2003-08-10 11:30:54.880		0
314	BDC	PER	PERRY CORRECTIONAL INSTITUTION	ROUTE1, BOX 1086	PERRY	FL	323470000	1111111111	2003-08-10 11:30:54.880		0
315	BDC	POL	POLK C.I.	3876 EVAN RD.	POLK CITY	FL	338689213		2003-08-10 11:30:54.880		0
316	BDC	PUT	PUTNAM C.I.	128 YELVINGTON ROAD	EAST PALATKA	FL	321310000		2003-08-10 11:30:54.880		0
317	BDC	QUI	QUINCY CORRECTIONAL INSTITUTION	STATE ROAD 267 SOUTH	QUINCY	FL	323530000		2003-08-10 11:30:54.880		0
318	BDC	REC	RECEPTION AND MEDICAL CENTER	?	?	FL	111111111	1111111111	2003-08-10 11:30:54.880		0
319	BDC	RIV	RIVER JUNCTION C.I.	BLDG. 20, FLORIDA STATE HOSP.	CHATTAHOOCH	FL	323243700		2003-08-10 11:30:54.880		0
320	BDC	SAN	SANTA ROSA CORRECTIONAL INSTITUTION	5850 EAST MILTON ROAD	MILTON	FL	325720000		2003-08-10 11:30:54.880		0
321	BDC	SFR	SOUTH FLORIDA RECEPTION CENTER	14000 N.W. 41ST STREET	MIAMI	FL	331020000		2003-08-10 11:30:54.880		0
322	BDC	SOU	SOUTH BAY CORRECTIONAL FACILITY	159 US 27 SOUTH	SOUTH BAY	FL	334930000	1111111111	2003-08-10 11:30:54.880		0
323	BDC	SUM	SUMTER C.I.	P.O. BOX 667	BUSHNELL	FL	335130000		2003-08-10 11:30:54.880		0
324	BDC	TAY	TAYLOR CORRECTIONAL INSTITUTION	ROUTE 1, BOX 1086	PERRY	FL	323470000	1111111111	2003-08-10 11:30:54.880		0
325	BDC	TGK	CINDAY TALBOT	7000 N.W. 41ST ST.	MIAMI	FL	331660000		2003-08-10 11:30:54.880		0
326	BDC	TOM	TOMOKA C.I.	3950 TIGER BAY RD.	DAYTONA BCH.	FL	321240000		2003-08-10 11:30:54.880		0
327	BDC	UNI	UNION C.I.	STATE ROAD 16	RAIFORD	FL	320830000		2003-08-10 11:30:54.880		0
328	BDC	WAL	WALTON C.I.	STATE ROAD 83 NORTH	DEFUNIAK SPRING	FL	324330000		2003-08-10 11:30:54.880		0
329	BDC	WAS	WASHINGTON CORRECTIONAL INSTITUTION	P.O. BOX 510	VERNON	FL	324620000	1111111111	2003-08-10 11:30:54.880		0
330	BDC	ZEP	ZEPHYRHILLS C.I.	2739 GALL BLVD.	ZEPHYRHILLS	FL	335410000		2003-08-10 11:30:54.880		0
331	BLM	ACC	ABODE CORRECTIONAL CENTER                         	831 N. 16 ST.                 	MILWAUKEE      	WI	532330000		2007-02-11 19:40:13.530	2007-02-11 19:40:13.530	1
332	BLM	ADR	ADRIAN TEMPORARY FACILITY                         	P.O. BOX 1900                 	ADRIAN         	MI	492210000		2007-02-11 19:40:13.530	2007-02-11 19:40:13.530	1
333	BLM	ALG	ALGOA CORRECTIONAL CENTER                         	P.O. BOX 538                  	JEFFERSON CITY 	MO	651020000	1111111111	2007-02-11 19:40:13.530	2007-02-11 19:40:13.530	1
334	BLM	ALL	ALLEN CORRECTIONAL INSTITUTION                    	P.O. BOX 4501                 	LIMA           	OH	458020000		2007-02-11 19:40:13.530	2007-02-11 19:40:13.530	1
335	BLM	APP	NORTH DAKOTA DEPARTMENT OF CORRECTIONS/APPLETON   	P.O BOX 500                   	APPLETON       	MN	562560000		2007-02-11 19:40:13.530	2007-02-11 19:40:13.530	1
336	BLM	ARK	ARKANSAS VALLEY CORRECTIONAL FACILITY             	POST OFFICE BOX 1000          	CROWLEY        	CO	810340000	1111111111	2007-02-11 19:40:13.530	2007-02-11 19:40:13.530	1
337	BLM	ARR	ARROWHEAD CORRECTIONAL FACILITY                   	P.O. BOX 300                  	CANON CITY     	CO	812120000		2007-02-11 19:40:13.530	2007-02-11 19:40:13.530	1
338	BLM	BCC	BOONEVILLE CORRECTIONAL CENTER                    	P.O. BOX 67                   	BOONEVILLE     	MO	652330000	1111111111	2007-02-11 19:40:13.530	2007-02-11 19:40:13.530	1
339	BLM	BCI	BELMONT CORRECTIONAL INSTITUTION                  	P.O. BOX 540                  	ST. CLAIRSVILLE	OH	439500000		2007-02-11 19:40:13.530	2007-02-11 19:40:13.530	1
340	BLM	BEN	BENT COUNTY CORRECTIONAL FACILITY                 	11560 ROAD FF 75              	LAS ANIMAS     	CO	810540000	1111111111	2007-02-11 19:40:13.530	2007-02-11 19:40:13.530	1
341	BLM	BIS	NORTH DAKOTA STATE PENITENTIARY                   	P.O. BOX 5521                 	BISMARCK       	ND	585020000		2007-02-11 19:40:13.530	2007-02-11 19:40:13.530	1
342	BLM	BMC	BIG MUDDY CORRECTIONAL CENTER                     	BOX 1000                      	INA            	IL	628461000	1111111111	2007-02-11 19:40:13.530	2007-02-11 19:40:13.530	1
343	BLM	BOO	BOOTCAMP                                          	BUENA VISTA                   	BUENA VISTA    	CO	812110000	1111111111	2007-02-11 19:40:13.530	2007-02-11 19:40:13.530	1
344	BLM	BRF	BLACK RIVERS FALL CORRECTIONAL INSTITUTION        	ROUTE 5, BOX 433C             	BLACK RIVER    	WI	546150000		2007-02-11 19:40:13.530	2007-02-11 19:40:13.530	1
345	BLM	BRO	BROOKS REGIONAL FACILITY                          	2500 S. SHERIDAN              	MUSKEGON       	MI	494440000	1111111111	2007-02-11 19:40:13.530	2007-02-11 19:40:13.530	1
346	BLM	BTC	BRANCHVILLE TRAINING CENTER                       	P.O. BOX 500                  	TELL CITY      	IN	475860000		2007-02-11 19:40:13.530	2007-02-11 19:40:13.530	1
347	BLM	BUE	BUENA VISTA CORRECTIONAL FACILITY                 	POST OFFICE BOX R             	BUENA VISTA    	CO	812110000	1111111111	2007-02-11 19:40:13.530	2007-02-11 19:40:13.530	1
348	BLM	CAR	CARSON CITY CORRECTIONAL FACILITY                 	10274 BOYER ROAD              	CARSON CITY    	MI	488110000	1111111111	2007-02-11 19:40:13.530	2007-02-11 19:40:13.530	1
349	BLM	CCC	CROSSROADS CORRECTIONAL CENTER                    	1115 E. PENCE                 	CAMERON        	MO	644290000		2007-02-11 19:40:13.530	2007-02-11 19:40:13.530	1
350	BLM	CCM	MOBERLY CORRECTIONAL CENTER                       	P. O. BOX 7                   	MOBERLY        	MO	652700000		2007-02-11 19:40:13.530	2007-02-11 19:40:13.530	1
351	BLM	CEF	CHARLES EGELER CORRECTIONAL FACILITY              	P.O. BOX 8000                 	JACKSON        	MI	492090000	1111111111	2007-02-11 19:40:13.530	2007-02-11 19:40:13.530	1
352	BLM	CEN	CENTRALIA CORRECTIONAL CENTER                     	P.O. BOX 1266                 	CENTRALIA      	IL	628010000	1111111111	2007-02-11 19:40:13.530	2007-02-11 19:40:13.530	1
353	BLM	CHI	CHILLICOTHE  CORRECTIONAL INSTITUTE               	P.O. BOX 5500                 	CHILLICOTHE    	OH	456010000		2007-02-11 19:40:13.530	2007-02-11 19:40:13.530	1
354	BLM	CIC	CORRECTIONAL INDUSTRIAL COMPLEX                   	P.O. BOX 600                  	PENDLETON      	IN	460640600		2007-02-11 19:40:13.530	2007-02-11 19:40:13.530	1
355	BLM	CLA	CLARINDA CORRECTIONAL FACILITY                    	BOX 1338                      	CLARINDA       	IA	513620000	1111111111	2007-02-11 19:40:13.530	2007-02-11 19:40:13.530	1
356	BLM	CMC	CORRECTIONS MEDICAL CENTER                        	199 HARMON AVE. P.O. BOX 23658	COLUMBUS       	OH	432230000	1111111111	2007-02-11 19:40:13.530	2007-02-11 19:40:13.530	1
357	BLM	COL	COLUMBIA CORRECTIONAL INSTITUTION                 	ROUTE 3                       	PORTAGE        	WI	539010000	1111111111	2007-02-11 19:40:13.530	2007-02-11 19:40:13.530	1
358	BLM	COR	CORRECTIONAL RECEPTION CENTER                     	11271 STATE RT. 762           	ORIENT         	OH	431460000		2007-02-11 19:40:13.530	2007-02-11 19:40:13.530	1
359	BLM	CPO	CAMP OJIBWAY                                      	P.O. BOX 236                  	MARENISCO      	MI	499470000	1111111111	2007-02-11 19:40:13.530	2007-02-11 19:40:13.530	1
360	BLM	CRO	ST. CROIX CORRECTIONAL CENTER                     	1859 4TH ST.                  	NEW RICHMOND   	WI	540170000		2007-02-11 19:40:13.530	2007-02-11 19:40:13.530	1
361	BLM	CSP	COLORADO STATE PENITENTIARY                       	P.O. BOX 777                  	CANON CITY     	CO	812150000		2007-02-11 19:40:13.530	2007-02-11 19:40:13.530	1
362	BLM	CTC	CHIPPEWA TEMPOARY CORRECTIONAL FACILITY           	WEST TONE RD.                 	KINCHELOE      	MI	497850000	1111111111	2007-02-11 19:40:13.530	2007-02-11 19:40:13.530	1
363	BLM	DAN	DANVILLE CORRECTIONAL CENTER                      	P.O. BOX 4002                 	DANVILLE       	IL	618340000	1111111111	2007-02-11 19:40:13.530	2007-02-11 19:40:13.530	1
364	BLM	DCI	DAYTON CORRECTIONAL INSTITUTE                     	P.O. BOX 17249                	DAYTON         	OH	454170000	1111111111	2007-02-11 19:40:13.530	2007-02-11 19:40:13.530	1
365	BLM	DCS	DEPARTMENT OF CORRECTIONAL SERVICES               	P.O. BOX 94661                	LINCOLN        	NE	685094661		2007-02-11 19:40:13.530	2007-02-11 19:40:13.530	1
366	BLM	DEL	DELTA CORRECTIONAL FACILITY                       	1140 "G" / 1025 LANE          	DELTA          	CO	814160000	1111111111	2007-02-11 19:40:13.530	2007-02-11 19:40:13.530	1
367	BLM	DEN	DENVER RECEPTION & DIAGNOSTIC CENTER              	BOX 392004                    	DENVER         	CO	802390000		2007-02-11 19:40:13.530	2007-02-11 19:40:13.530	1
368	BLM	DIS	DIVISION OF INTENSIVE SANCTIONS                   	906 ANN STREET                	MADISON        	WI	537130000		2007-02-11 19:40:13.530	2007-02-11 19:40:13.530	1
369	BLM	DIX	DIXON CORRECTIONAL CENTER                         	2600 BRITON AVE.              	DIXON          	IL	610211111	1111111111	2007-02-11 19:40:13.530	2007-02-11 19:40:13.530	1
370	BLM	DOD	DODGE CORRECTIONAL INSTITUTION                    	BOX 661                       	WAUPUN         	WI	539630000	1111111111	2007-02-11 19:40:13.530	2007-02-11 19:40:13.530	1
371	BLM	DUN	DUNES CORRECTIONAL FACILITY                       	6605 W. 138TH AVENUE RT. 1    	HOLLAND        	MI	494230000	1111111111	2007-02-11 19:40:13.530	2007-02-11 19:40:13.530	1
372	BLM	DWI	DWIGHT CORRECTIONAL CENTER                        	P.O. BOX 5001                 	DWIGHT         	IL	604205001		2007-02-11 19:40:13.530	2007-02-11 19:40:13.530	1
373	BLM	EAS	EAST MOLINE CORRECTIONAL CENTER                   	100 HILLCREST ROAD            	EAST MOLINE    	IL	612440000	1111111111	2007-02-11 19:40:13.530	2007-02-11 19:40:13.530	1
374	BLM	ECF	ELLSWORTH CORRECTIONAL FACILITY                   	P.O. BOX 107                  	ELLSWORTH      	KS	674390000		2007-02-11 19:40:13.530	2007-02-11 19:40:13.530	1
375	BLM	EGC	EGELER CORRECTIONAL FACILITY                      	3855 COOPER ST.               	JACKSON        	MI	492010000	1111111111	2007-02-11 19:40:13.530	2007-02-11 19:40:13.530	1
376	BLM	ELD	EL DORADO CORRECTIONAL FACILITY                   	P.O. BOX 311                  	EL DORADO      	KS	670420000		2007-02-11 19:40:13.530	2007-02-11 19:40:13.530	1
377	BLM	EMC	EASTERN MISSOURI CORRECTIONAL CTR.                	18701 OLD HWY 66              	PACIFIC        	MO	630690000		2007-02-11 19:40:13.530	2007-02-11 19:40:13.530	1
378	BLM	END	DAKOTA WOMEN'S CORRECTIONAL FACILITY              	440 MCKENZIE                  	NEW ENGLAND    	ND	586470000		2007-02-11 19:40:13.530	2007-02-11 19:40:13.530	1
379	BLM	ENG	ENGLER CORRECTIONAL FACILITY                      	3855 COOPER STREET            	JACKSON        	MI	492010000	1111111111	2007-02-11 19:40:13.530	2007-02-11 19:40:13.530	1
380	BLM	ENW	FEDERAL CORRECTIONAL INSTITUTE                    	9595 W. QUINCY AVE.           	LITTLETON      	CO	801230000		2007-02-11 19:40:13.530	2007-02-11 19:40:13.530	1
381	BLM	FC 	FEDERAL CORRECTIONAL                              	OXFORD WISCONSIN              	OXFORD         	WI	539410000	1111111111	2007-02-11 19:40:13.530	2007-02-11 19:40:13.530	1
382	BLM	FCC	FARMINGTON CORRECTIONAL CENTER                    	1012 W. COLUMBIA              	FARMINGTON     	MO	636400000	1111111111	2007-02-11 19:40:13.530	2007-02-11 19:40:13.530	1
383	BLM	FCI	FOX LAKE CORRECTIONAL INSTITUTION                 	FOX LAKE 147                  	FOX LAKE       	WI	539930000	1111111111	2007-02-11 19:40:13.530	2007-02-11 19:40:13.530	1
384	BLM	FOU	FOUR MILE CORRECTIONAL FACILITY                   	P.O. BOX 700                  	CANON CITY     	CO	812120000	1111111111	2007-02-11 19:40:13.530	2007-02-11 19:40:13.530	1
385	BLM	FRD	FULTON RECEPTION AND DIAGNOSTIC CENTER            	P.O. BOX 190                  	FULTON         	MO	652510000		2007-02-11 19:40:13.530	2007-02-11 19:40:13.530	1
386	BLM	FRE	FREMONT CORRECTIONAL FACILITY                     	POST OFFICE BOX 999           	CANON CITY     	CO	812120000	1111111111	2007-02-11 19:40:13.530	2007-02-11 19:40:13.530	1
387	BLM	FTH	FEDERAL CORRECTIONAL - TERRE HAUTE                	4200 BUREAU RD.NORTH, BOX 33  	TERRE HAUTE    	IN	478080000		2007-02-11 19:40:13.530	2007-02-11 19:40:13.530	1
388	BLM	GCC	GALESBURG CORRECTIONAL CENTER                     	P.O. BOX 1327                 	GALESBURG      	IL	614010000		2007-02-11 19:40:13.530	2007-02-11 19:40:13.530	1
389	BLM	GFT	GRAFTON CORRECTIONAL INSTITUTION                  	2500 S. AVON BELDEB ROAD      	GRAFTON        	OH	440440000	1111111111	2007-02-11 19:40:13.530	2007-02-11 19:40:13.530	1
390	BLM	GRA	GRAHAM CORRECTIONAL CENTER                        	P.O. BOX 499                  	HILLSBORO      	IL	620490000	1111111111	2007-02-11 19:40:13.530	2007-02-11 19:40:13.530	1
391	BLM	GRE	GREEN BAY CORRECTIONAL INSTITUTION                	BOX 19033                     	GREEN BAY      	WI	543070000	1111111111	2007-02-11 19:40:13.530	2007-02-11 19:40:13.530	1
392	BLM	GUN	CENTRAL UTAH CORRECTIONAL FACILITY                	P.O. BOX 550                  	GUNNISON       	UT	846340000		2007-02-11 19:40:13.530	2007-02-11 19:40:13.530	1
393	BLM	GUS	GUS HARRISON FACILITY                             	2727 E. BEECHER  BOX 1888     	ADRIAN         	MI	492210000	1111111111	2007-02-11 19:40:13.530	2007-02-11 19:40:13.530	1
394	BLM	HAS	HASTINGS CORRECTIONAL CENTER                      	P.O. BOX 2048                 	HASTINGS       	NE	689022048	1111111111	2007-02-11 19:40:13.530	2007-02-11 19:40:13.530	1
395	BLM	HCC	HILL CORRECTIONAL CENTER                          	600 LYNWOOD ROAD, P.O. 1327   	GALESBURG,     	IL	614010000		2007-02-11 19:40:13.530	2007-02-11 19:40:13.530	1
396	BLM	HCF	HUTCHINSON CORRECTIONAL FACILITY                  	P.O. BOX 1568                 	HUTCHINSON     	KS	675040000	1111111111	2007-02-11 19:40:13.530	2007-02-11 19:40:13.530	1
397	BLM	HCK	HOCKING CORRECTIONAL FACILITY                     	16759 SNAKE HOLLOW ROAD       	NELSON         	OH	111110000	1111111111	2007-02-11 19:40:13.530	2007-02-11 19:40:13.530	1
398	BLM	HCW	HUTCHINSON CORRECTIONAL WORK FACILITY             	400 S. HALSTED                	HUTCHINSON     	KS	675010000		2007-02-11 19:40:13.530	2007-02-11 19:40:13.530	1
399	BLM	HIA	HIAWATHA TEMPORARY FACILITY                       	MARSHALL ROAD                 	KINCHELOE      	MI	497860000		2007-02-11 19:40:13.530	2007-02-11 19:40:13.530	1
400	BLM	HUE	HUERFANO CORRECTIONAL FACILITY                    	304 RAY SANDOVAL ROAD         	WALSENBURG     	CO	810890000	1111111111	2007-02-11 19:40:13.530	2007-02-11 19:40:13.530	1
401	BLM	ICD	IOWA DEPARTMENT OF CORRECTIONS                    	1200 E. WASHINGTON            	MT. PLEASANT   	IA	526410000		2007-02-11 19:40:13.530	2007-02-11 19:40:13.530	1
402	BLM	ICW	IOWA CORRECTIONAL INSTITUTE FOR WOMEN             	BOX 700                       	MITCHELLVILLE  	IA	501690000	1111111111	2007-02-11 19:40:13.530	2007-02-11 19:40:13.530	1
403	BLM	IDC	IOWA DEPARTMENT OF CORRECTIONS-WORK RELEASE CENTER	605 MAIN                      	DAVENPORT      	IA	528030000	1111111111	2007-02-11 19:40:13.530	2007-02-11 19:40:13.530	1
404	BLM	IMA	IOWA MEDICAL AND CLASSIFICATION CENTER            	P.O. BOX A                    	OAKDALE        	IA	523190000		2007-02-11 19:40:13.530	2007-02-11 19:40:13.530	1
405	BLM	IMR	IOWA MEN'S REFORMATORY                            	BOX B                         	ANAMOSA        	IA	522050000	1111111111	2007-02-11 19:40:13.530	2007-02-11 19:40:13.530	1
406	BLM	IND	INDIANA STATE PRISON                              	P.O. BOX 41                   	MICHIGAN CITY  	IN	463600000	1111111111	2007-02-11 19:40:13.530	2007-02-11 19:40:13.530	1
407	BLM	ION	IONIA CORRECTIONAL FACILITY                       	1576 W. BLUEWATER HIGHWAY     	IONIA          	MI	488460000	1111111111	2007-02-11 19:40:13.530	2007-02-11 19:40:13.530	1
408	BLM	IRC	ILLINOIS RIVER CORRECTIONAL INSTITUTION           	P.O. BOX 999                  	CANTON         	IL	615200000		2007-02-11 19:40:13.530	2007-02-11 19:40:13.530	1
409	BLM	ISF	INDIANA STATE FARM                                	P.O. BOX 76                   	GREENCASTLE    	IN	461350000		2007-02-11 19:40:13.530	2007-02-11 19:40:13.530	1
410	BLM	ISP	INDIANA STATE PRISON                              	P.O. BOX 41                   	MICHIGAN CITY  	IN	463600000		2007-02-11 19:40:13.530	2007-02-11 19:40:13.530	1
411	BLM	ISR	INDIANA STATE REFORMATORY                         	P.O. BOX 28                   	PENDLETON      	IN	460640000		2007-02-11 19:40:13.530	2007-02-11 19:40:13.530	1
412	BLM	IWP	INDIANA WOMEN'S PRISON                            	401 NORTH RANDOLPH STREET     	INDIANAPOLIS   	IN	462010000		2007-02-11 19:40:13.530	2007-02-11 19:40:13.530	1
413	BLM	IYC	INDIANA YOUTH CENTER                              	727 MOON ROAD                 	PLAINFIELD     	IN	461680000		2007-02-11 19:40:13.530	2007-02-11 19:40:13.530	1
414	BLM	JAC	JACKSON STATE PRISON - CENTRAL                    	4000 COOPER STREET            	JACKSON        	MI	492010000	1111111111	2007-02-11 19:40:13.530	2007-02-11 19:40:13.530	1
415	BLM	JAK	JACKSONVILLE CORRECTIONAL CENTER                  	R.R. 4 P.O. BOX 28C           	JACKSONVILLE   	IL	626500000		2007-02-11 19:40:13.530	2007-02-11 19:40:13.530	1
416	BLM	JBC	C/O JOHN BENNET CORRECTIONAL FACILITY             	31 AVENUE G - BOX 316         	FORT MADISON   	IA	526270000	1111111111	2007-02-11 19:40:13.530	2007-02-11 19:40:13.530	1
417	BLM	JCC	JEFFERSON CITY CORRECTIONAL CENTER                	P.O. BOX 236                  	JEFFERSON CITY 	MO	651020000		2007-02-11 19:40:13.530	2007-02-11 19:40:13.530	1
418	BLM	JCF	JACKSON COTTON FACILITY                           	3500 NORTH ELM STREET         	JACKSON        	MI	492010000	1111111111	2007-02-11 19:40:13.530	2007-02-11 19:40:13.530	1
419	BLM	JCI	JACKSON CORRECTIONAL INSTITUTION                  	BOX 232                       	BLACK RIVER FLS	WI	546150000		2007-02-11 19:40:13.530	2007-02-11 19:40:13.530	1
420	BLM	JMT	JAMESTOWN CORRECTIONAL FACILITY                   	2521 CIRCLE DRIVE             	JAMESTOWN      	ND	584010000		2007-02-11 19:40:13.530	2007-02-11 19:40:13.530	1
421	BLM	JOL	JOLIET CORRECTIONAL CENTER                        	P.O. BOX 515                  	JOLIET         	IL	604320000	1111111111	2007-02-11 19:40:13.530	2007-02-11 19:40:13.530	1
422	BLM	KCC	KENOSHA CORRECTIONAL CENTER                       	6353 14TH AVENUE              	KENOSHA        	WI	531400000	1111111111	2007-02-11 19:40:13.530	2007-02-11 19:40:13.530	1
423	BLM	KCF	KINROSS CORRECTIONAL FACILITY                     	4535 WEST TONE ROAD           	KINCHELOE      	MI	497880000		2007-02-11 19:40:13.530	2007-02-11 19:40:13.530	1
424	BLM	KEN	KENT COUNTY CORRECTIONAL FACILITY                 	701 BALL AVENUE N.E.          	GRAND RAPIDS   	MI	495030000	1111111111	2007-02-11 19:40:13.530	2007-02-11 19:40:13.530	1
425	BLM	KIT	KIT CARSON CORRECTIONAL FACILITY                  	497777 CRV  PO BOX 309        	BURLINGTON     	CO	808070000	1111111111	2007-02-11 19:40:13.530	2007-02-11 19:40:13.530	1
426	BLM	KMC	KETTLE MORAINE CORRECTIONAL INSTITUTION           	BOX 31                        	PLYMOUTH       	WI	530730000	1111111111	2007-02-11 19:40:13.530	2007-02-11 19:40:13.530	1
427	BLM	KSC	KANSAS STATE CORRECTION INSTITUTION               	BOX # 160                     	LANSING        	KS	660430000	1111111111	2007-02-11 19:40:13.530	2007-02-11 19:40:13.530	1
428	BLM	KSI	KANSAS STATE INDUSTRIAL REFORMATORY               	P.O. BOX 1568                 	HUTCHINSON     	KS	675040000		2007-02-11 19:40:13.530	2007-02-11 19:40:13.530	1
429	BLM	LCC	LINCOLN CORRECTIONAL CENTER                       	P.O. BOX 22800                	LINCOLN        	NE	685420000	1111111111	2007-02-11 19:40:13.530	2007-02-11 19:40:13.530	1
430	BLM	LCF	LANSING CORRECTIONAL FACILITY                     	P.O. BOX 2                    	LANSING        	KS	660430000		2007-02-11 19:40:13.530	2007-02-11 19:40:13.530	1
431	BLM	LCI	LORAIN CORRECTIONAL INSTITUTION                   	2075 S. AVON-BELDEN  RD.      	GRAFTON        	OH	440440000	1111111111	2007-02-11 19:40:13.530	2007-02-11 19:40:13.530	1
432	BLM	LEB	LEBANON CORRECTIONAL INSTITUTE                    	P.O. BOX 56                   	LEBANON        	OH	450360000		2007-02-11 19:40:13.530	2007-02-11 19:40:13.530	1
433	BLM	LEV	UNITED STATES PENITENTIARY LEAVENWORTH            	1300 METROPOLITAN             	LEAVENWORTH    	KS	660480000		2007-02-11 19:40:13.530	2007-02-11 19:40:13.530	1
434	BLM	LEX	FEDERAL CORRECTIONAL INSTITUTION                  	3301 LEESTOWN PIKE            	LEXINGTON,     	KY	405110000		2007-02-11 19:40:13.530	2007-02-11 19:40:13.530	1
435	BLM	LIM	LIMA CORRECTIONAL INSTITUTE                       	P.O. BOX 4571                 	LIMA           	OH	458020000		2007-02-11 19:40:13.530	2007-02-11 19:40:13.530	1
436	BLM	LIN	LINCOLN CORRECTIONAL CENTER                       	P.O. BOX 549                  	LINCOLN        	IL	626560000		2007-02-11 19:40:13.530	2007-02-11 19:40:13.530	1
437	BLM	LKC	LAKESIDE CORRECTIONAL CENTER                      	P. O. BOX 8907                	MICHIGAN CITY  	IN	463610000		2007-02-11 19:40:13.530	2007-02-11 19:40:13.530	1
438	BLM	LLC	LAKELAND CORRECTIONAL FACILITY                    	141 FIRST STREET              	COLDWATER      	MI	490360000	1111111111	2007-02-11 19:40:13.530	2007-02-11 19:40:13.530	1
439	BLM	LOG	LOGAN CORRECTIONAL CENTER                         	R.R. 3 - BOX 1000             	LINCOLN        	IL	626560000	1111111111	2007-02-11 19:40:13.530	2007-02-11 19:40:13.530	1
440	BLM	LON	LONDON CORRECTIONAL INSTITUTE                     	P.O. BOX 69                   	LONDON         	OH	431400000		2007-02-11 19:40:13.530	2007-02-11 19:40:13.530	1
441	BLM	MAD	MADISON CORRECTIONAL INSTITUTE                    	1851 STATE RT.56, P.O. BOX 740	LONDON         	OH	431400000		2007-02-11 19:40:13.530	2007-02-11 19:40:13.530	1
442	BLM	MAQ	MARQUETTE BRANCH PRISON                           	P.O. BOX 779                  	MARQUETTE      	MI	498550000	1111111111	2007-02-11 19:40:13.530	2007-02-11 19:40:13.530	1
443	BLM	MAR	MARION CORRECTIONAL FACILITY                      	P.O. BOX 57                   	MARION         	OH	433020000		2007-02-11 19:40:13.530	2007-02-11 19:40:13.530	1
444	BLM	MCB	MACOMB REGIONAL FACILITY                          	34625 26 MILE ROAD            	NEW HAVEN      	MI	480480000	1111111111	2007-02-11 19:40:13.530	2007-02-11 19:40:13.530	1
445	BLM	MCC	MOBERLY CORRECTIONAL CENTER                       	BOX 7                         	MOBERLY        	MO	652070000	1111111111	2007-02-11 19:40:13.530	2007-02-11 19:40:13.530	1
446	BLM	MCF	MINNESOTA CORRECTIONAL FACILITY - STILLWATER      	5500 PICKETT AVE.             	STILLWATER     	MN	550820000		2007-02-11 19:40:13.530	2007-02-11 19:40:13.530	1
447	BLM	MCS	ST. PETER REGIONAL TREATMENT CENTER               	2100 SHEPPARD DRIVE           	ST. PETER      	MN	560820000		2007-02-11 19:40:13.530	2007-02-11 19:40:13.530	1
448	BLM	MDC	METROPOLITAN DETENTION CENTER                     	P.O. BOX 2147                 	SAN JUAN       	PR	009220000		2007-02-11 19:40:13.530	2007-02-11 19:40:13.530	1
449	BLM	MEC	MISSOURI EASTERN CORRECTIONAL CENTER              	18701 OLD HIGHWAY 66          	PACIFIC        	MO	630690000		2007-02-11 19:40:13.530	2007-02-11 19:40:13.530	1
450	BLM	MEN	MENARD                                            	P.O. BOX 711                  	MENARD         	IL	622590000	1111111111	2007-02-11 19:40:13.530	2007-02-11 19:40:13.530	1
451	BLM	MFF	MINNESOTA CORRECTIONAL FACILITY - FARIBAULT       	1101 LINDEN LANE              	FARIBAULT      	MN	550216400		2007-02-11 19:40:13.530	2007-02-11 19:40:13.530	1
452	BLM	MLL	MINNESOTA CORRECTIONAL FACILITY-LINO LAKES        	7525 4TH AVENUE               	LINO LAKES     	MN	550141099		2007-02-11 19:40:13.530	2007-02-11 19:40:13.530	1
453	BLM	MML	MINNESOTA CORRECTIONAL FACILITY - MOOSE LAKE      	1000 LAKE SHORE DR.           	MOOSE LAKE     	MN	557670000		2007-02-11 19:40:13.530	2007-02-11 19:40:13.530	1
454	BLM	MNS	MANSFIELD CORRECTIONAL INSTITUTION                	P.O. BOX 788                  	MANSFIELD      	OH	449010000		2007-02-11 19:40:13.530	2007-02-11 19:40:13.530	1
455	BLM	MON	MONTGOMERY EDUCATION AND PRE-RELEASE CENTER       	P.O. BOX 17399                	DAYTON         	OH	454182312		2007-02-11 19:40:13.530	2007-02-11 19:40:13.530	1
456	BLM	MOU	MOUND REGIONAL FACILITY                           	17601 MOUND                   	DETROIT        	MI	482340000	1111111111	2007-02-11 19:40:13.530	2007-02-11 19:40:13.530	1
457	BLM	MPI	MOUNT PLEASANT CORRECTIONAL FACILITY              	HIGHWAY 218 SOUTH             	MT. PLEASANT   	IA	526410000		2007-02-11 19:40:13.530	2007-02-11 19:40:13.530	1
458	BLM	MRD	MENARD PSYCH CENTER                               	P.O. BOX 56                   	MENARD         	IL	622590000	1111111111	2007-02-11 19:40:13.530	2007-02-11 19:40:13.530	1
459	BLM	MRF	MOUND REGIONAL FACILITY                           	                              	               	  	000000000	0	2007-02-11 19:40:13.530	2007-02-11 19:40:13.530	1
460	BLM	MSA	MINNESOTA CORRECTIONAL FACILITY - ST. CLOUD       	P.O. BOX B-REFORMATORY DRIVE  	ST. CLOUD      	MN	563020000		2007-02-11 19:40:13.530	2007-02-11 19:40:13.530	1
461	BLM	MSP	STATE PRISON OF SOUTHERN MICHIGAN                 	4000 COOPER STREET            	JACKSON        	MI	482010000	1111111111	2007-02-11 19:40:13.530	2007-02-11 19:40:13.530	1
462	BLM	MTA	MINNESOTA CORRECTIONAL FACILITY - SHAKOPEE        	1010 WEST SIXTH AVENUE        	SHAKOPEE       	MN	553790000	1111111111	2007-02-11 19:40:13.530	2007-02-11 19:40:13.530	1
463	BLM	MTP	MT. PLEASANT CORRECTIONAL FACILITY                	HIGHWAY 218 SOUTH             	MT. PLEASANT   	IA	526410000		2007-02-11 19:40:13.530	2007-02-11 19:40:13.530	1
464	BLM	MTU	MICHIGAN TRAINING UNIT                            	P.O. BOX 492                  	IONIA          	MI	488460000	1111111111	2007-02-11 19:40:13.530	2007-02-11 19:40:13.530	1
465	BLM	MUS	MUSKEGON CORRECTIONAL FACILITY                    	2400 SHERIDAN                 	MUSKEGON       	MI	494420000	1111111111	2007-02-11 19:40:13.530	2007-02-11 19:40:13.530	1
466	BLM	NCC	NORTH CENTRAL CORRECTIONAL FACILITY               	BOX 313                       	ROCKWELL CITY  	IA	505790000	1111111111	2007-02-11 19:40:13.530	2007-02-11 19:40:13.530	1
467	BLM	NCF	NORTON CORRECTIONAL FACILITY                      	RT.# 1 BOX 60                 	KANSAS         	KS	676540000	1111111111	2007-02-11 19:40:13.530	2007-02-11 19:40:13.530	1
468	BLM	NCI	NORTH CENTRAL CORRECTIONAL INSTITUTION            	P.O. BOX 1812                 	MARION         	OH	433011812	1111111111	2007-02-11 19:40:13.530	2007-02-11 19:40:13.530	1
469	BLM	NCW	NEBRASKA CENTER FOR WOMEN                         	ROUTE 1, BOX 33               	YORK           	NE	684670000	1111111111	2007-02-11 19:40:13.530	2007-02-11 19:40:13.530	1
470	BLM	NDC	NEBRASKA DEPARTMENT OF CORRECTIONAL SERVICE       	P.O. BOX 94661                	LINCOLN        	NE	685094661		2007-02-11 19:40:13.530	2007-02-11 19:40:13.530	1
471	BLM	NDE	NEBRASKA DIAGNOSTIC & EVALUATION CENTER           	P.O. BOX 22800                	LINCOLN        	NE	685422800	1111111111	2007-02-11 19:40:13.530	2007-02-11 19:40:13.530	1
472	BLM	NMC	NORTHEAST MISSOURI CORRECTIONAL CENTER            	RT. 2 BOX 26                  	BOWLING GREEN  	MO	063340000	1111111111	2007-02-11 19:40:13.530	2007-02-11 19:40:13.530	1
473	BLM	NOC	NOBLE CORRECTIONAL INSTITUTION                    	P.O. BOX 278                  	CALDWELL       	OH	437240000		2007-02-11 19:40:13.530	2007-02-11 19:40:13.530	1
474	BLM	NPT	UTAH STATE PRISON, NORTHPOINT                     	P.O. BOX 250                  	DRAPER         	UT	840200000		2007-02-11 19:40:13.530	2007-02-11 19:40:13.530	1
475	BLM	NSP	NEBRASKA STATE PENITENTIARY                       	BOX 2500                      	LINCOLN        	NE	685020500		2007-02-11 19:40:13.530	2007-02-11 19:40:13.530	1
476	BLM	OAK	OAKWOOD FORENSIC CENTER DEPT OF MENTAL HEALTH     	3200 NORTHWEST STREE          	LIMA           	OH	458010000		2007-02-11 19:40:13.530	2007-02-11 19:40:13.530	1
477	BLM	OC 	OMAHA CORRECTIONAL CENTER                         	P.O. BOX 11099                	OMAHA          	NE	681110099	1111111111	2007-02-11 19:40:13.530	2007-02-11 19:40:13.530	1
478	BLM	OCC	OMAHA CORRECTIONAL CENTER                         	2323 E. AVE. J                	OMAHA          	NE	681100000		2007-02-11 19:40:13.530	2007-02-11 19:40:13.530	1
479	BLM	OCI	OAKHILL CORRECTIONAL INSTITUTION                  	BOX 238                       	OREGON         	WI	535750000	1111111111	2007-02-11 19:40:13.530	2007-02-11 19:40:13.530	1
480	BLM	OCJ	OUTAGAMIE COUNTY JAIL                             	410 S. WALNUT ST. 4TH FL.     	APPLETON       	WI	549110000		2007-02-11 19:40:13.530	2007-02-11 19:40:13.530	1
481	BLM	OHS	OHIO STATE REFORMATORY                            	P.O. BOX 788                  	MANSFIELD      	OH	449010000		2007-02-11 19:40:13.530	2007-02-11 19:40:13.530	1
482	BLM	OHW	OHIO STATE REFORMATORY FOR WOMEN                  	1479 COLLINS AVENUE           	MARYSVILLE     	OH	430400000		2007-02-11 19:40:13.530	2007-02-11 19:40:13.530	1
483	BLM	OKS	OAKS MAXIMUM FACILITY                             	P.O. BOX 38                   	EASTLAKE       	MI	496260038	1111111111	2007-02-11 19:40:13.530	2007-02-11 19:40:13.530	1
484	BLM	OMC	OMAHA CORRECTIONS CENTER                          	P.O. BOX 11099                	OMAHA          	NE	681110000		2007-02-11 19:40:13.530	2007-02-11 19:40:13.530	1
485	BLM	OPH	MINNESOTA CORRECTIONAL FACILITY/OAK PARK HEIGHTS	5329 OSGOOD AVENUE NORTH	STILLWATER	MN	550820000	 	2007-02-11 19:40:13.530	2015-11-13 09:44:02.000	1
486	BLM	ORE	OREGON CORRECTIONAL INSTITUTION                   	BOX 28                        	OREGON         	WI	535750000		2007-02-11 19:40:13.530	2007-02-11 19:40:13.530	1
487	BLM	ORI	ORIENT CORRECTIONAL INSTITUTION                   	P.O. BOX 511                  	COLUMBUS       	OH	432160000		2007-02-11 19:40:13.530	2007-02-11 19:40:13.530	1
488	BLM	OSH	OSHKOSH CORRECTIONAL INSTITUTION                  	BOX 3530                      	OSHKOSH        	WI	549260000	1111111111	2007-02-11 19:40:13.530	2007-02-11 19:40:13.530	1
489	BLM	OSK	OSKOSH CORRECTIONAL FACILITY                      	BOX 3310                      	OSKOSH         	WI	549030000	1111111111	2007-02-11 19:40:13.530	2007-02-11 19:40:13.530	1
490	BLM	PCC	PONTIAC CORRECTIONAL CENTER - MICHIGAN            	156 W. HURON 1ST.             	PONTIAC        	MI	480530000	1111111111	2007-02-11 19:40:13.530	2007-02-11 19:40:13.530	1
491	BLM	PCF	PRAIRIE CORRECTIONAL FACILITY                     	445 S. MUNSTERMAN ST.         	APPLETON       	MN	562080000		2007-02-11 19:40:13.530	2007-02-11 19:40:13.530	1
492	BLM	PEN	PENDLETON STATE REFORMATORY                       	P.O. BOX 28                   	PENDLETON      	IN	460640000	1111111111	2007-02-11 19:40:13.530	2007-02-11 19:40:13.530	1
493	BLM	PIC	PICKAWAY  CORRECTIONAL INSTITUTE                  	P.O. BOX 209                  	ORIENT         	OH	431460000		2007-02-11 19:40:13.530	2007-02-11 19:40:13.530	1
494	BLM	PIN	PINCKENYVILLE CORRECTIONAL CENTER                 	5835 STATE, ROUTE 154         	PICKNEYVILLE   	IL	622740000		2007-02-11 19:40:13.530	2007-02-11 19:40:13.530	1
495	BLM	PON	PONTIAC CORRECTIONAL CENTER                       	P.O. BOX 99                   	PONTIAC        	IL	617640000	1111111111	2007-02-11 19:40:13.530	2007-02-11 19:40:13.530	1
496	BLM	PUE	PUEBLO WOMENS CORRECTIONAL FACILITY               	PO BOX 3                      	PUEBLO         	CO	810020000		2007-02-11 19:40:13.530	2007-02-11 19:40:13.530	1
497	BLM	PUT	PUTNAMVILLE CORRECTIONAL FACILITY                 	1946 US 40 W.                 	GREENCASTLE    	IN	461350000	1111111111	2007-02-11 19:40:13.530	2007-02-11 19:40:13.530	1
498	BLM	RCF	RIVERSIDE CORRECTIONAL FACILITY                   	777 W. RIVERSIDE DRIVE        	IONIA          	MI	488460000	1111111111	2007-02-11 19:40:13.530	2007-02-11 19:40:13.530	1
499	BLM	RCI	RACINE CORRECTIONAL INSTITUTION                   	P.O. BOX 900                  	RACINE         	WI	531770000	1111111111	2007-02-11 19:40:13.530	2007-02-11 19:40:13.530	1
500	BLM	RDC	RECEPTION DIAGNOSTIC CENTER                       	P.O. BOX 317                  	PLAINFIELD     	IN	461680000		2007-02-11 19:40:13.530	2007-02-11 19:40:13.530	1
501	BLM	RIF	RIFLE CORRECTIONAL FACILITY                       	200 COUNTY RD. 219            	RIFLE          	CO	816500000		2007-02-11 19:40:13.530	2007-02-11 19:40:13.530	1
502	BLM	ROB	ROBINSON CORRECTIONAL CENTER                      	P.O. BOX 1000                 	ROBINSON       	IL	624540000		2007-02-11 19:40:13.530	2007-02-11 19:40:13.530	1
503	BLM	ROS	ROSS CORRECTIONAL INSTITUTE                       	16149 STATE RT. 104           	CHILLICOTHE    	OH	456010000		2007-02-11 19:40:13.530	2007-02-11 19:40:13.530	1
504	BLM	RTC	ROCKVILLE TRAINING CENTER                         	RR #3 BOX 281                 	ROCKVILLE      	IN	478720000	1111111111	2007-02-11 19:40:13.530	2007-02-11 19:40:13.530	1
505	BLM	RUS	MINNESOTA CORRECTIONAL FACILITY                   	7600 525TH STREET             	RUSH CITY      	MN	550690000		2007-02-11 19:40:13.530	2007-02-11 19:40:13.530	1
506	BLM	RYN	RYAN REGIONAL CORRECTIONAL FACILITY               	17600 RYAN ROAD               	DETROIT        	MI	482120000	1111111111	2007-02-11 19:40:13.530	2007-02-11 19:40:13.530	1
507	BLM	SAG	SAGINAW REGIONAL FACILITY                         	P.O. BOX 659                  	FREELAND       	MI	486230000	1111111111	2007-02-11 19:40:13.530	2007-02-11 19:40:13.530	1
508	BLM	SAN	FED. CORR. INSTITUTION - MR. STEVE DALESSIO       	P.O. BOX 1000                 	SANDSTONE      	MN	550720000		2007-02-11 19:40:13.530	2007-02-11 19:40:13.530	1
509	BLM	SCI	STATE CORRECRTIONAL INSTITUTION AT CAMP HILL      	P.O. BOX 8837                 	CAMP HILL      	PA	170018837		2007-02-11 19:40:13.530	2007-02-11 19:40:13.530	1
510	BLM	SCT	SCOTT CORRECTIONAL FACILITY                       	47500 FIVE MILE               	PLYMOUTH       	MI	481700000	1111111111	2007-02-11 19:40:13.530	2007-02-11 19:40:13.530	1
511	BLM	SDD	SPRINGFIELD STATE PENITENTIARY - DURFEE           	P.O. BOX 322, 1412 WOOD ST.   	SPRINGFIELD    	SD	570620000		2007-02-11 19:40:13.530	2007-02-11 19:40:13.530	1
512	BLM	SDN	SOUTH DAKOTA STATE PENITENTIARY - NORTH DRIVE     	1600 NORTH DRIVE              	SIOUX FALLS    	SD	571030000		2007-02-11 19:40:13.530	2007-02-11 19:40:13.530	1
513	BLM	SDP	SOUTH DAKOTA STATE PENITENTIARY                   	P.O. BOX 5911                 	SIOUX FALLS    	SD	571170000		2007-02-11 19:40:13.530	2007-02-11 19:40:13.530	1
514	BLM	SDR	SOUTH DAKOTA STATE PENITENTIARY - RAPID CITY      	1675 SAMCO ROAD               	RAPID CITY     	SD	577020000	1111111111	2007-02-11 19:40:13.530	2007-02-11 19:40:13.530	1
515	BLM	SEA	SOUTHEASTERN CORRECTIONAL INSTITUTION             	5900 B.I.S. RD. P.O. BX. 200  	LANCASTER      	OH	431300000	1111111111	2007-02-11 19:40:13.530	2007-02-11 19:40:13.530	1
516	BLM	SEC	SECURITY MEDICAL FACILITY                         	BOX A                         	OAKDALE        	IA	523190000		2007-02-11 19:40:13.530	2007-02-11 19:40:13.530	1
517	BLM	SHA	SHAWNEE CORRECTIONAL CENTER                       	P.O. BOX 400                  	VIENNA         	IL	629950000	1111111111	2007-02-11 19:40:13.530	2007-02-11 19:40:13.530	1
518	BLM	SHE	SHERIDAN CORRECTOINAL CENTER                      	P.O. BOX 112                  	SHERIDAN       	IL	605510000	1111111111	2007-02-11 19:40:13.530	2007-02-11 19:40:13.530	1
519	BLM	SHW	SHADOW MOUNTAIN CORRECTIONAL FACILITY             	POST OFFICE BOX 700           	CANON CITY     	CO	812120000	1111111111	2007-02-11 19:40:13.530	2007-02-11 19:40:13.530	1
520	BLM	SKY	SKYLINE CORRECTIONAL FACILITY                     	P.O. BOX 999                  	CANON CITY     	CO	812150000	1111111111	2007-02-11 19:40:13.530	2007-02-11 19:40:13.530	1
521	BLM	SOL	SOUTHERN OHIO CORRECTIONAL FAC. "LUCASVILLE"      	P.O. BOX 45699                	LUCASVILLE     	OH	456990000		2007-02-11 19:40:13.530	2007-02-11 19:40:13.530	1
522	BLM	SOU	SOUTHEASTERN CORRECTIONAL FACILITY                	5900 B.I.S. ROAD              	LANCASTER      	OH	431300000		2007-02-11 19:40:13.530	2007-02-11 19:40:13.530	1
523	BLM	SPR	SPRINGFIELD CORRECTIONAL FACILITY                 	P.O. BOX 322                  	SPRINGFIELD    	SD	570620000		2007-02-11 19:40:13.530	2007-02-11 19:40:13.530	1
524	BLM	SPT	UTAH STATE PRISON, SOUTHPOINT                     	P.O. BOX 250                  	DRAPER         	UT	840200000		2007-02-11 19:40:13.530	2007-02-11 19:40:13.530	1
525	BLM	SRW	STATE REFORMATORY FOR WOMEN                       	RT 1 BOX 33                   	YORK           	NE	684670000		2007-02-11 19:40:13.530	2007-02-11 19:40:13.530	1
526	BLM	SSN	SPECIAL SERVICES STATE OF NEBRASKA                	P.O. BOX 94661                	LINCOLN        	NE	685094661		2007-02-11 19:40:13.530	2007-02-11 19:40:13.530	1
527	BLM	STA	STATEVILLE CORRECTIONAL CENTER                    	P.O. BOX 112/ROUTE 53 DIVISION	JOLIET         	IL	604340000	1111111111	2007-02-11 19:40:13.530	2007-02-11 19:40:13.530	1
528	BLM	STE	STERLING CORRECTIONAL FACILITY                    	PO BOX 6000                   	STERLING       	CO	807510000	1111111111	2007-02-11 19:40:13.530	2007-02-11 19:40:13.530	1
529	BLM	SWC	SOUTHWESTERN CORRECTIONAL CENTER                  	950 KINGS HIGHWAYS            	EAST ST LOUIS  	IL	622030000		2007-02-11 19:40:13.530	2007-02-11 19:40:13.530	1
530	BLM	TAC	TACHEEDAH CORRECTIONAL INSTITUTION                	971 COUNTY HIGHWAY K          	TAYCHEEDAH     	WI	535750000		2007-02-11 19:40:13.530	2007-02-11 19:40:13.530	1
531	BLM	TAY	TAYCHEEDAH CORRECTIONAL INSTITUTION               	7139 COUNTY HIGHWAY K         	FOND DU LAC    	WI	549359099		2007-02-11 19:40:13.530	2007-02-11 19:40:13.530	1
532	BLM	TCC	TAYLORVILLE CORRECTIONAL CENTER                   	P.O. BOX 1000                 	TAYLORVILLE    	IL	625680000	1111111111	2007-02-11 19:40:13.530	2007-02-11 19:40:13.530	1
533	BLM	TCF	TOPEKA CORRECTIONAL FACILITY                      	815 S.E. RICE ROAD            	TOPEKA         	KS	666070000	1111111111	2007-02-11 19:40:13.530	2007-02-11 19:40:13.530	1
534	BLM	TCI	TRUMBULL CORRECTIONAL INSTITUTION                 	5701 BURNETT ROAD             	LEAVITTSBURG   	OH	444300000	1111111111	2007-02-11 19:40:13.530	2007-02-11 19:40:13.530	1
535	BLM	TER	TERRITORIAL CORRECTIONAL FACILITY                 	POST OFFICE BOX 1010          	CANON CITY     	CO	812120000	1111111111	2007-02-11 19:40:13.530	2007-02-11 19:40:13.530	1
536	BLM	THU	THUMB CORRECTIONAL FACILITY                       	3225 JOHN CONLEY              	LAPEER         	MI	484460000	1111111111	2007-02-11 19:40:13.530	2007-02-11 19:40:13.530	1
537	BLM	TOP	RECEPTION & DIAGNOSTIC CENTER                     	BOX 1558                      	TOPEKA         	KS	666010000	1111111111	2007-02-11 19:40:13.530	2007-02-11 19:40:13.530	1
538	BLM	TRU	TRUMBAL CORRECTIONAL INSTITUTION                  	5701 BURNETT ROAD             	LEAVITTBURG    	OH	444300000	1111111111	2007-02-11 19:40:13.530	2007-02-11 19:40:13.530	1
539	BLM	USP	UNITED STATES PENITENTARY                         	LEAVENWORTH                   	KANSAS         	KS	660480000		2007-02-11 19:40:13.530	2007-02-11 19:40:13.530	1
540	BLM	VAN	VANDALIA CORRECTIONAL CENTER                      	P.O. BOX 500                  	VANDALIA       	IL	624710000		2007-02-11 19:40:13.530	2007-02-11 19:40:13.530	1
541	BLM	VIE	VIENNA CORRECTIONAL CENTER                        	P.O. BOX 200                  	VIENNA         	IL	629950000		2007-02-11 19:40:13.530	2007-02-11 19:40:13.530	1
542	BLM	WAB	WABASH VALLEY CORRECTIONAL INSTITUTION            	P.O. BOX 500                  	CARLISLE       	IN	478580000		2007-02-11 19:40:13.530	2007-02-11 19:40:13.530	1
543	BLM	WAR	WARREN CORRECTIONAL INSTITUTION                   	P.O. BOX 120                  	LEBANON        	OH	450360000	1111111111	2007-02-11 19:40:13.530	2007-02-11 19:40:13.530	1
544	BLM	WAU	WAUPAN CORRECTIONAL INSTITUTION                   	BOX 351                       	WAUPAN         	WI	539630000	1111111111	2007-02-11 19:40:13.530	2007-02-11 19:40:13.530	1
545	BLM	WCC	WISCONSIN CORRECTIONAL CENTER SYSTEM              	BOX 25                        	OREGON         	WI	535750000		2007-02-11 19:40:13.530	2007-02-11 19:40:13.530	1
546	BLM	WCF	WOMEN CORRECTIONAL FACILITY                       	P.O. BOX 1010                 	CANON CITY     	CO	812120000	1111111111	2007-02-11 19:40:13.530	2007-02-11 19:40:13.530	1
547	BLM	WCJ	WALWORTH COUNTY JAIL                              	WEST 4054 HIGHWAY NN          	ELKHORN        	WI	531210000		2007-02-11 19:40:13.530	2007-02-11 19:40:13.530	1
548	BLM	WER	WOMENS' EASTERN RECEPTION & DIAGNOSTIC CENTER     	1101 EAST HIGHWAY 54          	VANDLIA        	MO	633820000	1111111111	2007-02-11 19:40:13.530	2007-02-11 19:40:13.530	1
549	BLM	WES	WESTVILLE CORRECTIONAL CENTER                     	P.O. BOX 473                  	WESTVILLE      	IN	463910000	1111111111	2007-02-11 19:40:13.530	2007-02-11 19:40:13.530	1
550	BLM	WHC	WARDEN HILL CORRECTIONAL CENTER                   	P.O. BOX 1327                 	GALESBURG      	IL	614010000	1111111111	2007-02-11 19:40:13.530	2007-02-11 19:40:13.530	1
551	BLM	WIC	WESTERN ILLINOIS CORRECTIONAL CENTER              	ROUTE 99  P.O. BOX 1000       	MOUNT STERLING 	IL	623530000		2007-02-11 19:40:13.530	2007-02-11 19:40:13.530	1
552	BLM	WIN	WINFIELD CORRECTIONAL FACILITY                    	P.O. BOX 653                  	WINFIELD       	KS	671560000	1111111111	2007-02-11 19:40:13.530	2007-02-11 19:40:13.530	1
553	BLM	WIS	WISCONSIN PRISON SYS., DIV. OF INTENSIVE SANCTIONS	906 ANN STREET                	MADISON        	WI	537130000		2007-02-11 19:40:13.530	2007-02-11 19:40:13.530	1
554	BLM	WM1	WESTERN MISSOURI CORECTIONAL CENTER               	609 E. PENCE                  	CAMERON        	MO	644290000		2007-02-11 19:40:13.530	2007-02-11 19:40:13.530	1
555	BLM	WMC	WESTERN MISSOURI CORRECTIONAL CENTER              	ROUTE 5 BOX 1E                	CAMERON        	MO	644290376	1111111111	2007-02-11 19:40:13.530	2007-02-11 19:40:13.530	1
556	BLM	WRC	WISCONSIN RESOURCE CENTER                         	BOX 16                        	WINNEBAGO      	WI	549850000		2007-02-11 19:40:13.530	2007-02-11 19:40:13.530	1
557	BLM	WYO	WYOMING STATE PRISON                              	POST OFFICE BOX 400           	RAWLINS        	WY	823010000	1111111111	2007-02-11 19:40:13.530	2007-02-11 19:40:13.530	1
558	BLM	YAC	YOUNG ADULT CORRECTIONAL FACILITY                 	BUILDING 288                  	DRAPER         	UT	840200000	1111111111	2007-02-11 19:40:13.530	2007-02-11 19:40:13.530	1
559	BLM	YOS	YOUTH OFFENDER SERVICES                           	PO BOX 392004                 	DENVER         	CO	802390000		2007-02-11 19:40:13.530	2007-02-11 19:40:13.530	1
560	BOS	BIL	BILLERICA HOUSE OF CORRECTION                     	P.O. BOX 565                  	BILLERICA      	MA	018210000		2007-07-14 14:00:04.373	2007-07-14 14:00:04.373	1
561	BOS	BOS	SOUTH BAY HOUSE OF CORRECTIONS                    	29 BRADSON STREET             	BOSTON         	MA	021880000	1111111111	2007-07-14 14:00:04.373	2007-07-14 14:00:04.373	1
562	BOS	BOY	WORCESTER HOUSE OF CORRECTION                     	5 HOSPITAL ROAD               	WEST BOYLSTON  	MA	015830000	1111111111	2007-07-14 14:00:04.373	2007-07-14 14:00:04.373	1
563	BOS	BRD	OLD COLONY CORRECTION CENTER                      	1 ADMINISTRATION ROAD         	BRIDGEWATER    	MA	023240000		2007-07-14 14:00:04.373	2007-07-14 14:00:04.373	1
564	BOS	BRI	SOUTHEASTERN CORRECTIONAL CENTER                  	10 ADMINISTRATION ROAD        	BRIDGEWATER    	MA	023240000		2007-07-14 14:00:04.373	2007-07-14 14:00:04.373	1
565	BOS	CNC	NEW HAMPSHIRE STATE PRISON                        	P.O. BOX 14                   	CONCORD        	NH	033020000		2007-07-14 14:00:04.373	2007-07-14 14:00:04.373	1
566	BOS	COD	MASSACHUSETTS CORRECTIONAL INSTTITUTION           	P.O. BOX 1069 ELM STREET      	WEST CONCORD   	MA	017420000		2007-07-14 14:00:04.373	2007-07-14 14:00:04.373	1
567	BOS	CON	MASSACHUSETTS CORRECTIONAL INSTITUTE              	P.O. BOX 00                   	CONCORD        	MA	017420000		2007-07-14 14:00:04.373	2007-07-14 14:00:04.373	1
568	BOS	CRA	ADULT CORRECTIONAL INSTITUTE                      	75 HOWARD AVENUE              	CRANSTON       	RI	029200000		2007-07-14 14:00:04.373	2007-07-14 14:00:04.373	1
569	BOS	DAR	BRISTOL COUNTY HOUSE OF CORRECTION                	400 FAUNCE CORNER ROAD        	NO. DARTMOUTH  	MA	027470000		2007-07-14 14:00:04.373	2007-07-14 14:00:04.373	1
570	BOS	DED	NORFOLK COUNTY HOUSE OF CORRECTIONS               	200 WEST STREET               	DEDHAM         	MA	020270000	1111111111	2007-07-14 14:00:04.373	2007-07-14 14:00:04.373	1
571	BOS	FRA	MASSACHUSETTS CORRECTIONAL INSTITUTE              	P.O. BOX 99                   	FRAMINGHAM     	MA	017010000		2007-07-14 14:00:04.373	2007-07-14 14:00:04.373	1
572	BOS	FRM	SOUTH MIDDLESEX PRE RELEASE CENTER                	P.O. BOX 850                  	FRAMINGHAM     	MA	017010000		2007-07-14 14:00:04.373	2007-07-14 14:00:04.373	1
573	BOS	GAR	NORTH CENTRAL CORRECTIONAL INSTITUTE              	P.O. BOX 466                  	GARDNER        	MA	014400000		2007-07-14 14:00:04.373	2007-07-14 14:00:04.373	1
574	BOS	GOF	HILLSBOROUGH COUNTY HOUSE OF CORRECTIONS          	317 MAST ROAD                 	GOFFSTOWN      	NH	030450000		2007-07-14 14:00:04.373	2007-07-14 14:00:04.373	1
575	BOS	LAN	 M.C.I.-LANCASTER   LANCASTER PRE RELEASE CENTER  	P.O. BOX 123                  	LAANCASTER     	MA	015230000		2007-07-14 14:00:04.373	2007-07-14 14:00:04.373	1
576	BOS	LUD	HAMPDEN COUNTY CORRECTIONAL CENTER                	629 RANDALL ROAD              	LUDLOW         	MA	010561080	1111111111	2007-07-14 14:00:04.373	2007-07-14 14:00:04.373	1
577	BOS	MID	ESSEX COUNTY HOUSE OF CORRECTION                  	20 MANNING AVENUE             	MIDDLETON      	MA	019490000		2007-07-14 14:00:04.373	2007-07-14 14:00:04.373	1
578	BOS	NOF	BAYSTATE CORRECTIONAL CENTER                      	P.O. BOX 73                   	NORFOLK        	MA	021560000		2007-07-14 14:00:04.373	2007-07-14 14:00:04.373	1
579	BOS	NOR	MASSACHUSETTS CORRECTIONAL INSTITUTE              	P.O. BOX 43                   	NORFOLK        	MA	021560000		2007-07-14 14:00:04.373	2007-07-14 14:00:04.373	1
580	BOS	NRF	PONDVILLE CORRECTIONAL FACILITY                   	P.O. BOX 146                  	NORFOLK        	MA	022460000	1111111111	2007-07-14 14:00:04.373	2007-07-14 14:00:04.373	1
581	BOS	NRT	HAMPSHIRE COUNTY HOUSE OF CORRECTION              	205 ROCKY HILL RD.            	N. HAMPTON     	MA	010600000		2007-07-14 14:00:04.373	2007-07-14 14:00:04.373	1
582	BOS	PLY	PLYMOUTH HOUSE OF CORRECTION                      	26 LONG POND RD.              	PLYMOUTH       	MA	023600000		2007-07-14 14:00:04.373	2007-07-14 14:00:04.373	1
583	BOS	ROX	SUFFOLK COUNTY HOUSE OF CORRECTIONS               	20 BRADSTON STREET            	BOSTON         	MA	021180000		2007-07-14 14:00:04.373	2007-07-14 14:00:04.373	1
584	BOS	SHI	MASSACHUSETTS CORRECTIONAL INSTITUTE              	P.O. BOX 1218  HARVARD ROAD   	SHIRLEY        	MA	014610000		2007-07-14 14:00:04.373	2007-07-14 14:00:04.373	1
585	BOS	WAL	MASSACHUSETTS CORRECTIONAL INSTITUTE              	CEDAR JUNCTION P.O. BOX 100   	SOUTH WALPOLE  	MA	020810000		2007-07-14 14:00:04.373	2007-07-14 14:00:04.373	1
586	BOS	WAR	MASSACHUSETTS CORRECTIONAL INSTITUTE              	223 RICHMOND ROAD             	WARWICK        	MA	013640000	1111111111	2007-07-14 14:00:04.373	2007-07-14 14:00:04.373	1
587	BUF	ADI	ADIRONDACK CORRECTIONAL FACILITY                  	BOX110                        	RAY BROOK      	NY	129770110		2006-09-16 08:58:31.590	2006-09-16 08:58:31.590	1
588	BUF	AKL	ARTHUR KILL CORRECTIONAL FACILITY                 	2911 ARTHUR KILL RD           	STATEN ISLAND  	NY	103091197		2006-09-16 08:58:31.590	2006-09-16 08:58:31.590	1
589	BUF	ALB	ALBION CORRECTIONAL FACILITY                      	3595 STATE SCHOOL ROAD        	ALBION         	NY	144110000		2006-09-16 08:58:31.590	2006-09-16 08:58:31.590	1
590	BUF	ALT	ALTONA CORRECTIONAL FACILITY                      	DEVIL DEN ROAD BOX 125        	ALTONA         	NY	129100215		2006-09-16 08:58:31.590	2006-09-16 08:58:31.590	1
591	BUF	ATT	BARE HILL CORRECTIONAL FACILITY	CALLER BOX # 20	MALONE	NJ	12953		2006-09-16 08:58:31.590	2006-11-01 08:30:12.000	1
592	BUF	AUB	AUBURN CORRECTIONAL FACILITY                      	135 STATE STREET  BOX 618     	AUBURN         	NY	130210000		2006-09-16 08:58:31.590	2006-09-16 08:58:31.590	1
593	BUF	BAR	BARE HILL CORRECTIONAL FACILITY                   	CALLER BOX #20                	CADY ROAD      	NY	129530000		2006-09-16 08:58:31.590	2006-09-16 08:58:31.590	1
594	BUF	BAY	BAYVIEW CORRECTIONAL FACILITY                     	550 WEST 20TH STREET          	NEW YORK       	NY	100112878		2006-09-16 08:58:31.590	2006-09-16 08:58:31.590	1
595	BUF	BEA	CAMP BEACON                                       	P.O. BOX 780                  	BEACON         	NY	125080780		2006-09-16 08:58:31.590	2006-09-16 08:58:31.590	1
596	BUF	BED	BEDFORD HILLS CORRECTIONAL INSTITUTE              	247 HARRIS ROAD               	BEDFORD HILLS  	NY	102072499		2006-09-16 08:58:31.590	2006-09-16 08:58:31.590	1
597	BUF	BUT	BUTLER SHOCK INCARCERATION FACILITY               	P.O. BOX 26963                	RICHMOND       	NY	131430000		2006-09-16 08:58:31.590	2006-09-16 08:58:31.590	1
598	BUF	CAM	CAMP GABRIELS                                     	BOX 100                       	GABRIELS       	NY	129390000		2006-09-16 08:58:31.590	2006-09-16 08:58:31.590	1
599	BUF	CAY	CAYUGA CORRECTIONAL FACILITY                      	P.O. BOX 1150                 	MORAVIA        	NY	131180000		2006-09-16 08:58:31.590	2006-09-16 08:58:31.590	1
600	BUF	CGT	CAMP GEORGETOWN                                   	RD 1, BOX 48                  	GEORGETOWN     	NY	130729307		2006-09-16 08:58:31.590	2006-09-16 08:58:31.590	1
601	BUF	CHA	CHATEAUGAY ASACTC                                 	P.O. BOX 320                  	CHATEAUGAY     	NY	129200000		2006-09-16 08:58:31.590	2006-09-16 08:58:31.590	1
602	BUF	CLI	CLINTON CORRECTIONAL FACILITY                     	BOX B                         	DANNEMORA      	NY	129290000		2006-09-16 08:58:31.590	2006-09-16 08:58:31.590	1
603	BUF	CMT	MONTEREY SHOCK INCARCERATION FACILITY             	RD #1                         	BEAVER DAMS    	NY	148129718		2006-09-16 08:58:31.590	2006-09-16 08:58:31.590	1
604	BUF	COL	COLLINS CORRECTIONAL FACILITY                     	C/O NYSOCS                    	HELMUTH        	NY	140790200		2006-09-16 08:58:31.590	2006-09-16 08:58:31.590	1
605	BUF	COX	COXSACKIE CORRECTIONAL FACILITY                   	BOX 200                       	COXSACKIE      	NY	120510200	97312781	2006-09-16 08:58:31.590	2006-09-16 08:58:31.590	1
606	BUF	CPH	CAMP PHARSALIA                                    	NYSDCS                        	SOUTH PLYMOUTH 	NY	138449729		2006-09-16 08:58:31.590	2006-09-16 08:58:31.590	1
607	BUF	CSU	SUMMIT SHOCK INCARCERATION FACILITY               	RFD                           	SUMMIT         	NY	121759608		2006-09-16 08:58:31.590	2006-09-16 08:58:31.590	1
608	BUF	CVI	CAPE VINCENT CORRECTIONAL FACILITY                	RT. 12-E BOX 599              	CAPE VINCENT   	NY	136180000		2006-09-16 08:58:31.590	2006-09-16 08:58:31.590	1
609	BUF	DOW	DOWNSTATE CORRECTIONAL FACILITY                   	P.O. BOX 445                  	FISHKILL       	NY	125240445		2006-09-16 08:58:31.590	2006-09-16 08:58:31.590	1
610	BUF	EAS	EASTERN CORRECTIONAL FACILITY                     	BOX 338                       	NAPANOCH       	NY	124580338		2006-09-16 08:58:31.590	2006-09-16 08:58:31.590	1
611	BUF	EDG	EDGECOMBE CORRECTIONAL FACILITY                   	611 EDGECOMBE AVE.            	NEW YORK       	NY	100314398		2006-09-16 08:58:31.590	2006-09-16 08:58:31.590	1
612	BUF	ELM	ELMIRA CORRECTIONAL FACILITY                      	P.O. BOX 500                  	ELMIRA         	NY	149020500		2006-09-16 08:58:31.590	2006-09-16 08:58:31.590	1
613	BUF	ESG	EDGECOMBE CORRECTIONAL FACILITY                   	1111                          	?????          	NY	121210000	1111111111	2006-09-16 08:58:31.590	2006-09-16 08:58:31.590	1
614	BUF	FIS	FISHKILL CORRECTIONAL FACILITY                    	BOX 307                       	BEACON         	NY	125080000		2006-09-16 08:58:31.590	2006-09-16 08:58:31.590	1
615	BUF	FRA	FRANKLIN CORRECTIONAL FACILITY                    	P.O. BOX 10                   	MALONE         	NY	129530000		2006-09-16 08:58:31.590	2006-09-16 08:58:31.590	1
616	BUF	FUL	FULTON CORRECTIONAL FACILITY                      	1511 FULTON AVENUE            	BRONX          	NY	104578398		2006-09-16 08:58:31.590	2006-09-16 08:58:31.590	1
617	BUF	GHN	GREEN HAVEN CORRECTIONAL FACILITY                 	C/O NYSDCS                    	STORMVILLE     	NY	125820000		2006-09-16 08:58:31.590	2006-09-16 08:58:31.590	1
618	BUF	GMW	GREAT MEADOW CORRECTIONAL FACILITY                	BOX 51                        	COMSTOCK       	NY	128210000		2006-09-16 08:58:31.590	2006-09-16 08:58:31.590	1
619	BUF	GOU	GOUVERNEUR CORRECTIONAL FACILITY                  	ST. LAWRENCE COUNTY           	GOUVERNEUR     	NY	111110000		2006-09-16 08:58:31.590	2006-09-16 08:58:31.590	1
620	BUF	GRE	GREENE CORRECTIONAL FACILITY                      	P.O. BOX 8                    	COXSACKI       	NY	120510008	97312741	2006-09-16 08:58:31.590	2006-09-16 08:58:31.590	1
621	BUF	GRO	GROVELAND CORRECTIONAL FACILITY                   	ROUTE 36 SONYEA ROAD          	SONYEA         	NY	145560001		2006-09-16 08:58:31.590	2006-09-16 08:58:31.590	1
622	BUF	HAL	HALE CREEK CORRECTIONAL FACILITY                  	279 MALONEY RD.               	JOHNSTOWN      	NY	120950000	1111111111	2006-09-16 08:58:31.590	2006-09-16 08:58:31.590	1
623	BUF	HCC	HALE CREEK ASACTC                                 	279 MALONEY ROAD              	JOHNSTOWN      	NY	120950000		2006-09-16 08:58:31.590	2006-09-16 08:58:31.590	1
624	BUF	HUD	HUDSON CORRECTIONAL FACILITY                      	BOX 576 DCS                   	HUDSON         	NY	125340576		2006-09-16 08:58:31.590	2006-09-16 08:58:31.590	1
625	BUF	JOH	JOHNSTOWN ASACTC                                  	FULTON COUNTY                 	JOHNSTOWN      	NY	111110000	1111111111	2006-09-16 08:58:31.590	2006-09-16 08:58:31.590	1
626	BUF	LAK	LAKEVIEW SHOCK INCARCERATION FACILITY             	P.O. BOX T                    	BROCKTON       	NY	147160000		2006-09-16 08:58:31.590	2006-09-16 08:58:31.590	1
627	BUF	LIN	LINCOLN CORRECTIONAL FACILITY                     	31-33 WEST 110TH STREET       	NEW YORK       	NY	100264398		2006-09-16 08:58:31.590	2006-09-16 08:58:31.590	1
628	BUF	LIV	LIVINGSTON CORRECTIONAL FACILITY                  	31-33 WEST 110TH STREET       	NEW YORK       	NY	100264398	1111111111	2006-09-16 08:58:31.590	2006-09-16 08:58:31.590	1
629	BUF	LYO	LYONS MOUNTAIN CORRECTIONAL FACILITY              	BOX 276DCS                    	LYON MOUNTAIN  	NY	129520276		2006-09-16 08:58:31.590	2006-09-16 08:58:31.590	1
630	BUF	MAR	MARCY CORRECTIONAL FACILITY                       	C/O NYSDCS                    	MARCY          	NY	122260000		2006-09-16 08:58:31.590	2006-09-16 08:58:31.590	1
631	BUF	MCG	MT MCGREGER CAMP                                  	1111 STREET                   	NEW YORK       	NY	111111111	1111111111	2006-09-16 08:58:31.590	2006-09-16 08:58:31.590	1
632	BUF	MMG	MOUNT MCGREGOR CORRECTIONAL FACILITY              	BOX 2071                      	WILTON         	NY	128660996	95873960	2006-09-16 08:58:31.590	2006-09-16 08:58:31.590	1
633	BUF	MOE	MID-ORANGE CORRECTIONAL FACILITY                  	900 KINGS HIGHWAY             	WARWICK        	NY	109900900		2006-09-16 08:58:31.590	2006-09-16 08:58:31.590	1
634	BUF	MOH	MOHAWK CORRECTIONAL FACILITY                      	P.O. BOX 8450 SCHOOL ROAD     	ROME           	NY	134400000		2006-09-16 08:58:31.590	2006-09-16 08:58:31.590	1
635	BUF	MOR	MORIAH SHOCK INCARCERATION FACILITY               	BOX 999                       	MINEVILLE      	NY	129560000		2006-09-16 08:58:31.590	2006-09-16 08:58:31.590	1
636	BUF	MST	MID-STATE CORRECTIONAL FACILITY                   	P.O. BOX 216                  	MARCY          	NY	134030216		2006-09-16 08:58:31.590	2006-09-16 08:58:31.590	1
637	BUF	OGB	OGDENSBURG CORRECTIONAL FACILITY                  	ONE CORRECTION WAY            	OGDENSBURG     	NY	136692288		2006-09-16 08:58:31.590	2006-09-16 08:58:31.590	1
638	BUF	ONE	ONEIDA CORRECTIONAL FACILITY                      	6100 SCHOOL ROAD              	ROME           	NY	134400000		2006-09-16 08:58:31.590	2006-09-16 08:58:31.590	1
639	BUF	ORL	ORLEANS CORRECTIONAL FACILITY                     	35-31 GAINS BASIN RD          	ALBTON         	NY	144110000		2006-09-16 08:58:31.590	2006-09-16 08:58:31.590	1
640	BUF	OTI	OTISVILLE CORRECTIONAL FACILITY                   	BOX 8                         	OTISVILLE      	NY	109630008		2006-09-16 08:58:31.590	2006-09-16 08:58:31.590	1
641	BUF	OUT	RELEASED                                          	00000000                      	BUFFALO        	NY	142020000	1111111111	2006-09-16 08:58:31.590	2006-09-16 08:58:31.590	1
642	BUF	PAR	PARKSIDE CORRECTIONAL FACILITY                    	10 MT. MORRIS PARK WEST       	NEW YORK       	NY	100276395		2006-09-16 08:58:31.590	2006-09-16 08:58:31.590	1
643	BUF	QUE	QUEENSBORO CORRECTIONAL FACILITY                  	47-04 VAN DAM STREET          	L.I. CITY      	NY	111013081		2006-09-16 08:58:31.590	2006-09-16 08:58:31.590	1
644	BUF	RIK	RIKERS                                            	C/O NYCDCS                    	NEW YORK       	NY	100130000		2006-09-16 08:58:31.590	2006-09-16 08:58:31.590	1
645	BUF	RIV	RIVERVIEW CORRECTIONAL FACILITY                   	BOX 158                       	OGDENSBURG     	NY	136690000		2006-09-16 08:58:31.590	2006-09-16 08:58:31.590	1
646	BUF	ROC	ROCHESTER CORRECTIONAL FACILITY                   	55 GREIG STREET               	ROCHESTER      	NY	146082499		2006-09-16 08:58:31.590	2006-09-16 08:58:31.590	1
647	BUF	SHA	SHAWANGUNK CORRECTIONAL FACILITY                  	P.O. BOX 750                  	WALLKILL       	NY	125890750		2006-09-16 08:58:31.590	2006-09-16 08:58:31.590	1
648	BUF	SIN	SING SING                                         	354 HUNTER STREET             	OSSING         	NY	105625442		2006-09-16 08:58:31.590	2006-09-16 08:58:31.590	1
649	BUF	SOU	SOUTHPORT CORRECTIONAL FACILITY                   	P.O. BOX 2000                 	PINE CITY      	NY	148710000		2006-09-16 08:58:31.590	2006-09-16 08:58:31.590	1
650	BUF	SUL	SULLIVAN CORRECTIONAL FACILITY                    	BOX AG                        	FALLSBURG      	NY	127330116		2006-09-16 08:58:31.590	2006-09-16 08:58:31.590	1
651	BUF	TAC	TACONIC CORRECTIONAL FACILITY                     	250 HARRIS ROAD               	BEDFORD HILLS  	NY	105072498		2006-09-16 08:58:31.590	2006-09-16 08:58:31.590	1
652	BUF	ULS	ULSTER CORRECTIONAL FACILITY                      	C/O NYSDCS                    	ALBANY         	NY	122260000		2006-09-16 08:58:31.590	2006-09-16 08:58:31.590	1
653	BUF	WAL	WALLKILL CORRECTIONAL FACILITY                    	BOX G                         	WALLKILL       	NY	125890286		2006-09-16 08:58:31.590	2006-09-16 08:58:31.590	1
654	BUF	WAS	WASHINGTON CORRECTIONAL FACILITY                  	BOX 180                       	COMSTOCK       	NY	128210180		2006-09-16 08:58:31.590	2006-09-16 08:58:31.590	1
655	BUF	WAT	WATERTOWN CORRECTIONAL FACILITY                   	DRY HILL                      	WATERTOWN      	NY	136010618		2006-09-16 08:58:31.590	2006-09-16 08:58:31.590	1
656	BUF	WEN	WENDE CORRECTIONAL FACILITY                       	P.O. BOX 1187                 	ALDEN          	NY	140041187		2006-09-16 08:58:31.590	2006-09-16 08:58:31.590	1
657	BUF	WMD	WALSH MEDICAL C/O MOHAWK CF                       	BOX 8450 6100 SCHOOL RD.      	ROME           	NY	134400000		2006-09-16 08:58:31.590	2006-09-16 08:58:31.590	1
658	BUF	WOO	WOODBRIDGE CORRECTIONAL FACILITY                  	RIVERSIDE DRIVE               	WOODBOURNE     	NY	127880000		2006-09-16 08:58:31.590	2006-09-16 08:58:31.590	1
659	BUF	WYO	WYOMING CORRECTIONAL FACILITY                     	P.O. BOX 501                  	ATTICA         	NY	140110000		2006-09-16 08:58:31.590	2006-09-16 08:58:31.590	1
660	CHI	ACC	ABODE CORRECTIONAL CENTER                         	831 N. 16 ST.                 	MILWAUKEE      	WI	532330000		2007-08-11 08:12:57.733	2007-08-11 08:12:57.733	1
661	CHI	ADR	ADRIAN TEMPORARY FACILITY                         	P.O. BOX 1900                 	ADRIAN         	MI	492210000		2007-08-11 08:12:57.733	2007-08-11 08:12:57.733	1
662	CHI	ALG	ALGOA CORRECTIONAL CENTER                         	P.O. BOX 538                  	JEFFERSON CITY 	MO	651020000	1111111111	2007-08-11 08:12:57.733	2007-08-11 08:12:57.733	1
663	CHI	ALL	ALLEN CORRECTIONAL INSTITUTION                    	P.O. BOX 4501                 	LIMA           	OH	458020000		2007-08-11 08:12:57.733	2007-08-11 08:12:57.733	1
664	CHI	BCC	BOONEVILLE CORRECTIONAL CENTER                    	P.O. BOX 67                   	BOONEVILLE     	MO	652330000	1111111111	2007-08-11 08:12:57.733	2007-08-11 08:12:57.733	1
665	CHI	BCI	BELMONT CORRECTIONAL INSTITUTION                  	P.O. BOX 540                  	ST. CLAIRSVILLE	OH	439500000		2007-08-11 08:12:57.733	2007-08-11 08:12:57.733	1
666	CHI	BKR	INDIANA DOC/BUNKER HILL FACILITY                  	LOCATION L-216 BOX 90         	BUNKER HILL    	IN	469140000	1111111111	2007-08-11 08:12:57.733	2007-08-11 08:12:57.733	1
667	CHI	BMC	BIG MUDDY CORRECTIONAL CENTER                     	BOX 1000                      	INA            	IL	628461000	1111111111	2007-08-11 08:12:57.733	2007-08-11 08:12:57.733	1
668	CHI	BRF	BLACK RIVERS FALL CORRECTIONAL INSTITUTION        	ROUTE 5, BOX 433C             	BLACK RIVER    	WI	546150000		2007-08-11 08:12:57.733	2007-08-11 08:12:57.733	1
669	CHI	BRO	BROOKS REGIONAL FACILITY                          	2500 S. SHERIDAN              	MUSKEGON       	MI	494440000	1111111111	2007-08-11 08:12:57.733	2007-08-11 08:12:57.733	1
670	CHI	BTC	BRANCHVILLE TRAINING CENTER                       	P.O. BOX 500                  	TELL CITY      	IN	475860000		2007-08-11 08:12:57.733	2007-08-11 08:12:57.733	1
671	CHI	BUN	INDIANA DEPARTMENT OF CORRECTIONS                 	LOCATION L-216 BOX 90         	BUNKER HILL    	IN	469140000		2007-08-11 08:12:57.733	2007-08-11 08:12:57.733	1
672	CHI	CAR	CARSON CITY CORRECTIONAL FACILITY                 	10274 BOYER ROAD              	CARSON CITY    	MI	488110000	1111111111	2007-08-11 08:12:57.733	2007-08-11 08:12:57.733	1
673	CHI	CCC	CROSSROADS CORRECTIONAL CENTER                    	1115 E. PENCE                 	CAMERON        	MO	644290000		2007-08-11 08:12:57.733	2007-08-11 08:12:57.733	1
674	CHI	CCM	MOBERLY CORRECTIONAL CENTER                       	P. O. BOX 7                   	MOBERLY        	MO	652700000		2007-08-11 08:12:57.733	2007-08-11 08:12:57.733	1
675	CHI	CEF	CHARLES EGELER CORRECTIONAL FACILITY              	P.O. BOX 8000                 	JACKSON        	MI	492090000	1111111111	2007-08-11 08:12:57.733	2007-08-11 08:12:57.733	1
676	CHI	CEN	CENTRALIA CORRECTIONAL CENTER                     	P.O. BOX 1266                 	CENTRALIA      	IL	628010000	1111111111	2007-08-11 08:12:57.733	2007-08-11 08:12:57.733	1
677	CHI	CHI	CHILLICOTHE  CORRECTIONAL INSTITUTE               	P.O. BOX 5500                 	CHILLICOTHE    	OH	456010000		2007-08-11 08:12:57.733	2007-08-11 08:12:57.733	1
678	CHI	CIC	CORRECTIONAL INDUSTRIAL COMPLEX                   	P.O. BOX 600                  	PENDLETON      	IN	460640600		2007-08-11 08:12:57.733	2007-08-11 08:12:57.733	1
679	CHI	CLA	CLARINDA CORRECTIONAL FACILITY                    	BOX 1338                      	CLARINDA       	IA	513620000	1111111111	2007-08-11 08:12:57.733	2007-08-11 08:12:57.733	1
680	CHI	CMC	CORRECTIONS MEDICAL CENTER                        	199 HARMON AVE. P.O. BOX 23658	COLUMBUS       	OH	432230000	1111111111	2007-08-11 08:12:57.733	2007-08-11 08:12:57.733	1
681	CHI	COL	COLUMBIA CORRECTIONAL INSTITUTION                 	ROUTE 3                       	PORTAGE        	WI	539010000	1111111111	2007-08-11 08:12:57.733	2007-08-11 08:12:57.733	1
682	CHI	COR	CORRECTIONAL RECEPTION CENTER                     	11271 STATE RT. 762           	ORIENT         	OH	431460000		2007-08-11 08:12:57.733	2007-08-11 08:12:57.733	1
683	CHI	CPO	CAMP OJIBWAY                                      	P.O. BOX 236                  	MARENISCO      	MI	499470000	1111111111	2007-08-11 08:12:57.733	2007-08-11 08:12:57.733	1
684	CHI	CRO	ST. CROIX CORRECTIONAL CENTER                     	1859 4TH ST.                  	NEW RICHMOND   	WI	540170000		2007-08-11 08:12:57.733	2007-08-11 08:12:57.733	1
685	CHI	CTC	CHIPPEWA TEMPOARY CORRECTIONAL FACILITY           	WEST TONE RD.                 	KINCHELOE      	MI	497850000	1111111111	2007-08-11 08:12:57.733	2007-08-11 08:12:57.733	1
686	CHI	DAN	DANVILLE CORRECTIONAL CENTER                      	P.O. BOX 4002                 	DANVILLE       	IL	618340000	1111111111	2007-08-11 08:12:57.733	2007-08-11 08:12:57.733	1
687	CHI	DCI	DAYTON CORRECTIONAL INSTITUTE                     	P.O. BOX 17249                	DAYTON         	OH	454170000	1111111111	2007-08-11 08:12:57.733	2007-08-11 08:12:57.733	1
688	CHI	DCS	DEPARTMENT OF CORRECTIONAL SERVICES               	P.O. BOX 94661                	LINCOLN        	NE	685094661		2007-08-11 08:12:57.733	2007-08-11 08:12:57.733	1
689	CHI	DEC	DECATUR  CORRECTIONAL CENTER                      	2310 EAST MOUND ROAD          	DECATUR        	IL	625240000		2007-08-11 08:12:57.733	2007-08-11 08:12:57.733	1
690	CHI	DIS	DIVISION OF INTENSIVE SANCTIONS                   	906 ANN STREET                	MADISON        	WI	537130000		2007-08-11 08:12:57.733	2007-08-11 08:12:57.733	1
691	CHI	DIX	DIXON CORRECTIONAL CENTER                         	2600 BRITON AVE.              	DIXON          	IL	610211111	1111111111	2007-08-11 08:12:57.733	2007-08-11 08:12:57.733	1
692	CHI	DOD	DODGE CORRECTIONAL INSTITUTION                    	BOX 661                       	WAUPUN         	WI	539630000	1111111111	2007-08-11 08:12:57.733	2007-08-11 08:12:57.733	1
693	CHI	DUN	DUNES CORRECTIONAL FACILITY                       	6605 W. 138TH AVENUE RT. 1    	HOLLAND        	MI	494230000	1111111111	2007-08-11 08:12:57.733	2007-08-11 08:12:57.733	1
694	CHI	DWI	DWIGHT CORRECTIONAL CENTER                        	P.O. BOX 5001                 	DWIGHT         	IL	604205001		2007-08-11 08:12:57.733	2007-08-11 08:12:57.733	1
695	CHI	EAS	EAST MOLINE CORRECTIONAL CENTER                   	100 HILLCREST ROAD            	EAST MOLINE    	IL	612440000	1111111111	2007-08-11 08:12:57.733	2007-08-11 08:12:57.733	1
696	CHI	ECF	ELLSWORTH CORRECTIONAL FACILITY                   	P.O. BOX 107                  	ELLSWORTH      	KS	674390000		2007-08-11 08:12:57.733	2007-08-11 08:12:57.733	1
697	CHI	EGC	EGELER CORRECTIONAL FACILITY                      	3855 COOPER ST.               	JACKSON        	MI	492010000	1111111111	2007-08-11 08:12:57.733	2007-08-11 08:12:57.733	1
698	CHI	ELD	EL DORADO CORRECTIONAL FACILITY                   	P.O. BOX 311                  	EL DORADO      	KS	670420000		2007-08-11 08:12:57.733	2007-08-11 08:12:57.733	1
699	CHI	EMC	EASTERN MISSOURI CORRECTIONAL CTR.                	18701 OLD HWY 66              	PACIFIC        	MO	630690000		2007-08-11 08:12:57.733	2007-08-11 08:12:57.733	1
700	CHI	ENG	ENGLER CORRECTIONAL FACILITY                      	3855 COOPER STREET            	JACKSON        	MI	492010000	1111111111	2007-08-11 08:12:57.733	2007-08-11 08:12:57.733	1
701	CHI	FC 	FEDERAL CORRECTIONAL                              	OXFORD WISCONSIN              	OXFORD         	WI	539410000	1111111111	2007-08-11 08:12:57.733	2007-08-11 08:12:57.733	1
702	CHI	FCC	FARMINGTON CORRECTIONAL CENTER                    	1012 W. COLUMBIA              	FARMINGTON     	MO	636400000	1111111111	2007-08-11 08:12:57.733	2007-08-11 08:12:57.733	1
703	CHI	FCI	FOX LAKE CORRECTIONAL INSTITUTION                 	FOX LAKE 147                  	FOX LAKE       	WI	539930000	1111111111	2007-08-11 08:12:57.733	2007-08-11 08:12:57.733	1
704	CHI	FRD	FULTON RECEPTION AND DIAGNOSTIC CENTER            	P.O. BOX 190                  	FULTON         	MO	652510000		2007-08-11 08:12:57.733	2007-08-11 08:12:57.733	1
705	CHI	FTH	FEDERAL CORRECTIONAL - TERRE HAUTE                	4200 BUREAU RD.NORTH, BOX 33  	TERRE HAUTE    	IN	478080000		2007-08-11 08:12:57.733	2007-08-11 08:12:57.733	1
706	CHI	GCC	GALESBURG CORRECTIONAL CENTER                     	P.O. BOX 1327                 	GALESBURG      	IL	614010000		2007-08-11 08:12:57.733	2007-08-11 08:12:57.733	1
707	CHI	GFT	GRAFTON CORRECTIONAL INSTITUTION                  	2500 S. AVON BELDEB ROAD      	GRAFTON        	OH	440440000	1111111111	2007-08-11 08:12:57.733	2007-08-11 08:12:57.733	1
708	CHI	GRA	GRAHAM CORRECTIONAL CENTER                        	P.O. BOX 499                  	HILLSBORO      	IL	620490000	1111111111	2007-08-11 08:12:57.733	2007-08-11 08:12:57.733	1
709	CHI	GRE	GREEN BAY CORRECTIONAL INSTITUTION                	BOX 19033                     	GREEN BAY      	WI	543070000	1111111111	2007-08-11 08:12:57.733	2007-08-11 08:12:57.733	1
710	CHI	GUS	GUS HARRISON FACILITY                             	2727 E. BEECHER  BOX 1888     	ADRIAN         	MI	492210000	1111111111	2007-08-11 08:12:57.733	2007-08-11 08:12:57.733	1
711	CHI	HAS	HASTINGS CORRECTIONAL CENTER                      	P.O. BOX 2048                 	HASTINGS       	NE	689022048	1111111111	2007-08-11 08:12:57.733	2007-08-11 08:12:57.733	1
712	CHI	HCC	HILL CORRECTIONAL CENTER                          	600 LYNWOOD ROAD, P.O. 1327   	GALESBURG,     	IL	614010000		2007-08-11 08:12:57.733	2007-08-11 08:12:57.733	1
713	CHI	HCF	HUTCHINSON CORRECTIONAL FACILITY                  	P.O. BOX 1568                 	HUTCHINSON     	KS	675040000	1111111111	2007-08-11 08:12:57.733	2007-08-11 08:12:57.733	1
714	CHI	HCK	HOCKING CORRECTIONAL FACILITY                     	16759 SNAKE HOLLOW ROAD       	NELSON         	OH	111110000	1111111111	2007-08-11 08:12:57.733	2007-08-11 08:12:57.733	1
715	CHI	HCW	HUTCHINSON CORRECTIONAL WORK FACILITY             	400 S. HALSTED                	HUTCHINSON     	KS	675010000		2007-08-11 08:12:57.733	2007-08-11 08:12:57.733	1
716	CHI	HIA	HIAWATHA TEMPORARY FACILITY                       	MARSHALL ROAD                 	KINCHELOE      	MI	497860000		2007-08-11 08:12:57.733	2007-08-11 08:12:57.733	1
717	CHI	ICD	IOWA DEPARTMENT OF CORRECTIONS                    	1200 E. WASHINGTON            	MT. PLEASANT   	IA	526410000		2007-08-11 08:12:57.733	2007-08-11 08:12:57.733	1
718	CHI	ICW	IOWA CORRECTIONAL INSTITUTE FOR WOMEN             	BOX 700                       	MITCHELLVILLE  	IA	501690000	1111111111	2007-08-11 08:12:57.733	2007-08-11 08:12:57.733	1
719	CHI	IDC	IOWA DEPARTMENT OF CORRECTIONS-WORK RELEASE CENTER	605 MAIN                      	DAVENPORT      	IA	528030000	1111111111	2007-08-11 08:12:57.733	2007-08-11 08:12:57.733	1
720	CHI	IMA	IOWA MEDICAL AND CLASSIFICATION CENTER            	P.O. BOX A                    	OAKDALE        	IA	523190000		2007-08-11 08:12:57.733	2007-08-11 08:12:57.733	1
721	CHI	IMR	IOWA MEN'S REFORMATORY                            	BOX B                         	ANAMOSA        	IA	522050000	1111111111	2007-08-11 08:12:57.733	2007-08-11 08:12:57.733	1
722	CHI	IND	INDIANA STATE PRISON                              	P.O. BOX 41                   	MICHIGAN CITY  	IN	463600000	1111111111	2007-08-11 08:12:57.733	2007-08-11 08:12:57.733	1
723	CHI	ION	IONIA CORRECTIONAL FACILITY                       	1576 W. BLUEWATER HIGHWAY     	IONIA          	MI	488460000	1111111111	2007-08-11 08:12:57.733	2007-08-11 08:12:57.733	1
724	CHI	IRC	ILLINOIS RIVER CORRECTIONAL INSTITUTION           	P.O. BOX 999                  	CANTON         	IL	615200000		2007-08-11 08:12:57.733	2007-08-11 08:12:57.733	1
725	CHI	ISF	INDIANA STATE FARM                                	P.O. BOX 76                   	GREENCASTLE    	IN	461350000		2007-08-11 08:12:57.733	2007-08-11 08:12:57.733	1
726	CHI	ISP	INDIANA STATE PRISON                              	P.O. BOX 41                   	MICHIGAN CITY  	IN	463600000		2007-08-11 08:12:57.733	2007-08-11 08:12:57.733	1
727	CHI	ISR	INDIANA STATE REFORMATORY                         	P.O. BOX 28                   	PENDLETON      	IN	460640000		2007-08-11 08:12:57.733	2007-08-11 08:12:57.733	1
728	CHI	IWP	INDIANA WOMEN'S PRISON                            	401 NORTH RANDOLPH STREET     	INDIANAPOLIS   	IN	462010000		2007-08-11 08:12:57.733	2007-08-11 08:12:57.733	1
729	CHI	IYC	INDIANA YOUTH CENTER                              	727 MOON ROAD                 	PLAINFIELD     	IN	461680000		2007-08-11 08:12:57.733	2007-08-11 08:12:57.733	1
730	CHI	JAC	JACKSON STATE PRISON - CENTRAL                    	4000 COOPER STREET            	JACKSON        	MI	492010000	1111111111	2007-08-11 08:12:57.733	2007-08-11 08:12:57.733	1
731	CHI	JAK	JACKSONVILLE CORRECTIONAL CENTER                  	R.R. 4 P.O. BOX 28C           	JACKSONVILLE   	IL	626500000		2007-08-11 08:12:57.733	2007-08-11 08:12:57.733	1
732	CHI	JBC	C/O JOHN BENNET CORRECTIONAL FACILITY             	31 AVENUE G - BOX 316         	FORT MADISON   	IA	526270000	1111111111	2007-08-11 08:12:57.733	2007-08-11 08:12:57.733	1
733	CHI	JCC	JEFFERSON CITY CORRECTIONAL CENTER                	P.O. BOX 236                  	JEFFERSON CITY 	MO	651020000		2007-08-11 08:12:57.733	2007-08-11 08:12:57.733	1
734	CHI	JCF	JACKSON COTTON FACILITY                           	3500 NORTH ELM STREET         	JACKSON        	MI	492010000	1111111111	2007-08-11 08:12:57.733	2007-08-11 08:12:57.733	1
735	CHI	JCI	JACKSON CORRECTIONAL INSTITUTION                  	BOX 232                       	BLACK RIVER FLS	WI	546150000		2007-08-11 08:12:57.733	2007-08-11 08:12:57.733	1
736	CHI	JOL	JOLIET CORRECTIONAL CENTER                        	P.O. BOX 515                  	JOLIET         	IL	604320000	1111111111	2007-08-11 08:12:57.733	2007-08-11 08:12:57.733	1
737	CHI	KCC	KENOSHA CORRECTIONAL CENTER                       	6353 14TH AVENUE              	KENOSHA        	WI	531400000	1111111111	2007-08-11 08:12:57.733	2007-08-11 08:12:57.733	1
738	CHI	KCF	KINROSS CORRECTIONAL FACILITY                     	4535 WEST TONE ROAD           	KINCHELOE      	MI	497880000		2007-08-11 08:12:57.733	2007-08-11 08:12:57.733	1
739	CHI	KEN	KENT COUNTY CORRECTIONAL FACILITY                 	701 BALL AVENUE N.E.          	GRAND RAPIDS   	MI	495030000	1111111111	2007-08-11 08:12:57.733	2007-08-11 08:12:57.733	1
740	CHI	KMC	KETTLE MORAINE CORRECTIONAL INSTITUTION           	BOX 31                        	PLYMOUTH       	WI	530730000	1111111111	2007-08-11 08:12:57.733	2007-08-11 08:12:57.733	1
741	CHI	KSC	KANSAS STATE CORRECTION INSTITUTION               	BOX # 160                     	LANSING        	KS	660430000	1111111111	2007-08-11 08:12:57.733	2007-08-11 08:12:57.733	1
742	CHI	KSI	KANSAS STATE INDUSTRIAL REFORMATORY               	P.O. BOX 1568                 	HUTCHINSON     	KS	675040000		2007-08-11 08:12:57.733	2007-08-11 08:12:57.733	1
743	CHI	LAK	METROPOLITAN CORRECTIONAL FACILITY/LINO LAKES     	7525 4TH AVENUE               	LINO LAKES     	MN	550140000	1111111111	2007-08-11 08:12:57.733	2007-08-11 08:12:57.733	1
744	CHI	LAW	LAWRENCE CORRECTIONAL FACILITY                    	RURAL RTE 2 - BOX 36          	SUMNER         	IL	624660000		2007-08-11 08:12:57.733	2007-08-11 08:12:57.733	1
745	CHI	LCC	LINCOLN CORRECTIONAL CENTER                       	P.O. BOX 22800                	LINCOLN        	NE	685420000	1111111111	2007-08-11 08:12:57.733	2007-08-11 08:12:57.733	1
746	CHI	LCF	LANSING CORRECTIONAL FACILITY                     	P.O. BOX 2                    	LANSING        	KS	660430000		2007-08-11 08:12:57.733	2007-08-11 08:12:57.733	1
747	CHI	LCI	LORAIN CORRECTIONAL INSTITUTION                   	2075 S. AVON-BELDEN  RD.      	GRAFTON        	OH	440440000	1111111111	2007-08-11 08:12:57.733	2007-08-11 08:12:57.733	1
748	CHI	LEB	LEBANON CORRECTIONAL INSTITUTE                    	P.O. BOX 56                   	LEBANON        	OH	450360000		2007-08-11 08:12:57.733	2007-08-11 08:12:57.733	1
749	CHI	LEV	UNITED STATES PENITENTIARY LEAVENWORTH            	1300 METROPOLITAN             	LEAVENWORTH    	KS	660480000		2007-08-11 08:12:57.733	2007-08-11 08:12:57.733	1
750	CHI	LEX	FEDERAL CORRECTIONAL INSTITUTION                  	3301 LEESTOWN PIKE            	LEXINGTON,     	KY	405110000		2007-08-11 08:12:57.733	2007-08-11 08:12:57.733	1
751	CHI	LIM	LIMA CORRECTIONAL INSTITUTE                       	P.O. BOX 4571                 	LIMA           	OH	458020000		2007-08-11 08:12:57.733	2007-08-11 08:12:57.733	1
752	CHI	LIN	LINCOLN CORRECTIONAL CENTER                       	P.O. BOX 549                  	LINCOLN        	IL	626560000		2007-08-11 08:12:57.733	2007-08-11 08:12:57.733	1
753	CHI	LKC	LAKESIDE CORRECTIONAL CENTER                      	P. O. BOX 8907                	MICHIGAN CITY  	IN	463610000		2007-08-11 08:12:57.733	2007-08-11 08:12:57.733	1
754	CHI	LLC	LAKELAND CORRECTIONAL FACILITY                    	141 FIRST STREET              	COLDWATER      	MI	490360000	1111111111	2007-08-11 08:12:57.733	2007-08-11 08:12:57.733	1
755	CHI	LOG	LOGAN CORRECTIONAL CENTER                         	R.R. 3 - BOX 1000             	LINCOLN        	IL	626560000	1111111111	2007-08-11 08:12:57.733	2007-08-11 08:12:57.733	1
756	CHI	LON	LONDON CORRECTIONAL INSTITUTE                     	P.O. BOX 69                   	LONDON         	OH	431400000		2007-08-11 08:12:57.733	2007-08-11 08:12:57.733	1
757	CHI	MAD	MADISON CORRECTIONAL INSTITUTE                    	1851 STATE RT.56, P.O. BOX 740	LONDON         	OH	431400000		2007-08-11 08:12:57.733	2007-08-11 08:12:57.733	1
758	CHI	MAQ	MARQUETTE BRANCH PRISON                           	P.O. BOX 779                  	MARQUETTE      	MI	498550000	1111111111	2007-08-11 08:12:57.733	2007-08-11 08:12:57.733	1
759	CHI	MAR	MARION CORRECTIONAL FACILITY                      	P.O. BOX 57                   	MARION         	OH	433020000		2007-08-11 08:12:57.733	2007-08-11 08:12:57.733	1
760	CHI	MCB	MACOMB REGIONAL FACILITY                          	34625 26 MILE ROAD            	NEW HAVEN      	MI	480480000	1111111111	2007-08-11 08:12:57.733	2007-08-11 08:12:57.733	1
761	CHI	MCC	MOBERLY CORRECTIONAL CENTER                       	BOX 7                         	MOBERLY        	MO	652070000	1111111111	2007-08-11 08:12:57.733	2007-08-11 08:12:57.733	1
762	CHI	MCF	MINNESOTA CORRECTIONAL FACILITY - STILLWATER      	5500 PICKETT AVE.             	STILLWATER     	MN	550820000		2007-08-11 08:12:57.733	2007-08-11 08:12:57.733	1
763	CHI	MDC	METROPOLITAN DETENTION CENTER                     	P.O. BOX 2147                 	SAN JUAN       	PR	009220000		2007-08-11 08:12:57.733	2007-08-11 08:12:57.733	1
764	CHI	MEC	MISSOURI EASTERN CORRECTIONAL CENTER              	18701 OLD HIGHWAY 66          	PACIFIC        	MO	630690000		2007-08-11 08:12:57.733	2007-08-11 08:12:57.733	1
765	CHI	MEN	MENARD                                            	P.O. BOX 711                  	MENARD         	IL	622590000	1111111111	2007-08-11 08:12:57.733	2007-08-11 08:12:57.733	1
766	CHI	MFF	MINNESOTA CORRECTIONAL FACILITY - FARIBAULT       	1101 LINDEN LANE              	FARIBAULT      	MN	550216400		2007-08-11 08:12:57.733	2007-08-11 08:12:57.733	1
767	CHI	MLK	METROPOLITAN CORRECTIONAL FACILITY/MOOSE LAKE     	P.O. BOX 359                  	MOOSE LAKE     	MN	557670000	1111111111	2007-08-11 08:12:57.733	2007-08-11 08:12:57.733	1
768	CHI	MLL	MINNESOTA CORRECTIONAL FACILITY-LINO LAKES        	7525 4TH AVENUE               	LINO LAKES     	MN	550141099		2007-08-11 08:12:57.733	2007-08-11 08:12:57.733	1
769	CHI	MML	MINNESOTA CORRECTIONAL FACILITY - MOOSE LAKE      	1000 LAKE SHORE DR.           	MOOSE LAKE     	MN	557670000		2007-08-11 08:12:57.733	2007-08-11 08:12:57.733	1
770	CHI	MNS	MANSFIELD CORRECTIONAL INSTITUTION                	P.O. BOX 788                  	MANSFIELD      	OH	449010000		2007-08-11 08:12:57.733	2007-08-11 08:12:57.733	1
771	CHI	MON	MONTGOMERY EDUCATION AND PRE-RELEASE CENTER       	P.O. BOX 17399                	DAYTON         	OH	454182312		2007-08-11 08:12:57.733	2007-08-11 08:12:57.733	1
772	CHI	MOP	MINNESOTA CORRECTIONAL FACILITY-OAK PARK HEIGHTS  	P.O. BOX 10                   	STILLWATER     	MN	550820020		2007-08-11 08:12:57.733	2007-08-11 08:12:57.733	1
773	CHI	MOU	MOUND REGIONAL FACILITY                           	17601 MOUND                   	DETROIT        	MI	482340000	1111111111	2007-08-11 08:12:57.733	2007-08-11 08:12:57.733	1
774	CHI	MPI	MOUNT PLEASANT CORRECTIONAL FACILITY              	HIGHWAY 218 SOUTH             	MT. PLEASANT   	IA	526410000		2007-08-11 08:12:57.733	2007-08-11 08:12:57.733	1
775	CHI	MRD	MENARD PSYCH CENTER                               	P.O. BOX 56                   	MENARD         	IL	622590000	1111111111	2007-08-11 08:12:57.733	2007-08-11 08:12:57.733	1
776	CHI	MRF	MOUND REGIONAL FACILITY                           	                              	               	  	000000000	0	2007-08-11 08:12:57.733	2007-08-11 08:12:57.733	1
777	CHI	MSA	MINNESOTA CORRECTIONAL FACILITY - ST. CLOUD       	P.O. BOX B-REFORMATORY DRIVE  	ST. CLOUD      	MN	563020000		2007-08-11 08:12:57.733	2007-08-11 08:12:57.733	1
778	CHI	MSP	STATE PRISON OF SOUTHERN MICHIGAN                 	4000 COOPER STREET            	JACKSON        	MI	482010000	1111111111	2007-08-11 08:12:57.733	2007-08-11 08:12:57.733	1
779	CHI	MTA	MINNESOTA CORRECTIONAL FACILITY - SHAKOPEE        	1010 WEST SIXTH AVENUE        	SHAKOPEE       	MN	553790000	1111111111	2007-08-11 08:12:57.733	2007-08-11 08:12:57.733	1
780	CHI	MTP	MT. PLEASANT CORRECTIONAL FACILITY                	HIGHWAY 218 SOUTH             	MT. PLEASANT   	IA	526410000		2007-08-11 08:12:57.733	2007-08-11 08:12:57.733	1
781	CHI	MTU	MICHIGAN TRAINING UNIT                            	P.O. BOX 492                  	IONIA          	MI	488460000	1111111111	2007-08-11 08:12:57.733	2007-08-11 08:12:57.733	1
782	CHI	MUS	MUSKEGON CORRECTIONAL FACILITY                    	2400 SHERIDAN                 	MUSKEGON       	MI	494420000	1111111111	2007-08-11 08:12:57.733	2007-08-11 08:12:57.733	1
783	CHI	NCC	NORTH CENTRAL CORRECTIONAL FACILITY               	BOX 313                       	ROCKWELL CITY  	IA	505790000	1111111111	2007-08-11 08:12:57.733	2007-08-11 08:12:57.733	1
784	CHI	NCF	NORTON CORRECTIONAL FACILITY                      	RT.# 1 BOX 60                 	KANSAS         	KS	676540000	1111111111	2007-08-11 08:12:57.733	2007-08-11 08:12:57.733	1
785	CHI	NCI	NORTH CENTRAL CORRECTIONAL INSTITUTION            	P.O. BOX 1812                 	MARION         	OH	433011812	1111111111	2007-08-11 08:12:57.733	2007-08-11 08:12:57.733	1
786	CHI	NCW	NEBRASKA CENTER FOR WOMEN                         	ROUTE 1, BOX 33               	YORK           	NE	684670000	1111111111	2007-08-11 08:12:57.733	2007-08-11 08:12:57.733	1
787	CHI	NDC	NEBRASKA DEPARTMENT OF CORRECTIONAL SERVICE       	P.O. BOX 94661                	LINCOLN        	NE	685094661		2007-08-11 08:12:57.733	2007-08-11 08:12:57.733	1
788	CHI	NDE	NEBRASKA DIAGNOSTIC & EVALUATION CENTER           	P.O. BOX 22800                	LINCOLN        	NE	685422800	1111111111	2007-08-11 08:12:57.733	2007-08-11 08:12:57.733	1
789	CHI	NMC	NORTHEAST MISSOURI CORRECTIONAL CENTER            	RT. 2 BOX 26                  	BOWLING GREEN  	MO	063340000	1111111111	2007-08-11 08:12:57.733	2007-08-11 08:12:57.733	1
790	CHI	NOC	NOBLE CORRECTIONAL INSTITUTION                    	P.O. BOX 278                  	CALDWELL       	OH	437240000		2007-08-11 08:12:57.733	2007-08-11 08:12:57.733	1
791	CHI	NSP	NEBRASKA STATE PENITENTIARY                       	BOX 2500                      	LINCOLN        	NE	685020500		2007-08-11 08:12:57.733	2007-08-11 08:12:57.733	1
792	CHI	NWL	NEW LISBON CORRECTIONAL INSTITUTION	2000 PROGRESS ROAD	NEW LISBON	WI	539500000	 	2007-08-11 08:12:57.733	2012-01-18 11:44:39.000	1
793	CHI	OAK	OAKWOOD FORENSIC CENTER DEPT OF MENTAL HEALTH     	3200 NORTHWEST STREE          	LIMA           	OH	458010000		2007-08-11 08:12:57.733	2007-08-11 08:12:57.733	1
794	CHI	OC 	OMAHA CORRECTIONAL CENTER                         	P.O. BOX 11099                	OMAHA          	NE	681110099	1111111111	2007-08-11 08:12:57.733	2007-08-11 08:12:57.733	1
795	CHI	OCC	OMAHA CORRECTIONAL CENTER                         	2323 E. AVE. J                	OMAHA          	NE	681100000		2007-08-11 08:12:57.733	2007-08-11 08:12:57.733	1
796	CHI	OCI	OAKHILL CORRECTIONAL INSTITUTION                  	BOX 238                       	OREGON         	WI	535750000	1111111111	2007-08-11 08:12:57.733	2007-08-11 08:12:57.733	1
797	CHI	OCJ	OUTAGAMIE COUNTY JAIL                             	410 S. WALNUT ST. 4TH FL.     	APPLETON       	WI	549110000		2007-08-11 08:12:57.733	2007-08-11 08:12:57.733	1
798	CHI	OHS	OHIO STATE REFORMATORY                            	P.O. BOX 788                  	MANSFIELD      	OH	449010000		2007-08-11 08:12:57.733	2007-08-11 08:12:57.733	1
799	CHI	OHW	OHIO STATE REFORMATORY FOR WOMEN                  	1479 COLLINS AVENUE           	MARYSVILLE     	OH	430400000		2007-08-11 08:12:57.733	2007-08-11 08:12:57.733	1
800	CHI	OKS	OAKS MAXIMUM FACILITY                             	P.O. BOX 38                   	EASTLAKE       	MI	496260038	1111111111	2007-08-11 08:12:57.733	2007-08-11 08:12:57.733	1
801	CHI	OMC	OMAHA CORRECTIONS CENTER                          	P.O. BOX 11099                	OMAHA          	NE	681110000		2007-08-11 08:12:57.733	2007-08-11 08:12:57.733	1
802	CHI	OPH	METROPOLITAN CORRECTION FACILITY/OAK PARK HEIGHTS 	5329 OSGOOD AVE., BOX 10      	STILLWATER     	MN	550820000	1111111111	2007-08-11 08:12:57.733	2007-08-11 08:12:57.733	1
803	CHI	ORE	OREGON CORRECTIONAL INSTITUTION                   	BOX 28                        	OREGON         	WI	535750000		2007-08-11 08:12:57.733	2007-08-11 08:12:57.733	1
804	CHI	ORI	ORIENT CORRECTIONAL INSTITUTION                   	P.O. BOX 511                  	COLUMBUS       	OH	432160000		2007-08-11 08:12:57.733	2007-08-11 08:12:57.733	1
805	CHI	OSH	OSHKOSH CORRECTIONAL INSTITUTION                  	BOX 3530                      	OSHKOSH        	WI	549260000	1111111111	2007-08-11 08:12:57.733	2007-08-11 08:12:57.733	1
806	CHI	OSK	OSKOSH CORRECTIONAL FACILITY                      	BOX 3310                      	OSKOSH         	WI	549030000	1111111111	2007-08-11 08:12:57.733	2007-08-11 08:12:57.733	1
807	CHI	PCC	PONTIAC CORRECTIONAL CENTER - MICHIGAN            	156 W. HURON 1ST.             	PONTIAC        	MI	480530000	1111111111	2007-08-11 08:12:57.733	2007-08-11 08:12:57.733	1
808	CHI	PCF	PRAIRIE CORRECTIONAL FACILITY                     	445 S. MUNSTERMAN ST.         	APPLETON       	MN	562080000		2007-08-11 08:12:57.733	2007-08-11 08:12:57.733	1
809	CHI	PEN	PENDLETON STATE REFORMATORY                       	P.O. BOX 28                   	PENDLETON      	IN	460640000	1111111111	2007-08-11 08:12:57.733	2007-08-11 08:12:57.733	1
810	CHI	PIC	PICKAWAY  CORRECTIONAL INSTITUTE                  	P.O. BOX 209                  	ORIENT         	OH	431460000		2007-08-11 08:12:57.733	2007-08-11 08:12:57.733	1
811	CHI	PIN	PINCKENYVILLE CORRECTIONAL CENTER                 	5835 STATE, ROUTE 154         	PICKNEYVILLE   	IL	622740000		2007-08-11 08:12:57.733	2007-08-11 08:12:57.733	1
812	CHI	PON	PONTIAC CORRECTIONAL CENTER                       	P.O. BOX 99                   	PONTIAC        	IL	617640000	1111111111	2007-08-11 08:12:57.733	2007-08-11 08:12:57.733	1
813	CHI	PUT	PUTNAMVILLE CORRECTIONAL FACILITY                 	1946 US 40 W.                 	GREENCASTLE    	IN	461350000	1111111111	2007-08-11 08:12:57.733	2007-08-11 08:12:57.733	1
814	CHI	RCF	RIVERSIDE CORRECTIONAL FACILITY                   	777 W. RIVERSIDE DRIVE        	IONIA          	MI	488460000	1111111111	2007-08-11 08:12:57.733	2007-08-11 08:12:57.733	1
815	CHI	RCI	RACINE CORRECTIONAL INSTITUTION                   	P.O. BOX 900                  	RACINE         	WI	531770000	1111111111	2007-08-11 08:12:57.733	2007-08-11 08:12:57.733	1
816	CHI	RDC	RECEPTION DIAGNOSTIC CENTER                       	P.O. BOX 317                  	PLAINFIELD     	IN	461680000		2007-08-11 08:12:57.733	2007-08-11 08:12:57.733	1
817	CHI	RED	REDGRANITE CORRECTIONAL INSTITUTION               	1006 COUNTY ROAD EE           	REDGRANITE     	WI	549700000		2007-08-11 08:12:57.733	2007-08-11 08:12:57.733	1
818	CHI	ROB	ROBINSON CORRECTIONAL CENTER                      	P.O. BOX 1000                 	ROBINSON       	IL	624540000		2007-08-11 08:12:57.733	2007-08-11 08:12:57.733	1
819	CHI	ROS	ROSS CORRECTIONAL INSTITUTE                       	16149 STATE RT. 104           	CHILLICOTHE    	OH	456010000		2007-08-11 08:12:57.733	2007-08-11 08:12:57.733	1
820	CHI	RTC	ROCKVILLE TRAINING CENTER                         	RR #3 BOX 281                 	ROCKVILLE      	IN	478720000	1111111111	2007-08-11 08:12:57.733	2007-08-11 08:12:57.733	1
821	CHI	RYN	RYAN REGIONAL CORRECTIONAL FACILITY               	17600 RYAN ROAD               	DETROIT        	MI	482120000	1111111111	2007-08-11 08:12:57.733	2007-08-11 08:12:57.733	1
822	CHI	SAG	SAGINAW REGIONAL FACILITY                         	P.O. BOX 659                  	FREELAND       	MI	486230000	1111111111	2007-08-11 08:12:57.733	2007-08-11 08:12:57.733	1
823	CHI	SAN	FED. CORR. INSTITUTION - MR. STEVE DALESSIO       	P.O. BOX 1000                 	SANDSTONE      	MN	550720000		2007-08-11 08:12:57.733	2007-08-11 08:12:57.733	1
824	CHI	SCI	STATE CORRECRTIONAL INSTITUTION AT CAMP HILL      	P.O. BOX 8837                 	CAMP HILL      	PA	170018837		2007-08-11 08:12:57.733	2007-08-11 08:12:57.733	1
825	CHI	SCT	SCOTT CORRECTIONAL FACILITY                       	47500 FIVE MILE               	PLYMOUTH       	MI	481700000	1111111111	2007-08-11 08:12:57.733	2007-08-11 08:12:57.733	1
826	CHI	SDS	SOUTH DAKOTA STATE PENITENTIARY                   	P.O. BOX 5911                 	SIOUX FALLS    	SD	571175911	1111110111	2007-08-11 08:12:57.733	2007-08-11 08:12:57.733	1
827	CHI	SEA	SOUTHEASTERN CORRECTIONAL INSTITUTION             	5900 B.I.S. RD. P.O. BX. 200  	LANCASTER      	OH	431300000	1111111111	2007-08-11 08:12:57.733	2007-08-11 08:12:57.733	1
828	CHI	SEC	SECURITY MEDICAL FACILITY                         	BOX A                         	OAKDALE        	IA	523190000		2007-08-11 08:12:57.733	2007-08-11 08:12:57.733	1
829	CHI	SHA	SHAWNEE CORRECTIONAL CENTER                       	6665 S.R. 146 EAST            	VIENNA         	IL	629950000	1111111111	2007-08-11 08:12:57.733	2007-08-11 08:12:57.733	1
830	CHI	SHE	SHERIDAN CORRECTOINAL CENTER                      	P.O. BOX 112                  	SHERIDAN       	IL	605510000	1111111111	2007-08-11 08:12:57.733	2007-08-11 08:12:57.733	1
831	CHI	SHP	METROPOLITAN CORRECTIONAL FACILITY/SHAKOPEE       	BOX 7 1010 W. 6TH AVENUE      	SHAKOPEE       	MN	553790000	1111111111	2007-08-11 08:12:57.733	2007-08-11 08:12:57.733	1
832	CHI	SOL	SOUTHERN OHIO CORRECTIONAL FAC. "LUCASVILLE"      	P.O. BOX 45699                	LUCASVILLE     	OH	456990000		2007-08-11 08:12:57.733	2007-08-11 08:12:57.733	1
833	CHI	SOU	SOUTHEASTERN CORRECTIONAL FACILITY                	5900 B.I.S. ROAD              	LANCASTER      	OH	431300000		2007-08-11 08:12:57.733	2007-08-11 08:12:57.733	1
834	CHI	SPR	ST. PETER REGIONAL TREATMENT CENTER               	2100 SHEPPARD DR.             	ST. PATER      	MN	560820000	1111111111	2007-08-11 08:12:57.733	2007-08-11 08:12:57.733	1
835	CHI	SRW	STATE REFORMATORY FOR WOMEN                       	RT 1 BOX 33                   	YORK           	NE	684670000		2007-08-11 08:12:57.733	2007-08-11 08:12:57.733	1
836	CHI	SSN	SPECIAL SERVICES STATE OF NEBRASKA                	P.O. BOX 94661                	LINCOLN        	NE	685094661		2007-08-11 08:12:57.733	2007-08-11 08:12:57.733	1
837	CHI	STA	STATEVILLE CORRECTIONAL CENTER                    	P.O. BOX 112/ROUTE 53 DIVISION	JOLIET         	IL	604340000		2007-08-11 08:12:57.733	2007-08-11 08:12:57.733	1
838	CHI	STC	METROPOLITAN CORRECTIONAL FACILITY/ST. CLOUD      	BOX B                         	ST. CLOUD      	MN	563020000	1111111111	2007-08-11 08:12:57.733	2007-08-11 08:12:57.733	1
839	CHI	STL	STANLEY CORRECTIONAL INSTITUTION                  	100 CORRECTIONS DRIVE         	STANLEY        	WI	547680000		2007-08-11 08:12:57.733	2007-08-11 08:12:57.733	1
840	CHI	SWC	SOUTHWESTERN CORRECTIONAL CENTER                  	950 KINGS HIGHWAYS            	EAST ST LOUIS  	IL	622030000		2007-08-11 08:12:57.733	2007-08-11 08:12:57.733	1
841	CHI	TAC	TACHEEDAH CORRECTIONAL INSTITUTION                	971 COUNTY HIGHWAY K          	TAYCHEEDAH     	WI	535750000		2007-08-11 08:12:57.733	2007-08-11 08:12:57.733	1
842	CHI	TAY	TAYCHEEDAH CORRECTIONAL INSTITUTION               	7139 COUNTY HIGHWAY K         	FOND DU LAC    	WI	549359099		2007-08-11 08:12:57.733	2007-08-11 08:12:57.733	1
843	CHI	TCC	TAYLORVILLE CORRECTIONAL CENTER                   	P.O. BOX 1000                 	TAYLORVILLE    	IL	625680000	1111111111	2007-08-11 08:12:57.733	2007-08-11 08:12:57.733	1
844	CHI	TCF	TOPEKA CORRECTIONAL FACILITY                      	815 S.E. RICE ROAD            	TOPEKA         	KS	666070000	1111111111	2007-08-11 08:12:57.733	2007-08-11 08:12:57.733	1
845	CHI	TCI	TRUMBULL CORRECTIONAL INSTITUTION                 	5701 BURNETT ROAD             	LEAVITTSBURG   	OH	444300000	1111111111	2007-08-11 08:12:57.733	2007-08-11 08:12:57.733	1
846	CHI	THU	THUMB CORRECTIONAL FACILITY                       	3225 JOHN CONLEY              	LAPEER         	MI	484460000	1111111111	2007-08-11 08:12:57.733	2007-08-11 08:12:57.733	1
847	CHI	TOP	RECEPTION & DIAGNOSTIC CENTER                     	BOX 1558                      	TOPEKA         	KS	666010000	1111111111	2007-08-11 08:12:57.733	2007-08-11 08:12:57.733	1
848	CHI	TRU	TRUMBAL CORRECTIONAL INSTITUTION                  	5701 BURNETT ROAD             	LEAVITTBURG    	OH	444300000	1111111111	2007-08-11 08:12:57.733	2007-08-11 08:12:57.733	1
849	CHI	USP	UNITED STATES PENITENTARY                         	LEAVENWORTH                   	KANSAS         	KS	660480000		2007-08-11 08:12:57.733	2007-08-11 08:12:57.733	1
850	CHI	VAN	VANDALIA CORRECTIONAL CENTER                      	P.O. BOX 500                  	VANDALIA       	IL	624710000		2007-08-11 08:12:57.733	2007-08-11 08:12:57.733	1
851	CHI	VIE	VIENNA CORRECTIONAL CENTER                        	P.O. BOX 200                  	VIENNA         	IL	629950000		2007-08-11 08:12:57.733	2007-08-11 08:12:57.733	1
852	CHI	WAB	WABASH VALLEY CORRECTIONAL INSTITUTION            	P.O. BOX 500                  	CARLISLE       	IN	478580000		2007-08-11 08:12:57.733	2007-08-11 08:12:57.733	1
853	CHI	WAR	WARREN CORRECTIONAL INSTITUTION                   	P.O. BOX 120                  	LEBANON        	OH	450360000	1111111111	2007-08-11 08:12:57.733	2007-08-11 08:12:57.733	1
854	CHI	WAU	WAUPAN CORRECTIONAL INSTITUTION                   	BOX 351                       	WAUPAN         	WI	539630000	1111111111	2007-08-11 08:12:57.733	2007-08-11 08:12:57.733	1
855	CHI	WCC	WISCONSIN CORRECTIONAL CENTER SYSTEM              	BOX 25                        	OREGON         	WI	535750000		2007-08-11 08:12:57.733	2007-08-11 08:12:57.733	1
856	CHI	WCJ	WALWORTH COUNTY JAIL                              	WEST 4054 HIGHWAY NN          	ELKHORN        	WI	531210000		2007-08-11 08:12:57.733	2007-08-11 08:12:57.733	1
857	CHI	WER	WOMENS' EASTERN RECEPTION & DIAGNOSTIC CENTER     	1101 EAST HIGHWAY 54          	VANDLIA        	MO	633820000	1111111111	2007-08-11 08:12:57.733	2007-08-11 08:12:57.733	1
858	CHI	WES	WESTVILLE CORRECTIONAL CENTER                     	P.O. BOX 473                  	WESTVILLE      	IN	463910000	1111111111	2007-08-11 08:12:57.733	2007-08-11 08:12:57.733	1
859	CHI	WHC	WARDEN HILL CORRECTIONAL CENTER                   	P.O. BOX 1327                 	GALESBURG      	IL	614010000	1111111111	2007-08-11 08:12:57.733	2007-08-11 08:12:57.733	1
860	CHI	WIC	WESTERN ILLINOIS CORRECTIONAL CENTER              	ROUTE 99  P.O. BOX 1000       	MOUNT STERLING 	IL	623530000		2007-08-11 08:12:57.733	2007-08-11 08:12:57.733	1
861	CHI	WIN	WINFIELD CORRECTIONAL FACILITY                    	P.O. BOX 653                  	WINFIELD       	KS	671560000	1111111111	2007-08-11 08:12:57.733	2007-08-11 08:12:57.733	1
862	CHI	WIS	WISCONSIN PRISON SYS., DIV. OF INTENSIVE SANCTIONS	906 ANN STREET                	MADISON        	WI	537130000		2007-08-11 08:12:57.733	2007-08-11 08:12:57.733	1
863	CHI	WM1	WESTERN MISSOURI CORECTIONAL CENTER               	609 E. PENCE                  	CAMERON        	MO	644290000		2007-08-11 08:12:57.733	2007-08-11 08:12:57.733	1
864	CHI	WMC	WESTERN MISSOURI CORRECTIONAL CENTER              	ROUTE 5 BOX 1E                	CAMERON        	MO	644290376	1111111111	2007-08-11 08:12:57.733	2007-08-11 08:12:57.733	1
865	CHI	WRC	WISCONSIN RESOURCE CENTER                         	BOX 16                        	WINNEBAGO      	WI	549850000		2007-08-11 08:12:57.733	2007-08-11 08:12:57.733	1
866	DAL	AIR	BIG SPRING FEDERAL CORRECTIONAL CENTER #2         	3700 WRIGHT AVE.  AIRPARK UNIT	BIG SPRING     	TX	797200000		2007-04-06 23:11:27.323	2007-04-06 23:11:27.323	1
867	DAL	BIG	BIG SPRING FEDERAL CORRECTIONAL INSTITUTE         	2001 RICKABAUGH DRIVE FCI UNIT	BIG SPRING     	TX	797200000		2007-04-06 23:11:27.323	2007-04-06 23:11:27.323	1
868	DAL	CED	BIG SPRING FEDERAL CORRECTIONAL INSTITUTE         	3711 WRIGHT AVE.CEDARHILL UNIT	BIG SPRING     	TX	797200000		2007-04-06 23:11:27.323	2007-04-06 23:11:27.323	1
869	DAL	CIM	CIMMARON CORRECTIONAL FACILITY                    	3700 SOUTHWEST KINGS HIGHWAY  	CUSHING        	OK	740230000		2007-04-06 23:11:27.323	2007-04-06 23:11:27.323	1
870	DAL	DAV	DAVIS CORRECTIONAL FACILITY                       	RT. 4, BOX 40                 	HOLDENVILLE    	OK	748489295		2007-04-06 23:11:27.323	2007-04-06 23:11:27.323	1
871	DAL	DIA	DIAMOND BACK CORRECTIONAL FACILITY                	215 NASH BOULEVARD            	WATONGA        	OK	737720000		2007-04-06 23:11:27.323	2007-04-06 23:11:27.323	1
872	DAL	DIC	DICK CONNER CORRECTIONAL CENTER                   	P.O. BOX 220                  	HOMINY         	OK	740350000		2007-04-06 23:11:27.323	2007-04-06 23:11:27.323	1
873	DAL	EDN	EDEN DETENTION CENTER, CCA                        	702 EAST BROADWAY             	EDEN           	TX	768370000		2007-04-06 23:11:27.323	2007-04-06 23:11:27.323	1
874	DAL	FLT	BIG SPRING FEDERAL CORRECTIONAL INSTITUTE         	2001 AIRPARK  FLIGHTLINE UNIT 	BIG SPRINGS    	TX	797200000		2007-04-06 23:11:27.323	2007-04-06 23:11:27.323	1
875	DAL	GRE	GREAT PLAINS CORRECTIONAL CENTER                  	700 SUGAR CREEK DRIVE         	HINTON         	OK	730470000		2007-04-06 23:11:27.323	2007-04-06 23:11:27.323	1
876	DAL	HAU	BIG SPRING FEDERAL CORRECTIONAL INSTITUTE         	2001 RICKABAUGH DR FLIGHTLINE 	BIG SPRING     	TX	797200000		2007-04-06 23:11:27.323	2007-04-06 23:11:27.323	1
877	DAL	INT	BIG SPRING FEDERAL CORRECTIONAL INTSTITUTE        	ROUTE 2,BOX 7 INTERSTATE UNIT 	BIG SPRING     	TX	797200000		2007-04-06 23:11:27.323	2007-04-06 23:11:27.323	1
878	DAL	LAW	LAWTON CORRECTIONAL FACILITY                      	8607 S.E. FLOWER MOUND ROAD   	LAWTON         	OK	735010000		2007-04-06 23:11:27.323	2007-04-06 23:11:27.323	1
879	DAL	LEX	LEXINGTON ASSESSMENT AND RECEPTION CENTER         	P.O. BOX 260                  	LEXINGTON      	OK	730510000		2007-04-06 23:11:27.323	2007-04-06 23:11:27.323	1
880	DAL	MAB	MABEL BASSET MINIMUM SECURITY UNIT                	315 WEST I-44 SERVICE ROAD    	OKLAHOMA CITY  	OK	731180000		2007-04-06 23:11:27.323	2007-04-06 23:11:27.323	1
881	DAL	MAC	MACK ALFORD CORRECTIONAL CENTER                   	P. O. BOX 220                 	STRINGTOWN     	OK	745690000		2007-04-06 23:11:27.323	2007-04-06 23:11:27.323	1
882	DAL	OKD	OKLAHOMA DEPARTMENT OF CORRECTIONS                	RT 1 BOX 8                    	HELENA         	OK	737410000		2007-04-06 23:11:27.323	2007-04-06 23:11:27.323	1
883	DAL	OKL	OKLAHOMA STATE REFORMATORY                        	P.O. BOX 514                  	GRANITE        	OK	735470000		2007-04-06 23:11:27.323	2007-04-06 23:11:27.323	1
884	DAL	POS	BIG SPRING CORRECTIONAL CENTER  IHP               	2001 RICKABAUGH DRIVE         	BIG SPRING     	TX	797200000		2007-04-06 23:11:27.323	2007-04-06 23:11:27.323	1
885	DEN	ARK	ARKANSAS VALLEY CORRECTIONAL FACILITY             	POST OFFICE BOX 1000          	CROWLEY        	CO	810340000	1111111111	2007-09-15 00:08:16.187	2007-09-15 00:08:16.187	1
886	DEN	ARR	ARROWHEAD CORRECTIONAL FACILITY                   	P.O. BOX 300                  	CANON CITY     	CO	812120000		2007-09-15 00:08:16.187	2007-09-15 00:08:16.187	1
887	DEN	BEN	BENT COUNTY CORRECTIONAL FACILITY                 	11560 ROAD FF 75              	LAS ANIMAS     	CO	810540000	1111111111	2007-09-15 00:08:16.187	2007-09-15 00:08:16.187	1
888	DEN	BIS	NORTH DAKOTA STATE PENITENTIARY                   	P.O. BOX 5521                 	BISMARCK       	ND	585020000		2007-09-15 00:08:16.187	2007-09-15 00:08:16.187	1
889	DEN	BOO	BOOTCAMP                                          	BUENA VISTA                   	BUENA VISTA    	CO	812110000	1111111111	2007-09-15 00:08:16.187	2007-09-15 00:08:16.187	1
890	DEN	BUE	BUENA VISTA CORRECTIONAL FACILITY                 	POST OFFICE BOX R             	BUENA VISTA    	CO	812110000	1111111111	2007-09-15 00:08:16.187	2007-09-15 00:08:16.187	1
891	DEN	CEN	CENTENNIAL CORRECTIONAL FACILITY                  	POST OFFICE BOX 600           	CANON CITY     	CO	812120000	1111111111	2007-09-15 00:08:16.187	2007-09-15 00:08:16.187	1
892	DEN	CRO	CROWLEY DETENTION FACILITY                        	2862 S CIRCLE DR              	COLO SPRINGS   	CO	809060000	1111111111	2007-09-15 00:08:16.187	2007-09-15 00:08:16.187	1
893	DEN	CSP	COLORADO STATE PENITENTIARY                       	P.O. BOX 777                  	CANON CITY     	CO	812150000		2007-09-15 00:08:16.187	2007-09-15 00:08:16.187	1
894	DEN	DEL	DELTA CORRECTIONAL FACILITY                       	1140 "G" / 1025 LANE          	DELTA          	CO	814160000	1111111111	2007-09-15 00:08:16.187	2007-09-15 00:08:16.187	1
895	DEN	DEN	DENVER RECEPTION & DIAGNOSTIC CENTER              	BOX 392004                    	DENVER         	CO	802390000		2007-09-15 00:08:16.187	2007-09-15 00:08:16.187	1
896	DEN	ENW	FEDERAL CORRECTIONAL INSTITUTE                    	9595 W. QUINCY AVE.           	LITTLETON      	CO	801230000		2007-09-15 00:08:16.187	2007-09-15 00:08:16.187	1
897	DEN	FOU	FOUR MILE CORRECTIONAL FACILITY                   	P.O. BOX 700                  	CANON CITY     	CO	812120000	1111111111	2007-09-15 00:08:16.187	2007-09-15 00:08:16.187	1
898	DEN	FRE	FREMONT CORRECTIONAL FACILITY                     	POST OFFICE BOX 999           	CANON CITY     	CO	812120000	1111111111	2007-09-15 00:08:16.187	2007-09-15 00:08:16.187	1
899	DEN	GUN	CENTRAL UTAH CORRECTIONAL FACILITY                	P.O. BOX 550                  	GUNNISON       	UT	846340000		2007-09-15 00:08:16.187	2007-09-15 00:08:16.187	1
900	DEN	HUE	HUERFANO CORRECTIONAL FACILITY                    	304 RAY SANDOVAL ROAD         	WALSENBURG     	CO	810890000	1111111111	2007-09-15 00:08:16.187	2007-09-15 00:08:16.187	1
901	DEN	KIT	KIT CARSON CORRECTIONAL FACILITY                  	497777 CRV  PO BOX 309        	BURLINGTON     	CO	808070000	1111111111	2007-09-15 00:08:16.187	2007-09-15 00:08:16.187	1
902	DEN	LIM	LIMON CORRECTIONAL FACILITY                       	P.O. BOX 10000                	LIMON          	CO	808260000	1111111111	2007-09-15 00:08:16.187	2007-09-15 00:08:16.187	1
903	DEN	NPT	UTAH STATE PRISON, NORTHPOINT                     	P.O. BOX 250                  	DRAPER         	UT	840200000		2007-09-15 00:08:16.187	2007-09-15 00:08:16.187	1
904	DEN	PUE	PUEBLO WOMENS CORRECTIONAL FACILITY               	PO BOX 3                      	PUEBLO         	CO	810020000		2007-09-15 00:08:16.187	2007-09-15 00:08:16.187	1
905	DEN	RIF	RIFLE CORRECTIONAL FACILITY                       	200 COUNTY RD. 219            	RIFLE          	CO	816500000		2007-09-15 00:08:16.187	2007-09-15 00:08:16.187	1
906	DEN	SAN	SAN CARLOS PSYCHIATRIC FACILITY                   	1410 W. 13TH ST.              	PUEBLO         	CO	810030000	1111111111	2007-09-15 00:08:16.187	2007-09-15 00:08:16.187	1
907	DEN	SHW	SHADOW MOUNTAIN CORRECTIONAL FACILITY             	POST OFFICE BOX 700           	CANON CITY     	CO	812120000	1111111111	2007-09-15 00:08:16.187	2007-09-15 00:08:16.187	1
908	DEN	SIO	SOUTH DAKOTA STATE PENITENTIARY                   	P.O. BOX 911                  	SIOUX FALLS    	SD	571170911		2007-09-15 00:08:16.187	2007-09-15 00:08:16.187	1
909	DEN	SKY	SKYLINE CORRECTIONAL FACILITY                     	P.O. BOX 999                  	CANON CITY     	CO	812150000	1111111111	2007-09-15 00:08:16.187	2007-09-15 00:08:16.187	1
910	DEN	SPR	SPRINGFIELD CORRECTIONAL FACILITY                 	P.O. BOX 322                  	SPRINGFIELD    	SD	570620000		2007-09-15 00:08:16.187	2007-09-15 00:08:16.187	1
911	DEN	SPT	UTAH STATE PRISON, SOUTHPOINT                     	P.O. BOX 250                  	DRAPER         	UT	840200000		2007-09-15 00:08:16.187	2007-09-15 00:08:16.187	1
912	DEN	STE	STERLING CORRECTIONAL FACILITY                    	PO BOX 6000                   	STERLING       	CO	807510000	1111111111	2007-09-15 00:08:16.187	2007-09-15 00:08:16.187	1
913	DEN	TER	TERRITORIAL CORRECTIONAL FACILITY                 	POST OFFICE BOX 1010          	CANON CITY     	CO	812120000	1111111111	2007-09-15 00:08:16.187	2007-09-15 00:08:16.187	1
914	DEN	TRI	TRINIDAD CORRECTIONAL FACILITY                    	PO BOX 2000                   	TRINIDAD       	CO	810820000		2007-09-15 00:08:16.187	2007-09-15 00:08:16.187	1
915	DEN	USP	UTAH STATE PRISON                                 	PO BOX 250                    	DRAPER         	UT	840200000		2007-09-15 00:08:16.187	2007-09-15 00:08:16.187	1
916	DEN	WCF	WOMEN CORRECTIONAL FACILITY                       	P.O. BOX 1010                 	CANON CITY     	CO	812120000	1111111111	2007-09-15 00:08:16.187	2007-09-15 00:08:16.187	1
917	DEN	WYO	WYOMING STATE PRISON                              	POST OFFICE BOX 400           	RAWLINS        	WY	823010000	1111111111	2007-09-15 00:08:16.187	2007-09-15 00:08:16.187	1
918	DEN	YAC	YOUNG ADULT CORRECTIONAL FACILITY                 	BUILDING 288                  	DRAPER         	UT	840200000	1111111111	2007-09-15 00:08:16.187	2007-09-15 00:08:16.187	1
919	DEN	YOS	YOUTH OFFENDER SERVICES                           	PO BOX 392004                 	DENVER         	CO	802390000		2007-09-15 00:08:16.187	2007-09-15 00:08:16.187	1
920	DET	.LC	ST. LOUIS CORRECTIONAL FACILITY                   	8585 N. CROSWELL              	ST. LOUIS      	MI	488800000		2007-09-14 23:05:30.403	2007-09-14 23:05:30.403	1
921	DET	ADR	ADRIAN TEMPORARY FACILITY                         	P.O. BOX 1900                 	ADRIAN         	MI	492210000		2007-09-14 23:05:30.403	2007-09-14 23:05:30.403	1
922	DET	ALG	ALGER MAXIMUM CORRECTIONAL FACILITY               	INDUSTRIAL PARK DR, PO BOX 600	MUNISING       	MI	498620000		2007-09-14 23:05:30.403	2007-09-14 23:05:30.403	1
923	DET	ALL	ALLEN CORRECTIONAL INSTITUTION                    	P.O. BOX 4501                 	LIMA           	OH	458020000		2007-09-14 23:05:30.403	2007-09-14 23:05:30.403	1
924	DET	BAR	BARAGA MAX. FACILITY                              	301 WADAGA ROAD               	BARAGA         	MI	499080000	1111111111	2007-09-14 23:05:30.403	2007-09-14 23:05:30.403	1
925	DET	BCC	BELLAMY CREEK CORRECTIONAL FACILITY               	1727 W. BLUEWATER HWY         	IONIA          	MI	488460000		2007-09-14 23:05:30.403	2007-09-14 23:05:30.403	1
926	DET	BCI	BELMONT CORRECTIONAL INSTITUTION                  	P.O. BOX 540                  	ST. CLAIRSVILLE	OH	439500000		2007-09-14 23:05:30.403	2007-09-14 23:05:30.403	1
927	DET	BMC	BIG MUDDY CORRECTIONAL CENTER                     	BOX 1000                      	INA            	IL	628461000	1111111111	2007-09-14 23:05:30.403	2007-09-14 23:05:30.403	1
928	DET	BRC	BOYER ROAD CORRECTIONAL FACILITY                  	10274 BOYER ROAD              	CARSON CITY    	MI	488110000		2007-09-14 23:05:30.403	2007-09-14 23:05:30.403	1
929	DET	BRG	BARAGA CORRECTIONAL FACILITY	13924WADAGA ROAD	BARAGA	MI	49908		2007-09-14 23:05:30.403	2009-02-13 10:53:09.000	1
930	DET	BRO	BROOKS REGIONAL FACILITY                          	2500 S. SHERIDAN              	MUSKEGON       	MI	494440000	1111111111	2007-09-14 23:05:30.403	2007-09-14 23:05:30.403	1
931	DET	BTC	BRANCHVILLE TRAINING CENTER                       	P.O. BOX 500                  	TELL CITY      	IN	475860000		2007-09-14 23:05:30.403	2007-09-14 23:05:30.403	1
932	DET	CAR	CARSON CITY CORRECTIONAL FACILITY                 	10274 BOYER ROAD              	CARSON CITY    	MI	488110000	1111111111	2007-09-14 23:05:30.403	2007-09-14 23:05:30.403	1
933	DET	CCF	COTTON CORRECTIONAL FACILITY                      	3500 N. ELM STREET            	JACKSON        	MI	492010000		2007-09-14 23:05:30.403	2007-09-14 23:05:30.403	1
934	DET	CEF	CHARLES EGELER CORRECTIONAL FACILITY              	P.O. BOX 8000                 	JACKSON        	MI	492090000	1111111111	2007-09-14 23:05:30.403	2007-09-14 23:05:30.403	1
935	DET	CEN	CENTRALIA CORRECTIONAL CENTER                     	P.O. BOX 1266                 	CENTRALIA      	IL	628010000	1111111111	2007-09-14 23:05:30.403	2007-09-14 23:05:30.403	1
936	DET	CHI	CHILLICOTHE  CORRECTIONAL INSTITUTE               	P.O. BOX 5500                 	CHILLICOTHE    	OH	456010000		2007-09-14 23:05:30.403	2007-09-14 23:05:30.403	1
937	DET	CIC	CORRECTIONAL INDUSTRIAL COMPLEX                   	P.O. BOX 600                  	PENDLETON      	IN	460640600		2007-09-14 23:05:30.403	2007-09-14 23:05:30.403	1
938	DET	CLA	CLARINDA CORRECTIONAL FACILITY                    	BOX 1338                      	CLARINDA       	IA	513620000	1111111111	2007-09-14 23:05:30.403	2007-09-14 23:05:30.403	1
939	DET	CMC	CORRECTIONS MEDICAL CENTER                        	199 HARMON AVE. P.O. BOX 23658	COLUMBUS       	OH	432230000	1111111111	2007-09-14 23:05:30.403	2007-09-14 23:05:30.403	1
940	DET	COL	COLUMBIA CORRECTIONAL INSTITUTION                 	ROUTE 3                       	PORTAGE        	WI	539010000	1111111111	2007-09-14 23:05:30.403	2007-09-14 23:05:30.403	1
941	DET	COR	CORRECTIONAL RECEPTION CENTER                     	11271 STATE RT. 762           	ORIENT         	OH	431460000		2007-09-14 23:05:30.403	2007-09-14 23:05:30.403	1
942	DET	COT	G. ROBERT COTTON FACILITY                         	3500 N. ELM STREET            	JACKSON        	MI	492010000	1111111111	2007-09-14 23:05:30.403	2007-09-14 23:05:30.403	1
943	DET	CPO	CAMP OJIBWAY                                      	P.O. BOX 236                  	MARENISCO      	MI	499470000	1111111111	2007-09-14 23:05:30.403	2007-09-14 23:05:30.403	1
944	DET	CTC	CHIPPEWA TEMPOARY CORRECTIONAL FACILITY           	WEST TONE RD.                 	KINCHELOE      	MI	497850000	1111111111	2007-09-14 23:05:30.403	2007-09-14 23:05:30.403	1
945	DET	DAN	DANVILLE CORRECTIONAL CENTER                      	P.O. BOX 4002                 	DANVILLE       	IL	618340000	1111111111	2007-09-14 23:05:30.403	2007-09-14 23:05:30.403	1
946	DET	DCI	DAYTON CORRECTIONAL INSTITUTE                     	P.O. BOX 17249                	DAYTON         	OH	454170000	1111111111	2007-09-14 23:05:30.403	2007-09-14 23:05:30.403	1
947	DET	DCS	DEPARTMENT OF CORRECTIONAL SERVICES               	P.O. BOX 94661                	LINCOLN        	NE	685094661		2007-09-14 23:05:30.403	2007-09-14 23:05:30.403	1
948	DET	DFI	DEERFIELD CORRECTIONAL FACILITY                   	1755 HARWOOD ROAD             	IONIA          	MI	488460000		2007-09-14 23:05:30.403	2007-09-14 23:05:30.403	1
949	DET	DIS	DIVISION OF INTENSIVE SANCTIONS                   	906 ANN STREET                	MADISON        	WI	537130000		2007-09-14 23:05:30.403	2007-09-14 23:05:30.403	1
950	DET	DIX	DIXON CORRECTIONAL CENTER                         	2600 BRITON AVE.              	DIXON          	IL	610211111	1111111111	2007-09-14 23:05:30.403	2007-09-14 23:05:30.403	1
951	DET	DOD	DODGE CORRECTIONAL                                	BOX 631                       	PLYMOUTH       	WI	539630000	1111111111	2007-09-14 23:05:30.403	2007-09-14 23:05:30.403	1
952	DET	DUN	DUNES CORRECTIONAL FACILITY                       	6605 W. 138TH AVENUE RT. 1    	HOLLAND        	MI	494230000	1111111111	2007-09-14 23:05:30.403	2007-09-14 23:05:30.403	1
953	DET	DWI	DWIGHT CORRECTIONAL CENTER                        	P.O. BOX 5001                 	DWIGHT         	IL	604205001		2007-09-14 23:05:30.403	2007-09-14 23:05:30.403	1
954	DET	EAS	EAST MOLINE CORRECTIONAL CENTER                   	100 HILLCREST ROAD            	EAST MOLINE    	IL	612440000	1111111111	2007-09-14 23:05:30.403	2007-09-14 23:05:30.403	1
955	DET	ECF	ELLSWORTH CORRECTIONAL FACILITY                   	P.O. BOX 107                  	ELLSWORTH      	KS	674390000		2007-09-14 23:05:30.403	2007-09-14 23:05:30.403	1
956	DET	EGC	EGELER CORRECTIONAL FACILITY                      	3855 COOPER ST.               	JACKSON        	MI	492010000	1111111111	2007-09-14 23:05:30.403	2007-09-14 23:05:30.403	1
957	DET	ELD	EL DORADO CORRECTIONAL FACILITY                   	P.O. BOX 311                  	EL DORADO      	KS	670420000		2007-09-14 23:05:30.403	2007-09-14 23:05:30.403	1
958	DET	ELL	ELLSWORTH CORRECTIONAL FACILITY                   	P.O. BOX 107                  	ELLSWORTH      	KS	674390000		2007-09-14 23:05:30.403	2007-09-14 23:05:30.403	1
959	DET	ENG	ENGLER CORRECTIONAL FACILITY                      	3855 COOPER STREET            	JACKSON        	MI	492010000	1111111111	2007-09-14 23:05:30.403	2007-09-14 23:05:30.403	1
960	DET	FCI	FOX LAKE CORRECTIONAL INSTITUTION                 	FOX LAKE 147                  	FOX LAKE       	WI	539930000	1111111111	2007-09-14 23:05:30.403	2007-09-14 23:05:30.403	1
961	DET	FPR	FRANKLIN PRE RELEASE CENTER                       	P.O. BOX 23651                	COLUMBUS       	OH	432230000		2007-09-14 23:05:30.403	2007-09-14 23:05:30.403	1
962	DET	GCC	GALESBURG CORRECTIONAL CENTER                     	P.O. BOX 1327                 	GALESBURG      	IL	614010000		2007-09-14 23:05:30.403	2007-09-14 23:05:30.403	1
963	DET	GFT	GRAFTON CORRECTIONAL INSTITUTION                  	2500 S. AVON BELDEB ROAD      	GRAFTON        	OH	440440000	1111111111	2007-09-14 23:05:30.403	2007-09-14 23:05:30.403	1
964	DET	GRA	GRAHAM CORRECTIONAL CENTER                        	P.O. BOX 499                  	HILLSBORO      	IL	620490000	1111111111	2007-09-14 23:05:30.403	2007-09-14 23:05:30.403	1
965	DET	GRE	GREEN BAY CORRECTIONAL INSTITUTION                	BOX 19033                     	GREEN BAY      	WI	543070000	1111111111	2007-09-14 23:05:30.403	2007-09-14 23:05:30.403	1
966	DET	GUS	GUS HARRISON FACILITY                             	2727 E. BEECHER  BOX 1888     	ADRIAN         	MI	492210000	1111111111	2007-09-14 23:05:30.403	2007-09-14 23:05:30.403	1
967	DET	HAN	HANDLON CORRECTIONAL FACILITY                     	1728 BLUEWATER HIGHWAY        	IONIA          	MI	488460000		2007-09-14 23:05:30.403	2007-09-14 23:05:30.403	1
968	DET	HAS	HASTINGS CORRECTIONAL CENTER                      	P.O. BOX 2048                 	HASTINGS       	NE	689022048	1111111111	2007-09-14 23:05:30.403	2007-09-14 23:05:30.403	1
969	DET	HC 	HARRSION CORRECTIONAL FACILITY                    	2727 E. BEECHER ROAD          	ADRIAN         	MI	492210000		2007-09-14 23:05:30.403	2007-09-14 23:05:30.403	1
970	DET	HCC	HILL CORRECTIONAL CENTER                          	600 LYNWOOD ROAD, P.O. 1327   	GALESBURG,     	IL	614010000		2007-09-14 23:05:30.403	2007-09-14 23:05:30.403	1
971	DET	HCF	HUTCHINSON CORRECTIONAL FACILITY                  	P.O. BOX 1568                 	HUTCHINSON     	KS	675040000	1111111111	2007-09-14 23:05:30.403	2007-09-14 23:05:30.403	1
972	DET	HCK	HOCKING CORRECTIONAL FACILITY                     	16759 SNAKE HOLLOW ROAD       	NELSON         	OH	111110000	1111111111	2007-09-14 23:05:30.403	2007-09-14 23:05:30.403	1
973	DET	HCW	HUTCHINSON CORRECTIONAL WORK FACILITY             	400 S. HALSTED                	HUTCHINSON     	KS	675010000		2007-09-14 23:05:30.403	2007-09-14 23:05:30.403	1
974	DET	HIA	HIAWATHA TEMPORARY FACILITY                       	MARSHALL ROAD                 	KINCHELOE      	MI	497860000		2007-09-14 23:05:30.403	2007-09-14 23:05:30.403	1
975	DET	HVW	Huron Valley Complex Women	3511 Bemis Rd	Ypsilanti	MI	48197		2008-08-29 18:01:35.327	2008-08-29 18:01:35.327	1
976	DET	IAP	IOWA STATE PENITENTARY                            	BOX 316                       	FORT MADISON   	IA	526270000	1111111111	2007-09-14 23:05:30.403	2007-09-14 23:05:30.403	1
977	DET	ICD	IOWA DEPARTMENT OF CORRECTIONS                    	1200 E. WASHINGTON            	MT. PLEASANT   	IA	526410000		2007-09-14 23:05:30.403	2007-09-14 23:05:30.403	1
978	DET	ICW	IOWA CORRECTIONAL INSTITUTE FOR WOMEN             	BOX 700                       	MITCHELLVILLE  	IA	501690000	1111111111	2007-09-14 23:05:30.403	2007-09-14 23:05:30.403	1
979	DET	IDC	IOWA DEPARTMENT OF CORRECTIONS-WORK RELEASE CENTER	605 MAIN                      	DAVENPORT      	IA	528030000	1111111111	2007-09-14 23:05:30.403	2007-09-14 23:05:30.403	1
980	DET	IMA	IOWA MEDICAL AND CLASSIFICATION CENTER            	P.O. BOX A                    	OAKDALE        	IA	523190000		2007-09-14 23:05:30.403	2007-09-14 23:05:30.403	1
981	DET	IMR	IOWA MEN'S REFORMATORY                            	BOX B                         	ANAMOSA        	IA	522050000	1111111111	2007-09-14 23:05:30.403	2007-09-14 23:05:30.403	1
982	DET	IND	INDIANA STATE PRISON                              	P.O. BOX 41                   	MICHIGAN CITY  	IN	463600000	1111111111	2007-09-14 23:05:30.403	2007-09-14 23:05:30.403	1
983	DET	ION	IONIA CORRECTIONAL FACILITY                       	1576 W. BLUEWATER HIGHWAY     	IONIA          	MI	488460000	1111111111	2007-09-14 23:05:30.403	2007-09-14 23:05:30.403	1
984	DET	IRC	ILLINOIS RIVER CORRECTIONAL INSTITUTION           	P.O. BOX 999                  	CANTON         	IL	615200000		2007-09-14 23:05:30.403	2007-09-14 23:05:30.403	1
985	DET	ISF	INDIANA STATE FARM                                	P.O. BOX 76                   	GREENCASTLE    	IN	461350000		2007-09-14 23:05:30.403	2007-09-14 23:05:30.403	1
986	DET	ISP	INDIANA STATE PRISON                              	P.O. BOX 41                   	MICHIGAN CITY  	IN	463600000		2007-09-14 23:05:30.403	2007-09-14 23:05:30.403	1
987	DET	ISR	INDIANA STATE REFORMATORY                         	P.O. BOX 28                   	PENDLETON      	IN	460640000		2007-09-14 23:05:30.403	2007-09-14 23:05:30.403	1
988	DET	IWP	INDIANA WOMEN'S PRISON                            	401 NORTH RANDOLPH STREET     	INDIANAPOLIS   	IN	462010000		2007-09-14 23:05:30.403	2007-09-14 23:05:30.403	1
989	DET	IYC	INDIANA YOUTH CENTER                              	727 MOON ROAD                 	PLAINFIELD     	IN	461680000		2007-09-14 23:05:30.403	2007-09-14 23:05:30.403	1
990	DET	JAC	JACKSON STATE PRISON - CENTRAL                    	4000 COOPER STREET            	JACKSON        	MI	492010000	1111111111	2007-09-14 23:05:30.403	2007-09-14 23:05:30.403	1
991	DET	JAK	JACKSONVILLE CORRECTIONAL CENTER                  	R.R. 4 P.O. BOX 28C           	JACKSONVILLE   	IL	626500000		2007-09-14 23:05:30.403	2007-09-14 23:05:30.403	1
992	DET	JCF	JACKSON COTTON FACILITY                           	3500 NORTH ELM STREET         	JACKSON        	MI	492010000	1111111111	2007-09-14 23:05:30.403	2007-09-14 23:05:30.403	1
993	DET	JCI	JACKSON CORRECTIONAL INSTITUTION                  	BOX 232                       	BLACK RIVER FLS	WI	546150000		2007-09-14 23:05:30.403	2007-09-14 23:05:30.403	1
994	DET	JOL	JOLIET CORRECTIONAL CENTER                        	P.O. BOX 515                  	JOLIET         	IL	604320000	1111111111	2007-09-14 23:05:30.403	2007-09-14 23:05:30.403	1
995	DET	KCC	KENOSHA CORRECTIONAL CENTER                       	6353 14TH AVENUE              	KENOSHA        	WI	531400000	1111111111	2007-09-14 23:05:30.403	2007-09-14 23:05:30.403	1
996	DET	KCF	KINROSS CORRECTIONAL FACILITY                     	4535 WEST TONE ROAD           	KINCHELOE      	MI	497880000		2007-09-14 23:05:30.403	2007-09-14 23:05:30.403	1
997	DET	KEN	KENT COUNTY CORRECTIONAL FACILITY                 	701 BALL AVENUE N.E.          	GRAND RAPIDS   	MI	495030000	1111111111	2007-09-14 23:05:30.403	2007-09-14 23:05:30.403	1
998	DET	KMC	KETTLE MORAINE CORRECTIONAL INSTITUTION           	BOX 31                        	PLYMOUTH       	WI	530730000	1111111111	2007-09-14 23:05:30.403	2007-09-14 23:05:30.403	1
999	DET	KSC	KANSAS STATE CORRECTION INSTITUTION               	BOX # 160                     	LANSING        	KS	660430000	1111111111	2007-09-14 23:05:30.403	2007-09-14 23:05:30.403	1
1000	DET	KSI	KANSAS STATE INDUSTRIAL REFORMATORY               	P.O. BOX 1568                 	HUTCHINSON     	KS	675040000		2007-09-14 23:05:30.403	2007-09-14 23:05:30.403	1
1001	DET	LAK	METROPOLITAN CORRECTIONAL FACILITY/LINO LAKES     	7525 4TH AVENUE               	LINO LAKES     	MN	550140000	1111111111	2007-09-14 23:05:30.403	2007-09-14 23:05:30.403	1
1002	DET	LCC	LINCOLN CORRECTIONAL CENTER                       	P.O. BOX 22800                	LINCOLN        	NE	685420000	1111111111	2007-09-14 23:05:30.403	2007-09-14 23:05:30.403	1
1003	DET	LCF	LANSING CORRECTIONAL FACILITY                     	P.O. BOX 2                    	LANSING        	KS	660430000		2007-09-14 23:05:30.403	2007-09-14 23:05:30.403	1
1004	DET	LCI	LORAIN CORRECTIONAL INSTITUTION                   	2075 S. AVON-BELDEN  RD.      	GRAFTON        	OH	440440000	1111111111	2007-09-14 23:05:30.403	2007-09-14 23:05:30.403	1
1005	DET	LEB	LEBANON CORRECTIONAL INSTITUTE                    	P.O. BOX 56                   	LEBANON        	OH	450360000		2007-09-14 23:05:30.403	2007-09-14 23:05:30.403	1
1006	DET	LEC	LAKE ERIE CORRECTIONAL INSTITUTION                	501 THOMSPON ROAD             	CONNEAUT       	OH	440300000		2007-09-14 23:05:30.403	2007-09-14 23:05:30.403	1
1007	DET	LEV	UNITED STATES PENITENTIARY LEAVENWORTH            	1300 METROPOLITAN             	LEAVENWORTH    	KS	660480000		2007-09-14 23:05:30.403	2007-09-14 23:05:30.403	1
1008	DET	LEX	FEDERAL CORRECTIONAL INSTITUTION                  	3301 LEESTOWN PIKE            	LEXINGTON,     	KY	405110000		2007-09-14 23:05:30.403	2007-09-14 23:05:30.403	1
1009	DET	LIM	LIMA CORRECTIONAL INSTITUTE                       	P.O. BOX 4571                 	LIMA           	OH	458020000		2007-09-14 23:05:30.403	2007-09-14 23:05:30.403	1
1010	DET	LIN	LINCOLN CORRECTIONAL CENTER                       	P.O. BOX 549                  	LINCOLN        	IL	626560000		2007-09-14 23:05:30.403	2007-09-14 23:05:30.403	1
1011	DET	LLC	LAKELAND CORRECTIONAL FACILITY                    	141 FIRST STREET              	COLDWATER      	MI	490360000	1111111111	2007-09-14 23:05:30.403	2007-09-14 23:05:30.403	1
1012	DET	LOG	LOGAN CORRECTIONAL CENTER                         	R.R. 3 - BOX 1000             	LINCOLN        	IL	626560000	1111111111	2007-09-14 23:05:30.403	2007-09-14 23:05:30.403	1
1013	DET	LON	LONDON CORRECTIONAL INSTITUTE                     	P.O. BOX 69                   	LONDON         	OH	431400000		2007-09-14 23:05:30.403	2007-09-14 23:05:30.403	1
1014	DET	MAD	MADISON CORRECTIONAL INSTITUTE                    	1851 STATE RT.56, P.O. BOX 740	LONDON         	OH	431400000		2007-09-14 23:05:30.403	2007-09-14 23:05:30.403	1
1015	DET	MAQ	MARQUETTE BRANCH PRISON                           	P.O. BOX 779                  	MARQUETTE      	MI	498550000	1111111111	2007-09-14 23:05:30.403	2007-09-14 23:05:30.403	1
1016	DET	MAR	MARION CORRECTIONAL FACILITY                      	P.O. BOX 57                   	MARION         	OH	433020000		2007-09-14 23:05:30.403	2007-09-14 23:05:30.403	1
1017	DET	MCB	MACOMB REGIONAL FACILITY                          	34625 26 MILE ROAD            	NEW HAVEN      	MI	480480000	1111111111	2007-09-14 23:05:30.403	2007-09-14 23:05:30.403	1
1018	DET	MCF	MINNESOTA CORRECTIONAL FACILITY - STILLWATER      	5500 PICKETT AVE.             	STILLWATER     	MN	550820000		2007-09-14 23:05:30.403	2007-09-14 23:05:30.403	1
1019	DET	MDC	METROPOLITAN DETENTION CENTER                     	P.O. BOX 2147                 	SAN JUAN       	PR	009220000		2007-09-14 23:05:30.403	2007-09-14 23:05:30.403	1
1020	DET	MEN	MENARD                                            	P.O. BOX 711                  	MENARD         	IL	622590000	1111111111	2007-09-14 23:05:30.403	2007-09-14 23:05:30.403	1
1021	DET	MFF	MINNESOTA CORRECTIONAL FACILITY - FARIBAULT       	P.O. BOX 936                  	FARIBAULT      	MN	550210936	1111111111	2007-09-14 23:05:30.403	2007-09-14 23:05:30.403	1
1022	DET	MID	MID-MICHIGAN CORRECTIONAL FACILITY                	8201 N. CROSWELL              	ST. LOUIS      	MI	488800000		2007-09-14 23:05:30.403	2007-09-14 23:05:30.403	1
1023	DET	MLK	METROPOLITAN CORRECTIONAL FACILITY/MOOSE LAKE     	P.O. BOX 359                  	MOOSE LAKE     	MN	557670000	1111111111	2007-09-14 23:05:30.403	2007-09-14 23:05:30.403	1
1024	DET	MLL	MINNESOTA CORRECTIONAL FACILITY-LINO LAKES        	7525 4TH AVENUE               	LINO LAKES     	MN	550141099	1111111111	2007-09-14 23:05:30.403	2007-09-14 23:05:30.403	1
1025	DET	MNS	MANSFIELD CORRECTIONAL INSTITUTION                	P.O. BOX 788                  	MANSFIELD      	OH	449010000		2007-09-14 23:05:30.403	2007-09-14 23:05:30.403	1
1026	DET	MON	MONTGOMERY EDUCATION AND PRE-RELEASE CENTER       	P.O. BOX 17399                	DAYTON         	OH	454182312		2007-09-14 23:05:30.403	2007-09-14 23:05:30.403	1
1027	DET	MOP	MINNESOTA CORRECTIONAL FACILITY-OAK PARK HEIGHTS  	BOX 10                        	STILLWATER     	MN	550820020		2007-09-14 23:05:30.403	2007-09-14 23:05:30.403	1
1028	DET	MOU	MOUND REGIONAL FACILITY                           	17601 MOUND                   	DETROIT        	MI	482340000	1111111111	2007-09-14 23:05:30.403	2007-09-14 23:05:30.403	1
1029	DET	MPI	MOUNT PLEASANT CORRECTIONAL FACILITY              	HIGHWAY 218 SOUTH             	MT. PLEASANT   	IA	526410000		2007-09-14 23:05:30.403	2007-09-14 23:05:30.403	1
1030	DET	MR 	MICHIGAN REFORMATORY                              	1342 WEST MAIN STREET         	IONIA          	MI	488460000		2007-09-14 23:05:30.403	2007-09-14 23:05:30.403	1
1031	DET	MRD	MENARD PSYCH CENTER                               	P.O. BOX 56                   	MENARD         	IL	622590000	1111111111	2007-09-14 23:05:30.403	2007-09-14 23:05:30.403	1
1032	DET	MRF	MOUND REGIONAL FACILITY                           	                              	               	  	000000000	0	2007-09-14 23:05:30.403	2007-09-14 23:05:30.403	1
1033	DET	MSA	MINNESOTA CORRECTIONAL FACILITY                   	P.O. BOX B-REFORMATORY DRIVE  	ST. CLOUD      	MN	563020000		2007-09-14 23:05:30.403	2007-09-14 23:05:30.403	1
1034	DET	MSP	STATE PRISON OF SOUTHERN MICHIGAN                 	4000 COOPER STREET            	JACKSON        	MI	482010000	1111111111	2007-09-14 23:05:30.403	2007-09-14 23:05:30.403	1
1035	DET	MTA	MINNESOTA CORRECTIONAL FACILITY - SHAKOPEE        	1010 WEST SIXTH AVENUE        	SHAKOPEE       	MN	553790000	1111111111	2007-09-14 23:05:30.403	2007-09-14 23:05:30.403	1
1036	DET	MTP	MT. PLEASANT CORRECTIONAL FACILITY                	HIGHWAY 218 SOUTH             	MT. PLEASANT   	IA	526410000		2007-09-14 23:05:30.403	2007-09-14 23:05:30.403	1
1037	DET	MTU	MICHIGAN TRAINING UNIT                            	P.O. BOX 492                  	IONIA          	MI	488460000	1111111111	2007-09-14 23:05:30.403	2007-09-14 23:05:30.403	1
1038	DET	MUS	MUSKEGON CORRECTIONAL FACILITY                    	2400 SHERIDAN                 	MUSKEGON       	MI	494420000	1111111111	2007-09-14 23:05:30.403	2007-09-14 23:05:30.403	1
1039	DET	MYC	MICHIGAN YOUTH CORRECTIONAL FACILITY              	1805 W. 32ND ST.              	BALDWIN        	MI	493040000		2007-09-14 23:05:30.403	2007-09-14 23:05:30.403	1
1040	DET	NCC	NORTH CENTRAL CORRECTIONAL FACILITY               	BOX 313                       	ROCKWELL CITY  	IA	505790000	1111111111	2007-09-14 23:05:30.403	2007-09-14 23:05:30.403	1
1041	DET	NCF	NORTON CORRECTIONAL FACILITY                      	RT.# 1 BOX 60                 	KANSAS         	KS	676540000	1111111111	2007-09-14 23:05:30.403	2007-09-14 23:05:30.403	1
1042	DET	NCS	NORTH COAST CORRECTIONAL FACILITY                 	2000 SOUTH AVON BELDEN ROAD   	GRAFTON        	OH	440440000		2007-09-14 23:05:30.403	2007-09-14 23:05:30.403	1
1043	DET	NCW	NEBRASKA CENTER FOR WOMEN                         	ROUTE 1, BOX 33               	YORK           	NE	684670000	1111111111	2007-09-14 23:05:30.403	2007-09-14 23:05:30.403	1
1044	DET	NDC	NEBRASKA DEPARTMENT OF CORRECTIONAL SERVICE       	P.O. BOX 94661                	LINCOLN        	NE	685094661		2007-09-14 23:05:30.403	2007-09-14 23:05:30.403	1
1045	DET	NDE	NEBRASKA DIAGNOSTIC & EVALUATION CENTER           	P.O. BOX 22800                	LINCOLN        	NE	685422800	1111111111	2007-09-14 23:05:30.403	2007-09-14 23:05:30.403	1
1046	DET	NEW	NEWBERRY CORRECTIONAL FACILITY                    	3001 NEWBERRY AVENUE          	NEWBERRY       	MI	498680000		2007-09-14 23:05:30.403	2007-09-14 23:05:30.403	1
1047	DET	NIC	NOBLE CORRECTIONAL INSTITUTION/15708 ST.ROUTE 78  	P.O. BOX 278                  	CALDWELL       	OH	437240000		2007-09-14 23:05:30.403	2007-09-14 23:05:30.403	1
1048	DET	NSP	NEBRASKA STATE PENITENTIARY                       	BOX 2500                      	LINCOLN        	NE	685020500		2007-09-14 23:05:30.403	2007-09-14 23:05:30.403	1
1049	DET	OAK	OAKWOOD FORENSIC CENTER DEPT OF MENTAL HEALTH     	3200 NORTHWEST STREE          	LIMA           	OH	458010000		2007-09-14 23:05:30.403	2007-09-14 23:05:30.403	1
1050	DET	OCC	OMAHA CORRECTIONAL CENTER                         	2323 E. AVE. J                	OMAHA          	NE	681100000		2007-09-14 23:05:30.403	2007-09-14 23:05:30.403	1
1051	DET	OCI	OAKHILL CORRECTIONAL INSTITUTION                  	BOX 238                       	OREGON         	WI	535750000	1111111111	2007-09-14 23:05:30.403	2007-09-14 23:05:30.403	1
1052	DET	OCJ	OUTAGAMIE COUNTY JAIL                             	410 S. WALNUT ST. 4TH FL.     	APPLETON       	WI	549110000		2007-09-14 23:05:30.403	2007-09-14 23:05:30.403	1
1053	DET	OHO	C/O CANDY CAIN                                    	11271 STATE ROUTE 762         	ORIENT         	OH	431460000		2007-09-14 23:05:30.403	2007-09-14 23:05:30.403	1
1054	DET	OHS	OHIO STATE REFORMATORY                            	P.O. BOX 788                  	MANSFIELD      	OH	449010000		2007-09-14 23:05:30.403	2007-09-14 23:05:30.403	1
1055	DET	OHW	OHIO STATE REFORMATORY FOR WOMEN                  	1479 COLLINS AVENUE           	MARYSVILLE     	OH	430400000		2007-09-14 23:05:30.403	2007-09-14 23:05:30.403	1
1056	DET	OJI	OJIBWAY CORRECTIONAL FACILLITY                    	P.O. BOX 236                  	MARENISCO      	MI	499470000		2007-09-14 23:05:30.403	2007-09-14 23:05:30.403	1
1057	DET	OKS	OAKS MAXIMUM FACILITY                             	P.O. BOX 38                   	EASTLAKE       	MI	496260038	1111111111	2007-09-14 23:05:30.403	2007-09-14 23:05:30.403	1
1058	DET	OMC	OMAHA CORRECTIONS CENTER                          	P.O. BOX 11099                	OMAHA          	NE	681110000		2007-09-14 23:05:30.403	2007-09-14 23:05:30.403	1
1059	DET	OPH	METROPOLITAN CORRECTION FACILITY/OAK PARK HEIGHTS 	5329 OSGOOD AVE., BOX 10      	STILLWATER     	MN	550820000	1111111111	2007-09-14 23:05:30.403	2007-09-14 23:05:30.403	1
1060	DET	ORE	OREGON CORRECTIONAL INSTITUTION                   	BOX 28                        	OREGON         	WI	535750000		2007-09-14 23:05:30.403	2007-09-14 23:05:30.403	1
1061	DET	ORI	ORIENT CORRECTIONAL INSTITUTION                   	P.O. BOX 511                  	COLUMBUS       	OH	432160000		2007-09-14 23:05:30.403	2007-09-14 23:05:30.403	1
1062	DET	OSH	OSHKOSH CORRECTIONAL INSTITUTION                  	BOX 3530                      	OSHKOSH        	WI	549260000	1111111111	2007-09-14 23:05:30.403	2007-09-14 23:05:30.403	1
1063	DET	OSK	OSKOSH CORRECTIONAL FACILITY                      	BOX 3310                      	OSKOSH         	WI	549030000	1111111111	2007-09-14 23:05:30.403	2007-09-14 23:05:30.403	1
1064	DET	PAR	PARNALL CORRECTIONAL FACILITY                     	1780 E. PARNALL               	JACKSON        	MI	492017138		2007-09-14 23:05:30.403	2007-09-14 23:05:30.403	1
1065	DET	PCC	PONTIAC CORRECTIONAL CENTER - MICHIGAN            	156 W. HURON 1ST.             	PONTIAC        	MI	480530000	1111111111	2007-09-14 23:05:30.403	2007-09-14 23:05:30.403	1
1066	DET	PEN	PENDLETON STATE REFORMATORY                       	P.O. BOX 28                   	PENDLETON      	IN	460640000	1111111111	2007-09-14 23:05:30.403	2007-09-14 23:05:30.403	1
1067	DET	PIC	PICKAWAY  CORRECTIONAL INSTITUTE                  	P.O. BOX 209                  	ORIENT         	OH	431460000		2007-09-14 23:05:30.403	2007-09-14 23:05:30.403	1
1068	DET	PON	PONTIAC CORRECTIONAL CENTER                       	P.O. BOX 99                   	PONTIAC        	IL	617640000	1111111111	2007-09-14 23:05:30.403	2007-09-14 23:05:30.403	1
1069	DET	PRC	PINE RIVER CORRECTIONAL FACILITY                  	320 HUBBARD                   	ST. LOUIS      	MI	488800000	1111111111	2007-09-14 23:05:30.403	2007-09-14 23:05:30.403	1
1070	DET	RCF	RIVERSIDE CORRECTIONAL FACILITY                   	777 W. RIVERSIDE DRIVE        	IONIA          	MI	488460000	1111111111	2007-09-14 23:05:30.403	2007-09-14 23:05:30.403	1
1071	DET	RCI	RACINE CORRECTIONAL INSTITUTION                   	P.O. BOX 900                  	RACINE         	WI	531770000	1111111111	2007-09-14 23:05:30.403	2007-09-14 23:05:30.403	1
1072	DET	RDC	RECEPTION DIAGNOSTIC CENTER                       	P.O. BOX 317                  	PLAINFIELD     	IN	461680000		2007-09-14 23:05:30.403	2007-09-14 23:05:30.403	1
1073	DET	RHC	RICHARD A. HANDLON CORRECTIONAL FACILITY          	1728 BLUE WATER HIGHWAY       	IONIA          	MI	488460000	1111111111	2007-09-14 23:05:30.403	2007-09-14 23:05:30.403	1
1074	DET	RIC	RICHLAND CORRECTIONAL INSTITUTION                 	1001 OLIVESBURG RD,PO BOX 8107	MANSFIELD      	OH	449010000		2007-09-14 23:05:30.403	2007-09-14 23:05:30.403	1
1075	DET	ROB	ROBINSON CORRECTIONAL CENTER                      	P.O. BOX 1000                 	ROBINSON       	IL	624540000		2007-09-14 23:05:30.403	2007-09-14 23:05:30.403	1
1076	DET	ROS	ROSS CORRECTIONAL INSTITUTE                       	16149 STATE RT. 104           	CHILLICOTHE    	OH	456010000		2007-09-14 23:05:30.403	2007-09-14 23:05:30.403	1
1077	DET	RYN	RYAN REGIONAL CORRECTIONAL FACILITY               	17600 RYAN ROAD               	DETROIT        	MI	482120000	1111111111	2007-09-14 23:05:30.403	2007-09-14 23:05:30.403	1
1078	DET	SAG	SAGINAW REGIONAL FACILITY                         	P.O. BOX 659                  	FREELAND       	MI	486230000	1111111111	2007-09-14 23:05:30.403	2007-09-14 23:05:30.403	1
1079	DET	SAN	FED. CORR. INSTITUTION - MR. STEVE DALESSIO       	P.O. BOX 1000                 	SANDSTONE      	MN	550720000		2007-09-14 23:05:30.403	2007-09-14 23:05:30.403	1
1080	DET	SCI	STATE CORRECRTIONAL INSTITUTION AT CAMP HILL      	P.O. BOX 8837                 	CAMP HILL      	PA	170018837		2007-09-14 23:05:30.403	2007-09-14 23:05:30.403	1
1081	DET	SCT	SCOTT CORRECTIONAL FACILITY                       	47500 FIVE MILE               	PLYMOUTH       	MI	481700000	1111111111	2007-09-14 23:05:30.403	2007-09-14 23:05:30.403	1
1082	DET	SDS	SOUTH DAKOTA STATE PENITENTIARY                   	P.O. BOX 5911                 	SIOUX FALLS    	SD	571175911	1111110111	2007-09-14 23:05:30.403	2007-09-14 23:05:30.403	1
1083	DET	SEA	SOUTHEASTERN CORRECTIONAL INSTITUTION             	5900 B.I.S. RD. P.O. BX. 200  	LANCASTER      	OH	431300000	1111111111	2007-09-14 23:05:30.403	2007-09-14 23:05:30.403	1
1084	DET	SEC	SECURITY MEDICAL FACILITY                         	BOX A                         	OAKDALE        	IA	523190000		2007-09-14 23:05:30.403	2007-09-14 23:05:30.403	1
1085	DET	SHA	SHAWNEE CORRECTIONAL CENTER                       	P.O. BOX 400                  	VIENNA         	IL	629950000	1111111111	2007-09-14 23:05:30.403	2007-09-14 23:05:30.403	1
1086	DET	SHE	SHERIDAN CORRECTOINAL CENTER                      	P.O. BOX 112                  	SHERIDAN       	IL	605510000	1111111111	2007-09-14 23:05:30.403	2007-09-14 23:05:30.403	1
1087	DET	SHP	METROPOLITAN CORRECTIONAL FACILITY/SHAKOPEE       	BOX 7 1010 W. 6TH AVENUE      	SHAKOPEE       	MN	553790000	1111111111	2007-09-14 23:05:30.403	2007-09-14 23:05:30.403	1
1088	DET	SMC	SOUTHERN MICHIGAN CORRECTIONAL FACILITY           	4002 COOPER STREET            	JACKSON        	MI	492010000		2007-09-14 23:05:30.403	2007-09-14 23:05:30.403	1
1089	DET	SOL	SOUTHERN OHIO CORRECTIONAL FAC. "LUCASVILLE"      	P.O. BOX 45699                	LUCASVILLE     	OH	456990000		2007-09-14 23:05:30.403	2007-09-14 23:05:30.403	1
1090	DET	SOU	SOUTHEASTERN CORRECTIONAL FACILITY                	5900 B.I.S. ROAD              	LANCASTER      	OH	431300000		2007-09-14 23:05:30.403	2007-09-14 23:05:30.403	1
1091	DET	SRW	STATE REFORMATORY FOR WOMEN                       	RT 1 BOX 33                   	YORK           	NE	684670000		2007-09-14 23:05:30.403	2007-09-14 23:05:30.403	1
1092	DET	SSN	SPECIAL SERVICES STATE OF NEBRASKA                	P.O. BOX 94661                	LINCOLN        	NE	685094661		2007-09-14 23:05:30.403	2007-09-14 23:05:30.403	1
1093	DET	STA	STATEVILLE CORRECTIONAL CENTER                    	P.O. BOX 112/ROUTE 53 DIVISION	JOLIET         	IL	604340000	1111111111	2007-09-14 23:05:30.403	2007-09-14 23:05:30.403	1
1094	DET	STC	METROPOLITAN CORRECTIONAL FACILITY/ST. CLOUD      	BOX B                         	ST. CLOUD      	MN	563020000	1111111111	2007-09-14 23:05:30.403	2007-09-14 23:05:30.403	1
1095	DET	STN	STANDISH MAXIMUM CORRECTIONAL FACILITY            	4713 WEST M-61                	STANDISH       	MI	486580000		2007-09-14 23:05:30.403	2007-09-14 23:05:30.403	1
1096	DET	STR	STRAITS CORRECTIONAL FACILITY                     	4387 W. M-80                  	KINCHELOE      	MI	497850000		2007-09-14 23:05:30.403	2007-09-14 23:05:30.403	1
1097	DET	TCC	TAYLORVILLE CORRECTIONAL CENTER                   	P.O. BOX 1000                 	TAYLORVILLE    	IL	625680000	1111111111	2007-09-14 23:05:30.403	2007-09-14 23:05:30.403	1
1098	DET	TCF	TOPEKA CORRECTIONAL FACILITY                      	815 S.E. RICE ROAD            	TOPEKA         	KS	666070000	1111111111	2007-09-14 23:05:30.403	2007-09-14 23:05:30.403	1
1099	DET	TCI	TRUMBULL CORRECTIONAL INSTITUTION                 	5701 BURNETT ROAD             	LEAVITTSBURG   	OH	444300000	1111111111	2007-09-14 23:05:30.403	2007-09-14 23:05:30.403	1
1100	DET	THU	THUMB CORRECTIONAL FACILITY                       	3225 JOHN CONLEY              	LAPEER         	MI	484460000	1111111111	2007-09-14 23:05:30.403	2007-09-14 23:05:30.403	1
1101	DET	TOL	TOLEDO CORRECTION INSTITUTION                     	2001 EAST CENTRAL AVENUE      	TOLEDO         	OH	436080000		2007-09-14 23:05:30.403	2007-09-14 23:05:30.403	1
1102	DET	TOP	RECEPTION & DIAGNOSTIC CENTER                     	BOX 1558                      	TOPEKA         	KS	666010000	1111111111	2007-09-14 23:05:30.403	2007-09-14 23:05:30.403	1
1103	DET	TRU	TRUMBAL CORRECTIONAL INSTITUTION                  	5701 BURNETT ROAD             	LEAVITTBURG    	OH	444300000	1111111111	2007-09-14 23:05:30.403	2007-09-14 23:05:30.403	1
1104	DET	USP	UNITED STATES PENITENTARY                         	LEAVENWORTH                   	KANSAS         	KS	660480000		2007-09-14 23:05:30.403	2007-09-14 23:05:30.403	1
1105	DET	VAN	VANDALIA CORRECTIONAL CENTER                      	P.O. BOX 500                  	VANDALIA       	IL	624710000		2007-09-14 23:05:30.403	2007-09-14 23:05:30.403	1
1106	DET	VIE	VIENNA CORRECTIONAL CENTER                        	P.O. BOX 200                  	VIENNA         	IL	629950000		2007-09-14 23:05:30.403	2007-09-14 23:05:30.403	1
1107	DET	WAB	WABASH VALLEY CORRECTIONAL INSTITUTION            	P.O. BOX 500                  	CARLISLE       	IN	478580000		2007-09-14 23:05:30.403	2007-09-14 23:05:30.403	1
1108	DET	WAR	WARREN CORRECTIONAL INSTITUTION                   	P.O. BOX 120                  	LEBANON        	OH	450360000	1111111111	2007-09-14 23:05:30.403	2007-09-14 23:05:30.403	1
1109	DET	WAU	WAUPAN CORRECTIONAL INSTITUTION                   	BOX 351                       	WAUPAN         	WI	539630000	1111111111	2007-09-14 23:05:30.403	2007-09-14 23:05:30.403	1
1110	DET	WCC	WISCONSIN CORRECTIONAL CENTER SYSTEM              	BOX 25                        	OREGON         	WI	535750000		2007-09-14 23:05:30.403	2007-09-14 23:05:30.403	1
1111	DET	WES	WESTVILLE CORRECTIONAL CENTER                     	P.O. BOX 473                  	WESTVILLE      	IN	463910000	1111111111	2007-09-14 23:05:30.403	2007-09-14 23:05:30.403	1
1112	DET	WHC	WARDEN HILL CORRECTIONAL CENTER                   	P.O. BOX 1327                 	GALESBURG      	IL	614010000	1111111111	2007-09-14 23:05:30.403	2007-09-14 23:05:30.403	1
1113	DET	WIC	WESTERN ILLINOIS CORRECTIONAL CENTER              	ROUTE 99  P.O. BOX 1000       	MOUNT STERLING 	IL	623530000		2007-09-14 23:05:30.403	2007-09-14 23:05:30.403	1
1114	DET	WIN	WINFIELD CORRECTIONAL FACILITY                    	P.O. BOX 653                  	WINFIELD       	KS	671560000	1111111111	2007-09-14 23:05:30.403	2007-09-14 23:05:30.403	1
1115	DET	WIS	WISCONSIN PRISON SYS., DIV. OF INTENSIVE SANCTIONS	906 ANN STREET                	MADISON        	WI	537130000		2007-09-14 23:05:30.403	2007-09-14 23:05:30.403	1
1116	DET	WSC	WEST SHORELINE CORRECTIONAL FACILITY	2500 S. SHERIDAN DRIVE	MUSKEGON HGHTS.	MI	494440000	1111111111	2007-09-14 23:05:30.403	2012-02-27 08:22:24.000	1
1117	ELO	CB6	ASPC FLR  PROTECTIVE CUSTODY/DISCIPLINARY/DEATH   	PO BOX 628                    	FLORENCE       	AZ	852320000	1111111111	2006-04-27 21:12:09.780	2006-04-27 21:12:09.780	1
1118	ELO	CDN	TUCSON ASP - COMPLEX DETN                         	10000 S. WILMONT RD           	TUCSON         	AZ	857770000		2006-04-27 21:12:09.780	2006-04-27 21:12:09.780	1
1119	ELO	CIM	CIMIRRON UNIT - TUCSON ASP                        	10,000 S. WILMONT RD          	TUCSON         	AZ	857770000	1111111111	2006-04-27 21:12:09.780	2006-04-27 21:12:09.780	1
1120	ELO	COC	COCHISE UNIT -  MAXIMUM CUSTODY  ASPC DOUGLAS     	                              	               	  	000000000	0	2006-04-27 21:12:09.780	2006-04-27 21:12:09.780	1
1121	ELO	COH	COCHELLA:  ASP DOUGLAS                            	PO DRAWER 3867                	DOUGLAS        	AZ	856080000	1111111111	2006-04-27 21:12:09.780	2006-04-27 21:12:09.780	1
1122	ELO	COK	COOK UNIT                                         	PO BOX 629                    	FLORENCE       	AZ	852620000		2006-04-27 21:12:09.780	2006-04-27 21:12:09.780	1
1123	ELO	COR	WINSLOW ASP -CORONADO UNIT                        	2100 S. HIGHWAY 87            	WINSLOW        	AZ	856470000		2006-04-27 21:12:09.780	2006-04-27 21:12:09.780	1
1124	ELO	CU 	CENTRAL UNIT [MAX], FLORENCE ASP                  	P.O. BOX 629                  	FLORENCE       	AZ	852320000	1111111111	2006-04-27 21:12:09.780	2006-04-27 21:12:09.780	1
1125	ELO	DOC	ARIZONA DEPARTMENT OF CORRECTIONS                 	1601 W. JEFFERSON AVENUE      	PHOENIX        	AZ	850070000		2006-04-27 21:12:09.780	2006-04-27 21:12:09.780	1
1126	ELO	ECH	ECHO - TUCSON ASP                                 	10,000 S. WILMONT RD          	TUCSON         	AZ	857770000	1111111111	2006-04-27 21:12:09.780	2006-04-27 21:12:09.780	1
1127	ELO	ELO	ELOY BUREAU OF PRISONS                            	4465 E. HANNA RD              	ELOY           	AZ	852310000		2006-04-27 21:12:09.780	2006-04-27 21:12:09.780	1
1128	ELO	EU 	EAST UNIT, FLORENCE ASP                           	P.O. BOX 629                  	FLORENCE       	AZ	852320000	1111111111	2006-04-27 21:12:09.780	2006-04-27 21:12:09.780	1
1129	ELO	FCI	FEDERAL CORRECTIONAL INSTITUTE                    	PO BOX 1680                   	PHX            	AZ	850270000	1111111111	2006-04-27 21:12:09.780	2006-04-27 21:12:09.780	1
1130	ELO	GIL	GILA UNIT -  MINIMUM CUSTODY    ASPC DOUGLAS      	                              	               	  	000000000	0	2006-04-27 21:12:09.780	2006-04-27 21:12:09.780	1
1131	ELO	KAI	WINSLOW -ASP KAIBAB UNIT                          	2100 S. HWY 87                	WINSLOW        	AZ	856470000		2006-04-27 21:12:09.780	2006-04-27 21:12:09.780	1
1132	ELO	LOC	LOCK UP - ASP DOUGLAS                             	HWY 666 & BISBEE              	DOUGLAS        	AZ	856080000	1111111111	2006-04-27 21:12:09.780	2006-04-27 21:12:09.780	1
1133	ELO	MAN	TUCSON ASP-WOMENS UNIT   *MANZANITA*              	10,000 S WILMONT RD           	TUCSON         	AZ	857770000	1111111111	2006-04-27 21:12:09.780	2006-04-27 21:12:09.780	1
1134	ELO	MEA	MEADOWS  UNIT  -ASPC EYMAN COMPLEX                	BOX 3500                      	FLORENCE       	AZ	852320000	1111111111	2006-04-27 21:12:09.780	2006-04-27 21:12:09.780	1
1135	ELO	MOH	MOHAVE UNIT  -   HIGH CUSTODY   ASPC DOUGLAS      	                              	               	  	000000000	0	2006-04-27 21:12:09.780	2006-04-27 21:12:09.780	1
1136	ELO	NO 	NORTH UNIT,  FLORENCE ASP    (MIN. SECURITY)      	P.O. BOX 629                  	FLORENCE       	AZ	852320000	1111111111	2006-04-27 21:12:09.780	2006-04-27 21:12:09.780	1
1137	ELO	PAP	PAPAGO  ASPC DOUGLAS                              	DRAWER 3867                   	DOUGLAS        	AZ	856080000	1111111111	2006-04-27 21:12:09.780	2006-04-27 21:12:09.780	1
1138	ELO	PCW	PACHECO UNIT [MIN], ASP FLORENCE                  	ASP FLORENCE  PO BOX 629      	FLORENCE       	AZ	852320000	1111111111	2006-04-27 21:12:09.780	2006-04-27 21:12:09.780	1
1139	ELO	PIC	PICACHO CORRECTIONAL WORK CENTER - PICACHO,AZ     	BOX 629                       	FLORENCE       	AZ	852320000	1111111111	2006-04-27 21:12:09.780	2006-04-27 21:12:09.780	1
1140	ELO	RIN	RINCON - TUCSON ASP                               	10,000 S. WILMONT RD          	TUCSON         	AZ	857770000	1111111111	2006-04-27 21:12:09.780	2006-04-27 21:12:09.780	1
1141	ELO	RYN	RYNNING UNIT -  ASP  FLORENCE                     	PO BOX 629                    	FLORENCE       	AZ	852320000		2006-04-27 21:12:09.780	2006-04-27 21:12:09.780	1
1142	ELO	SC 	SANTA CRUZ                                        	PERRYVILLE CI - CITRUS ROAD   	GOODYEAR       	AZ	853380000	1111111111	2006-04-27 21:12:09.780	2006-04-27 21:12:09.780	1
1143	ELO	SIT	SITGRAVE -  WINSLOW  ASP                          	2100 S. HIGHWAY 87            	WINSLOW        	AZ	856470000	1111111111	2006-04-27 21:12:09.780	2006-04-27 21:12:09.780	1
1144	ELO	SJ 	SAN JUAN                                          	PERRYVILLE CI - CITRUS ROAD   	GOODYEAR       	AZ	853380000	1111111111	2006-04-27 21:12:09.780	2006-04-27 21:12:09.780	1
1145	ELO	SMF	SANTA MARIA  - FEMALES                            	PERRYVILLE CI - CITRUS ROAD   	GOODYEAR       	AZ	853380000	1111111111	2006-04-27 21:12:09.780	2006-04-27 21:12:09.780	1
1146	ELO	SMU	SPECIAL MANAGEMENT UNIT, FLORENCE ASP             	P.O. BOX 629                  	FLORENCE       	AZ	852320000	1111111111	2006-04-27 21:12:09.780	2006-04-27 21:12:09.780	1
1147	ELO	SNR	SANTA RITA - TUCSON ASP                           	10,000 S. WILMONT RD          	TUCSON         	AZ	857770000	1111111111	2006-04-27 21:12:09.780	2006-04-27 21:12:09.780	1
1148	ELO	SP 	SAN PEDRO                                         	PERRYVILLE CI - CITRUS ROAD   	GOODYEAR       	AZ	853380000	1111111111	2006-04-27 21:12:09.780	2006-04-27 21:12:09.780	1
1149	ELO	SPU	SPECIAL PROGRAM UNIT, FLORENCE ASP                	P.O. BOX 629                  	FLORENCE       	AZ	852320000	1111111111	2006-04-27 21:12:09.780	2006-04-27 21:12:09.780	1
1150	ELO	SU 	SOUTH UNIT [MED], FLORENCE ASP                    	P.O. BOX 629                  	FLORENCE       	AZ	852320000	1111111111	2006-04-27 21:12:09.780	2006-04-27 21:12:09.780	1
1151	ELO	WOM	WOMANS UNIT  ASP FLORENCE                         	PO BOX 628                    	FLORENCE       	AZ	852320000	1111111111	2006-04-27 21:12:09.780	2006-04-27 21:12:09.780	1
1152	ELP	CCC	CIBOLA COUNTY CORRECTIONAL CENTER                 	P.O. BOX 3540                 	MILAN          	NM	870210000	1111111111	2007-03-09 23:05:10.527	2007-03-09 23:05:10.527	1
1153	ELP	CNM	CENTRAL NEW MEXICO CORRECTIONAL FACILITY          	P.O. DRAWER 1328              	LOS LUNAS      	NM	870311328	1111111111	2007-03-09 23:05:10.527	2007-03-09 23:05:10.527	1
1154	ELP	GPE	GUADALUPE COUNTY CORRECTIONAL FACILITY            	P.O. BOX 520                  	SANTA ROSA     	NM	884350000	1234567890	2007-03-09 23:05:10.527	2007-03-09 23:05:10.527	1
1155	ELP	LAT	LA TUNA FEDERAL CORRECTIONAL INSTITUTE            	P.O. BOX 1000                 	ANTHONY        	NM	880210000		2007-03-09 23:05:10.527	2007-03-09 23:05:10.527	1
1156	ELP	LEA	LEA COUNTY CORRECTIONAL FACILITY                  	6900 W. MILLEN DRIVE          	HOBBS          	NM	882440000	1234567890	2007-03-09 23:05:10.527	2007-03-09 23:05:10.527	1
1157	ELP	NMX	SOUTHERN NEW MEXICO CORRECTIONAL FACILITY         	P.O. BOX 639                  	LAS CRUCES     	NM	880040000		2007-03-09 23:05:10.527	2007-03-09 23:05:10.527	1
1158	ELP	PNM	PENITENTIARY OF NEW MEXICO                        	P.O. BOX 1059                 	SANTA FE       	NM	875010000	1111111111	2007-03-09 23:05:10.527	2007-03-09 23:05:10.527	1
1159	ELP	RVS	REEVES COUNTY DETENTION FACILITY                  	300 E. PALMER STREET          	PECOS          	TX	797720000		2007-03-09 23:05:10.527	2007-03-09 23:05:10.527	1
1160	ELP	TCF	TORRENCE COUNTY DETENTION FACILITY                	P.O. BOX 837                  	ESTANCIA       	NM	871060000	1111111111	2007-03-09 23:05:10.527	2007-03-09 23:05:10.527	1
1161	ELP	WNM	WESTERN NEW MEXICO CORRECTIONAL FACILITY          	P.O. DRAWER 250               	GRANTS         	NM	870200000	1111111111	2007-03-09 23:05:10.527	2007-03-09 23:05:10.527	1
1162	ELZ	ADI	ADIRONDACK CORRECTIONAL FACILITY                  	BOX 110                       	RAYBROOK       	NY	129770110		2007-06-08 23:29:03.560	2007-06-08 23:29:03.560	1
1163	ELZ	ADT	ADULT DIAGNOSTIC & TREATMENT CENTER, AVENEL       	C/O NJ DEPT OF CORRECTIONS    	TRENTON        	NJ	086250000		2007-06-08 23:29:03.560	2007-06-08 23:29:03.560	1
1164	ELZ	AKL	ARTHUR KILL                                       	C/O NYSDCS                    	ALBANY         	NY	122260000		2007-06-08 23:29:03.560	2007-06-08 23:29:03.560	1
1165	ELZ	ALB	ALBION                                            	C/O NYSDCS                    	ALBANY         	NY	122260000		2007-06-08 23:29:03.560	2007-06-08 23:29:03.560	1
1166	ELZ	ALT	ALTONA CORRECTIONAL FACILITY                      	DEVIL DEN ROAD  BOX 125       	ALTONA         	NY	129100215		2007-06-08 23:29:03.560	2007-06-08 23:29:03.560	1
1167	ELZ	ATT	ATTICA                                            	C/O NYSDCS                    	ALBANY         	NY	122260000		2007-06-08 23:29:03.560	2007-06-08 23:29:03.560	1
1168	ELZ	AUB	AUBURN                                            	C/O NYSDCS                    	ALBANY         	NY	122260000		2007-06-08 23:29:03.560	2007-06-08 23:29:03.560	1
1169	ELZ	BAR	BARE HILL CORRECTIONAL FACILITY                   	CALLER BOX #20                	CADY ROAD      	NY	129530000		2007-06-08 23:29:03.560	2007-06-08 23:29:03.560	1
1170	ELZ	BAY	BAYVIEW                                           	C/O NYSDCS                    	ALBANY         	NY	122260000		2007-06-08 23:29:03.560	2007-06-08 23:29:03.560	1
1171	ELZ	BCJ	BERGEN COUNTY JAIL                                	160 S. RIVER ST.              	HACKENSACK     	NJ	076010000		2007-06-08 23:29:03.560	2007-06-08 23:29:03.560	1
1172	ELZ	BEA	CAMP BEACON                                       	C/O NYSDCS                    	ALBANY         	NY	122260000		2007-06-08 23:29:03.560	2007-06-08 23:29:03.560	1
1173	ELZ	BED	BEDFORD HILLS                                     	C/O NYSDCS                    	ALBANY         	NY	122260000		2007-06-08 23:29:03.560	2007-06-08 23:29:03.560	1
1174	ELZ	CHA	CHATEAUGAY ASACTC                                 	P.O. BOX 320                  	CHATEAUGAY     	NY	129200000		2007-06-08 23:29:03.560	2007-06-08 23:29:03.560	1
1175	ELZ	CIW	CORRECTIONAL INSTITUTION FOR WOMEN, CLINTON       	C/O NJ DEPT OF CORRECTIONS    	TRENTON        	NJ	086250000		2007-06-08 23:29:03.560	2007-06-08 23:29:03.560	1
1176	ELZ	CLI	CLINTON CORRECTIONAL FACILITY                     	BOX B                         	DANNEMORA      	NY	129290000		2007-06-08 23:29:03.560	2007-06-08 23:29:03.560	1
1177	ELZ	COL	COLLINS                                           	C/O NYSDCS                    	ALBANY         	NY	122260000		2007-06-08 23:29:03.560	2007-06-08 23:29:03.560	1
1178	ELZ	COX	COXSACKIE                                         	C/O NYSDCS                    	ALBANY         	NY	122260000		2007-06-08 23:29:03.560	2007-06-08 23:29:03.560	1
1179	ELZ	CVI	CAPE VINCENT CORRECTIONAL FACILITY                	RT. 12-E  BOX 599             	CAPE VINCENT   	NY	136180000		2007-06-08 23:29:03.560	2007-06-08 23:29:03.560	1
1180	ELZ	DOW	DOWNSTATE                                         	C/O NYSDCS                    	ALBANY         	NY	122260000		2007-06-08 23:29:03.560	2007-06-08 23:29:03.560	1
1181	ELZ	EAS	EASTERN                                           	C/O NYSDCS                    	ALBANY         	NY	122260000		2007-06-08 23:29:03.560	2007-06-08 23:29:03.560	1
1182	ELZ	EDG	EDGECOMBE                                         	C/O NYSDCS                    	ALBANY         	NY	122260000		2007-06-08 23:29:03.560	2007-06-08 23:29:03.560	1
1183	ELZ	EDN	EDNA MAHON CORR. FACILITY                         	C/O BERGEN CO. JAIL ANNEX     	HACKENSACK     	NJ	076010000		2007-06-08 23:29:03.560	2007-06-08 23:29:03.560	1
1184	ELZ	ELM	ELMIRA                                            	C/O NYSDCS                    	ALBANY         	NY	122260000		2007-06-08 23:29:03.560	2007-06-08 23:29:03.560	1
1185	ELZ	FIS	FISKILL                                           	C/O NYSDCS                    	ALBANY         	NY	122260000		2007-06-08 23:29:03.560	2007-06-08 23:29:03.560	1
1186	ELZ	FRA	FRANKLIN CORRECTIONAL FACILITY                    	P.O. BOX 10                   	MALONE         	NY	129530000		2007-06-08 23:29:03.560	2007-06-08 23:29:03.560	1
1187	ELZ	FUL	FULTON                                            	C/O NYSDCS                    	ALBANY         	NY	122260000		2007-06-08 23:29:03.560	2007-06-08 23:29:03.560	1
1188	ELZ	GAB	CAMP GABRIELS                                     	C/O NYSDCS                    	ALBANY         	NY	122260000		2007-06-08 23:29:03.560	2007-06-08 23:29:03.560	1
1189	ELZ	GEO	CAMP GEORGETOWN                                   	C/O NYSDCS                    	ALBANY         	NY	122260000		2007-06-08 23:29:03.560	2007-06-08 23:29:03.560	1
1190	ELZ	GHN	GREEN HAVEN                                       	C/O NYSDCS                    	ALBANY         	NY	122260000		2007-06-08 23:29:03.560	2007-06-08 23:29:03.560	1
1191	ELZ	GMW	GREAT MEADOW CORRECTIONAL FACILITY                	BOX 51                        	COMSTOCK       	NY	128210000		2007-06-08 23:29:03.560	2007-06-08 23:29:03.560	1
1192	ELZ	GOU	GOUVERNEUR CORRECTIONAL FACILITY                  	ST. LAWRENCE COUNTY           	GOUVERNEUR     	NY	111110000		2007-06-08 23:29:03.560	2007-06-08 23:29:03.560	1
1193	ELZ	GRE	GREENE                                            	C/O NYSDCS                    	ALBANY         	NY	122260000		2007-06-08 23:29:03.560	2007-06-08 23:29:03.560	1
1194	ELZ	GRO	GROVELAND CORRECTIONAL FACILITY                   	C/O/ N.Y.S.D.C.S.             	ALBANY         	NY	122260000		2007-06-08 23:29:03.560	2007-06-08 23:29:03.560	1
1195	ELZ	HUD	HUDSON                                            	C/O NYSDCS                    	ALBANY         	NY	122260000		2007-06-08 23:29:03.560	2007-06-08 23:29:03.560	1
1196	ELZ	JMS	JUVENILE MEDIUM SECURITY FACILITY, BORDENTOWN     	C/O NJ DEPT OF CORRECTIONS    	TRENTON        	NJ	086250000		2007-06-08 23:29:03.560	2007-06-08 23:29:03.560	1
1197	ELZ	LIN	LINCOLN                                           	C/O NYSDCS                    	ALBANY         	NY	122260000		2007-06-08 23:29:03.560	2007-06-08 23:29:03.560	1
1198	ELZ	LKV	LAKEVIEW CORRECTIONAL FACILITY                    	9300 LAKE AVENUE              	BROCTON        	NY	147160000		2007-06-08 23:29:03.560	2007-06-08 23:29:03.560	1
1199	ELZ	LSA	LSP ANCORA UNIT, HAMMONTON                        	C/O NJ DEPT OF CORRECTIONS    	TRENTON        	NJ	086250000		2007-06-08 23:29:03.560	2007-06-08 23:29:03.560	1
1200	ELZ	LSF	LSP MINIMUM SECURITY UNIT, LEESBURG               	C/O NJ DEPT OF CORRECTIONS    	TRENTON        	NJ	086250000		2007-06-08 23:29:03.560	2007-06-08 23:29:03.560	1
1201	ELZ	LSP	NJ STATE PRISON, LEESBURG                         	C/O NJ DEPT OF CORRECTIONS    	TRENTON        	NJ	086250000		2007-06-08 23:29:03.560	2007-06-08 23:29:03.560	1
1202	ELZ	LYO	LYONS MOUNTAIN CORRECTIONAL FACILITY              	BOX 276DCS                    	LYON MOUNTAIN  	NY	129520276		2007-06-08 23:29:03.560	2007-06-08 23:29:03.560	1
1203	ELZ	MMG	MOUNT MCGREGOR CORRECTIONAL FACILITY              	BOX 2071                      	WILTON         	NY	128660996		2007-06-08 23:29:03.560	2007-06-08 23:29:03.560	1
1204	ELZ	MOE	MID-ORANGE                                        	C/O NYSDCS                    	ALBANY         	NY	122260000		2007-06-08 23:29:03.560	2007-06-08 23:29:03.560	1
1205	ELZ	MON	CAMP MONTEREY                                     	C/O NYSDCS                    	ALBANY         	NY	122260000		2007-06-08 23:29:03.560	2007-06-08 23:29:03.560	1
1206	ELZ	MOR	MORIAH SHOCK INCARCERATION FACILITY               	BOX 999                       	MINEVILLE      	NY	129560000		2007-06-08 23:29:03.560	2007-06-08 23:29:03.560	1
1207	ELZ	MSC	MID-STATE CORRECTIONAL FACILITY, WRIGHTSTOWN      	C/O NJ DEPT OF CORRECTIONS    	TRENTON        	NJ	086250000		2007-06-08 23:29:03.560	2007-06-08 23:29:03.560	1
1208	ELZ	MST	MIDSTATE                                          	C/O NYSDCS                    	ALBANY         	NY	122260000		2007-06-08 23:29:03.560	2007-06-08 23:29:03.560	1
1209	ELZ	MYC	MOUNTAINVIEW YOUTH CORR. FACILITY                 	C/O PASSAIC CO. JAIL          	PATERSON       	NJ	075050000		2007-06-08 23:29:03.560	2007-06-08 23:29:03.560	1
1210	ELZ	NSP	NORTHERN STATE PRISON, NEWARK                     	C/O NJ DEPT OF CORRECTIONS    	TRENTON        	NJ	086250000		2007-06-08 23:29:03.560	2007-06-08 23:29:03.560	1
1211	ELZ	NYC	NYC CORRECT'L INST'N FOR WOMEN--ROSE M. SINGER BDG	10-10 HAZEN STREET            	EAST ELMHURST  	NY	113700000		2007-06-08 23:29:03.560	2007-06-08 23:29:03.560	1
1212	ELZ	OGB	OGDENSBURG CORRECTIONAL FACILITY                  	ONE CORRECTION WAY            	OGDENSBURG     	NY	136692288		2007-06-08 23:29:03.560	2007-06-08 23:29:03.560	1
1213	ELZ	ONE	ONEIDA CORRECTIONAL FACILITY                      	C/O N.Y.S.D.C.S.              	ALBANY         	NY	122260000		2007-06-08 23:29:03.560	2007-06-08 23:29:03.560	1
1214	ELZ	ORL	ORLEANS                                           	C/O NYSDCS                    	ALBANY         	NY	122260000		2007-06-08 23:29:03.560	2007-06-08 23:29:03.560	1
1215	ELZ	OTI	OTISVILLE                                         	C/O NYSDCS                    	ALBANY         	NY	122260000		2007-06-08 23:29:03.560	2007-06-08 23:29:03.560	1
1216	ELZ	PAR	PARKSIDE                                          	C/O NYSDCS                    	ALBANY         	NY	122260000		2007-06-08 23:29:03.560	2007-06-08 23:29:03.560	1
1217	ELZ	PAS	PASSAIC COUNTY JAIL                               	11 MARSHALL STREET            	PATERSON       	NJ	075050000		2007-06-08 23:29:03.560	2007-06-08 23:29:03.560	1
1218	ELZ	PHA	CAMP PHARSALIA                                    	C/O NYSDCS                    	ALBANY         	NY	122260000		2007-06-08 23:29:03.560	2007-06-08 23:29:03.560	1
1219	ELZ	QUE	QUEENSBORO                                        	C/O NYSDCS                    	ALABANY        	NY	122260000		2007-06-08 23:29:03.560	2007-06-08 23:29:03.560	1
1220	ELZ	RFC	RIVERFRONT CORRECTIONAL FACILITY                  	C/O NJ DEPT OF CORRECTIONS    	TRENTON        	NJ	086250000		2007-06-08 23:29:03.560	2007-06-08 23:29:03.560	1
1221	ELZ	RIK	RIKERS                                            	C/O NYCDCS                    	NEW YORK CITY  	NY	100130000		2007-06-08 23:29:03.560	2007-06-08 23:29:03.560	1
1222	ELZ	ROC	ROCHESTER                                         	C/O NYSDCS                    	ALBANY         	NY	122260000		2007-06-08 23:29:03.560	2007-06-08 23:29:03.560	1
1223	ELZ	RSB	RSP RAHWAY CAMP                                   	C/O NJ DEPT OF CORRECTIONS    	TRENTON        	NJ	086250000		2007-06-08 23:29:03.560	2007-06-08 23:29:03.560	1
1224	ELZ	RSM	RSP MARLBORO CAMP                                 	C/O NJ DEPT OF CORRECTIONS    	TRENTON        	NJ	086250000		2007-06-08 23:29:03.560	2007-06-08 23:29:03.560	1
1225	ELZ	RSP	NJ STATE PRISON, RAHWAY                           	C/O NJ DEPT OF CORRECTIONS    	TRENTON        	NJ	086250000		2007-06-08 23:29:03.560	2007-06-08 23:29:03.560	1
1226	ELZ	RVW	RIVERVIEW CORRECTIONAL FACILITY                   	P.O.BOX 158                   	OGDENSBURG     	NY	126690158		2007-06-08 23:29:03.560	2007-06-08 23:29:03.560	1
1227	ELZ	SHA	SHAWANGUNK                                        	C/O NYSDCS                    	ALBANY         	NY	122260000		2007-06-08 23:29:03.560	2007-06-08 23:29:03.560	1
1228	ELZ	SIN	SING SING                                         	C/O NYSDCS                    	ALBANY         	NY	122260000		2007-06-08 23:29:03.560	2007-06-08 23:29:03.560	1
1229	ELZ	SSC	SOUTHERN STATE CORRECTIONAL FACILITY, DELMONT     	C/O NJ DEPT OF CORRECTIONS    	TRENTON        	NJ	086250000		2007-06-08 23:29:03.560	2007-06-08 23:29:03.560	1
1230	ELZ	SUL	SULLIVAN                                          	C/O NYSDCS                    	ALBANY         	NY	122260000		2007-06-08 23:29:03.560	2007-06-08 23:29:03.560	1
1231	ELZ	SUM	CAMP SUMMIT                                       	C/O NYSDCS                    	ALBANY         	NY	122260000		2007-06-08 23:29:03.560	2007-06-08 23:29:03.560	1
1232	ELZ	TAC	TACONIC                                           	C/O NYSDCS                    	ALBANY         	NY	122260000		2007-06-08 23:29:03.560	2007-06-08 23:29:03.560	1
1233	ELZ	TSJ	TRAINING SCHOOL FOR BOYS, JAMESBURG               	C/O NJ DEPT OF CORRECTIONS    	TRENTON        	NJ	086250000		2007-06-08 23:29:03.560	2007-06-08 23:29:03.560	1
1234	ELZ	TSP	NJ STATE PRISON, TRENTON                          	C/O NJ DEPT OF CORRECTIONS    	TRENTON        	NJ	086250000		2007-06-08 23:29:03.560	2007-06-08 23:29:03.560	1
1235	ELZ	TSR	TSP VROOM READJUSTMENT UNIT, WEST TRENTON         	C/O NJ DEPT OF CORRECTIONS    	TRENTON        	NJ	086250000		2007-06-08 23:29:03.560	2007-06-08 23:29:03.560	1
1236	ELZ	TSS	TRAINING SCHOOL FOR BOYS, SKILLMAN                	C/O NJ DEPT OF CORRECTIONS    	TRENTON        	NJ	086250000		2007-06-08 23:29:03.560	2007-06-08 23:29:03.560	1
1237	ELZ	ULS	ULSTER                                            	C/O NYSDCS                    	ALBANY         	NY	122260000		2007-06-08 23:29:03.560	2007-06-08 23:29:03.560	1
1238	ELZ	WAL	WALLKILL                                          	C/O NYSDCS                    	ALBANY         	NY	122260000		2007-06-08 23:29:03.560	2007-06-08 23:29:03.560	1
1239	ELZ	WAS	WASHINGTON CORRECTIONAL FACILITY                  	BOX 180                       	COMSTOCK       	NY	128210180		2007-06-08 23:29:03.560	2007-06-08 23:29:03.560	1
1240	ELZ	WAT	WATERTOWN CORRECTIONAL FACILITY                   	DRY HILL                      	WATERTOWN      	NY	136010618		2007-06-08 23:29:03.560	2007-06-08 23:29:03.560	1
1241	ELZ	WEN	WENDE                                             	C/O NYSDCS                    	ALBANY         	NY	122260000		2007-06-08 23:29:03.560	2007-06-08 23:29:03.560	1
1242	ELZ	WOO	WOODBOURNE                                        	C/O NYSDCS                    	ALBANY         	NY	122260000		2007-06-08 23:29:03.560	2007-06-08 23:29:03.560	1
1243	ELZ	WYO	WYOMING                                           	C/O NYSDCS                    	ALBANY         	NY	122260000		2007-06-08 23:29:03.560	2007-06-08 23:29:03.560	1
1244	ELZ	YCA	YOUTH CORRECTIONAL INSTITUTION, ANNANDALE         	C/O NJ DEPT OF CORRECTIONS    	TRENTON        	NJ	086250000		2007-06-08 23:29:03.560	2007-06-08 23:29:03.560	1
1245	ELZ	YCB	YOUTH CORRECTIONAL INSTITUTION, BORDENTOWN        	C/O NJ DEPT OF CORRECTIONS    	TRENTON        	NJ	086250000		2007-06-08 23:29:03.560	2007-06-08 23:29:03.560	1
1246	ELZ	YCH	YCIA, HIGH POINT UNIT                             	C/O NJ. DEPT. OF CORRECTIONS  	TRENTON        	NJ	086250000		2007-06-08 23:29:03.560	2007-06-08 23:29:03.560	1
1247	ELZ	YCK	YCIB, SKILLMAN UNIT                               	C/O NJ DEPT OF CORRECTIONS    	TRENTON        	NJ	086250000		2007-06-08 23:29:03.560	2007-06-08 23:29:03.560	1
1248	ELZ	YCN	YCIB, NEW LISBON UNIT                             	C/O NJ DEPT OF CORRECTIONS    	TRENTON        	NJ	086250000		2007-06-08 23:29:03.560	2007-06-08 23:29:03.560	1
1249	ELZ	YCS	YCIA, STOKES FOREST UNIT                          	C/O NJ DEPT OF CORRECTIONS    	TRENTON        	NJ	086250000		2007-06-08 23:29:03.560	2007-06-08 23:29:03.560	1
1250	ELZ	YRC	YOUTH RECEPTION 7 CORRECTION CENTER, YARDVILLE    	C/O NJ DEPT OF CORRECTIONS    	TRENTON        	NJ	086250000		2007-06-08 23:29:03.560	2007-06-08 23:29:03.560	1
1251	ELZ	YRP	YRCC PRISON RECEPTION UNIT, YARDVILLE             	C/O NJ DEPT OF CORRECTIONS    	TRENTON        	NJ	086250000		2007-06-08 23:29:03.560	2007-06-08 23:29:03.560	1
1252	ELZ	YRW	YRCC, WHARTON TRACT UNIT, VINCENTOWN              	C/O NJ DEPT OF CORRECTIONS    	TRENTON        	NJ	086250000		2007-06-08 23:29:03.560	2007-06-08 23:29:03.560	1
1253	ELZ	YRY	YRCC YOUTH RECEPTION UNIT, YARDVILLE	C/O NJ DEPT OF CORRECTIONS	TRENTON	NJ	086250000		2007-06-08 23:29:03.560	2009-10-28 11:37:27.000	0
1254	HAR	BDG	BRIDGEPORT CORRECTIONAL CENTER                    	P.O. BOX 6490                 	BRIDGEPORT     	CT	066060000		2006-10-28 11:18:39.373	2006-10-28 11:18:39.373	1
1255	HAR	BDP	CONNECTICUT CORRECTIONAL INSTITUTION              	1106 NORTH AVENUE             	BRIDGEPORT     	CT	066040000	1111111111	2006-10-28 11:18:39.373	2006-10-28 11:18:39.373	1
1256	HAR	BIL	BILLERICA HOUSE OF CORRECTION                     	P.O. BOX 565                  	BILLERICA      	MA	018210000		2006-10-28 11:18:39.373	2006-10-28 11:18:39.373	1
1257	HAR	BOS	SOUTH BAY HOUSE OF CORRECTIONS                    	29 BRADSON STREET             	BOSTON         	MA	021880000	1111111111	2006-10-28 11:18:39.373	2006-10-28 11:18:39.373	1
1258	HAR	BOY	WORCESTER HOUSE OF CORRECTION                     	5 HOSPITAL ROAD               	WEST BOYLSTON  	MA	015830000	1111111111	2006-10-28 11:18:39.373	2006-10-28 11:18:39.373	1
1259	HAR	BRD	OLD COLONY CORRECTION CENTER                      	1 ADMINISTRATION ROAD         	BRIDGEWATER    	MA	023240000		2006-10-28 11:18:39.373	2006-10-28 11:18:39.373	1
1260	HAR	BRI	SOUTHEASTERN CORRECTIONAL CENTER                  	10 ADMINISTRATION ROAD        	BRIDGEWATER    	MA	023240000		2006-10-28 11:18:39.373	2006-10-28 11:18:39.373	1
1261	HAR	BRO	BROOKLYN CORRECTIONAL CENTER                      	ROUTE 6                       	BROOKLYN       	CT	062340000		2006-10-28 11:18:39.373	2006-10-28 11:18:39.373	1
1262	HAR	BRP	COMMUNITY CORRECTIONAL CENTER                     	1106 NORTH AVENUE             	BRIDGEPORT     	CT	066040000		2006-10-28 11:18:39.373	2006-10-28 11:18:39.373	1
1263	HAR	BRW	SOUTHEASTERN CORRECTIONAL CENTER                  	P.O. BOX 366                  	BRIDGEWATER    	MA	023240000	1111111111	2006-10-28 11:18:39.373	2006-10-28 11:18:39.373	1
1264	HAR	CAR	M.C.I. PLYMOUTH                                   	P.O. BOX 207                  	SOUTH CARVER   	MA	023660000		2006-10-28 11:18:39.373	2006-10-28 11:18:39.373	1
1265	HAR	CAV	MASSACHUSETTS CORRECTIONAL INSTITUTION            	P.O. BOX 207                  	SOUTH CARVER   	MA	023660000	1111111111	2006-10-28 11:18:39.373	2006-10-28 11:18:39.373	1
1266	HAR	CHE	CHESHIRE COMMUNITY CORRECTIONAL CENTER            	900 HIGHLAND AVE.             	CHESHIRE       	CT	064010000	1111111111	2006-10-28 11:18:39.373	2006-10-28 11:18:39.373	1
1267	HAR	CHS	J.R. MASON YI                                     	42 JARVIS STREET              	CHESHIRE       	CT	064100000	1111111111	2006-10-28 11:18:39.373	2006-10-28 11:18:39.373	1
1268	HAR	CNC	NEW HAMPSHIRE STATE PRISON                        	P.O. BOX 14                   	CONCORD        	NH	033020000		2006-10-28 11:18:39.373	2006-10-28 11:18:39.373	1
1269	HAR	CND	NORTHEASTERN CORRECTIONAL CENTER                  	P.O. BOX 1069                 	W. CONCORD     	MA	017420000		2006-10-28 11:18:39.373	2006-10-28 11:18:39.373	1
1270	HAR	COD	MASSACHUSETTS CORRECTIONAL INSTTITUTION           	P.O. BOX 1069 ELM STREET      	WEST CONCORD   	MA	017420000		2006-10-28 11:18:39.373	2006-10-28 11:18:39.373	1
1271	HAR	CON	MASSACHUSETTS CORRECTIONAL INSTITUTE              	P.O. BOX 00                   	CONCORD        	MA	017420000		2006-10-28 11:18:39.373	2006-10-28 11:18:39.373	1
1272	HAR	COR	CORRIGAN CORRECTIONAL INSTITUTION                 	986 NORWICH-NEW LONDON TPKE.  	UNCASVILLE     	CT	063820000		2006-10-28 11:18:39.373	2006-10-28 11:18:39.373	1
1273	HAR	CRA	ADULT CORRECTIONAL INSTITUTE                      	75 HOWARD AVENUE              	CRANSTON       	RI	029200000		2006-10-28 11:18:39.373	2006-10-28 11:18:39.373	1
1274	HAR	CRE	CONNECTICUT CORRECTIONAL INSTITUTION              	400 MILLVALE ROAD             	CHESHIRE       	CT	064100000		2006-10-28 11:18:39.373	2006-10-28 11:18:39.373	1
1275	HAR	CSE	WEBSTER CORRECTIONAL INSTITUTION                  	111 JARVIS STREET             	CHESHIRE       	CT	064100000		2006-10-28 11:18:39.373	2006-10-28 11:18:39.373	1
1276	HAR	CYB	CYBULSKI CORRECTION INSTITUTE                     	P.O. BOX 775                  	SOMERS         	CT	060710000		2006-10-28 11:18:39.373	2006-10-28 11:18:39.373	1
1277	HAR	DAN	FEDERAL CORRECTIONAL INSTITUTION                  	PEMBROKE STATION, ROUTE 37    	DANBURY        	CT	068110000		2006-10-28 11:18:39.373	2006-10-28 11:18:39.373	1
1278	HAR	DAR	BRISTOL COUNTY HOUSE OF CORRECTION                	400 FAUNCE CORNER ROAD        	NO. DARTMOUTH  	MA	027470000		2006-10-28 11:18:39.373	2006-10-28 11:18:39.373	1
1279	HAR	DED	NORFOLK COUNTY HOUSE OF CORRECTIONS               	200 WEST STREET               	DEDHAM         	MA	020270000	1111111111	2006-10-28 11:18:39.373	2006-10-28 11:18:39.373	1
1280	HAR	EFD	COMMUNITY CORRECTIONAL INSTITUTION-ENFIELD        	BOX 1500                      	ENFIELD        	CT	060831500		2006-10-28 11:18:39.373	2006-10-28 11:18:39.373	1
1281	HAR	EID	ENFIELD CORRECTIONAL INSTITUTION                  	289 SHAKER ROAD               	ENFIELD        	CT	060820000	1111111111	2006-10-28 11:18:39.373	2006-10-28 11:18:39.373	1
1282	HAR	ELD	CONNECTICUT CORRECTIONAL INSTITUTION              	P.O. BOX 1500                 	ENFIELD        	CT	060831500	1111111111	2006-10-28 11:18:39.373	2006-10-28 11:18:39.373	1
1283	HAR	END	WILLARD CORRECTIONAL INSTITUTE                    	391 SHAKER ROAD               	ENFIELD        	CT	060820000		2006-10-28 11:18:39.373	2006-10-28 11:18:39.373	1
1284	HAR	ENF	CARL ROBINSON CORRECTIONAL INSTITUTE              	P.O. BOX 1400                 	ENFIELD        	CT	060820000	1111111111	2006-10-28 11:18:39.373	2006-10-28 11:18:39.373	1
1285	HAR	ENI	ENFIELD CONNECTICUT CORRECTIONAL INSTITUTE        	BOX G                         	ENFIELD        	CT	060820000	1111111111	2006-10-28 11:18:39.373	2006-10-28 11:18:39.373	1
1286	HAR	FRA	MASSACHUSETTS CORRECTIONAL INSTITUTE              	P.O. BOX 99                   	FRAMINGHAM     	MA	017010000		2006-10-28 11:18:39.373	2006-10-28 11:18:39.373	1
1287	HAR	FRM	SOUTH MIDDLESEX PRE RELEASE CENTER                	P.O. BOX 850                  	FRAMINGHAM     	MA	017010000		2006-10-28 11:18:39.373	2006-10-28 11:18:39.373	1
1288	HAR	GAR	NORTH CENTRAL CORRECTIONAL INSTITUTE              	P.O. BOX 466                  	GARDNER        	MA	014400000		2006-10-28 11:18:39.373	2006-10-28 11:18:39.373	1
1289	HAR	GOF	HILLSBOROUGH COUNTY HOUSE OF CORRECTIONS          	317 MAST ROAD                 	GOFFSTOWN      	NH	030450000		2006-10-28 11:18:39.373	2006-10-28 11:18:39.373	1
1290	HAR	GRN	GARNER CORRECTIONAL INSTITUTION                   	50 NANNAWAUK ROAD,P.O. BOX 550	NEWTON,        	CT	064700000	1111111111	2006-10-28 11:18:39.373	2006-10-28 11:18:39.373	1
1291	HAR	HAR	HARTFORD CORRECTIONAL CENTER                      	177 WESTON  STREET            	HARTFORD       	CT	061200000		2006-10-28 11:18:39.373	2006-10-28 11:18:39.373	1
1292	HAR	HAT	COMMUNITY CORRECTIONAL CENTER                     	155 MORGAN STREET             	HARTFORD       	CT	061200000		2006-10-28 11:18:39.373	2006-10-28 11:18:39.373	1
1293	HAR	HAV	COMMUNITY CORRECTIONAL CENTER                     	245 WHALLEY AVENUE            	NEW HAVEN      	CT	065100000		2006-10-28 11:18:39.373	2006-10-28 11:18:39.373	1
1294	HAR	LAN	 M.C.I.-LANCASTER   LANCASTER PRE RELEASE CENTER  	P.O. BOX 123                  	LAANCASTER     	MA	015230000		2006-10-28 11:18:39.373	2006-10-28 11:18:39.373	1
1295	HAR	LIT	COMMUNITY CORRECTIONAL CENTER                     	P.O. BOX 968                  	LITCHFIELD     	CT	067590000	1111111111	2006-10-28 11:18:39.373	2006-10-28 11:18:39.373	1
1296	HAR	LUD	HAMPDEN COUNTY CORRECTIONAL CENTER                	629 RANDALL ROAD              	LUDLOW         	MA	010561080	1111111111	2006-10-28 11:18:39.373	2006-10-28 11:18:39.373	1
1297	HAR	MDD	MIDDLETON HOUSE OF CORRECTIONS                    	20 MANNING AVE., P.O. BOX 807 	MIDDLETON      	MA	019490000	1111111111	2006-10-28 11:18:39.373	2006-10-28 11:18:39.373	1
1298	HAR	MID	ESSEX COUNTY HOUSE OF CORRECTION                  	20 MANNING AVENUE             	MIDDLETON      	MA	019490000		2006-10-28 11:18:39.373	2006-10-28 11:18:39.373	1
1299	HAR	NCI	NORTHERN CORRECTIONAL INSTITUTION                 	287 BILTON ROAD               	SOMERS         	CT	060710000	1111111111	2006-10-28 11:18:39.373	2006-10-28 11:18:39.373	1
1300	HAR	NEH	NEW HAVEN CORRECTIONAL CENTER                     	245 WHALLEY AVENUE            	NEW HAVEN,     	CT	065300000	1111111111	2006-10-28 11:18:39.373	2006-10-28 11:18:39.373	1
1301	HAR	NEW	CROSSROADS HALFWAY HOUSE                          	54 EAST RAMSDELL STREET       	NEW HAVEN      	CT	065150000	1111111111	2006-10-28 11:18:39.373	2006-10-28 11:18:39.373	1
1302	HAR	NIA	NIANTIC CORRECTIONAL INSTITUTE                    	201 WEST MAIN STREET          	NIANTIC        	CT	063570000	1111111111	2006-10-28 11:18:39.373	2006-10-28 11:18:39.373	1
1303	HAR	NIN	YORK CORRECTIONAL INSTITUTION                     	201 WEST MAIN STREET          	NIANTIC        	CT	063570000	1111111111	2006-10-28 11:18:39.373	2006-10-28 11:18:39.373	1
1304	HAR	NOF	BAYSTATE CORRECTIONAL CENTER                      	P.O. BOX 73                   	NORFOLK        	MA	021560000		2006-10-28 11:18:39.373	2006-10-28 11:18:39.373	1
1305	HAR	NOR	MASSACHUSETTS CORRECTIONAL INSTITUTE              	P.O. BOX 43                   	NORFOLK        	MA	021560000		2006-10-28 11:18:39.373	2006-10-28 11:18:39.373	1
1306	HAR	NOW	NORWALK ECONOMICAL OPPORTUNITY-PTI                	98 SOUTH MAIN STREET          	SOUTH NORWALK  	CT	068540000	1111111111	2006-10-28 11:18:39.373	2006-10-28 11:18:39.373	1
1307	HAR	NRF	PONDVILLE CORRECTIONAL FACILITY                   	P.O. BOX 146                  	NORFOLK        	MA	022460000	1111111111	2006-10-28 11:18:39.373	2006-10-28 11:18:39.373	1
1308	HAR	NRT	HAMPSHIRE COUNTY HOUSE OF CORRECTION              	205 ROCKY HILL RD.            	N. HAMPTON     	MA	010600000		2006-10-28 11:18:39.373	2006-10-28 11:18:39.373	1
1309	HAR	NTC	J.B. GATES CORRECTIONAL UNIT                      	131 NORTH BRIDEBROOK ROAD     	NIANTIC        	CT	063570000	1111111111	2006-10-28 11:18:39.373	2006-10-28 11:18:39.373	1
1310	HAR	PLY	PLYMOUTH HOUSE OF CORRECTION                      	26 LONG POND RD.              	PLYMOUTH       	MA	023600000		2006-10-28 11:18:39.373	2006-10-28 11:18:39.373	1
1311	HAR	RAD	RADGOWSKI CORRECTIONAL CENTER                     	P.O. BOX 980                  	UNCASVILLE     	CT	063820000	1111111111	2006-10-28 11:18:39.373	2006-10-28 11:18:39.373	1
1312	HAR	RAY	RAYBROOK                                          	OLD RAYBROOK ROAD             	RAYBROOK       	NY	129770000	1115613075	2006-10-28 11:18:39.373	2006-10-28 11:18:39.373	1
1313	HAR	SHI	MASSACHUSETTS CORRECTIONAL INSTITUTE              	P.O. BOX 1218  HARVARD ROAD   	SHIRLEY        	MA	014610000		2006-10-28 11:18:39.373	2006-10-28 11:18:39.373	1
1314	HAR	SMR	CONNECTICUT CORRECTIONAL INSTITUTION              	BILTON ROAD                   	SOMERS         	CT	060710000		2006-10-28 11:18:39.373	2006-10-28 11:18:39.373	1
1315	HAR	SOM	OSBORN CORRECTIONAL INSTITUTION                   	P.O. BOX 100                  	SOMERS         	CT	060710000		2006-10-28 11:18:39.373	2006-10-28 11:18:39.373	1
1316	HAR	STO	NORTHEAST CORRECTIONAL INSTITUTION                	251 MIDDLE TURNPIKE           	STORRS         	CT	062680000	1111111111	2006-10-28 11:18:39.373	2006-10-28 11:18:39.373	1
1317	HAR	SUF	MACDOUGALL CORRECTIONAL INSTITUTION               	1151 EAST STREET SOUTH        	SUFFIELD       	CT	060780000		2006-10-28 11:18:39.373	2006-10-28 11:18:39.373	1
1318	HAR	THO	MAINE STATE PRISON                                	P.O. BOX                      	THOMASTON      	ME	048610000	1111111111	2006-10-28 11:18:39.373	2006-10-28 11:18:39.373	1
1319	HAR	UNC	MONTVILLE CORRECTIONAL CENTER                     	RTE 32 BOX 980                	UNCASVILLE     	CT	063820000	1111111111	2006-10-28 11:18:39.373	2006-10-28 11:18:39.373	1
1320	HAR	WAL	MASSACHUSETTS CORRECTIONAL INSTITUTE              	CEDAR JUNCTION P.O. BOX 100   	SOUTH WALPOLE  	MA	020810000		2006-10-28 11:18:39.373	2006-10-28 11:18:39.373	1
1321	HAR	WAR	MASSACHUSETTS CORRECTIONAL INSTITUTE              	223 RICHMOND ROAD             	WARWICK        	MA	013640000	1111111111	2006-10-28 11:18:39.373	2006-10-28 11:18:39.373	1
1322	HAR	WES	WESTERN SUBSTANCE ABUSE CENTER                    	P.O. BOX 5549                 	NEWTOWN        	CT	061700000		2006-10-28 11:18:39.373	2006-10-28 11:18:39.373	1
1323	HAR	WIN	SUFFOLK COUNTY HOUSE OF CORRECTION                	P.O. BOX 112                  	WINTHROP       	MA	021520000		2006-10-28 11:18:39.373	2006-10-28 11:18:39.373	1
1324	HAR	WLK	WALKER RECEPTION CENTER                           	1151 EAST STREET SOUTH        	SUFFIELD       	CT	060780000		2006-10-28 11:18:39.373	2006-10-28 11:18:39.373	1
1325	HLG	AIR	BIG SPRING CORRECTIONAL CENTER #2 (AIRPARK)       	3700 WRIGHT AVENUE            	BIG SPRING     	TX	797200000		2007-05-04 22:53:40.947	2007-05-04 22:53:40.947	1
1326	HLG	BIG	FEDERAL CORRECTIONAL INSTITUTE                    	1900 SIMLER DRIVE             	BIG SPRING     	TX	797200000		2007-05-04 22:53:40.947	2007-05-04 22:53:40.947	1
1327	HLG	EDN	EDEN DETENTION CENTER                             	P.O. BOX F                    	EDEN           	TX	768370000		2007-05-04 22:53:40.947	2007-05-04 22:53:40.947	1
1328	HLG	INT	INTERSTATE UNIT                                   	ROUTE 2, BOX 7                	BIG SPRING     	TX	797200000		2007-05-04 22:53:40.947	2007-05-04 22:53:40.947	1
1329	HLG	PEC	REEVES COUNTY LAW ENFORCEMENT CENTER              	P.O. BOX 1560                 	PECOS          	TX	797720000		2007-05-04 22:53:40.947	2007-05-04 22:53:40.947	1
1330	HON	FDC	BUREAU OF PRISON-FEDERAL DETENTION CENTER         	351 ELLIOTT STREET            	HONOLULU       	HI	968190000		2007-01-12 23:06:44.357	2007-01-12 23:06:44.357	1
1331	HON	HAL	HALAWA MEDIUM SECURITY FACILITY                   	99-902 MOANALUA RD.           	AIEA           	HI	967010000		2007-01-12 23:06:44.357	2007-01-12 23:06:44.357	1
1332	HON	HCC	HAWAII COMMUNITY CORRECTIONAL CENTER              	60 PUNAHELE ST                	HILO           	HI	967200000		2007-01-12 23:06:44.357	2007-01-12 23:06:44.357	1
1333	HON	JUV	HAWAII YOUTH CORRECTIONAL FACILITY                	42-477 KALANIANAOLE HIGHWAY   	KAILUA         	HI	967340000		2007-01-12 23:06:44.357	2007-01-12 23:06:44.357	1
1334	HON	KAI	WOMEN'S COMMUNITY CORRECTION CENTER               	47-477 KALANIANAOLE HWY.      	KAILUA         	HI	967340000		2007-01-12 23:06:44.357	2007-01-12 23:06:44.357	1
1335	HON	KAU	KAUAI COMMUNITY CORRECTIONAL CENTER               	5350 KUHIO HWY.               	LIHUE          	HI	967660000		2007-01-12 23:06:44.357	2007-01-12 23:06:44.357	1
1336	HON	KUL	KULANI CORRECTIONAL FACILITY                      	HC 01, STAINBACK HWY.         	HILO           	HI	967200000		2007-01-12 23:06:44.357	2007-01-12 23:06:44.357	1
1337	HON	LOM	LOMPOC FEDERAL CORRECTIONAL INSTITUTION	3600 GUARD ROAD	LOMPOC	CA	934360000		2007-01-12 23:06:44.357	2007-08-09 22:03:24.000	0
1338	HON	LOP	UNITED STATES PENITENTIARY, LOMPOC	3901 KLEIN BLVD.	LOMPOC	CA	934360000		2007-01-12 23:06:44.357	2007-08-09 22:03:43.000	0
1339	HON	MAU	MAUI COMMUNITY CORRECTIONAL CENTER                	600 WAIALE DRIVE              	WAILUKU        	HI	967930000		2007-01-12 23:06:44.357	2007-01-12 23:06:44.357	1
1340	HON	OAH	OAHU COMMUNITY CORRECTIONAL CENTER                	2199 KAMEHAMEHA HWY.          	HONOLULU       	HI	968190000		2007-01-12 23:06:44.357	2007-01-12 23:06:44.357	1
1341	HON	WAI	WAIAWA CORRECTIONAL FACILITY                      	94-560 KAMEHAMEHA HWY         	WAIPAHU        	HI	967970000		2007-01-12 23:06:44.357	2007-01-12 23:06:44.357	1
1342	HOU	30D	IMMIRGATION COURT                                 	30000D, HIGHWAY 75S           	HUNTSVILLE     	TX	773420099		2007-04-07 00:41:20.637	2007-04-07 00:41:20.637	1
1343	HOU	ACC	ALGOA CORRECTIONAL CENTER                         	P.O. BOX 538                  	JEFFERSON CITY 	MO	651020000		2007-04-07 00:41:20.637	2007-04-07 00:41:20.637	1
1344	HOU	ALG	ALGOA CORRECTIONAL CENTER                         	BOX 538                       	JEFFERSON CITY 	MO	651020000	1111111111	2007-04-07 00:41:20.637	2007-04-07 00:41:20.637	1
1345	HOU	BC 	BILL CLEMENS UNIT                                 	P.O. BOX 99                   	HUNTSVILLE     	TX	773420099		2007-04-07 00:41:20.637	2007-04-07 00:41:20.637	1
1346	HOU	BCC	BOONVILLE CORRECTIONAL CENTER                     	BOX 379                       	BOONVILLE      	MO	652330000		2007-04-07 00:41:20.637	2007-04-07 00:41:20.637	1
1347	HOU	BCF	BOONEVILLE CORRECTIONAL FACILITY                  	P.O. BOX 379                  	BOONEVILLE     	MO	652330000		2007-04-07 00:41:20.637	2007-04-07 00:41:20.637	1
1348	HOU	BE2	BETO II                                           	RT 2, BOX 2250                	PALESTINE      	TX	758821111		2007-04-07 00:41:20.637	2007-04-07 00:41:20.637	1
1349	HOU	BET	BETO I UNIT                                       	P.O. BOX 128                  	TENNESSE COLONY	TX	758800000		2007-04-07 00:41:20.637	2007-04-07 00:41:20.637	1
1350	HOU	BM 	MOORE                                             	P.O. BOX 99                   	HUNTSVILLE     	TX	773400099	1111111111	2007-04-07 00:41:20.637	2007-04-07 00:41:20.637	1
1351	HOU	BOL	J.H. LILLEY CORRECTIONAL CENTER                   	POST OFFICE BOX #308          	BOLEY          	OK	748290000	1111111111	2007-04-07 00:41:20.637	2007-04-07 00:41:20.637	1
1352	HOU	BOY	BOYD                                              	P.O. BOX 99                   	HUNTSVILLE     	TX	773400000		2007-04-07 00:41:20.637	2007-04-07 00:41:20.637	1
1353	HOU	BR 	BRIDGEPORT                                        	P.O. BOX 189                  	BRIDGEPORT     	TX	760260000	1111111111	2007-04-07 00:41:20.637	2007-04-07 00:41:20.637	1
1354	HOU	BRI	BRISCOE UNIT                                      	RT. 1 BOX 4                   	DILLEY         	TX	780179722		2007-04-07 00:41:20.637	2007-04-07 00:41:20.637	1
1355	HOU	BYD	BOYD UNIT                                         	RT. 2 BOX 500                 	TEAGUE         	TX	758609802		2007-04-07 00:41:20.637	2007-04-07 00:41:20.637	1
1356	HOU	CCC	CROSSROADS CORRECTIONAL CENTER                    	1115 EAST PENCE               	CAMERON        	MO	644290000		2007-04-07 00:41:20.637	2007-04-07 00:41:20.637	1
1357	HOU	CCF	CIMARRON CORRECTIONAL FACILITY                    	3700 SW KINGS HIGHWAY         	CUSHING        	OK	740230000	1111111111	2007-04-07 00:41:20.637	2007-04-07 00:41:20.637	1
1358	HOU	CEN	CENTRAL UNIT                                      	ONE CIRCLE DRIVE              	SUGAR LAND     	TX	774780000		2007-04-07 00:41:20.637	2007-04-07 00:41:20.637	1
1359	HOU	CHI	CHILLICOTHE CORRECTIONAL FACILITY                 	1500 WEST THIRD STREET        	CHILLICOTHE    	MO	646010000		2007-04-07 00:41:20.637	2007-04-07 00:41:20.637	1
1360	HOU	CLE	CLEMENS UNIT                                      	RT. 1, BOX 1077               	BRAZORIA       	TX	774220000		2007-04-07 00:41:20.637	2007-04-07 00:41:20.637	1
1361	HOU	CLM	(BILL) CLEMENTS UNIT                              	9601 N.E. 24TH STREET         	AMARILLO       	TX	791070000		2007-04-07 00:41:20.637	2007-04-07 00:41:20.637	1
1362	HOU	CMC	CENTRAL MISSOURI CORRECTIONAL CENTER              	P.O. BOX 539                  	JEFFERSON CITY 	MO	651020000	1111111111	2007-04-07 00:41:20.637	2007-04-07 00:41:20.637	1
1363	HOU	COC	CENTRAL OKLAHOMA CORRECTIONAL FACILITY            	29501 KICKAPOO                	MCLOUD         	OK	748510000	1111111111	2007-04-07 00:41:20.637	2007-04-07 00:41:20.637	1
1364	HOU	COF	COFFIELD UNIT                                     	ROUTE 1 BOX 150               	TENNESSE COLONY	TX	758610000		2007-04-07 00:41:20.637	2007-04-07 00:41:20.637	1
1365	HOU	CV 	CLEVELAND CCA                                     	P.O. BOX 1678                 	CLEVELAND      	TX	773280000	1111111111	2007-04-07 00:41:20.637	2007-04-07 00:41:20.637	1
1366	HOU	CYC	CONNALLY UNIT                                     	NONE GIVEN                    	KENNEDY        	TX	111111111	1111111111	2007-04-07 00:41:20.637	2007-04-07 00:41:20.637	1
1367	HOU	DAR	DARRINGTON UNIT                                   	RT 3, BOX 59                  	ROSHARON       	TX	775830000		2007-04-07 00:41:20.637	2007-04-07 00:41:20.637	1
1368	HOU	DCC	DICK CONNER CORRECTIONAL CENTER                   	P.O. BOX 220                  	HOMINY         	OK	740350000		2007-04-07 00:41:20.637	2007-04-07 00:41:20.637	1
1369	HOU	DCF	DIAMONDBACK CORRECTIONAL FACILITY                 	P.O. BOX 780                  	WATONGA        	OK	737720000	1111111111	2007-04-07 00:41:20.637	2007-04-07 00:41:20.637	1
1370	HOU	DH 	DALHART                                           	HWY 54 SOUTH 1 MI. FM008      	DALHART        	TX	790220000	1111111111	2007-04-07 00:41:20.637	2007-04-07 00:41:20.637	1
1371	HOU	DL 	DANIEL UNIT                                       	ROAD 173 IN SCURRY COUNTY     	SNYDER         	TX	795490000		2007-04-07 00:41:20.637	2007-04-07 00:41:20.637	1
1372	HOU	DO 	DIBOLL                                            	P.O. BOX 99                   	HUNTSVILLE     	TX	773400099	1111111111	2007-04-07 00:41:20.637	2007-04-07 00:41:20.637	1
1373	HOU	DU 	DIAGNOSTIC UNIT                                   	P.O. BOX 100                  	HUNTSVILLE     	TX	773420100		2007-04-07 00:41:20.637	2007-04-07 00:41:20.637	1
1374	HOU	E1 	ELLIS I UNIT                                      	ROUTE 6                       	HUNTSVILLE     	TX	773430000		2007-04-07 00:41:20.637	2007-04-07 00:41:20.637	1
1375	HOU	EAS	EASTHAM  UNIT                                     	P.O. BOX 16                   	LOVELADY       	TX	758511111		2007-04-07 00:41:20.637	2007-04-07 00:41:20.637	1
1376	HOU	ECC	EASTERN CORRECTIONAL CENTER                       	18701 OLD HIGHWAY 66          	PACIFIC        	MO	630690000	1111111111	2007-04-07 00:41:20.637	2007-04-07 00:41:20.637	1
1377	HOU	EDI	EDINBURG                                          	?                             	?              	TX	111111111	1111111111	2007-04-07 00:41:20.637	2007-04-07 00:41:20.637	1
1378	HOU	ELL	ELL(II)                                           	10 MI N. OF HUNTSV. ON FM 980 	HUNTSVILLE     	TX	773400000		2007-04-07 00:41:20.637	2007-04-07 00:41:20.637	1
1379	HOU	ELR	WARDEN, EL RENO FEDERAL CORRECTIONAL INSTITUTION  	POST OFFICE BOX, 1000         	EL RENO        	OK	730360000	1111111111	2007-04-07 00:41:20.637	2007-04-07 00:41:20.637	1
1380	HOU	FAR	FARMINGTON CORRECTIONAL CENTER                    	1012 W. COLUMBIA STREET       	FARMINGTON     	MO	636400000	1111111111	2007-04-07 00:41:20.637	2007-04-07 00:41:20.637	1
1381	HOU	FCC	FARMINGTON CORRECTIONAL CENTER                    	1012 WEST COLUMBIA            	FARMINGTON     	MO	636400000		2007-04-07 00:41:20.637	2007-04-07 00:41:20.637	1
1382	HOU	FDC	FULTON RECEPTION / DIAGNOSTIC / CENTER            	P.O. BOX 190                  	FULTON         	MO	652570000	1111111111	2007-04-07 00:41:20.637	2007-04-07 00:41:20.637	1
1383	HOU	FER	FERGUSON UNIT                                     	ROUTE 2, BOX 20               	MIDWAY         	TX	758520000		2007-04-07 00:41:20.637	2007-04-07 00:41:20.637	1
1384	HOU	FRC	FULTON RECEPTION CENTER                           	P.O. BOX 190                  	FULTON         	MO	652510000		2007-04-07 00:41:20.637	2007-04-07 00:41:20.637	1
1385	HOU	GL 	GIBB LEWIS UNIT                                   	P.O. BOX 9000                 	WOODVILLE      	TX	759900000		2007-04-07 00:41:20.637	2007-04-07 00:41:20.637	1
1386	HOU	GPC	GREAT PLAINS CORRECTIONAL FACILITY                	P.O. BOX 215650               	HINTON         	OK	730460000	1111111111	2007-04-07 00:41:20.637	2007-04-07 00:41:20.637	1
1387	HOU	GR 	GOREE UNIT                                        	P.O. BOX 38                   	HUNTSVILLE     	TX	773440000		2007-04-07 00:41:20.637	2007-04-07 00:41:20.637	1
1388	HOU	GUR	GURNEY UNIT                                       	P.O.BOX 6400                  	TENNESEE COLONY	TX	758610000	39283118	2007-04-07 00:41:20.637	2007-04-07 00:41:20.637	1
1389	HOU	GV 	GATESVILLE UNIT                                   	1401 STATE SCHOOL ROAD        	GATESVILLE     	TX	765990000	1111111111	2007-04-07 00:41:20.637	2007-04-07 00:41:20.637	1
1390	HOU	HB 	HOBBY UNIT                                        	ROUTE 2, BOX 600              	MARLIN         	TX	766610000		2007-04-07 00:41:20.637	2007-04-07 00:41:20.637	1
1391	HOU	HG 	TDC HOSPITAL/GALVESTON                            	P.O. BOX 48                   	GALVESTON      	TX	775500000	1111111111	2007-04-07 00:41:20.637	2007-04-07 00:41:20.637	1
1392	HOU	HI 	HIGHTOWER UNIT                                    	ROUTE 3, BOX 98               	DAYTON         	TX	775350000		2007-04-07 00:41:20.637	2007-04-07 00:41:20.637	1
1393	HOU	HT 	HILLTOP UNIT                                      	1500 STATE SCHOOL ROAD        	GATESVILLE     	TX	765980000	1111111111	2007-04-07 00:41:20.637	2007-04-07 00:41:20.637	1
1394	HOU	HUG	HUGHES UNIT                                       	ROUTE 2, BOX 4400             	GATESVILLE     	TX	765280000		2007-04-07 00:41:20.637	2007-04-07 00:41:20.637	1
1395	HOU	HUN	HUNTSVILLE UNIT                                   	P.O. BOX 99                   	HUNTSVILLE     	TX	773420099		2007-04-07 00:41:20.637	2007-04-07 00:41:20.637	1
1396	HOU	JA 	ALRED UNIT                                        	NONE GIVEN                    	WICHITA        	TX	111110000	1111111111	2007-04-07 00:41:20.637	2007-04-07 00:41:20.637	1
1397	HOU	JAM	JAMES CRABTREE CORRECTIONAL CENTER                	RR1 BOX 8                     	HELENA         	OK	737410000		2007-04-07 00:41:20.637	2007-04-07 00:41:20.637	1
1398	HOU	JCC	JEFFERSON CITY CORRECTIONAL CENTER                	??                            	??             	MO	111110000	1111111111	2007-04-07 00:41:20.637	2007-04-07 00:41:20.637	1
1399	HOU	JE1	JESTER ONE UNIT                                   	RT 2                          	RICHMOND       	TX	774690000		2007-04-07 00:41:20.637	2007-04-07 00:41:20.637	1
1400	HOU	JE2	JESTER TWO UNIT                                   	RT 2                          	RICHMOND       	TX	774690000		2007-04-07 00:41:20.637	2007-04-07 00:41:20.637	1
1401	HOU	JE3	JESTER THREE UNIT                                 	RT 2                          	RICHMOND       	TX	774690000		2007-04-07 00:41:20.637	2007-04-07 00:41:20.637	1
1402	HOU	JE4	JESTER IV UNIT (MENTAL HEALTH)                    	RT. 2                         	RICHMOND       	TX	774690000	1111111111	2007-04-07 00:41:20.637	2007-04-07 00:41:20.637	1
1403	HOU	JHC	JOSEPH HARP CORRECTION CENTER                     	PO BOX 548                    	LEXINGTON      	OK	735010000		2007-04-07 00:41:20.637	2007-04-07 00:41:20.637	1
1404	HOU	JOR	JORDAN UNIT                                       	STATE HWY. 152 E.             	PAMPA          	TX	790660000	1111111111	2007-04-07 00:41:20.637	2007-04-07 00:41:20.637	1
1405	HOU	JT 	JOHNSTON UNIT                                     	NONE GIVEN                    	WINNSBORO      	TX	111110000	1111111111	2007-04-07 00:41:20.637	2007-04-07 00:41:20.637	1
1406	HOU	KY 	KYLE                                              	P.O. BOX 1300                 	KYLE           	TX	786400000	1111111111	2007-04-07 00:41:20.637	2007-04-07 00:41:20.637	1
1407	HOU	LAW	LAWTON CORRECTIONAL FACILITY                      	8607 SE FLOWER MOUND          	LAWTON         	OK	735010000	1111111111	2007-04-07 00:41:20.637	2007-04-07 00:41:20.637	1
1408	HOU	LCC	LEXINGTON CORRECTIONAL CENTER                     	P.O. BOX 260                  	LEXINGTON      	OK	730510000		2007-04-07 00:41:20.637	2007-04-07 00:41:20.637	1
1409	HOU	LEX	LEXINGTON ASSESSMENT & RECEPTION CENTER           	P.O. BOX 260                  	LEXINGTON      	OK	730510000		2007-04-07 00:41:20.637	2007-04-07 00:41:20.637	1
1410	HOU	LH 	LYNAUGH                                           	P.O. BOX 99                   	FT. STOCKTON   	TX	773400000	1111111111	2007-04-07 00:41:20.637	2007-04-07 00:41:20.637	1
1411	HOU	LSJ	LYCHNER STATE JAIL                                	2350 ATASCOCITA ROAD          	HUMBLE         	TX	773960000		2007-04-07 00:41:20.637	2007-04-07 00:41:20.637	1
1412	HOU	LYN	LYNAUGH UNIT                                      	A. W. ISRAEL ALVAREZ          	FORT STOCKTON  	TX	797350000		2007-04-07 00:41:20.637	2007-04-07 00:41:20.637	1
1413	HOU	MAC	MACK ALFORD CORRECTIONAL CENTER                   	P.O. BOX 220                  	STRINGTOWN     	OK	745690000		2007-04-07 00:41:20.637	2007-04-07 00:41:20.637	1
1414	HOU	MAM	MARY ANN MOHAN - TEMP. NOT IN TDC                 	5107 LEESBURG PIKE, SUITE 2545	FALLS CHURCH   	VA	22041		2007-04-07 00:41:20.637	2007-04-07 00:41:20.637	1
1415	HOU	MBC	MABEL BASSETT CORRECTIONAL CENTER                 	P.O. BOX 11492                	OKLAHOMA CITY  	OK	731360000	1111111111	2007-04-07 00:41:20.637	2007-04-07 00:41:20.637	1
1416	HOU	MCC	MCCONNELL UNIT                                    	3001 S. EMILY DR.             	BEEVILLE       	TX	781020000		2007-04-07 00:41:20.637	2007-04-07 00:41:20.637	1
1417	HOU	MCO	MC CONNELL                                        	3001 S. AMELIE DRIVE          	BEEVILLE       	TX	781020000		2007-04-07 00:41:20.637	2007-04-07 00:41:20.637	1
1418	HOU	MEC	MISSOURI EASTERN CORRECTIONAL CENTER              	18701 OLD HIGHWAY 66          	PACIFIC        	MO	630590000	1111111111	2007-04-07 00:41:20.637	2007-04-07 00:41:20.637	1
1419	HOU	MIC	MICHAEL UNIT                                      	P.O. BOX 4500                 	TENNESSE COLONY	TX	758860000		2007-04-07 00:41:20.637	2007-04-07 00:41:20.637	1
1420	HOU	MOB	MOBERLY CORRECTIONAL CENTER                       	P.O. BOX 7                    	MOBERLY        	MO	652700000		2007-04-07 00:41:20.637	2007-04-07 00:41:20.637	1
1421	HOU	MOC	MISSOURI DEPARTMENT OF CORRECTIONS                	P.O. BOX 236                  	JEFFERSON CITY 	MO	651020000		2007-04-07 00:41:20.637	2007-04-07 00:41:20.637	1
1422	HOU	MSP	MISSOURI STATE PENITENTIARY                       	P.O. BOX 597                  	JEFFERSON CITY 	MO	651020000	1111111111	2007-04-07 00:41:20.637	2007-04-07 00:41:20.637	1
1423	HOU	MTC	MISSOURI TRAINING CENTER FOR MEN                  	P.O. BOX 7-2D-616             	MOBERLY        	MO	652790000	1111111111	2007-04-07 00:41:20.637	2007-04-07 00:41:20.637	1
1424	HOU	MV 	MOUNTAIN VIEW UNIT                                	ROUTE 4, BOX 800              	GATESVILLE     	TX	765280000	1111111111	2007-04-07 00:41:20.637	2007-04-07 00:41:20.637	1
1425	HOU	N1 	MARLIN UNIT                                       	RT. 1 BOX 5000                	MARLIN         	TX	766610000	1111111111	2007-04-07 00:41:20.637	2007-04-07 00:41:20.637	1
1426	HOU	OCJ	OKLAHOMA CITY JAIL                                	201 NORTH SHARTEL             	OKLAHOMA CITY  	OK	731020000	1111111111	2007-04-07 00:41:20.637	2007-04-07 00:41:20.637	1
1427	HOU	ODC	OKLAHOMA DEPARTMENT OF CORRECTION                 	P.O. BOX 220                  	STRINGTOWN     	OK	745690000	1111111111	2007-04-07 00:41:20.637	2007-04-07 00:41:20.637	1
1428	HOU	OSP	OKLAHOMA STATE PENITENTIARY                       	P.O. BOX 97                   	MACALESTER     	OK	745010000		2007-04-07 00:41:20.637	2007-04-07 00:41:20.637	1
1429	HOU	OSR	OKLAHOMA STATE REFORMATORY                        	P.O. BOX 514                  	GRANITE        	OK	735470000		2007-04-07 00:41:20.637	2007-04-07 00:41:20.637	1
1430	HOU	PA1	PACK ONE UNIT                                     	RT 3 BOX 300                  	NAVASOTA       	TX	778680000		2007-04-07 00:41:20.637	2007-04-07 00:41:20.637	1
1431	HOU	PA2	PACK TWO UNIT                                     	RT 1, BOX 1000                	NAVASOTA,      	TX	778680000		2007-04-07 00:41:20.637	2007-04-07 00:41:20.637	1
1432	HOU	RA1	RAMSEY ONE                                        	RT 4, BOX 1100                	ROSHARON       	TX	775830000		2007-04-07 00:41:20.637	2007-04-07 00:41:20.637	1
1433	HOU	RA2	RAMSEY TWO                                        	RT 4, BOX 1300                	ROSHARON       	TX	775830000		2007-04-07 00:41:20.637	2007-04-07 00:41:20.637	1
1434	HOU	RA3	RAMSEY 111                                        	RT 4, BOX 1300                	ROSHARON       	TX	775830000		2007-04-07 00:41:20.637	2007-04-07 00:41:20.637	1
1435	HOU	RBD	R.B. DICK CONNER CORRECTIONAL CENTER              	P.O. BOX 220                  	HOMINY         	OK	740350000		2007-04-07 00:41:20.637	2007-04-07 00:41:20.637	1
1436	HOU	RDC	RECEPTION DIAGNOSTIC CENTER                       	P.O. BOX 317                  	PLAINFIELD     	IN	461680000		2007-04-07 00:41:20.637	2007-04-07 00:41:20.637	1
1437	HOU	REN	RENZ CORRECTIONAL CENTER                          	P.O. BOX 3200                 	JEFFERSON CITY 	MO	651020000		2007-04-07 00:41:20.637	2007-04-07 00:41:20.637	1
1438	HOU	RET	RETRIEVE UNIT                                     	RT. 5 BOX 1500                	ANGLETON       	TX	775150000		2007-04-07 00:41:20.637	2007-04-07 00:41:20.637	1
1439	HOU	ROA	ROACH UNIT                                        	P.O. BOX 720                  	CHILDRESS      	TX	792010000	1111111111	2007-04-07 00:41:20.637	2007-04-07 00:41:20.637	1
1440	HOU	ROB	ROBERTSON UNIT                                    	RT. 1 BOX 408                 	ABILENE        	TX	796010000		2007-04-07 00:41:20.637	2007-04-07 00:41:20.637	1
1441	HOU	SMI	SMITH UNIT                                        	HCR-07, BOX 187-A             	LAMESA         	TX	793310000		2007-04-07 00:41:20.637	2007-04-07 00:41:20.637	1
1442	HOU	STE	WARDEN MACK ALFORD CORRECTIONAL CENTER            	POST OFFICE BOX #220          	STRINGTOWN     	OK	745690000	1111111111	2007-04-07 00:41:20.637	2007-04-07 00:41:20.637	1
1443	HOU	STI	STILES UNIT                                       	RT 4 BOX 1500                 	BEAUMONT       	TX	777050000		2007-04-07 00:41:20.637	2007-04-07 00:41:20.637	1
1444	HOU	STV	STEVENSON                                         	P.O. BOX 99                   	CUERRO         	TX	773400000	1111111111	2007-04-07 00:41:20.637	2007-04-07 00:41:20.637	1
1445	HOU	SV 	SKYVIEW UNIT   (STATE HOSPITAL IN CHEROKEE COUNTY)	U.S. HIGHWAY 69 AT RUSK       	RUSK           	TX	757850000		2007-04-07 00:41:20.637	2007-04-07 00:41:20.637	1
1446	HOU	TDW	TEXAS WAIVER CASES                                	11111                         	HOUSTON        	TX	111110000	1111111111	2007-04-07 00:41:20.637	2007-04-07 00:41:20.637	1
1447	HOU	TER	TERRELL UNIT                                      	P.O. BOX 99                   	HUNTSVILLE     	TX	773420000		2007-04-07 00:41:20.637	2007-04-07 00:41:20.637	1
1448	HOU	TO 	TELFORD UNIT                                      	NONE GIVEN                    	NEW BOSTON     	TX	111110000	1111111111	2007-04-07 00:41:20.637	2007-04-07 00:41:20.637	1
1449	HOU	TOR	TORRES UNIT                                       	P.O. BOX 373                  	HONDO          	TX	788610000	1111111111	2007-04-07 00:41:20.637	2007-04-07 00:41:20.637	1
1450	HOU	VS 	VENUS CCA                                         	P.O. BOX 361                  	VENUS          	TX	760840000	1111111111	2007-04-07 00:41:20.637	2007-04-07 00:41:20.637	1
1451	HOU	WAL	WALKER COUNTY JAIL                                	751 FM 2821                   	HUNTSVILLE     	TX	773400000		2007-04-07 00:41:20.637	2007-04-07 00:41:20.637	1
1452	HOU	WHC	WACKEN HUT CORRECTIONAL CENTER                    	8607 SE FLOWERMOUND ROAD      	LAWTON         	OK	735010000	1111111111	2007-04-07 00:41:20.637	2007-04-07 00:41:20.637	1
1453	HOU	WMC	WESTERN MISSOURI CORRECTIONAL CENTER              	RT. 5, BOX 1E                 	CAMERON        	MO	644290000		2007-04-07 00:41:20.637	2007-04-07 00:41:20.637	1
1454	HOU	WYN	WYNNE UNIT                                        	FM 2821 IN WALKER COUNTY      	HUNTSVILLE     	TX	773490000		2007-04-07 00:41:20.637	2007-04-07 00:41:20.637	1
1455	IMP	CAL	CALIPATRIA STATE PRISON                           	7018 BLAIR ROAD               	CALIPATRIA     	CA	922330000		2007-02-11 18:35:34.110	2007-02-11 18:35:34.110	1
1456	IMP	CNT	CENTINELA STATE PRISON                            	2302 BROWN ROAD               	IMPERIAL       	CA	922510000		2007-02-11 18:35:34.110	2007-02-11 18:35:34.110	1
1457	KAN	ACC	ABODE CORRECTIONAL CENTER                         	831 N. 16 ST.                 	MILWAUKEE      	WI	532330000		2008-09-20 00:00:00.000	2008-09-20 00:00:00.000	1
1458	KAN	ADR	ADRIAN TEMPORARY FACILITY                         	P.O. BOX 1900                 	ADRIAN         	MI	492210000		2008-09-20 00:00:00.000	2008-09-20 00:00:00.000	1
1459	KAN	ALG	ALGOA CORRECTIONAL CENTER                         	P.O. BOX 538                  	JEFFERSON CITY 	MO	651020000	1111111111	2008-09-20 00:00:00.000	2008-09-20 00:00:00.000	1
1460	KAN	ALL	ALLEN CORRECTIONAL INSTITUTION                    	P.O. BOX 4501                 	LIMA           	OH	458020000		2008-09-20 00:00:00.000	2008-09-20 00:00:00.000	1
1461	KAN	BCC	BOONEVILLE CORRECTIONAL CENTER                    	P.O. BOX 67                   	BOONEVILLE     	MO	652330000	1111111111	2008-09-20 00:00:00.000	2008-09-20 00:00:00.000	1
1462	KAN	BCI	BELMONT CORRECTIONAL INSTITUTION                  	P.O. BOX 540                  	ST. CLAIRSVILLE	OH	439500000		2008-09-20 00:00:00.000	2008-09-20 00:00:00.000	1
1463	KAN	BKR	INDIANA DOC/BUNKER HILL FACILITY                  	LOCATION L-216 BOX 90         	BUNKER HILL    	IN	469140000	1111111111	2008-09-20 00:00:00.000	2008-09-20 00:00:00.000	1
1464	KAN	BMC	BIG MUDDY CORRECTIONAL CENTER                     	BOX 1000                      	INA            	IL	628461000	1111111111	2008-09-20 00:00:00.000	2008-09-20 00:00:00.000	1
1465	KAN	BRF	BLACK RIVERS FALL CORRECTIONAL INSTITUTION        	ROUTE 5, BOX 433C             	BLACK RIVER    	WI	546150000		2008-09-20 00:00:00.000	2008-09-20 00:00:00.000	1
1466	KAN	BRO	BROOKS REGIONAL FACILITY                          	2500 S. SHERIDAN              	MUSKEGON       	MI	494440000	1111111111	2008-09-20 00:00:00.000	2008-09-20 00:00:00.000	1
1467	KAN	BTC	BRANCHVILLE TRAINING CENTER                       	P.O. BOX 500                  	TELL CITY      	IN	475860000		2008-09-20 00:00:00.000	2008-09-20 00:00:00.000	1
1468	KAN	BUN	INDIANA DEPARTMENT OF CORRECTIONS                 	LOCATION L-216 BOX 90         	BUNKER HILL    	IN	469140000		2008-09-20 00:00:00.000	2008-09-20 00:00:00.000	1
1469	KAN	CAR	CARSON CITY CORRECTIONAL FACILITY                 	10274 BOYER ROAD              	CARSON CITY    	MI	488110000	1111111111	2008-09-20 00:00:00.000	2008-09-20 00:00:00.000	1
1470	KAN	CCC	CROSSROADS CORRECTIONAL CENTER                    	1115 E. PENCE                 	CAMERON        	MO	644290000		2008-09-20 00:00:00.000	2008-09-20 00:00:00.000	1
1471	KAN	CCM	MOBERLY CORRECTIONAL CENTER                       	P. O. BOX 7                   	MOBERLY        	MO	652700000		2008-09-20 00:00:00.000	2008-09-20 00:00:00.000	1
1472	KAN	CEF	CHARLES EGELER CORRECTIONAL FACILITY              	P.O. BOX 8000                 	JACKSON        	MI	492090000	1111111111	2008-09-20 00:00:00.000	2008-09-20 00:00:00.000	1
1473	KAN	CEN	CENTRALIA CORRECTIONAL CENTER                     	P.O. BOX 1266                 	CENTRALIA      	IL	628010000	1111111111	2008-09-20 00:00:00.000	2008-09-20 00:00:00.000	1
1474	KAN	CHI	CHILLICOTHE  CORRECTIONAL INSTITUTE               	P.O. BOX 5500                 	CHILLICOTHE    	OH	456010000		2008-09-20 00:00:00.000	2008-09-20 00:00:00.000	1
1475	KAN	CIC	CORRECTIONAL INDUSTRIAL COMPLEX                   	P.O. BOX 600                  	PENDLETON      	IN	460640600		2008-09-20 00:00:00.000	2008-09-20 00:00:00.000	1
1476	KAN	CLA	CLARINDA CORRECTIONAL FACILITY                    	BOX 1338                      	CLARINDA       	IA	513620000	1111111111	2008-09-20 00:00:00.000	2008-09-20 00:00:00.000	1
1477	KAN	CMC	CORRECTIONS MEDICAL CENTER                        	199 HARMON AVE. P.O. BOX 23658	COLUMBUS       	OH	432230000	1111111111	2008-09-20 00:00:00.000	2008-09-20 00:00:00.000	1
1478	KAN	COL	COLUMBIA CORRECTIONAL INSTITUTION                 	ROUTE 3                       	PORTAGE        	WI	539010000	1111111111	2008-09-20 00:00:00.000	2008-09-20 00:00:00.000	1
1479	KAN	COR	CORRECTIONAL RECEPTION CENTER                     	11271 STATE RT. 762           	ORIENT         	OH	431460000		2008-09-20 00:00:00.000	2008-09-20 00:00:00.000	1
1480	KAN	CPO	CAMP OJIBWAY                                      	P.O. BOX 236                  	MARENISCO      	MI	499470000	1111111111	2008-09-20 00:00:00.000	2008-09-20 00:00:00.000	1
1481	KAN	CRO	ST. CROIX CORRECTIONAL CENTER                     	1859 4TH ST.                  	NEW RICHMOND   	WI	540170000		2008-09-20 00:00:00.000	2008-09-20 00:00:00.000	1
1482	KAN	CTC	CHIPPEWA TEMPOARY CORRECTIONAL FACILITY           	WEST TONE RD.                 	KINCHELOE      	MI	497850000	1111111111	2008-09-20 00:00:00.000	2008-09-20 00:00:00.000	1
1483	KAN	DAN	DANVILLE CORRECTIONAL CENTER                      	P.O. BOX 4002                 	DANVILLE       	IL	618340000	1111111111	2008-09-20 00:00:00.000	2008-09-20 00:00:00.000	1
1484	KAN	DCI	DAYTON CORRECTIONAL INSTITUTE                     	P.O. BOX 17249                	DAYTON         	OH	454170000	1111111111	2008-09-20 00:00:00.000	2008-09-20 00:00:00.000	1
1485	KAN	DCS	DEPARTMENT OF CORRECTIONAL SERVICES               	P.O. BOX 94661                	LINCOLN        	NE	685094661		2008-09-20 00:00:00.000	2008-09-20 00:00:00.000	1
1486	KAN	DEC	DECATUR  CORRECTIONAL CENTER                      	2310 EAST MOUND ROAD          	DECATUR        	IL	625240000		2008-09-20 00:00:00.000	2008-09-20 00:00:00.000	1
1487	KAN	DIS	DIVISION OF INTENSIVE SANCTIONS                   	906 ANN STREET                	MADISON        	WI	537130000		2008-09-20 00:00:00.000	2008-09-20 00:00:00.000	1
1488	KAN	DIX	DIXON CORRECTIONAL CENTER                         	2600 BRITON AVE.              	DIXON          	IL	610211111	1111111111	2008-09-20 00:00:00.000	2008-09-20 00:00:00.000	1
1489	KAN	DOD	DODGE CORRECTIONAL INSTITUTION                    	BOX 661                       	WAUPUN         	WI	539630000	1111111111	2008-09-20 00:00:00.000	2008-09-20 00:00:00.000	1
1490	KAN	DUN	DUNES CORRECTIONAL FACILITY                       	6605 W. 138TH AVENUE RT. 1    	HOLLAND        	MI	494230000	1111111111	2008-09-20 00:00:00.000	2008-09-20 00:00:00.000	1
1491	KAN	DWI	DWIGHT CORRECTIONAL CENTER                        	P.O. BOX 5001                 	DWIGHT         	IL	604205001		2008-09-20 00:00:00.000	2008-09-20 00:00:00.000	1
1492	KAN	EAS	EAST MOLINE CORRECTIONAL CENTER                   	100 HILLCREST ROAD            	EAST MOLINE    	IL	612440000	1111111111	2008-09-20 00:00:00.000	2008-09-20 00:00:00.000	1
1493	KAN	ECF	ELLSWORTH CORRECTIONAL FACILITY                   	P.O. BOX 107                  	ELLSWORTH      	KS	674390000		2008-09-20 00:00:00.000	2008-09-20 00:00:00.000	1
1494	KAN	EGC	EGELER CORRECTIONAL FACILITY                      	3855 COOPER ST.               	JACKSON        	MI	492010000	1111111111	2008-09-20 00:00:00.000	2008-09-20 00:00:00.000	1
1495	KAN	ELD	EL DORADO CORRECTIONAL FACILITY                   	P.O. BOX 311                  	EL DORADO      	KS	670420000		2008-09-20 00:00:00.000	2008-09-20 00:00:00.000	1
1496	KAN	EMC	EASTERN MISSOURI CORRECTIONAL CTR.                	18701 OLD HWY 66              	PACIFIC        	MO	630690000		2008-09-20 00:00:00.000	2008-09-20 00:00:00.000	1
1497	KAN	ENG	ENGLER CORRECTIONAL FACILITY                      	3855 COOPER STREET            	JACKSON        	MI	492010000	1111111111	2008-09-20 00:00:00.000	2008-09-20 00:00:00.000	1
1498	KAN	FC 	FEDERAL CORRECTIONAL                              	OXFORD WISCONSIN              	OXFORD         	WI	539410000	1111111111	2008-09-20 00:00:00.000	2008-09-20 00:00:00.000	1
1499	KAN	FCC	FARMINGTON CORRECTIONAL CENTER                    	1012 W. COLUMBIA              	FARMINGTON     	MO	636400000	1111111111	2008-09-20 00:00:00.000	2008-09-20 00:00:00.000	1
1500	KAN	FCI	FOX LAKE CORRECTIONAL INSTITUTION                 	FOX LAKE 147                  	FOX LAKE       	WI	539930000	1111111111	2008-09-20 00:00:00.000	2008-09-20 00:00:00.000	1
1501	KAN	FRD	FULTON RECEPTION AND DIAGNOSTIC CENTER            	P.O. BOX 190                  	FULTON         	MO	652510000		2008-09-20 00:00:00.000	2008-09-20 00:00:00.000	1
1502	KAN	FTH	FEDERAL CORRECTIONAL - TERRE HAUTE                	4200 BUREAU RD.NORTH, BOX 33  	TERRE HAUTE    	IN	478080000		2008-09-20 00:00:00.000	2008-09-20 00:00:00.000	1
1503	KAN	GCC	GALESBURG CORRECTIONAL CENTER                     	P.O. BOX 1327                 	GALESBURG      	IL	614010000		2008-09-20 00:00:00.000	2008-09-20 00:00:00.000	1
1504	KAN	GFT	GRAFTON CORRECTIONAL INSTITUTION                  	2500 S. AVON BELDEB ROAD      	GRAFTON        	OH	440440000	1111111111	2008-09-20 00:00:00.000	2008-09-20 00:00:00.000	1
1505	KAN	GRA	GRAHAM CORRECTIONAL CENTER                        	P.O. BOX 499                  	HILLSBORO      	IL	620490000	1111111111	2008-09-20 00:00:00.000	2008-09-20 00:00:00.000	1
1506	KAN	GRE	GREEN BAY CORRECTIONAL INSTITUTION                	BOX 19033                     	GREEN BAY      	WI	543070000	1111111111	2008-09-20 00:00:00.000	2008-09-20 00:00:00.000	1
1507	KAN	GUS	GUS HARRISON FACILITY                             	2727 E. BEECHER  BOX 1888     	ADRIAN         	MI	492210000	1111111111	2008-09-20 00:00:00.000	2008-09-20 00:00:00.000	1
1508	KAN	HAS	HASTINGS CORRECTIONAL CENTER                      	P.O. BOX 2048                 	HASTINGS       	NE	689022048	1111111111	2008-09-20 00:00:00.000	2008-09-20 00:00:00.000	1
1509	KAN	HCC	HILL CORRECTIONAL CENTER                          	600 LYNWOOD ROAD, P.O. 1327   	GALESBURG,     	IL	614010000		2008-09-20 00:00:00.000	2008-09-20 00:00:00.000	1
1510	KAN	HCF	HUTCHINSON CORRECTIONAL FACILITY                  	P.O. BOX 1568                 	HUTCHINSON     	KS	675040000	1111111111	2008-09-20 00:00:00.000	2008-09-20 00:00:00.000	1
1511	KAN	HCK	HOCKING CORRECTIONAL FACILITY                     	16759 SNAKE HOLLOW ROAD       	NELSON         	OH	111110000	1111111111	2008-09-20 00:00:00.000	2008-09-20 00:00:00.000	1
1512	KAN	HCW	HUTCHINSON CORRECTIONAL WORK FACILITY             	400 S. HALSTED                	HUTCHINSON     	KS	675010000		2008-09-20 00:00:00.000	2008-09-20 00:00:00.000	1
1513	KAN	HIA	HIAWATHA TEMPORARY FACILITY                       	MARSHALL ROAD                 	KINCHELOE      	MI	497860000		2008-09-20 00:00:00.000	2008-09-20 00:00:00.000	1
1514	KAN	ICD	IOWA DEPARTMENT OF CORRECTIONS                    	1200 E. WASHINGTON            	MT. PLEASANT   	IA	526410000		2008-09-20 00:00:00.000	2008-09-20 00:00:00.000	1
1515	KAN	ICW	IOWA CORRECTIONAL INSTITUTE FOR WOMEN             	BOX 700                       	MITCHELLVILLE  	IA	501690000	1111111111	2008-09-20 00:00:00.000	2008-09-20 00:00:00.000	1
1516	KAN	IDC	IOWA DEPARTMENT OF CORRECTIONS-WORK RELEASE CENTER	605 MAIN                      	DAVENPORT      	IA	528030000	1111111111	2008-09-20 00:00:00.000	2008-09-20 00:00:00.000	1
1517	KAN	IMA	IOWA MEDICAL AND CLASSIFICATION CENTER            	P.O. BOX A                    	OAKDALE        	IA	523190000		2008-09-20 00:00:00.000	2008-09-20 00:00:00.000	1
1518	KAN	IMR	IOWA MEN'S REFORMATORY                            	BOX B                         	ANAMOSA        	IA	522050000	1111111111	2008-09-20 00:00:00.000	2008-09-20 00:00:00.000	1
1519	KAN	IND	INDIANA STATE PRISON                              	P.O. BOX 41                   	MICHIGAN CITY  	IN	463600000	1111111111	2008-09-20 00:00:00.000	2008-09-20 00:00:00.000	1
1520	KAN	ION	IONIA CORRECTIONAL FACILITY                       	1576 W. BLUEWATER HIGHWAY     	IONIA          	MI	488460000	1111111111	2008-09-20 00:00:00.000	2008-09-20 00:00:00.000	1
1521	KAN	IRC	ILLINOIS RIVER CORRECTIONAL INSTITUTION           	P.O. BOX 999                  	CANTON         	IL	615200000		2008-09-20 00:00:00.000	2008-09-20 00:00:00.000	1
1522	KAN	ISF	INDIANA STATE FARM                                	P.O. BOX 76                   	GREENCASTLE    	IN	461350000		2008-09-20 00:00:00.000	2008-09-20 00:00:00.000	1
1523	KAN	ISP	INDIANA STATE PRISON                              	P.O. BOX 41                   	MICHIGAN CITY  	IN	463600000		2008-09-20 00:00:00.000	2008-09-20 00:00:00.000	1
1524	KAN	ISR	INDIANA STATE REFORMATORY                         	P.O. BOX 28                   	PENDLETON      	IN	460640000		2008-09-20 00:00:00.000	2008-09-20 00:00:00.000	1
1525	KAN	IWP	INDIANA WOMEN'S PRISON                            	401 NORTH RANDOLPH STREET     	INDIANAPOLIS   	IN	462010000		2008-09-20 00:00:00.000	2008-09-20 00:00:00.000	1
1526	KAN	IYC	INDIANA YOUTH CENTER                              	727 MOON ROAD                 	PLAINFIELD     	IN	461680000		2008-09-20 00:00:00.000	2008-09-20 00:00:00.000	1
1527	KAN	JAC	JACKSON STATE PRISON - CENTRAL                    	4000 COOPER STREET            	JACKSON        	MI	492010000	1111111111	2008-09-20 00:00:00.000	2008-09-20 00:00:00.000	1
1528	KAN	JAK	JACKSONVILLE CORRECTIONAL CENTER                  	R.R. 4 P.O. BOX 28C           	JACKSONVILLE   	IL	626500000		2008-09-20 00:00:00.000	2008-09-20 00:00:00.000	1
1529	KAN	JBC	C/O JOHN BENNET CORRECTIONAL FACILITY             	31 AVENUE G - BOX 316         	FORT MADISON   	IA	526270000	1111111111	2008-09-20 00:00:00.000	2008-09-20 00:00:00.000	1
1530	KAN	JCC	JEFFERSON CITY CORRECTIONAL CENTER                	P.O. BOX 236                  	JEFFERSON CITY 	MO	651020000		2008-09-20 00:00:00.000	2008-09-20 00:00:00.000	1
1531	KAN	JCF	JACKSON COTTON FACILITY                           	3500 NORTH ELM STREET         	JACKSON        	MI	492010000	1111111111	2008-09-20 00:00:00.000	2008-09-20 00:00:00.000	1
1532	KAN	JCI	JACKSON CORRECTIONAL INSTITUTION                  	BOX 232                       	BLACK RIVER FLS	WI	546150000		2008-09-20 00:00:00.000	2008-09-20 00:00:00.000	1
1533	KAN	JOL	JOLIET CORRECTIONAL CENTER                        	P.O. BOX 515                  	JOLIET         	IL	604320000	1111111111	2008-09-20 00:00:00.000	2008-09-20 00:00:00.000	1
1534	KAN	KCC	KENOSHA CORRECTIONAL CENTER                       	6353 14TH AVENUE              	KENOSHA        	WI	531400000	1111111111	2008-09-20 00:00:00.000	2008-09-20 00:00:00.000	1
1535	KAN	KCF	KINROSS CORRECTIONAL FACILITY                     	4535 WEST TONE ROAD           	KINCHELOE      	MI	497880000		2008-09-20 00:00:00.000	2008-09-20 00:00:00.000	1
1536	KAN	KEN	KENT COUNTY CORRECTIONAL FACILITY                 	701 BALL AVENUE N.E.          	GRAND RAPIDS   	MI	495030000	1111111111	2008-09-20 00:00:00.000	2008-09-20 00:00:00.000	1
1537	KAN	KMC	KETTLE MORAINE CORRECTIONAL INSTITUTION           	BOX 31                        	PLYMOUTH       	WI	530730000	1111111111	2008-09-20 00:00:00.000	2008-09-20 00:00:00.000	1
1538	KAN	KSC	KANSAS STATE CORRECTION INSTITUTION               	BOX # 160                     	LANSING        	KS	660430000	1111111111	2008-09-20 00:00:00.000	2008-09-20 00:00:00.000	1
1539	KAN	KSI	KANSAS STATE INDUSTRIAL REFORMATORY               	P.O. BOX 1568                 	HUTCHINSON     	KS	675040000		2008-09-20 00:00:00.000	2008-09-20 00:00:00.000	1
1540	KAN	LAK	METROPOLITAN CORRECTIONAL FACILITY/LINO LAKES     	7525 4TH AVENUE               	LINO LAKES     	MN	550140000	1111111111	2008-09-20 00:00:00.000	2008-09-20 00:00:00.000	1
1541	KAN	LAW	LAWRENCE CORRECTIONAL FACILITY                    	RURAL RTE 2 - BOX 36          	SUMNER         	IL	624660000		2008-09-20 00:00:00.000	2008-09-20 00:00:00.000	1
1542	KAN	LCC	LINCOLN CORRECTIONAL CENTER                       	P.O. BOX 22800                	LINCOLN        	NE	685420000	1111111111	2008-09-20 00:00:00.000	2008-09-20 00:00:00.000	1
1543	KAN	LCF	LANSING CORRECTIONAL FACILITY                     	P.O. BOX 2                    	LANSING        	KS	660430000		2008-09-20 00:00:00.000	2008-09-20 00:00:00.000	1
1544	KAN	LCI	LORAIN CORRECTIONAL INSTITUTION                   	2075 S. AVON-BELDEN  RD.      	GRAFTON        	OH	440440000	1111111111	2008-09-20 00:00:00.000	2008-09-20 00:00:00.000	1
1545	KAN	LEB	LEBANON CORRECTIONAL INSTITUTE                    	P.O. BOX 56                   	LEBANON        	OH	450360000		2008-09-20 00:00:00.000	2008-09-20 00:00:00.000	1
1546	KAN	LEV	UNITED STATES PENITENTIARY LEAVENWORTH            	1300 METROPOLITAN             	LEAVENWORTH    	KS	660480000		2008-09-20 00:00:00.000	2008-09-20 00:00:00.000	1
1547	KAN	LEX	FEDERAL CORRECTIONAL INSTITUTION                  	3301 LEESTOWN PIKE            	LEXINGTON,     	KY	405110000		2008-09-20 00:00:00.000	2008-09-20 00:00:00.000	1
1548	KAN	LIM	LIMA CORRECTIONAL INSTITUTE                       	P.O. BOX 4571                 	LIMA           	OH	458020000		2008-09-20 00:00:00.000	2008-09-20 00:00:00.000	1
1549	KAN	LIN	LINCOLN CORRECTIONAL CENTER                       	P.O. BOX 549                  	LINCOLN        	IL	626560000		2008-09-20 00:00:00.000	2008-09-20 00:00:00.000	1
1550	KAN	LKC	LAKESIDE CORRECTIONAL CENTER                      	P. O. BOX 8907                	MICHIGAN CITY  	IN	463610000		2008-09-20 00:00:00.000	2008-09-20 00:00:00.000	1
1551	KAN	LLC	LAKELAND CORRECTIONAL FACILITY                    	141 FIRST STREET              	COLDWATER      	MI	490360000	1111111111	2008-09-20 00:00:00.000	2008-09-20 00:00:00.000	1
1552	KAN	LOG	LOGAN CORRECTIONAL CENTER                         	R.R. 3 - BOX 1000             	LINCOLN        	IL	626560000	1111111111	2008-09-20 00:00:00.000	2008-09-20 00:00:00.000	1
1553	KAN	LON	LONDON CORRECTIONAL INSTITUTE                     	P.O. BOX 69                   	LONDON         	OH	431400000		2008-09-20 00:00:00.000	2008-09-20 00:00:00.000	1
1554	KAN	MAD	MADISON CORRECTIONAL INSTITUTE                    	1851 STATE RT.56, P.O. BOX 740	LONDON         	OH	431400000		2008-09-20 00:00:00.000	2008-09-20 00:00:00.000	1
1555	KAN	MAQ	MARQUETTE BRANCH PRISON                           	P.O. BOX 779                  	MARQUETTE      	MI	498550000	1111111111	2008-09-20 00:00:00.000	2008-09-20 00:00:00.000	1
1556	KAN	MAR	MARION CORRECTIONAL FACILITY                      	P.O. BOX 57                   	MARION         	OH	433020000		2008-09-20 00:00:00.000	2008-09-20 00:00:00.000	1
1557	KAN	MCB	MACOMB REGIONAL FACILITY                          	34625 26 MILE ROAD            	NEW HAVEN      	MI	480480000	1111111111	2008-09-20 00:00:00.000	2008-09-20 00:00:00.000	1
1558	KAN	MCC	MOBERLY CORRECTIONAL CENTER                       	BOX 7                         	MOBERLY        	MO	652070000	1111111111	2008-09-20 00:00:00.000	2008-09-20 00:00:00.000	1
1559	KAN	MCF	MINNESOTA CORRECTIONAL FACILITY - STILLWATER      	5500 PICKETT AVE.             	STILLWATER     	MN	550820000		2008-09-20 00:00:00.000	2008-09-20 00:00:00.000	1
1560	KAN	MDC	METROPOLITAN DETENTION CENTER                     	P.O. BOX 2147                 	SAN JUAN       	PR	009220000		2008-09-20 00:00:00.000	2008-09-20 00:00:00.000	1
1561	KAN	MEC	MISSOURI EASTERN CORRECTIONAL CENTER              	18701 OLD HIGHWAY 66          	PACIFIC        	MO	630690000		2008-09-20 00:00:00.000	2008-09-20 00:00:00.000	1
1562	KAN	MEN	MENARD                                            	P.O. BOX 711                  	MENARD         	IL	622590000	1111111111	2008-09-20 00:00:00.000	2008-09-20 00:00:00.000	1
1563	KAN	MFF	MINNESOTA CORRECTIONAL FACILITY - FARIBAULT       	1101 LINDEN LANE              	FARIBAULT      	MN	550216400		2008-09-20 00:00:00.000	2008-09-20 00:00:00.000	1
1564	KAN	MLK	METROPOLITAN CORRECTIONAL FACILITY/MOOSE LAKE     	P.O. BOX 359                  	MOOSE LAKE     	MN	557670000	1111111111	2008-09-20 00:00:00.000	2008-09-20 00:00:00.000	1
1565	KAN	MLL	MINNESOTA CORRECTIONAL FACILITY-LINO LAKES        	7525 4TH AVENUE               	LINO LAKES     	MN	550141099		2008-09-20 00:00:00.000	2008-09-20 00:00:00.000	1
1566	KAN	MML	MINNESOTA CORRECTIONAL FACILITY - MOOSE LAKE      	1000 LAKE SHORE DR.           	MOOSE LAKE     	MN	557670000		2008-09-20 00:00:00.000	2008-09-20 00:00:00.000	1
1567	KAN	MNS	MANSFIELD CORRECTIONAL INSTITUTION                	P.O. BOX 788                  	MANSFIELD      	OH	449010000		2008-09-20 00:00:00.000	2008-09-20 00:00:00.000	1
1568	KAN	MON	MONTGOMERY EDUCATION AND PRE-RELEASE CENTER       	P.O. BOX 17399                	DAYTON         	OH	454182312		2008-09-20 00:00:00.000	2008-09-20 00:00:00.000	1
1569	KAN	MOP	MINNESOTA CORRECTIONAL FACILITY-OAK PARK HEIGHTS  	P.O. BOX 10                   	STILLWATER     	MN	550820020		2008-09-20 00:00:00.000	2008-09-20 00:00:00.000	1
1570	KAN	MOU	MOUND REGIONAL FACILITY                           	17601 MOUND                   	DETROIT        	MI	482340000	1111111111	2008-09-20 00:00:00.000	2008-09-20 00:00:00.000	1
1571	KAN	MPI	MOUNT PLEASANT CORRECTIONAL FACILITY              	HIGHWAY 218 SOUTH             	MT. PLEASANT   	IA	526410000		2008-09-20 00:00:00.000	2008-09-20 00:00:00.000	1
1572	KAN	MRD	MENARD PSYCH CENTER                               	P.O. BOX 56                   	MENARD         	IL	622590000	1111111111	2008-09-20 00:00:00.000	2008-09-20 00:00:00.000	1
1573	KAN	MRF	MOUND REGIONAL FACILITY                           	                              	               	  	000000000	0	2008-09-20 00:00:00.000	2008-09-20 00:00:00.000	1
1574	KAN	MSA	MINNESOTA CORRECTIONAL FACILITY - ST. CLOUD       	P.O. BOX B-REFORMATORY DRIVE  	ST. CLOUD      	MN	563020000		2008-09-20 00:00:00.000	2008-09-20 00:00:00.000	1
1575	KAN	MSP	STATE PRISON OF SOUTHERN MICHIGAN                 	4000 COOPER STREET            	JACKSON        	MI	482010000	1111111111	2008-09-20 00:00:00.000	2008-09-20 00:00:00.000	1
1576	KAN	MTA	MINNESOTA CORRECTIONAL FACILITY - SHAKOPEE        	1010 WEST SIXTH AVENUE        	SHAKOPEE       	MN	553790000	1111111111	2008-09-20 00:00:00.000	2008-09-20 00:00:00.000	1
1577	KAN	MTP	MT. PLEASANT CORRECTIONAL FACILITY                	HIGHWAY 218 SOUTH             	MT. PLEASANT   	IA	526410000		2008-09-20 00:00:00.000	2008-09-20 00:00:00.000	1
1578	KAN	MTU	MICHIGAN TRAINING UNIT                            	P.O. BOX 492                  	IONIA          	MI	488460000	1111111111	2008-09-20 00:00:00.000	2008-09-20 00:00:00.000	1
1579	KAN	MUS	MUSKEGON CORRECTIONAL FACILITY                    	2400 SHERIDAN                 	MUSKEGON       	MI	494420000	1111111111	2008-09-20 00:00:00.000	2008-09-20 00:00:00.000	1
1580	KAN	NCC	NORTH CENTRAL CORRECTIONAL FACILITY               	BOX 313                       	ROCKWELL CITY  	IA	505790000	1111111111	2008-09-20 00:00:00.000	2008-09-20 00:00:00.000	1
1581	KAN	NCF	NORTON CORRECTIONAL FACILITY                      	RT.# 1 BOX 60                 	KANSAS         	KS	676540000	1111111111	2008-09-20 00:00:00.000	2008-09-20 00:00:00.000	1
1582	KAN	NCI	NORTH CENTRAL CORRECTIONAL INSTITUTION            	P.O. BOX 1812                 	MARION         	OH	433011812	1111111111	2008-09-20 00:00:00.000	2008-09-20 00:00:00.000	1
1583	KAN	NCW	NEBRASKA CENTER FOR WOMEN                         	ROUTE 1, BOX 33               	YORK           	NE	684670000	1111111111	2008-09-20 00:00:00.000	2008-09-20 00:00:00.000	1
1584	KAN	NDC	NEBRASKA DEPARTMENT OF CORRECTIONAL SERVICE       	P.O. BOX 94661                	LINCOLN        	NE	685094661		2008-09-20 00:00:00.000	2008-09-20 00:00:00.000	1
1585	KAN	NDE	NEBRASKA DIAGNOSTIC & EVALUATION CENTER           	P.O. BOX 22800                	LINCOLN        	NE	685422800	1111111111	2008-09-20 00:00:00.000	2008-09-20 00:00:00.000	1
1586	KAN	NMC	NORTHEAST MISSOURI CORRECTIONAL CENTER            	RT. 2 BOX 26                  	BOWLING GREEN  	MO	063340000	1111111111	2008-09-20 00:00:00.000	2008-09-20 00:00:00.000	1
1587	KAN	NOC	NOBLE CORRECTIONAL INSTITUTION                    	P.O. BOX 278                  	CALDWELL       	OH	437240000		2008-09-20 00:00:00.000	2008-09-20 00:00:00.000	1
1588	KAN	NSP	NEBRASKA STATE PENITENTIARY                       	BOX 2500                      	LINCOLN        	NE	685020500		2008-09-20 00:00:00.000	2008-09-20 00:00:00.000	1
1589	KAN	NWL	NEW LISBON CORRECTIONAL INSTITUTION	2000 PROGRESS ROAD	NEW LISBON	WI	539500000	 	2008-09-20 00:00:00.000	2012-01-18 11:44:47.000	1
1590	KAN	OAK	OAKWOOD FORENSIC CENTER DEPT OF MENTAL HEALTH     	3200 NORTHWEST STREE          	LIMA           	OH	458010000		2008-09-20 00:00:00.000	2008-09-20 00:00:00.000	1
1591	KAN	OC 	OMAHA CORRECTIONAL CENTER                         	P.O. BOX 11099                	OMAHA          	NE	681110099	1111111111	2008-09-20 00:00:00.000	2008-09-20 00:00:00.000	1
1592	KAN	OCC	OMAHA CORRECTIONAL CENTER                         	2323 E. AVE. J                	OMAHA          	NE	681100000		2008-09-20 00:00:00.000	2008-09-20 00:00:00.000	1
1593	KAN	OCI	OAKHILL CORRECTIONAL INSTITUTION                  	BOX 238                       	OREGON         	WI	535750000	1111111111	2008-09-20 00:00:00.000	2008-09-20 00:00:00.000	1
1594	KAN	OCJ	OUTAGAMIE COUNTY JAIL                             	410 S. WALNUT ST. 4TH FL.     	APPLETON       	WI	549110000		2008-09-20 00:00:00.000	2008-09-20 00:00:00.000	1
1595	KAN	OHS	OHIO STATE REFORMATORY                            	P.O. BOX 788                  	MANSFIELD      	OH	449010000		2008-09-20 00:00:00.000	2008-09-20 00:00:00.000	1
1596	KAN	OHW	OHIO STATE REFORMATORY FOR WOMEN                  	1479 COLLINS AVENUE           	MARYSVILLE     	OH	430400000		2008-09-20 00:00:00.000	2008-09-20 00:00:00.000	1
1597	KAN	OKS	OAKS MAXIMUM FACILITY                             	P.O. BOX 38                   	EASTLAKE       	MI	496260038	1111111111	2008-09-20 00:00:00.000	2008-09-20 00:00:00.000	1
1598	KAN	OMC	OMAHA CORRECTIONS CENTER                          	P.O. BOX 11099                	OMAHA          	NE	681110000		2008-09-20 00:00:00.000	2008-09-20 00:00:00.000	1
1599	KAN	OPH	METROPOLITAN CORRECTION FACILITY/OAK PARK HEIGHTS 	5329 OSGOOD AVE., BOX 10      	STILLWATER     	MN	550820000	1111111111	2008-09-20 00:00:00.000	2008-09-20 00:00:00.000	1
1600	KAN	ORE	OREGON CORRECTIONAL INSTITUTION                   	BOX 28                        	OREGON         	WI	535750000		2008-09-20 00:00:00.000	2008-09-20 00:00:00.000	1
1601	KAN	ORI	ORIENT CORRECTIONAL INSTITUTION                   	P.O. BOX 511                  	COLUMBUS       	OH	432160000		2008-09-20 00:00:00.000	2008-09-20 00:00:00.000	1
1602	KAN	OSH	OSHKOSH CORRECTIONAL INSTITUTION                  	BOX 3530                      	OSHKOSH        	WI	549260000	1111111111	2008-09-20 00:00:00.000	2008-09-20 00:00:00.000	1
1603	KAN	OSK	OSKOSH CORRECTIONAL FACILITY                      	BOX 3310                      	OSKOSH         	WI	549030000	1111111111	2008-09-20 00:00:00.000	2008-09-20 00:00:00.000	1
1604	KAN	PCC	PONTIAC CORRECTIONAL CENTER - MICHIGAN            	156 W. HURON 1ST.             	PONTIAC        	MI	480530000	1111111111	2008-09-20 00:00:00.000	2008-09-20 00:00:00.000	1
1605	KAN	PCF	PRAIRIE CORRECTIONAL FACILITY                     	445 S. MUNSTERMAN ST.         	APPLETON       	MN	562080000		2008-09-20 00:00:00.000	2008-09-20 00:00:00.000	1
1606	KAN	PEN	PENDLETON STATE REFORMATORY                       	P.O. BOX 28                   	PENDLETON      	IN	460640000	1111111111	2008-09-20 00:00:00.000	2008-09-20 00:00:00.000	1
1607	KAN	PIC	PICKAWAY  CORRECTIONAL INSTITUTE                  	P.O. BOX 209                  	ORIENT         	OH	431460000		2008-09-20 00:00:00.000	2008-09-20 00:00:00.000	1
1608	KAN	PIN	PINCKENYVILLE CORRECTIONAL CENTER                 	5835 STATE, ROUTE 154         	PICKNEYVILLE   	IL	622740000		2008-09-20 00:00:00.000	2008-09-20 00:00:00.000	1
1609	KAN	PON	PONTIAC CORRECTIONAL CENTER                       	P.O. BOX 99                   	PONTIAC        	IL	617640000	1111111111	2008-09-20 00:00:00.000	2008-09-20 00:00:00.000	1
1610	KAN	PUT	PUTNAMVILLE CORRECTIONAL FACILITY                 	1946 US 40 W.                 	GREENCASTLE    	IN	461350000	1111111111	2008-09-20 00:00:00.000	2008-09-20 00:00:00.000	1
1611	KAN	RCF	RIVERSIDE CORRECTIONAL FACILITY                   	777 W. RIVERSIDE DRIVE        	IONIA          	MI	488460000	1111111111	2008-09-20 00:00:00.000	2008-09-20 00:00:00.000	1
1612	KAN	RCI	RACINE CORRECTIONAL INSTITUTION                   	P.O. BOX 900                  	RACINE         	WI	531770000	1111111111	2008-09-20 00:00:00.000	2008-09-20 00:00:00.000	1
1613	KAN	RDC	RECEPTION DIAGNOSTIC CENTER                       	P.O. BOX 317                  	PLAINFIELD     	IN	461680000		2008-09-20 00:00:00.000	2008-09-20 00:00:00.000	1
1614	KAN	RED	REDGRANITE CORRECTIONAL INSTITUTION               	1006 COUNTY ROAD EE           	REDGRANITE     	WI	549700000		2008-09-20 00:00:00.000	2008-09-20 00:00:00.000	1
1615	KAN	ROB	ROBINSON CORRECTIONAL CENTER                      	P.O. BOX 1000                 	ROBINSON       	IL	624540000		2008-09-20 00:00:00.000	2008-09-20 00:00:00.000	1
1616	KAN	ROS	ROSS CORRECTIONAL INSTITUTE                       	16149 STATE RT. 104           	CHILLICOTHE    	OH	456010000		2008-09-20 00:00:00.000	2008-09-20 00:00:00.000	1
1617	KAN	RTC	ROCKVILLE TRAINING CENTER                         	RR #3 BOX 281                 	ROCKVILLE      	IN	478720000	1111111111	2008-09-20 00:00:00.000	2008-09-20 00:00:00.000	1
1618	KAN	RYN	RYAN REGIONAL CORRECTIONAL FACILITY               	17600 RYAN ROAD               	DETROIT        	MI	482120000	1111111111	2008-09-20 00:00:00.000	2008-09-20 00:00:00.000	1
1619	KAN	SAG	SAGINAW REGIONAL FACILITY                         	P.O. BOX 659                  	FREELAND       	MI	486230000	1111111111	2008-09-20 00:00:00.000	2008-09-20 00:00:00.000	1
1620	KAN	SAN	FED. CORR. INSTITUTION - MR. STEVE DALESSIO       	P.O. BOX 1000                 	SANDSTONE      	MN	550720000		2008-09-20 00:00:00.000	2008-09-20 00:00:00.000	1
1621	KAN	SCI	STATE CORRECRTIONAL INSTITUTION AT CAMP HILL      	P.O. BOX 8837                 	CAMP HILL      	PA	170018837		2008-09-20 00:00:00.000	2008-09-20 00:00:00.000	1
1622	KAN	SCT	SCOTT CORRECTIONAL FACILITY                       	47500 FIVE MILE               	PLYMOUTH       	MI	481700000	1111111111	2008-09-20 00:00:00.000	2008-09-20 00:00:00.000	1
1623	KAN	SDS	SOUTH DAKOTA STATE PENITENTIARY                   	P.O. BOX 5911                 	SIOUX FALLS    	SD	571175911	1111110111	2008-09-20 00:00:00.000	2008-09-20 00:00:00.000	1
1624	KAN	SEA	SOUTHEASTERN CORRECTIONAL INSTITUTION             	5900 B.I.S. RD. P.O. BX. 200  	LANCASTER      	OH	431300000	1111111111	2008-09-20 00:00:00.000	2008-09-20 00:00:00.000	1
1625	KAN	SEC	SECURITY MEDICAL FACILITY                         	BOX A                         	OAKDALE        	IA	523190000		2008-09-20 00:00:00.000	2008-09-20 00:00:00.000	1
1626	KAN	SHA	SHAWNEE CORRECTIONAL CENTER                       	6665 S.R. 146 EAST            	VIENNA         	IL	629950000	1111111111	2008-09-20 00:00:00.000	2008-09-20 00:00:00.000	1
1627	KAN	SHE	SHERIDAN CORRECTOINAL CENTER                      	P.O. BOX 112                  	SHERIDAN       	IL	605510000	1111111111	2008-09-20 00:00:00.000	2008-09-20 00:00:00.000	1
1628	KAN	SHP	METROPOLITAN CORRECTIONAL FACILITY/SHAKOPEE       	BOX 7 1010 W. 6TH AVENUE      	SHAKOPEE       	MN	553790000	1111111111	2008-09-20 00:00:00.000	2008-09-20 00:00:00.000	1
1629	KAN	SOL	SOUTHERN OHIO CORRECTIONAL FAC. "LUCASVILLE"      	P.O. BOX 45699                	LUCASVILLE     	OH	456990000		2008-09-20 00:00:00.000	2008-09-20 00:00:00.000	1
1630	KAN	SOU	SOUTHEASTERN CORRECTIONAL FACILITY                	5900 B.I.S. ROAD              	LANCASTER      	OH	431300000		2008-09-20 00:00:00.000	2008-09-20 00:00:00.000	1
1631	KAN	SPR	ST. PETER REGIONAL TREATMENT CENTER               	2100 SHEPPARD DR.             	ST. PATER      	MN	560820000	1111111111	2008-09-20 00:00:00.000	2008-09-20 00:00:00.000	1
1632	KAN	SRW	STATE REFORMATORY FOR WOMEN                       	RT 1 BOX 33                   	YORK           	NE	684670000		2008-09-20 00:00:00.000	2008-09-20 00:00:00.000	1
1633	KAN	SSN	SPECIAL SERVICES STATE OF NEBRASKA                	P.O. BOX 94661                	LINCOLN        	NE	685094661		2008-09-20 00:00:00.000	2008-09-20 00:00:00.000	1
1634	KAN	STA	STATEVILLE CORRECTIONAL CENTER                    	P.O. BOX 112/ROUTE 53 DIVISION	JOLIET         	IL	604340000		2008-09-20 00:00:00.000	2008-09-20 00:00:00.000	1
1635	KAN	STC	METROPOLITAN CORRECTIONAL FACILITY/ST. CLOUD      	BOX B                         	ST. CLOUD      	MN	563020000	1111111111	2008-09-20 00:00:00.000	2008-09-20 00:00:00.000	1
1636	KAN	STL	STANLEY CORRECTIONAL INSTITUTION                  	100 CORRECTIONS DRIVE         	STANLEY        	WI	547680000		2008-09-20 00:00:00.000	2008-09-20 00:00:00.000	1
1637	KAN	SWC	SOUTHWESTERN CORRECTIONAL CENTER                  	950 KINGS HIGHWAYS            	EAST ST LOUIS  	IL	622030000		2008-09-20 00:00:00.000	2008-09-20 00:00:00.000	1
1638	KAN	TAC	TACHEEDAH CORRECTIONAL INSTITUTION                	971 COUNTY HIGHWAY K          	TAYCHEEDAH     	WI	535750000		2008-09-20 00:00:00.000	2008-09-20 00:00:00.000	1
1639	KAN	TAY	TAYCHEEDAH CORRECTIONAL INSTITUTION               	7139 COUNTY HIGHWAY K         	FOND DU LAC    	WI	549359099		2008-09-20 00:00:00.000	2008-09-20 00:00:00.000	1
1640	KAN	TCC	TAYLORVILLE CORRECTIONAL CENTER                   	P.O. BOX 1000                 	TAYLORVILLE    	IL	625680000	1111111111	2008-09-20 00:00:00.000	2008-09-20 00:00:00.000	1
1641	KAN	TCF	TOPEKA CORRECTIONAL FACILITY                      	815 S.E. RICE ROAD            	TOPEKA         	KS	666070000	1111111111	2008-09-20 00:00:00.000	2008-09-20 00:00:00.000	1
1642	KAN	TCI	TRUMBULL CORRECTIONAL INSTITUTION                 	5701 BURNETT ROAD             	LEAVITTSBURG   	OH	444300000	1111111111	2008-09-20 00:00:00.000	2008-09-20 00:00:00.000	1
1643	KAN	THU	THUMB CORRECTIONAL FACILITY                       	3225 JOHN CONLEY              	LAPEER         	MI	484460000	1111111111	2008-09-20 00:00:00.000	2008-09-20 00:00:00.000	1
1644	KAN	TOP	RECEPTION & DIAGNOSTIC CENTER                     	BOX 1558                      	TOPEKA         	KS	666010000	1111111111	2008-09-20 00:00:00.000	2008-09-20 00:00:00.000	1
1645	KAN	TRU	TRUMBAL CORRECTIONAL INSTITUTION                  	5701 BURNETT ROAD             	LEAVITTBURG    	OH	444300000	1111111111	2008-09-20 00:00:00.000	2008-09-20 00:00:00.000	1
1646	KAN	USP	UNITED STATES PENITENTARY                         	LEAVENWORTH                   	KANSAS         	KS	660480000		2008-09-20 00:00:00.000	2008-09-20 00:00:00.000	1
1647	KAN	VAN	VANDALIA CORRECTIONAL CENTER                      	P.O. BOX 500                  	VANDALIA       	IL	624710000		2008-09-20 00:00:00.000	2008-09-20 00:00:00.000	1
1648	KAN	VIE	VIENNA CORRECTIONAL CENTER                        	P.O. BOX 200                  	VIENNA         	IL	629950000		2008-09-20 00:00:00.000	2008-09-20 00:00:00.000	1
1649	KAN	WAB	WABASH VALLEY CORRECTIONAL INSTITUTION            	P.O. BOX 500                  	CARLISLE       	IN	478580000		2008-09-20 00:00:00.000	2008-09-20 00:00:00.000	1
1650	KAN	WAR	WARREN CORRECTIONAL INSTITUTION                   	P.O. BOX 120                  	LEBANON        	OH	450360000	1111111111	2008-09-20 00:00:00.000	2008-09-20 00:00:00.000	1
1651	KAN	WAU	WAUPAN CORRECTIONAL INSTITUTION                   	BOX 351                       	WAUPAN         	WI	539630000	1111111111	2008-09-20 00:00:00.000	2008-09-20 00:00:00.000	1
1652	KAN	WCC	WISCONSIN CORRECTIONAL CENTER SYSTEM              	BOX 25                        	OREGON         	WI	535750000		2008-09-20 00:00:00.000	2008-09-20 00:00:00.000	1
1653	KAN	WCJ	WALWORTH COUNTY JAIL                              	WEST 4054 HIGHWAY NN          	ELKHORN        	WI	531210000		2008-09-20 00:00:00.000	2008-09-20 00:00:00.000	1
1654	KAN	WER	WOMENS' EASTERN RECEPTION & DIAGNOSTIC CENTER     	1101 EAST HIGHWAY 54          	VANDLIA        	MO	633820000	1111111111	2008-09-20 00:00:00.000	2008-09-20 00:00:00.000	1
1655	KAN	WES	WESTVILLE CORRECTIONAL CENTER                     	P.O. BOX 473                  	WESTVILLE      	IN	463910000	1111111111	2008-09-20 00:00:00.000	2008-09-20 00:00:00.000	1
1656	KAN	WHC	WARDEN HILL CORRECTIONAL CENTER                   	P.O. BOX 1327                 	GALESBURG      	IL	614010000	1111111111	2008-09-20 00:00:00.000	2008-09-20 00:00:00.000	1
1657	KAN	WIC	WESTERN ILLINOIS CORRECTIONAL CENTER              	ROUTE 99  P.O. BOX 1000       	MOUNT STERLING 	IL	623530000		2008-09-20 00:00:00.000	2008-09-20 00:00:00.000	1
1658	KAN	WIN	WINFIELD CORRECTIONAL FACILITY                    	P.O. BOX 653                  	WINFIELD       	KS	671560000	1111111111	2008-09-20 00:00:00.000	2008-09-20 00:00:00.000	1
1659	KAN	WIS	WISCONSIN PRISON SYS., DIV. OF INTENSIVE SANCTIONS	906 ANN STREET                	MADISON        	WI	537130000		2008-09-20 00:00:00.000	2008-09-20 00:00:00.000	1
1660	KAN	WM1	WESTERN MISSOURI CORECTIONAL CENTER               	609 E. PENCE                  	CAMERON        	MO	644290000		2008-09-20 00:00:00.000	2008-09-20 00:00:00.000	1
1661	KAN	WMC	WESTERN MISSOURI CORRECTIONAL CENTER              	ROUTE 5 BOX 1E                	CAMERON        	MO	644290376	1111111111	2008-09-20 00:00:00.000	2008-09-20 00:00:00.000	1
1662	KAN	WRC	WISCONSIN RESOURCE CENTER                         	BOX 16                        	WINNEBAGO      	WI	549850000		2008-09-20 00:00:00.000	2008-09-20 00:00:00.000	1
1663	KRO	APA	APALACHEE C.I.                                    	?                             	?              	FL	111111111	1111111111	2007-06-21 23:58:43.217	2007-06-21 23:58:43.217	1
1664	KRO	APE	ACI EAST                                          	?                             	?              	FL	111111111	1111111111	2007-06-21 23:58:43.217	2007-06-21 23:58:43.217	1
1665	KRO	APW	ACI WEST                                          	?                             	?              	FL	111111111	1111111111	2007-06-21 23:58:43.217	2007-06-21 23:58:43.217	1
1666	KRO	AVO	AVON PARK C.I.                                    	?                             	?              	FL	111111111	1111111111	2007-06-21 23:58:43.217	2007-06-21 23:58:43.217	1
1667	KRO	BAK	BAKER C.I.                                        	?                             	?              	FL	111111111	1111111111	2007-06-21 23:58:43.217	2007-06-21 23:58:43.217	1
1668	KRO	BEL	BELLE GLADE                                       	?                             	?              	FL	111111111	1111111111	2007-06-21 23:58:43.217	2007-06-21 23:58:43.217	1
1669	KRO	BER	BERRYDADE F.C.                                    	?                             	?              	FL	111111111	1111111111	2007-06-21 23:58:43.217	2007-06-21 23:58:43.217	1
1670	KRO	BRE	BREVARD CORRECTIONAL INSTITUTION                  	BREVARD                       	BREVARD        	FL	111110000	1111111111	2007-06-21 23:58:43.217	2007-06-21 23:58:43.217	1
1671	KRO	BRO	BROWARD C.I.                                      	?                             	?              	FL	111111111	1111111111	2007-06-21 23:58:43.217	2007-06-21 23:58:43.217	1
1672	KRO	CAL	CALHOUN C.I.                                      	?                             	?              	FL	111111111	1111111111	2007-06-21 23:58:43.217	2007-06-21 23:58:43.217	1
1673	KRO	CAR	CARYVILLE W.C.                                    	?                             	?              	FL	111111111	1111111111	2007-06-21 23:58:43.217	2007-06-21 23:58:43.217	1
1674	KRO	CEN	CENTURY CORRECTIONAL INSTITUTION                  	?                             	?              	FL	111111111	1111111111	2007-06-21 23:58:43.217	2007-06-21 23:58:43.217	1
1675	KRO	CFR	CENTRAL FLORIDA RECEPTION                         	P.O. BOX 628040               	ORLANDO        	FL	328628040	1111111111	2007-06-21 23:58:43.217	2007-06-21 23:58:43.217	1
1676	KRO	CHA	CHARLOTTE C.I.                                    	                              	               	  	000000000	0	2007-06-21 23:58:43.217	2007-06-21 23:58:43.217	1
1677	KRO	COL	COLUMBIA CORRECTIONAL INSTUTITION                 	RT., BOX 376                  	LAKRE CITY     	FL	320550000	1111111111	2007-06-21 23:58:43.217	2007-06-21 23:58:43.217	1
1678	KRO	COR	CORRECTIONS MENTAL HEALTH                         	?                             	?              	FL	111111111	1111111111	2007-06-21 23:58:43.217	2007-06-21 23:58:43.217	1
1679	KRO	CRO	CROSS CITY C.I.                                   	?                             	?              	FL	111111111	1111111111	2007-06-21 23:58:43.217	2007-06-21 23:58:43.217	1
1680	KRO	DAD	DADE C.I.                                         	?                             	?              	FL	111111111	1111111111	2007-06-21 23:58:43.217	2007-06-21 23:58:43.217	1
1681	KRO	DES	DESOTO C.I.                                       	?                             	?              	FL	111111111	1111111111	2007-06-21 23:58:43.217	2007-06-21 23:58:43.217	1
1682	KRO	FLO	FLORIDA C.I.                                      	?                             	?              	FL	111111111	1111111111	2007-06-21 23:58:43.217	2007-06-21 23:58:43.217	1
1683	KRO	FSP	FLORIDA STATE PRISON C.I.                         	?                             	?              	FL	111111111	1111111111	2007-06-21 23:58:43.217	2007-06-21 23:58:43.217	1
1684	KRO	GUL	GULF CORRECTIONAL INSTITUTION                     	P.O. BOX 699                  	SNEADS         	FL	324600000	1111111111	2007-06-21 23:58:43.217	2007-06-21 23:58:43.217	1
1685	KRO	GWC	GAINSVILLE WORK CAMP                              	P.O. BOX 1167                 	GAINSVILLE     	FL	326090000	1111111111	2007-06-21 23:58:43.217	2007-06-21 23:58:43.217	1
1686	KRO	HAM	HAMILTON C.I.                                     	?                             	?              	FL	111111111	1111111111	2007-06-21 23:58:43.217	2007-06-21 23:58:43.217	1
1687	KRO	HAR	HARDEE CORRECTIONAL INSTITUTION                   	ROUTE 2, BOX 200              	BOWLING GREEN  	FL	338340000	1111111111	2007-06-21 23:58:43.217	2007-06-21 23:58:43.217	1
1688	KRO	HEN	HENDRY C.I.                                       	?                             	?              	FL	111111111	1111111111	2007-06-21 23:58:43.217	2007-06-21 23:58:43.217	1
1689	KRO	HIL	HOLLISBOROUGH C.I.                                	?                             	?              	FL	111111111	1111111111	2007-06-21 23:58:43.217	2007-06-21 23:58:43.217	1
1690	KRO	HOL	HOLMES C.I.                                       	?                             	?              	FL	111111111	1111111111	2007-06-21 23:58:43.217	2007-06-21 23:58:43.217	1
1691	KRO	IND	INDIAN RIVER C.I.                                 	?                             	?              	FL	111111111	1111111111	2007-06-21 23:58:43.217	2007-06-21 23:58:43.217	1
1692	KRO	JAC	JACKSON CORRECTIONAL INSTITUTE                    	?                             	?              	FL	111111111	1111111111	2007-06-21 23:58:43.217	2007-06-21 23:58:43.217	1
1693	KRO	JEF	JACKSON CORRECTIONAL INSTITUTION                  	                              	               	  	000000000	0	2007-06-21 23:58:43.217	2007-06-21 23:58:43.217	1
1694	KRO	LAK	LAKE C.I.                                         	?                             	?              	FL	111111111	1111111111	2007-06-21 23:58:43.217	2007-06-21 23:58:43.217	1
1695	KRO	LAN	LANTANA C.I.                                      	?                             	?              	FL	111111111	1111111111	2007-06-21 23:58:43.217	2007-06-21 23:58:43.217	1
1696	KRO	LAS	LANCASTER C.I.                                    	?                             	?              	FL	111111111	1111111111	2007-06-21 23:58:43.217	2007-06-21 23:58:43.217	1
1697	KRO	LAW	LAWTEY C.I.                                       	?                             	?              	FL	111111111	1111111111	2007-06-21 23:58:43.217	2007-06-21 23:58:43.217	1
1698	KRO	LIB	LIBERTY C.I.                                      	?                             	?              	FL	111111111	1111111111	2007-06-21 23:58:43.217	2007-06-21 23:58:43.217	1
1699	KRO	LOX	LOXAHATECHEE                                      	?                             	MIAMI          	FL	111111111	1111111111	2007-06-21 23:58:43.217	2007-06-21 23:58:43.217	1
1700	KRO	MAC	MARIANNA CCC                                      	?                             	?              	FL	111111111	1111111111	2007-06-21 23:58:43.217	2007-06-21 23:58:43.217	1
1701	KRO	MAD	MADISIN C.T.                                      	?                             	?              	FL	110001111	1111111111	2007-06-21 23:58:43.217	2007-06-21 23:58:43.217	1
1702	KRO	MAN	MARION C.I.                                       	?                             	?              	FL	111111111	1111111111	2007-06-21 23:58:43.217	2007-06-21 23:58:43.217	1
1703	KRO	MAR	MARTIN C.I.                                       	?                             	?              	FL	111111111	1111111111	2007-06-21 23:58:43.217	2007-06-21 23:58:43.217	1
1704	KRO	MAW	MARIANNA W.C.                                     	?                             	?              	FL	111111111	1111111111	2007-06-21 23:58:43.217	2007-06-21 23:58:43.217	1
1705	KRO	MAY	MAYO C.I.                                         	?                             	?              	FL	111111111	1111111111	2007-06-21 23:58:43.217	2007-06-21 23:58:43.217	1
1706	KRO	MHI	MARKION C. T.                                     	?                             	?              	FL	111111111	1111111111	2007-06-21 23:58:43.217	2007-06-21 23:58:43.217	1
1707	KRO	MNC	MENTAL HEALTH INSTITUTE                           	?                             	?              	FL	111111111	1111111111	2007-06-21 23:58:43.217	2007-06-21 23:58:43.217	1
1708	KRO	NEW	NEW RIVER WEST C.I.                               	?                             	?              	FL	111111111	1111111111	2007-06-21 23:58:43.217	2007-06-21 23:58:43.217	1
1709	KRO	OKA	OKALOOSA C.I.                                     	?                             	?              	FL	111111111	1111111111	2007-06-21 23:58:43.217	2007-06-21 23:58:43.217	1
1710	KRO	PAN	PANAMA CITY CCC                                   	?                             	PANAMA CITY    	FL	111111111	1111111111	2007-06-21 23:58:43.217	2007-06-21 23:58:43.217	1
1711	KRO	PAR	PARK HOUSE                                        	?                             	?              	FL	111111111	1111111111	2007-06-21 23:58:43.217	2007-06-21 23:58:43.217	1
1712	KRO	PEN	PENSACOLA CCC                                     	?                             	PENSACOLA      	FL	111111111	1111111111	2007-06-21 23:58:43.217	2007-06-21 23:58:43.217	1
1713	KRO	POL	POLK C.I.                                         	?                             	?              	FL	111111111	1111111111	2007-06-21 23:58:43.217	2007-06-21 23:58:43.217	1
1714	KRO	PUT	PUTNAM C.I.                                       	?                             	?              	FL	111111111	1111111111	2007-06-21 23:58:43.217	2007-06-21 23:58:43.217	1
1715	KRO	QUI	QUINCY CORRECTIONAL INSTITUTION                   	?                             	?              	FL	111111111	1111111111	2007-06-21 23:58:43.217	2007-06-21 23:58:43.217	1
1716	KRO	REC	RECEPTION AND MEDICAL CENTER                      	?                             	?              	FL	111111111	1111111111	2007-06-21 23:58:43.217	2007-06-21 23:58:43.217	1
1717	KRO	RIV	RIVER JUNCTION C.I.                               	?                             	?              	FL	111111111	1111111111	2007-06-21 23:58:43.217	2007-06-21 23:58:43.217	1
1718	KRO	SFR	SFRC-C.I.                                         	?                             	?              	FL	111111111	1111111111	2007-06-21 23:58:43.217	2007-06-21 23:58:43.217	1
1719	KRO	SUM	SUMTER C.I.                                       	?                             	?              	FL	111111111	1111111111	2007-06-21 23:58:43.217	2007-06-21 23:58:43.217	1
1720	KRO	TAL	TALAHASSEE R. P.                                  	?                             	TALAHASSEE     	FL	111111111	1111111111	2007-06-21 23:58:43.217	2007-06-21 23:58:43.217	1
1721	KRO	TGK	INS DEPORTATION OFFICER (LETICIA HENFLING)        	7000 N.W. 41ST STREET         	MIAMI          	FL	331660000		2007-06-21 23:58:43.217	2007-06-21 23:58:43.217	1
1722	KRO	TOM	TOMOKA C.I.                                       	?                             	?              	FL	111111111	1111111111	2007-06-21 23:58:43.217	2007-06-21 23:58:43.217	1
1723	KRO	UNI	UNION C.I.                                        	?                             	?              	FL	111111111	1111111111	2007-06-21 23:58:43.217	2007-06-21 23:58:43.217	1
1724	KRO	WAL	WALTON CORRECTIONAL INSTITUTE                     	?                             	?Q             	FL	111111111	1111111111	2007-06-21 23:58:43.217	2007-06-21 23:58:43.217	1
1725	KRO	ZEP	ZEPHYRHILLS C.I.                                  	?                             	?              	FL	111111111	1111111111	2007-06-21 23:58:43.217	2007-06-21 23:58:43.217	1
1726	LAN	LOM	LOMPOC-IHP FACILITY                               	3600 GUARD ROAD               	LOMPOC         	CA	934360000		2006-07-29 09:03:10.467	2006-07-29 09:03:10.467	1
1727	LAN	LOP	UNITED STATES PENITENTIARY-LOMPOC                 	3901 KLEIN BLVD.              	LOMPOC         	CA	934360000		2006-07-29 09:03:10.467	2006-07-29 09:03:10.467	1
1728	LOS	LOM	LOMPOC-IHP FACILITY                               	3600 GUARD ROAD               	LOMPOC         	CA	934360000		2007-03-17 07:18:47.060	2007-03-17 07:18:47.060	1
1729	LOS	LOP	UNITED STATES PENITENTIARY-LOMPOC                 	3901 KLEIN BLVD.              	LOMPOC         	CA	934360000		2007-03-17 07:18:47.060	2007-03-17 07:18:47.060	1
1730	LVG	ACW	ARIZONA STATE PRISON - ARIZONA CENTER FOR WOMEN   	POST OFFICE BOX 52112         	PHOENIX        	AZ	850720000		2006-08-27 07:33:09.780	2006-08-27 07:33:09.780	1
1731	LVG	ALH	ARIZONA STATE PRISON - ALHAMBRA UNIT              	POST OFFICE BOX 52109         	PHOENIX        	AZ	850070000		2006-08-27 07:33:09.780	2006-08-27 07:33:09.780	1
1732	LVG	APU	ARIZONA STATE PRISON - APACHE UNIT                	POST OFFICE BOX 3240          	ST. JOHNS      	AZ	859360000		2006-08-27 07:33:09.780	2006-08-27 07:33:09.780	1
1733	LVG	CB6	ARIZONA STATE PRISON - CB6                        	POST OFFICE BOX 629           	FLORENCE       	AZ	852320000		2006-08-27 07:33:09.780	2006-08-27 07:33:09.780	1
1734	LVG	CCA	CENTRAL DETENTION CORRECTION ASSOCIATION          	1155 N. PINAL PARKWAY         	FLORENCE       	AZ	852320000		2006-08-27 07:33:09.780	2006-08-27 07:33:09.780	1
1735	LVG	CCC	CARLIN CONSERVATION CAMP; ATTN:  AWP/FAC. MGR.    	POST OFFICE BOX 1500          	CARLIN         	NV	898220000		2006-08-27 07:33:09.780	2006-08-27 07:33:09.780	1
1736	LVG	CDN	ARIZONA STATE PRISON - COMPLEX DETENTION          	10000 SOUTH WILMOT ROAD       	TUCSON         	AZ	857770000		2006-08-27 07:33:09.780	2006-08-27 07:33:09.780	1
1737	LVG	CDU	ARIZONA STATE PRISON - COMPLEX DETENTION          	POST OFFICE BOX 3000          	GOODYEAR       	AZ	853380000		2006-08-27 07:33:09.780	2006-08-27 07:33:09.780	1
1738	LVG	CIM	ARIZONA STATE PRISON - CIMARRON UNIT              	10000 SOUTH WILMOT ROAD       	TUCSON         	AZ	857770000		2006-08-27 07:33:09.780	2006-08-27 07:33:09.780	1
1739	LVG	COK	ARIZONA STATE PRISON - COOK UNIT                  	POST OFFICE BOX 3500          	FLORENCE       	AZ	852320000		2006-08-27 07:33:09.780	2006-08-27 07:33:09.780	1
1740	LVG	CU 	ARIZONA STATE PRISON - CENTRAL UNIT               	POST OFFICE BOX 629           	FLORENCE       	AZ	852320000		2006-08-27 07:33:09.780	2006-08-27 07:33:09.780	1
1741	LVG	ECC	ELY CONSERVATION CAMP; ATTN:  AWP/FAC. MGR.       	STAR ROUTE 5, BOX 45          	ELY            	NV	893010000		2006-08-27 07:33:09.780	2006-08-27 07:33:09.780	1
1742	LVG	ECH	ARIZONA STATE PRISON - ECHO UNIT                  	10000 SOUTH WILMOT ROAD       	TUCSON         	AZ	857770000		2006-08-27 07:33:09.780	2006-08-27 07:33:09.780	1
1743	LVG	ESP	ELY STATE PRISON; ATTN:  AWP/FAC. MGR.            	POST OFFICE BOX 1989          	ELY            	NV	893010000		2006-08-27 07:33:09.780	2006-08-27 07:33:09.780	1
1744	LVG	EU 	ARIZONA STATE PRISON - EAST UNIT                  	POST OFFICE BOX 629           	FLORENCE       	AZ	852320000		2006-08-27 07:33:09.780	2006-08-27 07:33:09.780	1
1745	LVG	FLW	ASPC FLORENCE WEST                                	P.O. BOX 1599                 	FLORENCE       	AZ	852320000		2006-08-27 07:33:09.780	2006-08-27 07:33:09.780	1
1746	LVG	HCC	HUMBOLDT CONSERVATION CAMP; ATTN:  AWP/FAC. MGR.  	POST OFFICE BOX 1069          	WINNEMUCCA     	NV	894460000		2006-08-27 07:33:09.780	2006-08-27 07:33:09.780	1
1747	LVG	HDS	HIGH DESERT STATE PRISON                          	P.O. BOX 650                  	INDIAN SPRINGS 	NV	890180000		2006-08-27 07:33:09.780	2006-08-27 07:33:09.780	1
1748	LVG	ICC	INDIAN SPRINGS CONSERVATION CAMP                  	C/O HDSP, P.O. BOX 650        	INDIAN SPRINGS 	NV	890180000		2006-08-27 07:33:09.780	2006-08-27 07:33:09.780	1
1749	LVG	JCC	JEAN CONSERVATION CAMP                            	P.O. BOX 19859                	JEAN           	NV	890190000		2006-08-27 07:33:09.780	2006-08-27 07:33:09.780	1
1750	LVG	JWC	JEAN WOMEN'S CONSERVATION CAMP                    	P.O. BOX 19859                	JEAN           	NV	890100000		2006-08-27 07:33:09.780	2006-08-27 07:33:09.780	1
1751	LVG	LCC	LOVELOCK CORRECTIONAL CENTER; ATTN:  AWP/FAC. MGR.	POST OFFICE BOX 359           	LOVELOCK       	NV	894190000		2006-08-27 07:33:09.780	2006-08-27 07:33:09.780	1
1752	LVG	LUM	ARIZONA STATE PRISON-LUMLEY                       	POST OFFICE BOX  3000         	GOODYEAR       	AZ	853380000		2006-08-27 07:33:09.780	2006-08-27 07:33:09.780	1
1753	LVG	MAN	ARIZONA STATE PRISON - MANZANITA UNIT             	10000 SOUTH WILMOT ROAD       	TUCSON         	AZ	857770000		2006-08-27 07:33:09.780	2006-08-27 07:33:09.780	1
1754	LVG	MAR	MARANA COMMUNITY CORRECTIONAL TREATMENT CENTER    	12610 WEST SILVERBELL ROAD    	MARANA         	AZ	856530000		2006-08-27 07:33:09.780	2006-08-27 07:33:09.780	1
1755	LVG	MEA	ARIZONA STATE PRISON - MEADOWS UNIT               	POST OFFICE BOX 3500          	FLORENCE       	AZ	852320000		2006-08-27 07:33:09.780	2006-08-27 07:33:09.780	1
1756	LVG	NNC	NORTHERN NEV. CRTNL CENTER; ATTN:  AWP/FAC. MGR.  	POST OFFICE BOX 7007          	CARSON CITY    	NV	897020000		2006-08-27 07:33:09.780	2006-08-27 07:33:09.780	1
1757	LVG	NO1	ARIZONA STATE PRISON - NORTH UNIT 1               	POST OFFICE BOX 629           	FLORENCE       	AZ	852320000		2006-08-27 07:33:09.780	2006-08-27 07:33:09.780	1
1758	LVG	NO2	ARIZONA STATE PRISON - NORTH UNIT 2               	POST OFFICE BOX 629           	FLORENCE       	AZ	852320000		2006-08-27 07:33:09.780	2006-08-27 07:33:09.780	1
1759	LVG	NSP	NEVADA STATE PRISON; ATTN:  AWP/FAC. MGR.         	POST OFFICE BOX 607           	CARSON CITY    	NV	897020000		2006-08-27 07:33:09.780	2006-08-27 07:33:09.780	1
1760	LVG	PCC	PIOCHE CONSERVATION CAMP;  ATTN:  AWP/FAC. MGR.   	POST OFFICE BOX 509           	PIOCHE         	NV	890430000		2006-08-27 07:33:09.780	2006-08-27 07:33:09.780	1
1761	LVG	PHW	ARIZONA STATE PRISON - C/O LAURA LEIST            	3402 W. COCOPAH               	PHOENIX        	AZ	850090000		2006-08-27 07:33:09.780	2006-08-27 07:33:09.780	1
1762	LVG	PIC	ARIZONA STATE PRISON - PICACHO WORK CENTER        	POST OFFICE BOX 629           	FLORENCE       	AZ	852320000		2006-08-27 07:33:09.780	2006-08-27 07:33:09.780	1
1763	LVG	RIN	ARIZONA STATE PRISON - RINCON UNIT                	10000 SOUTH WILMOT ROAD       	TUCSON         	AZ	857770000		2006-08-27 07:33:09.780	2006-08-27 07:33:09.780	1
1764	LVG	RYN	ARIZONA STATE PRISON - RYNNING UNIT               	POST OFFICE BOX 629           	FLORENCE       	AZ	852320000		2006-08-27 07:33:09.780	2006-08-27 07:33:09.780	1
1765	LVG	SC 	ARIZONA STATE PRISON - SANTA CRUZ UNIT            	POST OFFICE BOX 3000          	GOODYEAR       	AZ	853380000		2006-08-27 07:33:09.780	2006-08-27 07:33:09.780	1
1766	LVG	SCC	STEWART CONSERVATION CAMP; ATTN:  AWP/FAC. MGR.   	POST OFFICE BOX 7000          	CARSON CITY    	NV	897020000		2006-08-27 07:33:09.780	2006-08-27 07:33:09.780	1
1767	LVG	SDC	SOUTHERN DESERT CRTNL CNTR.; ATTN:  AWP/FAC. MGR. 	POST OFFICE BOX 208           	INDIAN SPRINGS 	NV	890180000		2006-08-27 07:33:09.780	2006-08-27 07:33:09.780	1
1768	LVG	SJ 	ARIZONA STATE PRISON - SAN JUAN UNIT              	POST OFFICE BOX 3000          	GOODYEAR       	AZ	853380000		2006-08-27 07:33:09.780	2006-08-27 07:33:09.780	1
1769	LVG	SMF	ARIZONA STATE PRISON - SANTA MARIA UNIT           	POST OFFICE BOX 3000          	GOODYEAR       	AZ	853380000		2006-08-27 07:33:09.780	2006-08-27 07:33:09.780	1
1770	LVG	SMU	ARIZONA STATE PRISON - SPECIAL MANAGEMENT UNIT 1  	POST OFFICE BOX 3500          	FLORENCE       	AZ	852320000		2006-08-27 07:33:09.780	2006-08-27 07:33:09.780	1
1771	LVG	SNC	SOUTHERN NEV. CRCTNL CENTER; ATTN:  AWP/FAC. MGR. 	POST OFFICE BOX 100           	JEAN           	NV	890190000		2006-08-27 07:33:09.780	2006-08-27 07:33:09.780	1
1772	LVG	SNR	ARIZONA STATE PRISON - SANTA RITA UNIT            	10000 SOUTH WILMOT ROAD       	TUCSON         	AZ	857770000		2006-08-27 07:33:09.780	2006-08-27 07:33:09.780	1
1773	LVG	SNW	SO.NEVADA WOMEN'S CORRECTIONAL FACILITY (SNWCF)   	4370 SMILEY ROAD              	N. LAS VEGAS   	NV	891150000		2006-08-27 07:33:09.780	2006-08-27 07:33:09.780	1
1774	LVG	SP 	ARIZONA STATE PRISON - SAN PEDRO UNIT             	POST OFFICE BOX 3000          	GOODYEAR       	AZ	853380000		2006-08-27 07:33:09.780	2006-08-27 07:33:09.780	1
1775	LVG	SPU	ARIZONA STATE PRISON - SPECIAL PROGRAM UNIT       	POST OFFICE BOX 629           	FLORENCE       	AZ	852320000		2006-08-27 07:33:09.780	2006-08-27 07:33:09.780	1
1776	LVG	SRC	SOUTHERN NEV. REST. CENTER; ATTN:  AWP/FAC. MGR.  	3430 NORTH LAS VEGAS BLVD.    	N. LAS VEGAS   	NV	891100000		2006-08-27 07:33:09.780	2006-08-27 07:33:09.780	1
1777	LVG	SSC	SILVER SPGS CONSERVATION CAMP; ATTN:  AWP/FAC. MGR	POST OFFICE BOX 810           	SILVER SPRINGS 	NV	894290810		2006-08-27 07:33:09.780	2006-08-27 07:33:09.780	1
1778	LVG	SU 	ARIZONA STATE PRISON - SOUTH UNIT                 	POST OFFICE BOX 629           	FLORENCE       	AZ	852320000		2006-08-27 07:33:09.780	2006-08-27 07:33:09.780	1
1779	LVG	SUM	ARIZONA STATE PRISON - SPECIAL MANAGEMENT UNIT 2  	POST OFFICE BOX 3500          	FLORENCE       	AZ	852320000		2006-08-27 07:33:09.780	2006-08-27 07:33:09.780	1
1780	LVG	TCC	TONOPAH CONSERVATION CAMP; ATTN:  AWP/FAC. MGR.   	POST OFFICE BOX 8045          	TONOPAH        	NV	890490000		2006-08-27 07:33:09.780	2006-08-27 07:33:09.780	1
1781	LVG	WCC	WELLS CONSERVATION CAMP; ATTN:  AWP/FAC. MGR.     	HC 67-50                      	WELL           	NV	898350000		2006-08-27 07:33:09.780	2006-08-27 07:33:09.780	1
1782	LVG	WIN	ARIZONA STATE PRISON - WINCHESTER UNIT            	10000 SOUTH WILMOT ROAD       	TUCSON         	AZ	857770000		2006-08-27 07:33:09.780	2006-08-27 07:33:09.780	1
1783	LVG	WS1	Warm Springs Correctional Ctr.	33301 E. 5th Street	Carson City	NV	89702		2008-09-22 18:09:39.477	2008-09-22 18:09:39.477	1
1784	LVG	WSC	NEV MEN'S CRCTNL CTR, ATTN; AWP/FAC. MGR          	POST OFFICE BOX 7007          	CARSON CITY    	NV	897020000		2006-08-27 07:33:09.780	2006-08-27 07:33:09.780	1
1785	MEM	.LC	ST. LOUIS CORRECTIONAL FACILITY                   	8585 N. CROSWELL              	ST. LOUIS      	MI	488800000		2007-06-09 00:58:02.483	2007-06-09 00:58:02.483	1
1786	MEM	ADR	ADRIAN TEMPORARY FACILITY                         	P.O. BOX 1900                 	ADRIAN         	MI	492210000		2007-06-09 00:58:02.483	2007-06-09 00:58:02.483	1
1787	MEM	AIR	BIG SPRING CORRECTIONAL CENTER  #2                	3700 WRIGHT AVE.--AIRPARK UNIT	BIG SPRING     	TX	797200000		2007-06-09 00:58:02.483	2007-06-09 00:58:02.483	1
1788	MEM	ALL	ALLEN CORRECTIONAL INSTITUTION                    	P.O. BOX 4501                 	LIMA           	OH	458020000		2007-06-09 00:58:02.483	2007-06-09 00:58:02.483	1
1789	MEM	BAR	BARAGA MAX. FACILITY                              	301 WADAGA ROAD               	BARAGA         	MI	499080000	1111111111	2007-06-09 00:58:02.483	2007-06-09 00:58:02.483	1
1790	MEM	BCC	BELLAMY CREEK CORRECTIONAL FACILITY               	1727 W. BLUEWATER HWY         	IONIA          	MI	488460000		2007-06-09 00:58:02.483	2007-06-09 00:58:02.483	1
1791	MEM	BCI	BELMONT CORRECTIONAL INSTITUTION                  	P.O. BOX 540                  	ST. CLAIRSVILLE	OH	439500000		2007-06-09 00:58:02.483	2007-06-09 00:58:02.483	1
1792	MEM	BIG	BIG SPRINGS FEDERAL CORRECTIONAL INSTITUTE        	1900 SIMLAR DRIVE             	BIG SPRING     	TX	797200000		2007-06-09 00:58:02.483	2007-06-09 00:58:02.483	1
1793	MEM	BMC	BIG MUDDY CORRECTIONAL CENTER                     	BOX 1000                      	INA            	IL	628461000	1111111111	2007-06-09 00:58:02.483	2007-06-09 00:58:02.483	1
1794	MEM	BRC	BOYER ROAD CORRECTIONAL FACILITY                  	10274 BOYER ROAD              	CARSON CITY    	MI	488110000		2007-06-09 00:58:02.483	2007-06-09 00:58:02.483	1
1795	MEM	BRO	BROOKS REGIONAL FACILITY                          	2500 S. SHERIDAN              	MUSKEGON       	MI	494440000	1111111111	2007-06-09 00:58:02.483	2007-06-09 00:58:02.483	1
1796	MEM	BTC	BRANCHVILLE TRAINING CENTER                       	P.O. BOX 500                  	TELL CITY      	IN	475860000		2007-06-09 00:58:02.483	2007-06-09 00:58:02.483	1
1797	MEM	CAR	CARSON CITY CORRECTIONAL FACILITY                 	10274 BOYER ROAD              	CARSON CITY    	MI	488110000	1111111111	2007-06-09 00:58:02.483	2007-06-09 00:58:02.483	1
1798	MEM	CCC	CIBOLA COUNTY CORRECTIONAL CENTER                 	P.O. BOX 3540                 	MILAN          	NM	870210000	1111111111	2007-06-09 00:58:02.483	2007-06-09 00:58:02.483	1
1799	MEM	CCF	COTTON CORRECTIONAL FACILITY                      	3500 N. ELM STREET            	JACKSON        	MI	492010000		2007-06-09 00:58:02.483	2007-06-09 00:58:02.483	1
1800	MEM	CEF	CHARLES EGELER CORRECTIONAL FACILITY              	P.O. BOX 8000                 	JACKSON        	MI	492090000	1111111111	2007-06-09 00:58:02.483	2007-06-09 00:58:02.483	1
1801	MEM	CEN	CENTRALIA CORRECTIONAL CENTER                     	P.O. BOX 1266                 	CENTRALIA      	IL	628010000	1111111111	2007-06-09 00:58:02.483	2007-06-09 00:58:02.483	1
1802	MEM	CHI	CHILLICOTHE  CORRECTIONAL INSTITUTE               	P.O. BOX 5500                 	CHILLICOTHE    	OH	456010000		2007-06-09 00:58:02.483	2007-06-09 00:58:02.483	1
1803	MEM	CIC	CORRECTIONAL INDUSTRIAL COMPLEX                   	P.O. BOX 600                  	PENDLETON      	IN	460640600		2007-06-09 00:58:02.483	2007-06-09 00:58:02.483	1
1804	MEM	CLA	CLARINDA CORRECTIONAL FACILITY                    	BOX 1338                      	CLARINDA       	IA	513620000	1111111111	2007-06-09 00:58:02.483	2007-06-09 00:58:02.483	1
1805	MEM	CMC	CORRECTIONS MEDICAL CENTER                        	199 HARMON AVE. P.O. BOX 23658	COLUMBUS       	OH	432230000	1111111111	2007-06-09 00:58:02.483	2007-06-09 00:58:02.483	1
1806	MEM	CNM	CENTRAL NEW MEXICO CORRECTIONAL FACILITY          	P.O. DRAWER 1328              	LOS LUNAS      	NM	870311328	1111111111	2007-06-09 00:58:02.483	2007-06-09 00:58:02.483	1
1807	MEM	COL	COLUMBIA CORRECTIONAL INSTITUTION                 	ROUTE 3                       	PORTAGE        	WI	539010000	1111111111	2007-06-09 00:58:02.483	2007-06-09 00:58:02.483	1
1808	MEM	COR	CORRECTIONAL RECEPTION CENTER                     	11271 STATE RT. 762           	ORIENT         	OH	431460000		2007-06-09 00:58:02.483	2007-06-09 00:58:02.483	1
1809	MEM	COT	G. ROBERT COTTON FACILITY                         	3500 N. ELM STREET            	JACKSON        	MI	492010000	1111111111	2007-06-09 00:58:02.483	2007-06-09 00:58:02.483	1
1810	MEM	CPO	CAMP OJIBWAY                                      	P.O. BOX 236                  	MARENISCO      	MI	499470000	1111111111	2007-06-09 00:58:02.483	2007-06-09 00:58:02.483	1
1811	MEM	CTC	CHIPPEWA TEMPOARY CORRECTIONAL FACILITY           	WEST TONE RD.                 	KINCHELOE      	MI	497850000	1111111111	2007-06-09 00:58:02.483	2007-06-09 00:58:02.483	1
1812	MEM	DAN	DANVILLE CORRECTIONAL CENTER                      	P.O. BOX 4002                 	DANVILLE       	IL	618340000	1111111111	2007-06-09 00:58:02.483	2007-06-09 00:58:02.483	1
1813	MEM	DCI	DAYTON CORRECTIONAL INSTITUTE                     	P.O. BOX 17249                	DAYTON         	OH	454170000	1111111111	2007-06-09 00:58:02.483	2007-06-09 00:58:02.483	1
1814	MEM	DCS	DEPARTMENT OF CORRECTIONAL SERVICES               	P.O. BOX 94661                	LINCOLN        	NE	685094661		2007-06-09 00:58:02.483	2007-06-09 00:58:02.483	1
1815	MEM	DFI	DEERFIELD CORRECTIONAL FACILITY                   	1755 HARWOOD ROAD             	IONIA          	MI	488460000		2007-06-09 00:58:02.483	2007-06-09 00:58:02.483	1
1816	MEM	DIS	DIVISION OF INTENSIVE SANCTIONS                   	906 ANN STREET                	MADISON        	WI	537130000		2007-06-09 00:58:02.483	2007-06-09 00:58:02.483	1
1817	MEM	DIX	DIXON CORRECTIONAL CENTER                         	2600 BRITON AVE.              	DIXON          	IL	610211111	1111111111	2007-06-09 00:58:02.483	2007-06-09 00:58:02.483	1
1818	MEM	DOD	DODGE CORRECTIONAL                                	BOX 631                       	PLYMOUTH       	WI	539630000	1111111111	2007-06-09 00:58:02.483	2007-06-09 00:58:02.483	1
1819	MEM	DUN	DUNES CORRECTIONAL FACILITY                       	6605 W. 138TH AVENUE RT. 1    	HOLLAND        	MI	494230000	1111111111	2007-06-09 00:58:02.483	2007-06-09 00:58:02.483	1
1820	MEM	DWI	DWIGHT CORRECTIONAL CENTER                        	P.O. BOX 5001                 	DWIGHT         	IL	604205001		2007-06-09 00:58:02.483	2007-06-09 00:58:02.483	1
1821	MEM	EAS	EAST MOLINE CORRECTIONAL CENTER                   	100 HILLCREST ROAD            	EAST MOLINE    	IL	612440000	1111111111	2007-06-09 00:58:02.483	2007-06-09 00:58:02.483	1
1822	MEM	ECF	ELLSWORTH CORRECTIONAL FACILITY                   	P.O. BOX 107                  	ELLSWORTH      	KS	674390000		2007-06-09 00:58:02.483	2007-06-09 00:58:02.483	1
1823	MEM	EGC	EGELER CORRECTIONAL FACILITY                      	3855 COOPER ST.               	JACKSON        	MI	492010000	1111111111	2007-06-09 00:58:02.483	2007-06-09 00:58:02.483	1
1824	MEM	ELD	EL DORADO CORRECTIONAL FACILITY                   	P.O. BOX 311                  	EL DORADO      	KS	670420000		2007-06-09 00:58:02.483	2007-06-09 00:58:02.483	1
1825	MEM	ELL	ELLSWORTH CORRECTIONAL FACILITY                   	P.O. BOX 107                  	ELLSWORTH      	KS	674390000		2007-06-09 00:58:02.483	2007-06-09 00:58:02.483	1
1826	MEM	ENG	ENGLER CORRECTIONAL FACILITY                      	3855 COOPER STREET            	JACKSON        	MI	492010000	1111111111	2007-06-09 00:58:02.483	2007-06-09 00:58:02.483	1
1827	MEM	FCI	FOX LAKE CORRECTIONAL INSTITUTION                 	FOX LAKE 147                  	FOX LAKE       	WI	539930000	1111111111	2007-06-09 00:58:02.483	2007-06-09 00:58:02.483	1
1828	MEM	FLT	BIG SPRING CORRECTIONAL CENTER                    	2001 AIRPARK DR W.- FLIGHTLINE	BIG SPRINGS    	TX	797200000		2007-06-09 00:58:02.483	2007-06-09 00:58:02.483	1
1829	MEM	FPR	FRANKLIN PRE RELEASE CENTER                       	P.O. BOX 23651                	COLUMBUS       	OH	432230000		2007-06-09 00:58:02.483	2007-06-09 00:58:02.483	1
1830	MEM	GCC	GALESBURG CORRECTIONAL CENTER                     	P.O. BOX 1327                 	GALESBURG      	IL	614010000		2007-06-09 00:58:02.483	2007-06-09 00:58:02.483	1
1831	MEM	GFT	GRAFTON CORRECTIONAL INSTITUTION                  	2500 S. AVON BELDEB ROAD      	GRAFTON        	OH	440440000	1111111111	2007-06-09 00:58:02.483	2007-06-09 00:58:02.483	1
1832	MEM	GPE	GUADALUPE COUNTY CORRECTIONAL FACILITY            	P.O. BOX 520                  	SANTA ROSA     	NM	884350000	1234567890	2007-06-09 00:58:02.483	2007-06-09 00:58:02.483	1
1833	MEM	GRA	GRAHAM CORRECTIONAL CENTER                        	P.O. BOX 499                  	HILLSBORO      	IL	620490000	1111111111	2007-06-09 00:58:02.483	2007-06-09 00:58:02.483	1
1834	MEM	GRE	GREEN BAY CORRECTIONAL INSTITUTION                	BOX 19033                     	GREEN BAY      	WI	543070000	1111111111	2007-06-09 00:58:02.483	2007-06-09 00:58:02.483	1
1835	MEM	GUS	GUS HARRISON FACILITY                             	2727 E. BEECHER  BOX 1888     	ADRIAN         	MI	492210000	1111111111	2007-06-09 00:58:02.483	2007-06-09 00:58:02.483	1
1836	MEM	HAN	HANDLON CORRECTIONAL FACILITY                     	1728 BLUEWATER HIGHWAY        	IONIA          	MI	488460000		2007-06-09 00:58:02.483	2007-06-09 00:58:02.483	1
1837	MEM	HAS	HASTINGS CORRECTIONAL CENTER                      	P.O. BOX 2048                 	HASTINGS       	NE	689022048	1111111111	2007-06-09 00:58:02.483	2007-06-09 00:58:02.483	1
1838	MEM	HC 	HARRSION CORRECTIONAL FACILITY                    	2727 E. BEECHER ROAD          	ADRIAN         	MI	492210000		2007-06-09 00:58:02.483	2007-06-09 00:58:02.483	1
1839	MEM	HCC	HILL CORRECTIONAL CENTER                          	600 LYNWOOD ROAD, P.O. 1327   	GALESBURG,     	IL	614010000		2007-06-09 00:58:02.483	2007-06-09 00:58:02.483	1
1840	MEM	HCF	HUTCHINSON CORRECTIONAL FACILITY                  	P.O. BOX 1568                 	HUTCHINSON     	KS	675040000	1111111111	2007-06-09 00:58:02.483	2007-06-09 00:58:02.483	1
1841	MEM	HCK	HOCKING CORRECTIONAL FACILITY                     	16759 SNAKE HOLLOW ROAD       	NELSON         	OH	111110000	1111111111	2007-06-09 00:58:02.483	2007-06-09 00:58:02.483	1
1842	MEM	HCW	HUTCHINSON CORRECTIONAL WORK FACILITY             	400 S. HALSTED                	HUTCHINSON     	KS	675010000		2007-06-09 00:58:02.483	2007-06-09 00:58:02.483	1
1843	MEM	HIA	HIAWATHA TEMPORARY FACILITY                       	MARSHALL ROAD                 	KINCHELOE      	MI	497860000		2007-06-09 00:58:02.483	2007-06-09 00:58:02.483	1
1844	MEM	IAP	IOWA STATE PENITENTARY                            	BOX 316                       	FORT MADISON   	IA	526270000	1111111111	2007-06-09 00:58:02.483	2007-06-09 00:58:02.483	1
1845	MEM	ICD	IOWA DEPARTMENT OF CORRECTIONS                    	1200 E. WASHINGTON            	MT. PLEASANT   	IA	526410000		2007-06-09 00:58:02.483	2007-06-09 00:58:02.483	1
1846	MEM	ICW	IOWA CORRECTIONAL INSTITUTE FOR WOMEN             	BOX 700                       	MITCHELLVILLE  	IA	501690000	1111111111	2007-06-09 00:58:02.483	2007-06-09 00:58:02.483	1
1847	MEM	IDC	IOWA DEPARTMENT OF CORRECTIONS-WORK RELEASE CENTER	605 MAIN                      	DAVENPORT      	IA	528030000	1111111111	2007-06-09 00:58:02.483	2007-06-09 00:58:02.483	1
1848	MEM	IMA	IOWA MEDICAL AND CLASSIFICATION CENTER            	P.O. BOX A                    	OAKDALE        	IA	523190000		2007-06-09 00:58:02.483	2007-06-09 00:58:02.483	1
1849	MEM	IMR	IOWA MEN'S REFORMATORY                            	BOX B                         	ANAMOSA        	IA	522050000	1111111111	2007-06-09 00:58:02.483	2007-06-09 00:58:02.483	1
1850	MEM	IND	INDIANA STATE PRISON                              	P.O. BOX 41                   	MICHIGAN CITY  	IN	463600000	1111111111	2007-06-09 00:58:02.483	2007-06-09 00:58:02.483	1
1851	MEM	INT	INTERSTATE UNIT                                   	ROUTE 2,  BOX 7               	BIG SPRING     	TX	797200000		2007-06-09 00:58:02.483	2007-06-09 00:58:02.483	1
1852	MEM	ION	IONIA CORRECTIONAL FACILITY                       	1576 W. BLUEWATER HIGHWAY     	IONIA          	MI	488460000	1111111111	2007-06-09 00:58:02.483	2007-06-09 00:58:02.483	1
1853	MEM	IRC	ILLINOIS RIVER CORRECTIONAL INSTITUTION           	P.O. BOX 999                  	CANTON         	IL	615200000		2007-06-09 00:58:02.483	2007-06-09 00:58:02.483	1
1854	MEM	ISF	INDIANA STATE FARM                                	P.O. BOX 76                   	GREENCASTLE    	IN	461350000		2007-06-09 00:58:02.483	2007-06-09 00:58:02.483	1
1855	MEM	ISP	INDIANA STATE PRISON                              	P.O. BOX 41                   	MICHIGAN CITY  	IN	463600000		2007-06-09 00:58:02.483	2007-06-09 00:58:02.483	1
1856	MEM	ISR	INDIANA STATE REFORMATORY                         	P.O. BOX 28                   	PENDLETON      	IN	460640000		2007-06-09 00:58:02.483	2007-06-09 00:58:02.483	1
1857	MEM	IWP	INDIANA WOMEN'S PRISON                            	401 NORTH RANDOLPH STREET     	INDIANAPOLIS   	IN	462010000		2007-06-09 00:58:02.483	2007-06-09 00:58:02.483	1
1858	MEM	IYC	INDIANA YOUTH CENTER                              	727 MOON ROAD                 	PLAINFIELD     	IN	461680000		2007-06-09 00:58:02.483	2007-06-09 00:58:02.483	1
1859	MEM	JAC	JACKSON STATE PRISON - CENTRAL                    	4000 COOPER STREET            	JACKSON        	MI	492010000	1111111111	2007-06-09 00:58:02.483	2007-06-09 00:58:02.483	1
1860	MEM	JAK	JACKSONVILLE CORRECTIONAL CENTER                  	R.R. 4 P.O. BOX 28C           	JACKSONVILLE   	IL	626500000		2007-06-09 00:58:02.483	2007-06-09 00:58:02.483	1
1861	MEM	JCF	JACKSON COTTON FACILITY                           	3500 NORTH ELM STREET         	JACKSON        	MI	492010000	1111111111	2007-06-09 00:58:02.483	2007-06-09 00:58:02.483	1
1862	MEM	JCI	JACKSON CORRECTIONAL INSTITUTION                  	BOX 232                       	BLACK RIVER FLS	WI	546150000		2007-06-09 00:58:02.483	2007-06-09 00:58:02.483	1
1863	MEM	JOL	JOLIET CORRECTIONAL CENTER                        	P.O. BOX 515                  	JOLIET         	IL	604320000	1111111111	2007-06-09 00:58:02.483	2007-06-09 00:58:02.483	1
1864	MEM	KCC	KENOSHA CORRECTIONAL CENTER                       	6353 14TH AVENUE              	KENOSHA        	WI	531400000	1111111111	2007-06-09 00:58:02.483	2007-06-09 00:58:02.483	1
1865	MEM	KCF	KINROSS CORRECTIONAL FACILITY                     	4535 WEST TONE ROAD           	KINCHELOE      	MI	497880000		2007-06-09 00:58:02.483	2007-06-09 00:58:02.483	1
1866	MEM	KEN	KENT COUNTY CORRECTIONAL FACILITY                 	701 BALL AVENUE N.E.          	GRAND RAPIDS   	MI	495030000	1111111111	2007-06-09 00:58:02.483	2007-06-09 00:58:02.483	1
1867	MEM	KMC	KETTLE MORAINE CORRECTIONAL INSTITUTION           	BOX 31                        	PLYMOUTH       	WI	530730000	1111111111	2007-06-09 00:58:02.483	2007-06-09 00:58:02.483	1
1868	MEM	KSC	KANSAS STATE CORRECTION INSTITUTION               	BOX # 160                     	LANSING        	KS	660430000	1111111111	2007-06-09 00:58:02.483	2007-06-09 00:58:02.483	1
1869	MEM	KSI	KANSAS STATE INDUSTRIAL REFORMATORY               	P.O. BOX 1568                 	HUTCHINSON     	KS	675040000		2007-06-09 00:58:02.483	2007-06-09 00:58:02.483	1
1870	MEM	LAK	METROPOLITAN CORRECTIONAL FACILITY/LINO LAKES     	7525 4TH AVENUE               	LINO LAKES     	MN	550140000	1111111111	2007-06-09 00:58:02.483	2007-06-09 00:58:02.483	1
1871	MEM	LAT	LA TUNA FEDERAL CORRECTIONAL INSTITUTE            	P.O. BOX 1000                 	ANTHONY        	NM	880210000		2007-06-09 00:58:02.483	2007-06-09 00:58:02.483	1
1872	MEM	LCC	LINCOLN CORRECTIONAL CENTER                       	P.O. BOX 22800                	LINCOLN        	NE	685420000	1111111111	2007-06-09 00:58:02.483	2007-06-09 00:58:02.483	1
1873	MEM	LCF	LANSING CORRECTIONAL FACILITY                     	P.O. BOX 2                    	LANSING        	KS	660430000		2007-06-09 00:58:02.483	2007-06-09 00:58:02.483	1
1874	MEM	LCI	LORAIN CORRECTIONAL INSTITUTION                   	2075 S. AVON-BELDEN  RD.      	GRAFTON        	OH	440440000	1111111111	2007-06-09 00:58:02.483	2007-06-09 00:58:02.483	1
1875	MEM	LEA	LEA COUNTY CORRECTIONAL FACILITY                  	6900 W. MILLEN DRIVE          	HOBBS          	NM	882440000	1234567890	2007-06-09 00:58:02.483	2007-06-09 00:58:02.483	1
1876	MEM	LEB	LEBANON CORRECTIONAL INSTITUTE                    	P.O. BOX 56                   	LEBANON        	OH	450360000		2007-06-09 00:58:02.483	2007-06-09 00:58:02.483	1
1877	MEM	LEC	LAKE ERIE CORRECTIONAL INSTITUTION                	501 THOMSPON ROAD             	CONNEAUT       	OH	440300000		2007-06-09 00:58:02.483	2007-06-09 00:58:02.483	1
1878	MEM	LEV	UNITED STATES PENITENTIARY LEAVENWORTH            	1300 METROPOLITAN             	LEAVENWORTH    	KS	660480000		2007-06-09 00:58:02.483	2007-06-09 00:58:02.483	1
1879	MEM	LEX	LEXINGTON RECEPTION AND ASSESSMENT CENTER  ODOC   	P.O. BOX 260                  	LEXINGTON      	OK	730510000		2007-06-09 00:58:02.483	2007-06-09 00:58:02.483	1
1880	MEM	LIM	LIMA CORRECTIONAL INSTITUTE                       	P.O. BOX 4571                 	LIMA           	OH	458020000		2007-06-09 00:58:02.483	2007-06-09 00:58:02.483	1
1881	MEM	LIN	LINCOLN CORRECTIONAL CENTER                       	P.O. BOX 549                  	LINCOLN        	IL	626560000		2007-06-09 00:58:02.483	2007-06-09 00:58:02.483	1
1882	MEM	LLC	LAKELAND CORRECTIONAL FACILITY                    	141 FIRST STREET              	COLDWATER      	MI	490360000	1111111111	2007-06-09 00:58:02.483	2007-06-09 00:58:02.483	1
1883	MEM	LOG	LOGAN CORRECTIONAL CENTER                         	R.R. 3 - BOX 1000             	LINCOLN        	IL	626560000	1111111111	2007-06-09 00:58:02.483	2007-06-09 00:58:02.483	1
1884	MEM	LON	LONDON CORRECTIONAL INSTITUTE                     	P.O. BOX 69                   	LONDON         	OH	431400000		2007-06-09 00:58:02.483	2007-06-09 00:58:02.483	1
1885	MEM	MAD	MADISON CORRECTIONAL INSTITUTE                    	1851 STATE RT.56, P.O. BOX 740	LONDON         	OH	431400000		2007-06-09 00:58:02.483	2007-06-09 00:58:02.483	1
1886	MEM	MAQ	MARQUETTE BRANCH PRISON                           	P.O. BOX 779                  	MARQUETTE      	MI	498550000	1111111111	2007-06-09 00:58:02.483	2007-06-09 00:58:02.483	1
1887	MEM	MAR	MARION CORRECTIONAL FACILITY                      	P.O. BOX 57                   	MARION         	OH	433020000		2007-06-09 00:58:02.483	2007-06-09 00:58:02.483	1
1888	MEM	MCB	MACOMB REGIONAL FACILITY                          	34625 26 MILE ROAD            	NEW HAVEN      	MI	480480000	1111111111	2007-06-09 00:58:02.483	2007-06-09 00:58:02.483	1
1889	MEM	MCF	MINNESOTA CORRECTIONAL FACILITY - STILLWATER      	5500 PICKETT AVE.             	STILLWATER     	MN	550820000		2007-06-09 00:58:02.483	2007-06-09 00:58:02.483	1
1890	MEM	MDC	METROPOLITAN DETENTION CENTER                     	P.O. BOX 2147                 	SAN JUAN       	PR	009220000		2007-06-09 00:58:02.483	2007-06-09 00:58:02.483	1
1891	MEM	MEN	MENARD                                            	P.O. BOX 711                  	MENARD         	IL	622590000	1111111111	2007-06-09 00:58:02.483	2007-06-09 00:58:02.483	1
1892	MEM	MFF	MINNESOTA CORRECTIONAL FACILITY - FARIBAULT       	P.O. BOX 936                  	FARIBAULT      	MN	550210936	1111111111	2007-06-09 00:58:02.483	2007-06-09 00:58:02.483	1
1893	MEM	MLK	METROPOLITAN CORRECTIONAL FACILITY/MOOSE LAKE     	P.O. BOX 359                  	MOOSE LAKE     	MN	557670000	1111111111	2007-06-09 00:58:02.483	2007-06-09 00:58:02.483	1
1894	MEM	MLL	MINNESOTA CORRECTIONAL FACILITY-LINO LAKES        	7525 4TH AVENUE               	LINO LAKES     	MN	550141099	1111111111	2007-06-09 00:58:02.483	2007-06-09 00:58:02.483	1
1895	MEM	MNS	MANSFIELD CORRECTIONAL INSTITUTION                	P.O. BOX 788                  	MANSFIELD      	OH	449010000		2007-06-09 00:58:02.483	2007-06-09 00:58:02.483	1
1896	MEM	MON	MONTGOMERY EDUCATION AND PRE-RELEASE CENTER       	P.O. BOX 17399                	DAYTON         	OH	454182312		2007-06-09 00:58:02.483	2007-06-09 00:58:02.483	1
1897	MEM	MOP	MINNESOTA CORRECTIONAL FACILITY-OAK PARK HEIGHTS  	BOX 10                        	STILLWATER     	MN	550820020		2007-06-09 00:58:02.483	2007-06-09 00:58:02.483	1
1898	MEM	MOU	MOUND REGIONAL FACILITY                           	17601 MOUND                   	DETROIT        	MI	482340000	1111111111	2007-06-09 00:58:02.483	2007-06-09 00:58:02.483	1
1899	MEM	MPI	MOUNT PLEASANT CORRECTIONAL FACILITY              	HIGHWAY 218 SOUTH             	MT. PLEASANT   	IA	526410000		2007-06-09 00:58:02.483	2007-06-09 00:58:02.483	1
1900	MEM	MR 	MICHIGAN REFORMATORY                              	1342 WEST MAIN STREET         	IONIA          	MI	488460000		2007-06-09 00:58:02.483	2007-06-09 00:58:02.483	1
1901	MEM	MRD	MENARD PSYCH CENTER                               	P.O. BOX 56                   	MENARD         	IL	622590000	1111111111	2007-06-09 00:58:02.483	2007-06-09 00:58:02.483	1
1902	MEM	MRF	MOUND REGIONAL FACILITY                           	                              	               	  	000000000	0	2007-06-09 00:58:02.483	2007-06-09 00:58:02.483	1
1903	MEM	MSA	MINNESOTA CORRECTIONAL FACILITY                   	P.O. BOX B-REFORMATORY DRIVE  	ST. CLOUD      	MN	563020000		2007-06-09 00:58:02.483	2007-06-09 00:58:02.483	1
1904	MEM	MSP	STATE PRISON OF SOUTHERN MICHIGAN                 	4000 COOPER STREET            	JACKSON        	MI	482010000	1111111111	2007-06-09 00:58:02.483	2007-06-09 00:58:02.483	1
1905	MEM	MTA	MINNESOTA CORRECTIONAL FACILITY - SHAKOPEE        	1010 WEST SIXTH AVENUE        	SHAKOPEE       	MN	553790000	1111111111	2007-06-09 00:58:02.483	2007-06-09 00:58:02.483	1
1906	MEM	MTP	MT. PLEASANT CORRECTIONAL FACILITY                	HIGHWAY 218 SOUTH             	MT. PLEASANT   	IA	526410000		2007-06-09 00:58:02.483	2007-06-09 00:58:02.483	1
1907	MEM	MTU	MICHIGAN TRAINING UNIT                            	P.O. BOX 492                  	IONIA          	MI	488460000	1111111111	2007-06-09 00:58:02.483	2007-06-09 00:58:02.483	1
1908	MEM	MUS	MUSKEGON CORRECTIONAL FACILITY                    	2400 SHERIDAN                 	MUSKEGON       	MI	494420000	1111111111	2007-06-09 00:58:02.483	2007-06-09 00:58:02.483	1
1909	MEM	NCC	NORTH CENTRAL CORRECTIONAL FACILITY               	BOX 313                       	ROCKWELL CITY  	IA	505790000	1111111111	2007-06-09 00:58:02.483	2007-06-09 00:58:02.483	1
1910	MEM	NCF	NORTON CORRECTIONAL FACILITY                      	RT.# 1 BOX 60                 	KANSAS         	KS	676540000	1111111111	2007-06-09 00:58:02.483	2007-06-09 00:58:02.483	1
1911	MEM	NCS	NORTH COAST CORRECTIONAL FACILITY                 	2000 SOUTH AVON BELDEN ROAD   	GRAFTON        	OH	440440000		2007-06-09 00:58:02.483	2007-06-09 00:58:02.483	1
1912	MEM	NCW	NEBRASKA CENTER FOR WOMEN                         	ROUTE 1, BOX 33               	YORK           	NE	684670000	1111111111	2007-06-09 00:58:02.483	2007-06-09 00:58:02.483	1
1913	MEM	NDC	NEBRASKA DEPARTMENT OF CORRECTIONAL SERVICE       	P.O. BOX 94661                	LINCOLN        	NE	685094661		2007-06-09 00:58:02.483	2007-06-09 00:58:02.483	1
1914	MEM	NDE	NEBRASKA DIAGNOSTIC & EVALUATION CENTER           	P.O. BOX 22800                	LINCOLN        	NE	685422800	1111111111	2007-06-09 00:58:02.483	2007-06-09 00:58:02.483	1
1915	MEM	NEW	NEWBERRY CORRECTIONAL FACILITY                    	3001 NEWBERRY AVENUE          	NEWBERRY       	MI	498680000		2007-06-09 00:58:02.483	2007-06-09 00:58:02.483	1
1916	MEM	NIC	NOBLE CORRECTIONAL INSTITUTION/15708 ST.ROUTE 78  	P.O. BOX 278                  	CALDWELL       	OH	437240000		2007-06-09 00:58:02.483	2007-06-09 00:58:02.483	1
1917	MEM	NMX	SOUTHERN NEW MEXICO CORRECTIONAL FACILITY         	P.O. BOX 639                  	LAS CRUCES     	NM	880040000		2007-06-09 00:58:02.483	2007-06-09 00:58:02.483	1
1918	MEM	NSP	NEBRASKA STATE PENITENTIARY                       	BOX 2500                      	LINCOLN        	NE	685020500		2007-06-09 00:58:02.483	2007-06-09 00:58:02.483	1
1919	MEM	OAK	OAKWOOD FORENSIC CENTER DEPT OF MENTAL HEALTH     	3200 NORTHWEST STREE          	LIMA           	OH	458010000		2007-06-09 00:58:02.483	2007-06-09 00:58:02.483	1
1920	MEM	OCC	OMAHA CORRECTIONAL CENTER                         	2323 E. AVE. J                	OMAHA          	NE	681100000		2007-06-09 00:58:02.483	2007-06-09 00:58:02.483	1
1921	MEM	OCI	OAKHILL CORRECTIONAL INSTITUTION                  	BOX 238                       	OREGON         	WI	535750000	1111111111	2007-06-09 00:58:02.483	2007-06-09 00:58:02.483	1
1922	MEM	OCJ	OUTAGAMIE COUNTY JAIL                             	410 S. WALNUT ST. 4TH FL.     	APPLETON       	WI	549110000		2007-06-09 00:58:02.483	2007-06-09 00:58:02.483	1
1923	MEM	OHO	C/O CANDY CAIN                                    	11271 STATE ROUTE 762         	ORIENT         	OH	431460000		2007-06-09 00:58:02.483	2007-06-09 00:58:02.483	1
1924	MEM	OHS	OHIO STATE REFORMATORY                            	P.O. BOX 788                  	MANSFIELD      	OH	449010000		2007-06-09 00:58:02.483	2007-06-09 00:58:02.483	1
1925	MEM	OHW	OHIO STATE REFORMATORY FOR WOMEN                  	1479 COLLINS AVENUE           	MARYSVILLE     	OH	430400000		2007-06-09 00:58:02.483	2007-06-09 00:58:02.483	1
1926	MEM	OJI	OJIBWAY CORRECTIONAL FACILLITY                    	P.O. BOX 236                  	MARENISCO      	MI	499470000		2007-06-09 00:58:02.483	2007-06-09 00:58:02.483	1
1927	MEM	OKS	OAKS MAXIMUM FACILITY                             	P.O. BOX 38                   	EASTLAKE       	MI	496260038	1111111111	2007-06-09 00:58:02.483	2007-06-09 00:58:02.483	1
1928	MEM	OMC	OMAHA CORRECTIONS CENTER                          	P.O. BOX 11099                	OMAHA          	NE	681110000		2007-06-09 00:58:02.483	2007-06-09 00:58:02.483	1
1929	MEM	OPH	METROPOLITAN CORRECTION FACILITY/OAK PARK HEIGHTS 	5329 OSGOOD AVE., BOX 10      	STILLWATER     	MN	550820000	1111111111	2007-06-09 00:58:02.483	2007-06-09 00:58:02.483	1
1930	MEM	ORE	OREGON CORRECTIONAL INSTITUTION                   	BOX 28                        	OREGON         	WI	535750000		2007-06-09 00:58:02.483	2007-06-09 00:58:02.483	1
1931	MEM	ORI	ORIENT CORRECTIONAL INSTITUTION                   	P.O. BOX 511                  	COLUMBUS       	OH	432160000		2007-06-09 00:58:02.483	2007-06-09 00:58:02.483	1
1932	MEM	OSH	OSHKOSH CORRECTIONAL INSTITUTION                  	BOX 3530                      	OSHKOSH        	WI	549260000	1111111111	2007-06-09 00:58:02.483	2007-06-09 00:58:02.483	1
1933	MEM	OSK	OSKOSH CORRECTIONAL FACILITY                      	BOX 3310                      	OSKOSH         	WI	549030000	1111111111	2007-06-09 00:58:02.483	2007-06-09 00:58:02.483	1
1934	MEM	PCC	PONTIAC CORRECTIONAL CENTER - MICHIGAN            	156 W. HURON 1ST.             	PONTIAC        	MI	480530000	1111111111	2007-06-09 00:58:02.483	2007-06-09 00:58:02.483	1
1935	MEM	PEN	PENDLETON STATE REFORMATORY                       	P.O. BOX 28                   	PENDLETON      	IN	460640000	1111111111	2007-06-09 00:58:02.483	2007-06-09 00:58:02.483	1
1936	MEM	PIC	PICKAWAY  CORRECTIONAL INSTITUTE                  	P.O. BOX 209                  	ORIENT         	OH	431460000		2007-06-09 00:58:02.483	2007-06-09 00:58:02.483	1
1937	MEM	PNM	PENITENTIARY OF NEW MEXICO                        	P.O. BOX 1059                 	SANTA FE       	NM	875010000	1111111111	2007-06-09 00:58:02.483	2007-06-09 00:58:02.483	1
1938	MEM	PON	PONTIAC CORRECTIONAL CENTER                       	P.O. BOX 99                   	PONTIAC        	IL	617640000	1111111111	2007-06-09 00:58:02.483	2007-06-09 00:58:02.483	1
1939	MEM	PRC	PINE RIVER CORRECTIONAL FACILITY                  	320 HUBBARD                   	ST. LOUIS      	MI	488800000	1111111111	2007-06-09 00:58:02.483	2007-06-09 00:58:02.483	1
1940	MEM	RCF	RIVERSIDE CORRECTIONAL FACILITY                   	777 W. RIVERSIDE DRIVE        	IONIA          	MI	488460000	1111111111	2007-06-09 00:58:02.483	2007-06-09 00:58:02.483	1
1941	MEM	RCI	RACINE CORRECTIONAL INSTITUTION                   	P.O. BOX 900                  	RACINE         	WI	531770000	1111111111	2007-06-09 00:58:02.483	2007-06-09 00:58:02.483	1
1942	MEM	RDC	RECEPTION DIAGNOSTIC CENTER                       	P.O. BOX 317                  	PLAINFIELD     	IN	461680000		2007-06-09 00:58:02.483	2007-06-09 00:58:02.483	1
1943	MEM	RIC	RICHLAND CORRECTIONAL INSTITUTION                 	1001 OLIVESBURG RD,PO BOX 8107	MANSFIELD      	OH	449010000		2007-06-09 00:58:02.483	2007-06-09 00:58:02.483	1
1944	MEM	ROB	ROBINSON CORRECTIONAL CENTER                      	P.O. BOX 1000                 	ROBINSON       	IL	624540000		2007-06-09 00:58:02.483	2007-06-09 00:58:02.483	1
1945	MEM	ROS	ROSS CORRECTIONAL INSTITUTE                       	16149 STATE RT. 104           	CHILLICOTHE    	OH	456010000		2007-06-09 00:58:02.483	2007-06-09 00:58:02.483	1
1946	MEM	RVS	REEVES COUNTY LAW ENFORCEMENT CENTER              	P.O. BOX 1560                 	PECOS          	TX	797720000		2007-06-09 00:58:02.483	2007-06-09 00:58:02.483	1
1947	MEM	RYN	RYAN REGIONAL CORRECTIONAL FACILITY               	17600 RYAN ROAD               	DETROIT        	MI	482120000	1111111111	2007-06-09 00:58:02.483	2007-06-09 00:58:02.483	1
1948	MEM	SAG	SAGINAW REGIONAL FACILITY                         	P.O. BOX 659                  	FREELAND       	MI	486230000	1111111111	2007-06-09 00:58:02.483	2007-06-09 00:58:02.483	1
1949	MEM	SAN	FED. CORR. INSTITUTION - MR. STEVE DALESSIO       	P.O. BOX 1000                 	SANDSTONE      	MN	550720000		2007-06-09 00:58:02.483	2007-06-09 00:58:02.483	1
1950	MEM	SCI	STATE CORRECRTIONAL INSTITUTION AT CAMP HILL      	P.O. BOX 8837                 	CAMP HILL      	PA	170018837		2007-06-09 00:58:02.483	2007-06-09 00:58:02.483	1
1951	MEM	SCT	SCOTT CORRECTIONAL FACILITY                       	47500 FIVE MILE               	PLYMOUTH       	MI	481700000	1111111111	2007-06-09 00:58:02.483	2007-06-09 00:58:02.483	1
1952	MEM	SDS	SOUTH DAKOTA STATE PENITENTIARY                   	P.O. BOX 5911                 	SIOUX FALLS    	SD	571175911	1111110111	2007-06-09 00:58:02.483	2007-06-09 00:58:02.483	1
1953	MEM	SEA	SOUTHEASTERN CORRECTIONAL INSTITUTION             	5900 B.I.S. RD. P.O. BX. 200  	LANCASTER      	OH	431300000	1111111111	2007-06-09 00:58:02.483	2007-06-09 00:58:02.483	1
1954	MEM	SEC	SECURITY MEDICAL FACILITY                         	BOX A                         	OAKDALE        	IA	523190000		2007-06-09 00:58:02.483	2007-06-09 00:58:02.483	1
1955	MEM	SHA	SHAWNEE CORRECTIONAL CENTER                       	P.O. BOX 400                  	VIENNA         	IL	629950000	1111111111	2007-06-09 00:58:02.483	2007-06-09 00:58:02.483	1
1956	MEM	SHE	SHERIDAN CORRECTOINAL CENTER                      	P.O. BOX 112                  	SHERIDAN       	IL	605510000	1111111111	2007-06-09 00:58:02.483	2007-06-09 00:58:02.483	1
1957	MEM	SHP	METROPOLITAN CORRECTIONAL FACILITY/SHAKOPEE       	BOX 7 1010 W. 6TH AVENUE      	SHAKOPEE       	MN	553790000	1111111111	2007-06-09 00:58:02.483	2007-06-09 00:58:02.483	1
1958	MEM	SMC	SOUTHERN MICHIGAN CORRECTIONAL FACILITY           	4002 COOPER STREET            	JACKSON        	MI	492010000		2007-06-09 00:58:02.483	2007-06-09 00:58:02.483	1
1959	MEM	SOL	SOUTHERN OHIO CORRECTIONAL FAC. "LUCASVILLE"      	P.O. BOX 45699                	LUCASVILLE     	OH	456990000		2007-06-09 00:58:02.483	2007-06-09 00:58:02.483	1
1960	MEM	SOU	SOUTHEASTERN CORRECTIONAL FACILITY                	5900 B.I.S. ROAD              	LANCASTER      	OH	431300000		2007-06-09 00:58:02.483	2007-06-09 00:58:02.483	1
1961	MEM	SRW	STATE REFORMATORY FOR WOMEN                       	RT 1 BOX 33                   	YORK           	NE	684670000		2007-06-09 00:58:02.483	2007-06-09 00:58:02.483	1
1962	MEM	SSN	SPECIAL SERVICES STATE OF NEBRASKA                	P.O. BOX 94661                	LINCOLN        	NE	685094661		2007-06-09 00:58:02.483	2007-06-09 00:58:02.483	1
1963	MEM	STA	STATEVILLE CORRECTIONAL CENTER                    	P.O. BOX 112/ROUTE 53 DIVISION	JOLIET         	IL	604340000	1111111111	2007-06-09 00:58:02.483	2007-06-09 00:58:02.483	1
1964	MEM	STC	METROPOLITAN CORRECTIONAL FACILITY/ST. CLOUD      	BOX B                         	ST. CLOUD      	MN	563020000	1111111111	2007-06-09 00:58:02.483	2007-06-09 00:58:02.483	1
1965	MEM	TCC	TAYLORVILLE CORRECTIONAL CENTER                   	P.O. BOX 1000                 	TAYLORVILLE    	IL	625680000	1111111111	2007-06-09 00:58:02.483	2007-06-09 00:58:02.483	1
1966	MEM	TCF	TORRENCE COUNTY DETENTION FACILITY                	P.O. BOX 837                  	ESTANCIA       	NM	871060000	1111111111	2007-06-09 00:58:02.483	2007-06-09 00:58:02.483	1
1967	MEM	TCI	TRUMBULL CORRECTIONAL INSTITUTION                 	5701 BURNETT ROAD             	LEAVITTSBURG   	OH	444300000	1111111111	2007-06-09 00:58:02.483	2007-06-09 00:58:02.483	1
1968	MEM	THU	THUMB CORRECTIONAL FACILITY                       	3225 JOHN CONLEY              	LAPEER         	MI	484460000	1111111111	2007-06-09 00:58:02.483	2007-06-09 00:58:02.483	1
1969	MEM	TOL	TOLEDO CORRECTION INSTITUTION                     	2001 EAST CENTRAL AVENUE      	TOLEDO         	OH	436080000		2007-06-09 00:58:02.483	2007-06-09 00:58:02.483	1
1970	MEM	TOP	RECEPTION & DIAGNOSTIC CENTER                     	BOX 1558                      	TOPEKA         	KS	666010000	1111111111	2007-06-09 00:58:02.483	2007-06-09 00:58:02.483	1
1971	MEM	TRU	TRUMBAL CORRECTIONAL INSTITUTION                  	5701 BURNETT ROAD             	LEAVITTBURG    	OH	444300000	1111111111	2007-06-09 00:58:02.483	2007-06-09 00:58:02.483	1
1972	MEM	USP	UNITED STATES PENITENTARY                         	LEAVENWORTH                   	KANSAS         	KS	660480000		2007-06-09 00:58:02.483	2007-06-09 00:58:02.483	1
1973	MEM	VAN	VANDALIA CORRECTIONAL CENTER                      	P.O. BOX 500                  	VANDALIA       	IL	624710000		2007-06-09 00:58:02.483	2007-06-09 00:58:02.483	1
1974	MEM	VIE	VIENNA CORRECTIONAL CENTER                        	P.O. BOX 200                  	VIENNA         	IL	629950000		2007-06-09 00:58:02.483	2007-06-09 00:58:02.483	1
1975	MEM	WAB	WABASH VALLEY CORRECTIONAL INSTITUTION            	P.O. BOX 500                  	CARLISLE       	IN	478580000		2007-06-09 00:58:02.483	2007-06-09 00:58:02.483	1
1976	MEM	WAR	WARREN CORRECTIONAL INSTITUTION                   	P.O. BOX 120                  	LEBANON        	OH	450360000	1111111111	2007-06-09 00:58:02.483	2007-06-09 00:58:02.483	1
1977	MEM	WAU	WAUPAN CORRECTIONAL INSTITUTION                   	BOX 351                       	WAUPAN         	WI	539630000	1111111111	2007-06-09 00:58:02.483	2007-06-09 00:58:02.483	1
1978	MEM	WCC	WISCONSIN CORRECTIONAL CENTER SYSTEM              	BOX 25                        	OREGON         	WI	535750000		2007-06-09 00:58:02.483	2007-06-09 00:58:02.483	1
1979	MEM	WES	WESTVILLE CORRECTIONAL CENTER                     	P.O. BOX 473                  	WESTVILLE      	IN	463910000	1111111111	2007-06-09 00:58:02.483	2007-06-09 00:58:02.483	1
1980	MEM	WHC	WARDEN HILL CORRECTIONAL CENTER                   	P.O. BOX 1327                 	GALESBURG      	IL	614010000	1111111111	2007-06-09 00:58:02.483	2007-06-09 00:58:02.483	1
1981	MEM	WIC	WESTERN ILLINOIS CORRECTIONAL CENTER              	ROUTE 99  P.O. BOX 1000       	MOUNT STERLING 	IL	623530000		2007-06-09 00:58:02.483	2007-06-09 00:58:02.483	1
1982	MEM	WIN	WINFIELD CORRECTIONAL FACILITY                    	P.O. BOX 653                  	WINFIELD       	KS	671560000	1111111111	2007-06-09 00:58:02.483	2007-06-09 00:58:02.483	1
1983	MEM	WIS	WISCONSIN PRISON SYS., DIV. OF INTENSIVE SANCTIONS	906 ANN STREET                	MADISON        	WI	537130000		2007-06-09 00:58:02.483	2007-06-09 00:58:02.483	1
1984	MEM	WNM	WESTERN NEW MEXICO CORRECTIONAL FACILITY          	P.O. DRAWER 250               	GRANTS         	NM	870200000	1111111111	2007-06-09 00:58:02.483	2007-06-09 00:58:02.483	1
1985	MEM	WSC	WEST SHORELINE CORRECTIONAL FACILTIY              	2400 S. SHERIDAN DRIVE        	MUSKEGON HGHTS.	MI	494440000	1111111111	2007-06-09 00:58:02.483	2007-06-09 00:58:02.483	1
1986	MIA	APE	APALACHEE CI EAST UNIT                            	35 APALACHEE DR               	SNEADS         	FL	324604165		2007-06-23 13:57:41.747	2007-06-23 13:57:41.747	1
1987	MIA	APW	APALACHEE CI WEST UNIT                            	52 WEST UNIT DR.              	SNEADS         	FL	324604165		2007-06-23 13:57:41.747	2007-06-23 13:57:41.747	1
1988	MIA	AVO	AVON PARK C.I.                                    	P.O. BOX                      	AVON PARK      	FL	338260000		2007-06-23 13:57:41.747	2007-06-23 13:57:41.747	1
1989	MIA	BAK	BAKER C.I.                                        	P.O. BOX 500                  	SANDERSON      	FL	320870500		2007-06-23 13:57:41.747	2007-06-23 13:57:41.747	1
1990	MIA	BAY	BAY CORRECTIONAL INSTITUTION                      	5400 BAYLINE DRIVE            	PANAMA CITY    	FL	324040000	1111111111	2007-06-23 13:57:41.747	2007-06-23 13:57:41.747	1
1991	MIA	BEL	BELLE GLADES C.I.                                 	500 ORANGE AVENUE CIRCLE      	BELLE GLADE    	FL	334300000		2007-06-23 13:57:41.747	2007-06-23 13:57:41.747	1
1992	MIA	BRE	BREVARD C.I.                                      	855 CAMP ROAD                 	COCOA          	FL	329273709		2007-06-23 13:57:41.747	2007-06-23 13:57:41.747	1
1993	MIA	BRO	BROWARD C.I.                                      	20421 SHERIDAN ST.            	FT.LAUDERDALE  	FL	333320000		2007-06-23 13:57:41.747	2007-06-23 13:57:41.747	1
1994	MIA	CAL	CALHOUN C.I.                                      	19562 SE INSTITUTION DR.      	BLOUNTSTOWN    	FL	324240000		2007-06-23 13:57:41.747	2007-06-23 13:57:41.747	1
1995	MIA	CEN	CENTURY C.I.                                      	400 TEDDER ROAD               	CENTURY        	FL	325350000		2007-06-23 13:57:41.747	2007-06-23 13:57:41.747	1
1996	MIA	CFR	CENTRAL FLORIDA RECEPTION CENTER                  	7000 H.C. KELLEY RD.          	ORLANDO        	FL	326312518		2007-06-23 13:57:41.747	2007-06-23 13:57:41.747	1
1997	MIA	CHA	CHARLOTTE C.I.                                    	33123 OIL WELL ROAD           	PUNTA GORDA    	FL	339559701		2007-06-23 13:57:41.747	2007-06-23 13:57:41.747	1
1998	MIA	COA	COLUMBIA ANNEX CORRECTIONAL INSTITUTION           	216 S.E. CORRECTIONS WAY      	LAKE CITY      	FL	320250000		2007-06-23 13:57:41.747	2007-06-23 13:57:41.747	1
1999	MIA	COL	COLUMBIA C.I.                                     	216 SE CORRECTIONS WAY        	LAKE CITY      	FL	320250000		2007-06-23 13:57:41.747	2007-06-23 13:57:41.747	1
2000	MIA	COR	CORRECTIONS MENTAL HEALTH INSTITUION              	BLDG. 20, FLORIDA STATE HOSP. 	CHATTAHOOCHEE  	FL	323240000		2007-06-23 13:57:41.747	2007-06-23 13:57:41.747	1
2001	MIA	CRO	CROSS CITY C.I.                                   	P.O. BOX 1500                 	CROSS CITY     	FL	326281500		2007-06-23 13:57:41.747	2007-06-23 13:57:41.747	1
2002	MIA	DAD	DADE C.I.                                         	19000 S.W. 377TH STREET       	FLORIDA CITY   	FL	330340000		2007-06-23 13:57:41.747	2007-06-23 13:57:41.747	1
2003	MIA	DES	DESOTO C.I.                                       	13617 SE HIGHWAY 70           	ARCADIA        	FL	342850000		2007-06-23 13:57:41.747	2007-06-23 13:57:41.747	1
2004	MIA	EVE	EVERGLADES CORRECTIONAL INSTITUTION               	1601 S.W. 187TH AVE.          	MIAMI          	FL	331850000		2007-06-23 13:57:41.747	2007-06-23 13:57:41.747	1
2005	MIA	FRA	FRANKLIN C.I.                                     	1760 HIGHWAY 67 NORTH         	CARRABELLE     	FL	323220000		2007-06-23 13:57:41.747	2007-06-23 13:57:41.747	1
2006	MIA	FSP	FLORIDA STATE PRISON C.I.                         	7819 N.W. 228TH STREET        	RAIFORD        	FL	320261000		2007-06-23 13:57:41.747	2007-06-23 13:57:41.747	1
2007	MIA	GRA	GRACEVILLE CORRECTIONAL FACILITY	5168 EZELL RD.	GRACEVILLE	FL	32440	5242211	2007-12-20 12:14:04.000	2007-12-20 12:14:04.000	1
2008	MIA	GUA	GULF CORRECTIONAL INSTITUTION, ANNEX              	699 IKE STEELE ROAD           	WEWAHITCHKA    	FL	324650010		2007-06-23 13:57:41.747	2007-06-23 13:57:41.747	1
2009	MIA	GUL	GULF C.I.                                         	500 IKE STEELE ROAD           	WEWAHITCHKA    	FL	324650000		2007-06-23 13:57:41.747	2007-06-23 13:57:41.747	1
2010	MIA	GWC	GAINESVILLE WORK CAMP                             	P.O. BOX 1167                 	GAINESVILLE    	FL	326090000	1111111111	2007-06-23 13:57:41.747	2007-06-23 13:57:41.747	1
2011	MIA	HAA	HAMILTON C.I. ANNEX                               	10650 SW 46TH STREET          	JASPER         	FL	320521360		2007-06-23 13:57:41.747	2007-06-23 13:57:41.747	1
2012	MIA	HAM	HAMILTON C.I.                                     	10650 S.W. 46TH STREET        	JASPER         	FL	320521360		2007-06-23 13:57:41.747	2007-06-23 13:57:41.747	1
2013	MIA	HAR	HARDEE C.I.                                       	6901 STATE RD 62              	BOWLING GREEN  	FL	346048167		2007-06-23 13:57:41.747	2007-06-23 13:57:41.747	1
2014	MIA	HEN	HENDRY C.I.                                       	STATE ROAD 858                	IMMOKALEE      	FL	339349747		2007-06-23 13:57:41.747	2007-06-23 13:57:41.747	1
2015	MIA	HIL	HILLISBOROUGH C.I.                                	11150 COUNTY ROAD 672         	RIVERVIEW      	FL	335698402		2007-06-23 13:57:41.747	2007-06-23 13:57:41.747	1
2016	MIA	HOL	HOLMES C.I.                                       	3142 THOMAS DRIVE             	BONIFAY        	FL	324250000		2007-06-23 13:57:41.747	2007-06-23 13:57:41.747	1
2017	MIA	HOM	HOMESTEAD CORRECTIONAL INSTITUTION                	19000 SW 377TH STREET         	FLORIDA CITY   	FL	330340000		2007-06-23 13:57:41.747	2007-06-23 13:57:41.747	1
2018	MIA	IND	INDIAN RIVER C.I.                                 	7625 17TH STREET, S.W.        	VERO BCH.      	FL	329680000		2007-06-23 13:57:41.747	2007-06-23 13:57:41.747	1
2019	MIA	JAC	JACKSON C.I.                                      	5563  10TH STREET S.W.        	MALONE         	FL	324453144		2007-06-23 13:57:41.747	2007-06-23 13:57:41.747	1
2020	MIA	JEF	JEFFERSON C.I.                                    	1050 BIG JOE ROAD             	MONTICELLO     	FL	323440000		2007-06-23 13:57:41.747	2007-06-23 13:57:41.747	1
2021	MIA	LAK	LAKE C.I.                                         	19225 U.S. HWY. 27            	CLEMONT        	FL	347119025		2007-06-23 13:57:41.747	2007-06-23 13:57:41.747	1
2022	MIA	LAN	LANCASTER  C. I.                                  	3449 S. W. SR 26              	TRENTON        	FL	326930000		2007-06-23 13:57:41.747	2007-06-23 13:57:41.747	1
2023	MIA	LAS	LANCASTER C.I.                                    	STATE ROAD 26 WEST            	TRENTON        	FL	326930158		2007-06-23 13:57:41.747	2007-06-23 13:57:41.747	1
2024	MIA	LAW	LAWTEY C.I.                                       	COUNTY ROAD 200-B             	LAWTEY         	FL	320580000		2007-06-23 13:57:41.747	2007-06-23 13:57:41.747	1
2025	MIA	LCI	LAKE CITY CORRECTIONAL INSTITUTION                	7906 EAST US HWY 90           	LAKE CITY      	FL	347110000		2007-06-23 13:57:41.747	2007-06-23 13:57:41.747	1
2026	MIA	LIB	LIBERTY C.I.                                      	11064 N.W. DEMPSEY BARRON RD  	BRISTOL        	FL	323219711		2007-06-23 13:57:41.747	2007-06-23 13:57:41.747	1
2027	MIA	LOA	LOWELL ANNEX	11120 NW GAINESVILLE RD	OCALA	FL	34482	3524015461	2008-02-20 16:35:00.000	2012-08-23 10:04:17.000	1
2028	MIA	LOM	LOWELL CORRECTIONAL INSTITUTION (MEN'S UNIT)      	P.O.BOX 158                   	LOWELL         	FL	326630158		2007-06-23 13:57:41.747	2007-06-23 13:57:41.747	1
2029	MIA	LOW	LOWELL CORRECTIONAL INSTITUTION	11120 NW GAINEVILLE RD	OCALA	FL	34482	3524015496	2007-06-23 13:57:41.747	2012-08-23 10:05:14.000	1
2030	MIA	LOX	LOXAHATECHEE                                      	???                           	MIAMI          	FL	111111111	1111111111	2007-06-23 13:57:41.747	2007-06-23 13:57:41.747	1
2031	MIA	MAD	MADISON C.I.                                      	382 SW MCI WAY                	MADISON        	FL	323400000		2007-06-23 13:57:41.747	2007-06-23 13:57:41.747	1
2032	MIA	MAN	MARION C.I.                                       	P.O. BOX 158                  	LOWELL         	FL	326630158		2007-06-23 13:57:41.747	2007-06-23 13:57:41.747	1
2033	MIA	MAR	MARTIN C.I.                                       	1150 S.W. ALLAPATTAH RD.      	INDIANTOWN     	FL	349564397		2007-06-23 13:57:41.747	2007-06-23 13:57:41.747	1
2034	MIA	MAY	MAYO C.I.                                         	8784 HIGHWAY 27 S.W.          	MAYO           	FL	320660000		2007-06-23 13:57:41.747	2007-06-23 13:57:41.747	1
2035	MIA	MHI	MENTAL HEALTH INSTITUTION                         	300 PECAN LANE                	CHATTAHOOCHEE  	FL	323240000		2007-06-23 13:57:41.747	2007-06-23 13:57:41.747	1
2036	MIA	MNC	MIAMI NORTH COMMUNITY CORRECTIONAL CENTER         	???                           	MIAMI          	FL	111111111	1111111111	2007-06-23 13:57:41.747	2007-06-23 13:57:41.747	1
2037	MIA	MOO	MOORE HAVEN CORRECTIONAL INSTITUTION              	P.O. BOX 718501               	MOORE HAVEN    	FL	334710000		2007-06-23 13:57:41.747	2007-06-23 13:57:41.747	1
2038	MIA	NRE	NEW RIVER EAST UNIT                               	7819 N. W. 228TH ST.          	RAIFORD        	FL	320263000		2007-06-23 13:57:41.747	2007-06-23 13:57:41.747	1
2039	MIA	NRW	NEW RIVER C.I. WEST UNIT                          	7819 N W  228TH ST            	RAIFORD        	FL	320263000		2007-06-23 13:57:41.747	2007-06-23 13:57:41.747	1
2040	MIA	OKA	OKALOOSA C.I.                                     	3189 LITTLE SILVER RD.        	CRESTVIEW      	FL	325396708		2007-06-23 13:57:41.747	2007-06-23 13:57:41.747	1
2041	MIA	OKE	OKEECHOBEE CORRECTIONAL INSTITUTION               	3420 N.E. 168TH STREET        	OKEECHOBEE     	FL	349721984		2007-06-23 13:57:41.747	2007-06-23 13:57:41.747	1
2042	MIA	PER	PERRY CORRECTIONAL INSTITUTION                    	ROUTE1, BOX 1086              	PERRY          	FL	323470000	1111111111	2007-06-23 13:57:41.747	2007-06-23 13:57:41.747	1
2043	MIA	POL	POLK C.I.                                         	10800 EVANS RD.               	POLK CITY      	FL	338686925		2007-06-23 13:57:41.747	2007-06-23 13:57:41.747	1
2044	MIA	PUT	PUTNAM C.I.                                       	128 YELVINGTON ROAD           	EAST PALATKA   	FL	321310000		2007-06-23 13:57:41.747	2007-06-23 13:57:41.747	1
2045	MIA	QUA	QUINCY CORRECTIONAL INSTITUTION ANNEX             	2225 PAT THOMAS PARKWAY       	QUINCY         	FL	323510000		2007-06-23 13:57:41.747	2007-06-23 13:57:41.747	1
2046	MIA	QUI	QUINCY CORRECTIONAL INSTITUTION                   	2225 PAT THOMAS PARKWAY       	QUINCY         	FL	323510000		2007-06-23 13:57:41.747	2007-06-23 13:57:41.747	1
2047	MIA	REC	RECEPTION AND MEDICAL CENTER                      	?                             	?              	FL	111111111	1111111111	2007-06-23 13:57:41.747	2007-06-23 13:57:41.747	1
2048	MIA	RIV	RIVER JUNCTION C.I.                               	BLDG. 20, FLORIDA STATE HOSP. 	CHATTAHOOCH    	FL	323243700		2007-06-23 13:57:41.747	2007-06-23 13:57:41.747	1
2049	MIA	RMC	RECEPTION AND MEDICAL CENTER                      	P.O.BOX 628  HWY 231          	LAKE BUTLER    	FL	320540628		2007-06-23 13:57:41.747	2007-06-23 13:57:41.747	1
2050	MIA	RMW	R M C WEST UNIT                                   	P.O.BOX 628                   	LAKE BUTLER    	FL	320540628		2007-06-23 13:57:41.747	2007-06-23 13:57:41.747	1
2051	MIA	SAN	SANTA ROSA CORRECTIONAL INSTITUTION               	5850 EAST MILTON ROAD         	MILTON         	FL	325830000		2007-06-23 13:57:41.747	2007-06-23 13:57:41.747	1
2052	MIA	SFR	SOUTH FLORIDA RECEPTION CENTER                    	14000 N.W. 41ST STREET        	MIAMI          	FL	331028538		2007-06-23 13:57:41.747	2007-06-23 13:57:41.747	1
2053	MIA	SOU	SOUTH BAY CORRECTIONAL FACILITY                   	600 US HWY 27 SOUTH           	SOUTH BAY      	FL	334930000		2007-06-23 13:57:41.747	2007-06-23 13:57:41.747	1
2054	MIA	SRA	SANTA ROSA ANNEX                                  	5850 EAST MILTON ROAD         	MILTON         	FL	325837914		2007-06-23 13:57:41.747	2007-06-23 13:57:41.747	1
2055	MIA	SUM	SUMTER C.I.                                       	P.O. BOX 667                  	BUSHNELL       	FL	335130667		2007-06-23 13:57:41.747	2007-06-23 13:57:41.747	1
2056	MIA	TAA	TAYLOR CORRECTIONAL INSTITUTION  ANNEX            	8515 HAMPTON SPRINGS RD       	PERRY          	FL	323480000		2007-06-23 13:57:41.747	2007-06-23 13:57:41.747	1
2057	MIA	TAY	TAYLOR CORRECTIONAL INSTITUTION                   	8515 HAMPTON SPRINGS RD       	PERRY          	FL	323480000		2007-06-23 13:57:41.747	2007-06-23 13:57:41.747	1
2058	MIA	TGK	CINDAY TALBOT                                     	7000 N.W. 41ST ST.            	MIAMI          	FL	331660000		2007-06-23 13:57:41.747	2007-06-23 13:57:41.747	1
2059	MIA	TOM	TOMOKA C.I.                                       	3950 TIGER BAY RD.            	DAYTONA BCH.   	FL	321241098		2007-06-23 13:57:41.747	2007-06-23 13:57:41.747	1
2060	MIA	UNI	UNION C.I.                                        	7819 N. W. 228TH STREET       	RAIFORD        	FL	320264000		2007-06-23 13:57:41.747	2007-06-23 13:57:41.747	1
2061	MIA	WAA	WASHINGTON ANNEX	4455 SAM MITCHELL DRIVE	CHIPLEY	FL	32428-3597	1111111111	2008-02-20 16:35:00.000	2008-02-20 16:35:00.000	1
2062	MIA	WAK	WAKULLA CORRECTIONAL INSTITUTION                  	110 MELALEUCA DRIVE           	CRAWFORDVILLE  	FL	323270000		2007-06-23 13:57:41.747	2007-06-23 13:57:41.747	1
2063	MIA	WAL	WALTON C.I.                                       	691 WORLD WAR II VETERANS LANE	DEFUNIAK SPRING	FL	324330000		2007-06-23 13:57:41.747	2007-06-23 13:57:41.747	1
2064	MIA	WAS	Washington CI	4455 SAM MITCHELL DR	CHIPLEY	FL	324283597		2007-06-23 13:57:41.747	2008-12-09 11:14:56.000	0
2065	MIA	ZEP	ZEPHYRHILLS C.I.                                  	2739 GALL BLVD.               	ZEPHYRHILLS    	FL	335419701		2007-06-23 13:57:41.747	2007-06-23 13:57:41.747	1
2066	NEW	ADT	ADULT DIAGNOSTIC & TREATMENT CENTER               	P.O. BOX 190                  	AVENEL         	NJ	070010000		2007-06-09 09:07:25.090	2007-06-09 09:07:25.090	1
2067	NEW	BCJ	BERGEN COUNTY JAIL                                	160 S. RIVER ST.              	HACKENSACK     	NJ	076010000		2007-06-09 09:07:25.090	2007-06-09 09:07:25.090	1
2068	NEW	CCJ	CAMDEN COUNTY JAIL                                	330 FEDERAL STREET            	CAMDEN         	NJ	081010000		2007-06-09 09:07:25.090	2007-06-09 09:07:25.090	1
2069	NEW	CIW	CORRECTIONAL INSTITUTION FOR WOMEN, CLINTON       	C/O NJ DEPT OF CORRECTIONS    	TRENTON        	NJ	086250000		2007-06-09 09:07:25.090	2007-06-09 09:07:25.090	1
2070	NEW	CRA	CENTRAL RECEPTION & ASSIGNMENT FACILITY           	P.O. BOX 7450 STUYVESANT AVE. 	WEST TRENTON   	NJ	086280000		2007-06-09 09:07:25.090	2007-06-09 09:07:25.090	1
2071	NEW	EAS	EAST JERSEY STATE PRISON                          	LOCK BAG R                    	RAHWAY         	NJ	070650000		2007-06-09 09:07:25.090	2007-06-09 09:07:25.090	1
2072	NEW	ECJ	Essex County Jail	354 Doremus Avenue	Newark	NJ	07105		2008-08-12 10:07:26.250	2008-08-12 10:07:26.250	1
2073	NEW	EDN	EDNA MAHAN CORRECTIONAL FACILITY FOR WOMEN        	P.O. BOX 4004                 	CLINTON        	NJ	088090000		2007-06-09 09:07:25.090	2007-06-09 09:07:25.090	1
2074	NEW	HCJ	HUDSON COUNTY JAIL	35 HACKENSACK AVE.	KEARNY	NJ	073020000		2007-06-09 09:07:25.090	2009-05-18 14:14:48.000	1
2075	NEW	JMS	JUVENILE MEDIUM SECURITY FACILITY, BORDENTOWN     	C/O NJ DEPT OF CORRECTIONS    	TRENTON        	NJ	086250000		2007-06-09 09:07:25.090	2007-06-09 09:07:25.090	1
2076	NEW	LSA	LSP ANCORA UNIT, HAMMONTON                        	C/O NJ DEPT OF CORRECTIONS    	TRENTON        	NJ	086250000		2007-06-09 09:07:25.090	2007-06-09 09:07:25.090	1
2077	NEW	LSF	BAYSIDE STATE PRISON                              	P.O. BOX F-1                  	LEESBURG       	NJ	083270000		2007-06-09 09:07:25.090	2007-06-09 09:07:25.090	1
2078	NEW	LSP	NJ STATE PRISON, LEESBURG                         	C/O NJ DEPT OF CORRECTIONS    	TRENTON        	NJ	086250000		2007-06-09 09:07:25.090	2007-06-09 09:07:25.090	1
2079	NEW	MCC	MONMOUTH COUNTY JAIL                              	1 WATERWORKS ROAD             	FREEHOLD       	NJ	077280000		2007-06-09 09:07:25.090	2007-06-09 09:07:25.090	1
2080	NEW	MCJ	MIDDLESEX COUNTY JAIL                             	ROUTE 130 NORTH               	NORTH BRUNSWICK	NJ	089020000		2007-06-09 09:07:25.090	2007-06-09 09:07:25.090	1
2081	NEW	MSC	MID-STATE CORRECTIONAL FACILITY                   	P.O. BOX 866                  	WRIGHTSTOWN    	NJ	085620000		2007-06-09 09:07:25.090	2007-06-09 09:07:25.090	1
2082	NEW	MYC	MOUNTAINVIEW YOUTH CORR. FACILITY                 	C/O PASSAIC CO. JAIL          	PATERSON       	NJ	075050000		2007-06-09 09:07:25.090	2007-06-09 09:07:25.090	1
2083	NEW	NSP	NORTHERN STATE PRISON                             	168 FRONTAGE ROAD             	NEWARK         	NJ	071142300		2007-06-09 09:07:25.090	2007-06-09 09:07:25.090	1
2084	NEW	PAS	PASSAIC COUNTY JAIL                               	11 MARSHALL STREET            	PATERSON       	NJ	075050000		2007-06-09 09:07:25.090	2007-06-09 09:07:25.090	1
2085	NEW	RFC	RIVERFRONT CORRECTIONAL FACILITY                  	C/O NJ DEPT OF CORRECTIONS    	TRENTON        	NJ	086250000		2007-06-09 09:07:25.090	2007-06-09 09:07:25.090	1
2086	NEW	RIS	RIKERS ISLAND GMDC                                	15-15 HAZEN STREET            	E. ELMHURST    	NY	113700000		2007-06-09 09:07:25.090	2007-06-09 09:07:25.090	1
2087	NEW	RSB	RSP RAHWAY CAMP                                   	C/O NJ DEPT OF CORRECTIONS    	TRENTON        	NJ	086250000		2007-06-09 09:07:25.090	2007-06-09 09:07:25.090	1
2088	NEW	RSM	RSP MARLBORO CAMP                                 	C/O NJ DEPT OF CORRECTIONS    	TRENTON        	NJ	086250000		2007-06-09 09:07:25.090	2007-06-09 09:07:25.090	1
2089	NEW	RSP	RIVERFRONT STATE PRISON                           	ELM STREET AD DELAWARE AVENUE 	CAMDEN         	NJ	081010000		2007-06-09 09:07:25.090	2007-06-09 09:07:25.090	1
2090	NEW	SCJ	SUSSEX COUNTY JAIL                                	41 HIGH STREET                	NEWTON         	NJ	078600000		2007-06-09 09:07:25.090	2007-06-09 09:07:25.090	1
2091	NEW	SSC	SOUTHERN STATE CORRECTIONAL FACILITY              	P.O. BOX 150                  	DELMONT        	NJ	083140000		2007-06-09 09:07:25.090	2007-06-09 09:07:25.090	1
2092	NEW	SWO	SOUTHWOODS STATE PRISON                           	215 BURLINGTON ROAD SOUTH     	BRIDGETON      	NJ	083020000		2007-06-09 09:07:25.090	2007-06-09 09:07:25.090	1
2093	NEW	TSJ	TRAINING SCHOOL FOR BOYS, JAMESBURG               	C/O NJ DEPT OF CORRECTIONS    	TRENTON        	NJ	086250000		2007-06-09 09:07:25.090	2007-06-09 09:07:25.090	1
2094	NEW	TSP	NEW JERSEY STATE PRISON                           	2ND AND CASS STS.             	TRENTON        	NJ	086250861		2007-06-09 09:07:25.090	2007-06-09 09:07:25.090	1
2095	NEW	TSR	TSP VROOM READJUSTMENT UNIT, WEST TRENTON         	C/O NJ DEPT OF CORRECTIONS    	TRENTON        	NJ	086250000		2007-06-09 09:07:25.090	2007-06-09 09:07:25.090	1
2096	NEW	TSS	TRAINING SCHOOL FOR BOYS, SKILLMAN                	C/O NJ DEPT OF CORRECTIONS    	TRENTON        	NJ	086250000		2007-06-09 09:07:25.090	2007-06-09 09:07:25.090	1
2097	NEW	YCA	MOUNTAINVIEW YOUTH CORRECTIONAL FACILITY          	P.O. BOX 994                  	ANNANDALE      	NJ	088010994		2007-06-09 09:07:25.090	2007-06-09 09:07:25.090	1
2098	NEW	YCB	YOUTH CORRECTIONAL INSTITUTION                    	P.O. BOX 500 WARD AVENUE      	BORDENTOWN     	NJ	085050000		2007-06-09 09:07:25.090	2007-06-09 09:07:25.090	1
2099	NEW	YCH	YCIA, HIGH POINT UNIT                             	C/O NJ. DEPT. OF CORRECTIONS  	TRENTON        	NJ	086250000		2007-06-09 09:07:25.090	2007-06-09 09:07:25.090	1
2100	NEW	YCK	YCIB, SKILLMAN UNIT                               	C/O NJ DEPT OF CORRECTIONS    	TRENTON        	NJ	086250000		2007-06-09 09:07:25.090	2007-06-09 09:07:25.090	1
2101	NEW	YCN	YCIB, NEW LISBON UNIT                             	C/O NJ DEPT OF CORRECTIONS    	TRENTON        	NJ	086250000		2007-06-09 09:07:25.090	2007-06-09 09:07:25.090	1
2102	NEW	YCS	YCIA, STOKES FOREST UNIT                          	C/O NJ DEPT OF CORRECTIONS    	TRENTON        	NJ	086250000		2007-06-09 09:07:25.090	2007-06-09 09:07:25.090	1
2103	NEW	YRC	YOUTH RECEPTION 7 CORRECTION CENTER, YARDVILLE    	C/O NJ DEPT OF CORRECTIONS    	TRENTON        	NJ	086250000		2007-06-09 09:07:25.090	2007-06-09 09:07:25.090	1
2104	NEW	YRP	GARDEN STATE YOUTH CORRECTIONAL FACILITY	P.O. BOX 11410	YARDVILLE	NJ	086200000		2007-06-09 09:07:25.090	2009-09-14 12:40:00.000	1
2105	NEW	YRW	YRCC, WHARTON TRACT UNIT, VINCENTOWN              	C/O NJ DEPT OF CORRECTIONS    	TRENTON        	NJ	086250000		2007-06-09 09:07:25.090	2007-06-09 09:07:25.090	1
2106	NEW	YRY	YRCC YOUTH RECEPTION UNIT, YARDVILLE	C/O NJ DEPT OF CORRECTIONS	TRENTON	NJ	086250000		2007-06-09 09:07:25.090	2009-10-28 11:37:36.000	0
2107	NOL	ACC	AVOYELLES CORRECTIONAL CENTER                     	1630 PRISON ROAD              	COTTONPORT     	LA	713270000		2006-11-17 21:51:16.467	2006-11-17 21:51:16.467	1
2108	NOL	ALA	ALABAMA CORRECTIONAL                              	50 RIPLEY STREET              	MONTGOMERY     	AL	361300000		2006-11-17 21:51:16.467	2006-11-17 21:51:16.467	1
2109	NOL	ALC	ALLEN CORRECTIONAL CENTER                         	3751 LAUDERDALE,WOODYARD ROAD 	KINDER         	LA	706480000	1111111111	2006-11-17 21:51:16.467	2006-11-17 21:51:16.467	1
2110	NOL	ANG	LOUISIANA STATE PENITENTIARY                      	HWY 66                        	ANGOLA         	LA	707120000		2006-11-17 21:51:16.467	2006-11-17 21:51:16.467	1
2111	NOL	APJ	AVOYELLES PARISH JAIL                             	675 GOVERNMENT STREET         	MARKSVILLE     	LA	713510000		2006-11-17 21:51:16.467	2006-11-17 21:51:16.467	1
2112	NOL	APS	ALLEN PARISH SHERIFF'S OFFICE                     	P.O. BOX 278                  	OBERLIN        	LA	706550000		2006-11-17 21:51:16.467	2006-11-17 21:51:16.467	1
2113	NOL	AW1	LSCI/ ALLENWOOD                                   	P.O. BOX 1500                 	WHITE DEER     	PA	178870000	1111111111	2006-11-17 21:51:16.467	2006-11-17 21:51:16.467	1
2114	NOL	AW2	FCI/ ALLENWOOD                                    	P.O. BOX 2500                 	WHITE DEER     	PA	178870000	1111111111	2006-11-17 21:51:16.467	2006-11-17 21:51:16.467	1
2115	NOL	AW3	U.S. PENTENTIARY/ ALLENWOOD                       	P.O. BOX 1000                 	WHITE DEER     	PA	178870000	1111111111	2006-11-17 21:51:16.467	2006-11-17 21:51:16.467	1
2116	NOL	AWC	AVOYELLES WOMEN CORRECTIONAL CENTER               	P.O. BOX 340                  	COTTONPORT     	LA	713270000		2006-11-17 21:51:16.467	2006-11-17 21:51:16.467	1
2117	NOL	BDC	BASILE DETENTION CENTER                           	101 EAST STAGG, P.O. BOX 730  	BASILE         	LA	705150000		2006-11-17 21:51:16.467	2006-11-17 21:51:16.467	1
2118	NOL	BEA	BEAUREGARD PARISH JAIL                            	P.O. BOX 370, 412 MAYEAUX DR. 	DERIDDER       	LA	706340000		2006-11-17 21:51:16.467	2006-11-17 21:51:16.467	1
2119	NOL	BWC	BORDELONVILLE WOMEN'S CORRECTIONAL CENTER         	4462 HIGHWAY 451              	MOREAUVILLE    	LA	713550000		2006-11-17 21:51:16.467	2006-11-17 21:51:16.467	1
2120	NOL	CAD	CADDO PARISH CORRECTIONAL CENTER                  	P.O. BOX 70110                	SHREVEPORT     	LA	711370000		2006-11-17 21:51:16.467	2006-11-17 21:51:16.467	1
2121	NOL	DIX	DIXON CORRECTIONAL INSTITUTION                    	HWY 68, P.O. BOX 788          	JACKSON        	LA	707480000		2006-11-17 21:51:16.467	2006-11-17 21:51:16.467	1
2122	NOL	ECD	EAST CARROLL DETENTION CENTER                     	RT. 1 BOX 118                 	LAKE PROVIDENCE	LA	712540000		2006-11-17 21:51:16.467	2006-11-17 21:51:16.467	1
2123	NOL	EFP	EAST FELICIANA PARISH PRISON                      	P.O. BOX 8025                 	CLINTON        	LA	707220000		2006-11-17 21:51:16.467	2006-11-17 21:51:16.467	1
2124	NOL	EVA	EVANGELINE PARISH JAIL                            	COURTHOUSE BUILDING           	VILLE PLATTE   	LA	705860000		2006-11-17 21:51:16.467	2006-11-17 21:51:16.467	1
2125	NOL	FCC	FEDERAL CORRECTIONAL COMPLEX                      	5060 EAST WHATLEY ROAD        	OAKDALE        	LA	714630000		2006-11-17 21:51:16.467	2006-11-17 21:51:16.467	1
2126	NOL	FCI	FEDERAL CORRECTIONAL INSTITUTE                    	P.O. BOX 5050 E WHATLEY ROAD  	OAKDALE        	LA	714630000		2006-11-17 21:51:16.467	2006-11-17 21:51:16.467	1
2127	NOL	FDC	FEDERAL DETENTION CENTER                          	5060 EAST WHATLEY ROAD        	OAKDALE        	LA	714630000		2006-11-17 21:51:16.467	2006-11-17 21:51:16.467	1
2128	NOL	FEL	EAST FELICIANA PARISH JAIL                        	P.O. BOX 8025                 	CLINTON        	LA	707220000		2006-11-17 21:51:16.467	2006-11-17 21:51:16.467	1
2129	NOL	HAN	HANCOCK COUNTY JAIL                               	P.O. BOX 262                  	BAY SAINT LOUIS	MS	395020000		2006-11-17 21:51:16.467	2006-11-17 21:51:16.467	1
2130	NOL	HAR	HARRISON COUNTY JAIL                              	P.O. BOX 1480                 	GULFPORT       	MS	395010000		2006-11-17 21:51:16.467	2006-11-17 21:51:16.467	1
2131	NOL	HUN	HUNT CORRECTIONAL FACILITY                        	HWY 74, P.O. BOX 174          	ST. GABRIEL    	LA	707760000		2006-11-17 21:51:16.467	2006-11-17 21:51:16.467	1
2132	NOL	IPD	IBERIA PARISH DETENTION CENTER                    	3618 BROKEN ARROW ROAD        	NEW IBERIA     	LA	705600000		2006-11-17 21:51:16.467	2006-11-17 21:51:16.467	1
2133	NOL	LAF	LAFAYETTE PARISH CORRECTIONAL CENTER              	P.O. BOX 2537                 	LAFAYETTE      	LA	705020000		2006-11-17 21:51:16.467	2006-11-17 21:51:16.467	1
2134	NOL	LAW	LOUISIANA CORRECTIONAL INSTITUTE FOR WOMEN        	P.O. BOX 26                   	ST. GABRIEL    	LA	707760000		2006-11-17 21:51:16.467	2006-11-17 21:51:16.467	1
2135	NOL	LCI	LOUISIANA CORRECTIONAL & INDUSTRIAL SCHOOL        	HWY 27N, P.O. BOX 1056        	DEQUINCY       	LA	706330000		2006-11-17 21:51:16.467	2006-11-17 21:51:16.467	1
2136	NOL	MIS	MISSISSIPPI STATE PENITENTIARY                    	MS DEPARTMENT OF CORRECTIONS  	PARCHMAN       	MS	387380000		2006-11-17 21:51:16.467	2006-11-17 21:51:16.467	1
2137	NOL	MPD	MADISON PARISH DETENTION CENTER                   	ROUTE 3, BOX 3                	TALLULAH       	LA	712820000		2006-11-17 21:51:16.467	2006-11-17 21:51:16.467	1
2138	NOL	OPJ	OUACHITA PARISH JAIL                              	P.O. BOX 1803                 	MONROE         	LA	712100000		2006-11-17 21:51:16.467	2006-11-17 21:51:16.467	1
2139	NOL	ORL	ORLEANS CRIMINAL CORRECTIONAL CENTER              	2800 GRAVIER STREET           	NEW ORLEANS    	LA	701190000		2006-11-17 21:51:16.467	2006-11-17 21:51:16.467	1
2140	NOL	OUT	RELEASED                                          	000000000                     	00000000       	LA	714630000		2006-11-17 21:51:16.467	2006-11-17 21:51:16.467	1
2141	NOL	PCC	PHELPS CORRECTIONAL CENTER                        	P.O. BOX 1056                 	DEQUINCY       	LA	706330000		2006-11-17 21:51:16.467	2006-11-17 21:51:16.467	1
2142	NOL	PCJ	POINT COUPEE JAIL                                 	P.O. BOX 348                  	NEW ROADS      	LA	707600000		2006-11-17 21:51:16.467	2006-11-17 21:51:16.467	1
2143	NOL	PER	 PEARL RIVER COUNTY JAIL                          	RT. 5 BOX 138                 	POPLARVILLE    	MS	394700000		2006-11-17 21:51:16.467	2006-11-17 21:51:16.467	1
2144	NOL	PPC	PINE PRAIRIE CORRECTIONAL CENTER                  	P. O. BOX 650                 	PINE PRAIRIE   	LA	705760000		2006-11-17 21:51:16.467	2006-11-17 21:51:16.467	1
2145	NOL	STM	ST. MARTIN PARISH JAIL                            	400 MARTIN STREET             	ST.MARTINSVILLE	LA	705820000		2006-11-17 21:51:16.467	2006-11-17 21:51:16.467	1
2146	NOL	STT	ST. TAMMANY PARISH JAIL                           	P.O. BOX 908                  	COVINGTON      	LA	704340000		2006-11-17 21:51:16.467	2006-11-17 21:51:16.467	1
2147	NOL	TAN	TANGIPAHOA PARISH JAIL                            	P.O. BOX 250                  	AMITE          	LA	704220000		2006-11-17 21:51:16.467	2006-11-17 21:51:16.467	1
2148	NOL	TPD	TENSAS PARISH DETENTION CENTER                    	HC-62, BOX 500                	WATERPROOF     	LA	713750000		2006-11-17 21:51:16.467	2006-11-17 21:51:16.467	1
2149	NOL	UNK	UNKNOWN LOCALE OF DETENTION                       	UNKNOWN                       	UNKNOWN        	LA	111111111	1111111111	2006-11-17 21:51:16.467	2006-11-17 21:51:16.467	1
2150	NOL	VCF	VERNON CORRECTIONAL FACILITY                      	P.O. BOX 649                  	LEESVILLE      	LA	714960000		2006-11-17 21:51:16.467	2006-11-17 21:51:16.467	1
2151	NOL	VER	VERMILLION PARISH JAIL                            	P.O. BOX 307                  	ABBEVILLE      	LA	705110000		2006-11-17 21:51:16.467	2006-11-17 21:51:16.467	1
2152	NOL	WAD	WADE CORRECTIONAL CENTER                          	670 BELL HILL ROAD            	HOMER          	LA	710400000		2006-11-17 21:51:16.467	2006-11-17 21:51:16.467	1
2153	NOL	WAS	WASHINGTON CORRECTIONAL INSTITUTE                 	27268 HWY 21                  	ANGIE          	LA	704260000		2006-11-17 21:51:16.467	2006-11-17 21:51:16.467	1
2154	NOL	WBR	WEST BATON ROUGE DETENTION CENTER                 	1150 N.W. DRIVE               	PORT ALLEN     	LA	707670000		2006-11-17 21:51:16.467	2006-11-17 21:51:16.467	1
2155	NOL	WCO	WEST CARROLL PARISH JAIL                          	  COURT HOUSE BLDG. MAIN ST.  	OAK GROVE      	LA	712630000		2006-11-17 21:51:16.467	2006-11-17 21:51:16.467	1
2156	NOL	WEB	WEBSTER PARISH JAIL                               	1731 PENAL FARM ROAD          	SIBLEY         	LA	710730000		2006-11-17 21:51:16.467	2006-11-17 21:51:16.467	1
2157	NOL	WNN	WINN CORRECTIONAL CENTER                          	P.O. BOX 1260                 	WINNFIELD      	LA	714830000		2006-11-17 21:51:16.467	2006-11-17 21:51:16.467	1
2158	NOL	YRK	YORK COUNTY PRISON                                	3401 CONCORD ROAD             	YORK           	PA	174020000	1111111111	2006-11-17 21:51:16.467	2006-11-17 21:51:16.467	1
2159	NYC	ADI	ADIRONDACK CORRECTIONAL FACILITY                  	BOX 110                       	RAY BROOK      	NY	129770110		2007-08-17 22:59:49.357	2007-08-17 22:59:49.357	1
2160	NYC	AKL	ARTHUR KILL CORRECTIONAL FACILITY                 	2911 ARTHUR KILL ROAD         	STATEN ISLAND  	NY	103091197		2007-08-17 22:59:49.357	2007-08-17 22:59:49.357	1
2161	NYC	ALB	ALBION CORRECTIONAL FACILITY                      	3595 STATE SCHOOL ROAD        	ALBION         	NY	144110000		2007-08-17 22:59:49.357	2007-08-17 22:59:49.357	1
2162	NYC	ALT	ALTONA CORRECTIONAL FACILITY                      	DEVIL DEN ROAD, BOX 125       	ALTONA         	NY	129100215		2007-08-17 22:59:49.357	2007-08-17 22:59:49.357	1
2163	NYC	ATT	ATTICA CORRECTIONAL FACILITY                      	BOX 149                       	ATTICA         	NY	140110149		2007-08-17 22:59:49.357	2007-08-17 22:59:49.357	1
2164	NYC	AUB	AUBURN CORRECTIONAL FACILITY                      	135 STATE STREET BOX 618      	AUBURN         	NY	130210000		2007-08-17 22:59:49.357	2007-08-17 22:59:49.357	1
2165	NYC	BAR	BARE HILL CORRECTIONAL FACILITY                   	CALLER BOX # 20               	CADY ROAD      	NY	129530000		2007-08-17 22:59:49.357	2007-08-17 22:59:49.357	1
2166	NYC	BAY	BAYVIEW CORRECTIONAL FACILITY                     	550 WEST 20TH STREET          	NEW YORK       	NY	100112878		2007-08-17 22:59:49.357	2007-08-17 22:59:49.357	1
2167	NYC	BEA	CAMP BEACON                                       	P.O. BOX 780                  	BEACON         	NY	125080780		2007-08-17 22:59:49.357	2007-08-17 22:59:49.357	1
2168	NYC	BED	BEDFORD HILLS CORRECTIONAL FACILITY               	247 HARRIS ROAD               	BEDFORD HILLS  	NY	105072499		2007-08-17 22:59:49.357	2007-08-17 22:59:49.357	1
2169	NYC	BUT	BUTLER SHOCK INCARCERATION FACILITY               	P.O. BOX 388    RT. 370       	RED CREEK      	NY	131430000		2007-08-17 22:59:49.357	2007-08-17 22:59:49.357	1
2170	NYC	CAM	CAMP GABRIELS                                     	BOX 100                       	GABRIELS       	NY	129390000		2007-08-17 22:59:49.357	2007-08-17 22:59:49.357	1
2171	NYC	CAY	CAYUGA CORRECTIONAL FACILITY                      	P.O. BOX 1150                 	MORAVIA        	NY	131180000		2007-08-17 22:59:49.357	2007-08-17 22:59:49.357	1
2172	NYC	CGT	CAMP GEORGETOWN                                   	RD 1, BOX 48                  	GEORGETOWN     	NY	130729307		2007-08-17 22:59:49.357	2007-08-17 22:59:49.357	1
2173	NYC	CHA	CHATEAUGAY ASACTC                                 	P.O. BOX 320                  	CHATEAUGAY     	NY	129200000		2007-08-17 22:59:49.357	2007-08-17 22:59:49.357	1
2174	NYC	CLI	CLINTON CORRECTIONAL FACILITY                     	BOX B                         	DANNEMORA      	NY	129290000		2007-08-17 22:59:49.357	2007-08-17 22:59:49.357	1
2175	NYC	CMT	MONTEREY SHOCK INCARCERATION FACILITY             	RD #1                         	BEAVER DAMS    	NY	148129718		2007-08-17 22:59:49.357	2007-08-17 22:59:49.357	1
2176	NYC	COL	COLLINS CORRECTIONAL FACILITY                     	C/O NYSDCS                    	HELMUTH        	NY	140790200		2007-08-17 22:59:49.357	2007-08-17 22:59:49.357	1
2177	NYC	COX	COXSACKIE CORRECTIONAL FACILITY                   	BOX 200                       	COXSACKIE      	NY	120510200	97312781	2007-08-17 22:59:49.357	2007-08-17 22:59:49.357	1
2178	NYC	CPH	CAMP PHARSALIA                                    	NYSDCS                        	SOUTH PLYMOUTH 	NY	138449729		2007-08-17 22:59:49.357	2007-08-17 22:59:49.357	1
2179	NYC	CSU	SUMMIT SHOCK INCARCERATION FACILITY               	RFD                           	SUMMIT         	NY	121759608		2007-08-17 22:59:49.357	2007-08-17 22:59:49.357	1
2180	NYC	CVI	CAPE VINCENT CORRECIONAL FACILITY                 	RT. 12-E,   BOX 599           	CAPE VINCENT   	NY	136180000		2007-08-17 22:59:49.357	2007-08-17 22:59:49.357	1
2181	NYC	DOW	DOWNSTATE CORRECTIONAL FACILITY                   	P.O. BOX 445                  	FISHKILL       	NY	125240445		2007-08-17 22:59:49.357	2007-08-17 22:59:49.357	1
2182	NYC	EAS	EASTERN CORRECTIONAL FACILITY                     	BOX 338                       	NAPANOCH       	NY	124580338		2007-08-17 22:59:49.357	2007-08-17 22:59:49.357	1
2183	NYC	EDG	EDGECOMBE CORRECTIONAL FACILITY                   	611 EDGECOMBE AVENUE          	NEW YORK       	NY	100324398		2007-08-17 22:59:49.357	2007-08-17 22:59:49.357	1
2184	NYC	ELM	ELMIRA CORRECTIONAL FACILITY                      	BOX 500                       	ELMIRA         	NY	149020500		2007-08-17 22:59:49.357	2007-08-17 22:59:49.357	1
2185	NYC	FIS	FISKILL CORRECTIONAL FACILITY                     	BOX 307                       	BEACON         	NY	125080000		2007-08-17 22:59:49.357	2007-08-17 22:59:49.357	1
2186	NYC	FRA	FRANKLIN CORRECTIONAL FACILITY                    	P.O. BOX 10                   	MALONE         	NY	129530000		2007-08-17 22:59:49.357	2007-08-17 22:59:49.357	1
2187	NYC	FUL	FULTON CORRECTIONAL FACILITY                      	1511 FULTON AVENUE            	BRONX          	NY	104578398		2007-08-17 22:59:49.357	2007-08-17 22:59:49.357	1
2188	NYC	GHN	GREEN HAVEN CORRECTIONAL FACILITY                 	C/O NYSDCS                    	STORMVILLE     	NY	125820000		2007-08-17 22:59:49.357	2007-08-17 22:59:49.357	1
2189	NYC	GMW	GREAT MEADOW CORRECTIONAL FACILITY                	BOX 51                        	COMSTOCK       	NY	128210000		2007-08-17 22:59:49.357	2007-08-17 22:59:49.357	1
2190	NYC	GOU	GOUVERNEUR CORRECTIONAL FACILITY                  	(ST. LAWRENCE COUNTY)         	GOUVERNEUR     	NY	111110000		2007-08-17 22:59:49.357	2007-08-17 22:59:49.357	1
2191	NYC	GRE	GREENE CORRECTIONAL FACILITY                      	P.O. BOX 8                    	COXSACKI       	NY	120510008	97312741	2007-08-17 22:59:49.357	2007-08-17 22:59:49.357	1
2192	NYC	GRO	GROVELAND CORRECTIONAL FACILITY                   	ROUTE 36 SONYEA ROAD          	SONYEA         	NY	145560001		2007-08-17 22:59:49.357	2007-08-17 22:59:49.357	1
2193	NYC	HUD	HUDSON CORRECTIONAL FACILITY                      	BOX 576DCS                    	HUDSON         	NY	125340576		2007-08-17 22:59:49.357	2007-08-17 22:59:49.357	1
2194	NYC	JOH	JOHNSTOWN ASACTC                                  	(FULTON COUNTY)               	JOHNSTOWN      	NY	111110000	1111111111	2007-08-17 22:59:49.357	2007-08-17 22:59:49.357	1
2195	NYC	LAK	LAKEVIEW SHOCK INCARCERATION FACILITY             	P.O. BOX T                    	BROCTON,       	NY	147160000		2007-08-17 22:59:49.357	2007-08-17 22:59:49.357	1
2196	NYC	LIN	LINCOLN CORRECTIONAL FACILITY                     	31-33 WEST 110TH STREET       	NEW YORK       	NY	100264398		2007-08-17 22:59:49.357	2007-08-17 22:59:49.357	1
2197	NYC	LIV	LIVINGSTON CORRECTIONAL FACILITY                  	P.O. BOX 49                   	SONYEA         	NY	145560000		2007-08-17 22:59:49.357	2007-08-17 22:59:49.357	1
2198	NYC	LYO	LYONS MOUNTAIN CORRECTIONAL FACILITY              	BOX 276DCS                    	LYON MOUNTAIN  	NY	129520276		2007-08-17 22:59:49.357	2007-08-17 22:59:49.357	1
2199	NYC	MAR	MARCY CORRECTIONAL FACILITY                       	C/O NYSDCS                    	MARCY          	NY	122260000		2007-08-17 22:59:49.357	2007-08-17 22:59:49.357	1
2200	NYC	MMG	MOUNT MCGREGOR CORRECTIONAL FACILITY              	BOX 2071                      	WILTON         	NY	128660996	95873960	2007-08-17 22:59:49.357	2007-08-17 22:59:49.357	1
2201	NYC	MOE	MID-ORANGE CORRECTIONAL FACILITY                  	900 KINGS HIGHWAY             	WARWICK        	NY	109900900		2007-08-17 22:59:49.357	2007-08-17 22:59:49.357	1
2202	NYC	MOH	MOHAWK CORRECTIONAL FACILITY                      	P.O. BOX 8450 - 6100 SCHOOL RD	ROME           	NY	134400000		2007-08-17 22:59:49.357	2007-08-17 22:59:49.357	1
2203	NYC	MOR	MORIAH SHOCK INCARCERATION FACILITY               	BOX 999                       	MINEVILLE      	NY	129560000		2007-08-17 22:59:49.357	2007-08-17 22:59:49.357	1
2204	NYC	MST	MID-STATE CORRECTIONAL FACILITY                   	P.O. BOX 216                  	MARCY          	NY	134030216		2007-08-17 22:59:49.357	2007-08-17 22:59:49.357	1
2205	NYC	OGB	OGDENSBURG CORRECTIONAL FACILITY                  	ONE CORRECTION WAY            	OGDENSBURG     	NY	136692288		2007-08-17 22:59:49.357	2007-08-17 22:59:49.357	1
2206	NYC	ONE	ONEIDA CORRECTIONAL FACILITY                      	6100 SCHOOL ROAD              	ROME           	NY	134400000		2007-08-17 22:59:49.357	2007-08-17 22:59:49.357	1
2207	NYC	ORL	ORLEANS CORRECTIONAL FACILITY                     	35-31 GAINES BASIN ROAD       	ALBION         	NY	144110000		2007-08-17 22:59:49.357	2007-08-17 22:59:49.357	1
2208	NYC	OTI	OTISVILLE CORRECTIONAL FACILITY                   	BOX 8                         	OTISVILLE      	NY	109630008		2007-08-17 22:59:49.357	2007-08-17 22:59:49.357	1
2209	NYC	PAR	PARKSIDE CORRECTIONAL FACILITY                    	10 MT. MORRIS PARK WEST       	NEW YORK       	NY	100276395		2007-08-17 22:59:49.357	2007-08-17 22:59:49.357	1
2210	NYC	QUE	QUEENSBORO CORRECTIONAL FACILITY                  	47-04 VAN DAM STREET          	L. I. CITY     	NY	111013081		2007-08-17 22:59:49.357	2007-08-17 22:59:49.357	1
2211	NYC	RIK	RIKERS                                            	C/O NYCDCS                    	NEW YORK CITY  	NY	100130000		2007-08-17 22:59:49.357	2007-08-17 22:59:49.357	1
2212	NYC	RIV	RIVERVIEW CORRECTIONAL FACILITY                   	BOX 158                       	OGDENSBURG     	NY	136690000		2007-08-17 22:59:49.357	2007-08-17 22:59:49.357	1
2213	NYC	ROC	ROCHESTER CORRECTIONAL FACILITY                   	55 GREIG STREET               	ROCHESTER      	NY	146082499		2007-08-17 22:59:49.357	2007-08-17 22:59:49.357	1
2214	NYC	SHA	SHAWANGUNK CORRECTIONAL FACILITY                  	P.O. BOX 750                  	WALLKILL       	NY	125890750		2007-08-17 22:59:49.357	2007-08-17 22:59:49.357	1
2215	NYC	SIN	SING SING CORRECTIONAL FACILITY                   	354 HUNTER STREET             	OSSINING       	NY	105625442		2007-08-17 22:59:49.357	2007-08-17 22:59:49.357	1
2216	NYC	SOU	SOUTHPORT CORRECTIONAL FACILITY                   	P.O. BOX 2000                 	PINE CITY      	NY	148710000		2007-08-17 22:59:49.357	2007-08-17 22:59:49.357	1
2217	NYC	SUL	SULLIVAN CORRECTIONAL FACILITY                    	BOX AG                        	FALLSBURG      	NY	127330116		2007-08-17 22:59:49.357	2007-08-17 22:59:49.357	1
2218	NYC	TAC	TACONIC CORRECTIONAL FACILITY                     	250 HARRIS ROAD               	BEDFORD HILLS  	NY	105072498		2007-08-17 22:59:49.357	2007-08-17 22:59:49.357	1
2219	NYC	ULS	ULSTER CORRECTIONAL FACILITY                      	C/O NYSDCS                    	ALBANY         	NY	122260000		2007-08-17 22:59:49.357	2007-08-17 22:59:49.357	1
2220	NYC	WAL	WALLKILL CORRECTIONAL FACILITY                    	BOX G                         	WALLKILL       	NY	125890286		2007-08-17 22:59:49.357	2007-08-17 22:59:49.357	1
2221	NYC	WAS	WASHINGTON CORRECTIONAL FACILITY                  	BOX 180                       	COMSTOCK       	NY	128210180		2007-08-17 22:59:49.357	2007-08-17 22:59:49.357	1
2222	NYC	WAT	WATERTOWN CORRECTIONAL FACILITY                   	DRY HILL                      	WATERTOWN      	NY	136010618		2007-08-17 22:59:49.357	2007-08-17 22:59:49.357	1
2223	NYC	WEN	WENDE CORRECTIONAL FACILITY                       	P.O. BOX 1187                 	ALDEN          	NY	140041187		2007-08-17 22:59:49.357	2007-08-17 22:59:49.357	1
2224	NYC	WOO	WOODBOURNE CORRECTIONAL FACILITY                  	RIVERSIDE DRIVE               	WOODBOURNE     	NY	127880000		2007-08-17 22:59:49.357	2007-08-17 22:59:49.357	1
2225	NYC	WYO	WYOMING CORRECTIONAL FACILITY                     	P.O. BOX 501                  	ATTICA         	NY	140110000		2007-08-17 22:59:49.357	2007-08-17 22:59:49.357	1
2226	NYD	ADI	ADIRONDACK CORRECTIONAL FACILITY                  	PO BOX 110                    	RAY BROOK      	NY	129770110		2006-09-16 10:38:41.060	2006-09-16 10:38:41.060	1
2227	NYD	AKL	ARTHUR KILL CORRECTIONAL FACILITY                 	2911 ARTHUR KILL ROAD         	STATEN ISLAND  	NY	103090000		2006-09-16 10:38:41.060	2006-09-16 10:38:41.060	1
2228	NYD	ALB	ALBION CORRECTIONAL FACILITY                      	3595 STATE SCHOOL ROAD        	ALBION         	NY	144110000		2006-09-16 10:38:41.060	2006-09-16 10:38:41.060	1
2229	NYD	ALT	ALTONA CORRECTIONAL FACILITY                      	PO BOX 125                    	ALTONA         	NY	129100000		2006-09-16 10:38:41.060	2006-09-16 10:38:41.060	1
2230	NYD	ATT	ATTICA CORRECTIONAL FACILITY                      	PO BX 149, 639 EXCHANGE STREET	ATTICA         	NY	140110149		2006-09-16 10:38:41.060	2006-09-16 10:38:41.060	1
2231	NYD	AUB	AUBURN CORRECTIONAL FACILITY                      	PO BOX 618                    	AUBURN         	NY	130240000		2006-09-16 10:38:41.060	2006-09-16 10:38:41.060	1
2232	NYD	BAR	BARE HILL CORRECTIONAL FACILITY                   	CALLER BOX #20, CADY ROAD     	MALONE         	NY	129530000		2006-09-16 10:38:41.060	2006-09-16 10:38:41.060	1
2233	NYD	BAY	BAYVIEW CORRECTIONAL FACILITY                     	550 WEST 20TH STREET          	NEW YORK       	NY	100112878		2006-09-16 10:38:41.060	2006-09-16 10:38:41.060	1
2234	NYD	BEA	BEACON CORRECTIONAL FACILITY                      	P.O. BOX 780                  	BEACON         	NY	125080780		2006-09-16 10:38:41.060	2006-09-16 10:38:41.060	1
2235	NYD	BED	BEDFORD HILLS CORRECTIONAL FACILITY               	247 HARRIS ROAD               	BEDFORD HILLS  	NY	105072499		2006-09-16 10:38:41.060	2006-09-16 10:38:41.060	1
2236	NYD	BUA	BUTLER ASACTC                                     	P.O. BOX 400                  	RED CREEK      	NY	131430000		2006-09-16 10:38:41.060	2006-09-16 10:38:41.060	1
2237	NYD	BUF	BUFFALO CORRECTIONAL FACILITY                     	P.O. BOX 300                  	AIDEN          	NY	140040000		2006-09-16 10:38:41.060	2006-09-16 10:38:41.060	1
2238	NYD	BUT	BUTLER CORRECTIONAL FACILITY                      	P.O. BOX 388, RT. #370        	RED CREEK      	NY	131430000		2006-09-16 10:38:41.060	2006-09-16 10:38:41.060	1
2239	NYD	CAG	CAMP GABRIELS                                     	BOX 100                       	GABRIELS       	NY	129390100		2006-09-16 10:38:41.060	2006-09-16 10:38:41.060	1
2240	NYD	CAY	CAYUGA CORRECTIONAL FACILITY                      	PO BOX 1186                   	MORAVIA        	NY	131180000		2006-09-16 10:38:41.060	2006-09-16 10:38:41.060	1
2241	NYD	CGT	CAMP GEORGETOWN                                   	RD #1 BOX 48                  	GEORGETOWN     	NY	130729037		2006-09-16 10:38:41.060	2006-09-16 10:38:41.060	1
2242	NYD	CHA	CHATEAUGAY ASACTC                                 	P.O. BOX 320, ROUTE 11        	CHATEAUGAY     	NY	129200000		2006-09-16 10:38:41.060	2006-09-16 10:38:41.060	1
2243	NYD	CLI	CLINTON CORRECTIONAL FACILITY                     	PO BOX 2001                   	DANNEMORA      	NY	129290000		2006-09-16 10:38:41.060	2006-09-16 10:38:41.060	1
2244	NYD	COL	COLLINS CORRECTIONAL FACILITY                     	P.O. BOX 340                  	COLLINS        	NY	140340490		2006-09-16 10:38:41.060	2006-09-16 10:38:41.060	1
2245	NYD	COX	COXSACKIE CORRECTIONAL FACILITY                   	BOX 200, ROUTE 9W             	COXSACKIE      	NY	120510200		2006-09-16 10:38:41.060	2006-09-16 10:38:41.060	1
2246	NYD	CPH	CAMP PHARSALIA                                    	CHENANGO COUNTY               	SOUTH PLMOUTH  	NY	138449729		2006-09-16 10:38:41.060	2006-09-16 10:38:41.060	1
2247	NYD	CVI	CAPE VINCENT CORRECTIONAL FACILITY                	RT 12E, BOX 739               	CAPE VINCENT   	NY	136180000		2006-09-16 10:38:41.060	2006-09-16 10:38:41.060	1
2248	NYD	DOW	DOWNSTATE CORRECTIONAL FACILITY                   	P.O. BOX F                    	FISHKILL       	NY	125240445		2006-09-16 10:38:41.060	2006-09-16 10:38:41.060	1
2249	NYD	EAS	EASTERN NEW YORK CORRECTIONAL FACILITY            	BOX 338, BERME ROAD           	NAPANOCH       	NY	124580338		2006-09-16 10:38:41.060	2006-09-16 10:38:41.060	1
2250	NYD	EDG	EDGECOMBE CORRECTIONAL FACILITY                   	611 EDGECOMBE AVENUE          	NEW YORK       	NY	100324398		2006-09-16 10:38:41.060	2006-09-16 10:38:41.060	1
2251	NYD	ELM	ELMIRA CORRECTIONAL FACILITY                      	PO BOX 500                    	ELMIRA         	NY	149020500		2006-09-16 10:38:41.060	2006-09-16 10:38:41.060	1
2252	NYD	FIS	FISKILL CORRECTIONAL FACILITY                     	PO BOX 1245                   	BEACON         	NY	125080000		2006-09-16 10:38:41.060	2006-09-16 10:38:41.060	1
2253	NYD	FRA	FRANKLIN CORRECTIONAL FACILITY                    	P.O. BOX 10                   	MALONE         	NY	129530000		2006-09-16 10:38:41.060	2006-09-16 10:38:41.060	1
2254	NYD	FUL	FULTON CORRECTIONAL FACILITY                      	1511 FULTON AVENUE            	BRONX          	NY	104578398		2006-09-16 10:38:41.060	2006-09-16 10:38:41.060	1
2255	NYD	GHN	GREEN HAVEN CORRECTIONAL FACILITY                 	RT 216 DRAW B                 	STORMVILLE     	NY	125820000		2006-09-16 10:38:41.060	2006-09-16 10:38:41.060	1
2256	NYD	GMW	GREAT MEADOW CORRECTIONAL FACILITY                	BOX 51                        	COMSTOCK       	NY	128210000		2006-09-16 10:38:41.060	2006-09-16 10:38:41.060	1
2257	NYD	GOU	GOUVERNEUR CORRECTIONAL FACILITY                  	BOX 480, SCOTCH SETTLEMENT RD.	GOUVERNEUR     	NY	136420370		2006-09-16 10:38:41.060	2006-09-16 10:38:41.060	1
2258	NYD	GOW	GOWANDA CORRECTIONAL FACILITY                     	P.O. BOX 350                  	GOWANDA        	NY	140700000		2006-09-16 10:38:41.060	2006-09-16 10:38:41.060	1
2259	NYD	GRE	GREENE CORRECTIONAL FACILITY                      	P.O. BOX 975                  	COXSACKIE      	NY	120510008		2006-09-16 10:38:41.060	2006-09-16 10:38:41.060	1
2260	NYD	GRO	GROVELAND CORRECTIONAL FACILITY                   	PO BX 104  RT 36, SONYEA ROAD 	SONYEA         	NY	145560001		2006-09-16 10:38:41.060	2006-09-16 10:38:41.060	1
2261	NYD	HAL	HALE CREEK ASACTC                                 	279 MALONEY ROAD              	JOHNSTOWN      	NY	120950000		2006-09-16 10:38:41.060	2006-09-16 10:38:41.060	1
2262	NYD	HUD	HUDSON CORRECTIONAL FACILITY                      	BOX 576                       	HUDSON         	NY	125340576		2006-09-16 10:38:41.060	2006-09-16 10:38:41.060	1
2263	NYD	LAK	LAKEVIEW SHOCK INCARCERATION CORRECTIONAL FACILITY	P.O. BOX T                    	BROCTON        	NY	147160000		2006-09-16 10:38:41.060	2006-09-16 10:38:41.060	1
2264	NYD	LIN	LINCOLN CORRECTIONAL FACILITY                     	31 WEST 110TH STREET          	NEW YORK       	NY	100264398		2006-09-16 10:38:41.060	2006-09-16 10:38:41.060	1
2265	NYD	LIV	LIVINGSTON CORRECTIONAL FACILITY                  	P.O. BOX 1991                 	SONYEA         	NY	145560000		2006-09-16 10:38:41.060	2006-09-16 10:38:41.060	1
2266	NYD	LYO	LYONS MOUNTAIN CORRECTIONAL FACILTIY              	BOX 276                       	LYON MOUNTAIN  	NY	129520276		2006-09-16 10:38:41.060	2006-09-16 10:38:41.060	1
2267	NYD	MAR	MARCY CORRECTIONAL FACILITY                       	P.O. BOX 5000                 	MARCY          	NY	134030000		2006-09-16 10:38:41.060	2006-09-16 10:38:41.060	1
2268	NYD	MMG	MOUNT MCGREGOR CORRECTIONAL FACILITY              	BOX 2071                      	WILTON         	NY	128310000		2006-09-16 10:38:41.060	2006-09-16 10:38:41.060	1
2269	NYD	MOE	MID-ORANGE CORRECTIONAL FACILITY                  	900 KINGS HIGHWAY             	WARWICK        	NY	109900900		2006-09-16 10:38:41.060	2006-09-16 10:38:41.060	1
2270	NYD	MOH	MOHAWK CORRECTIONAL FACILITY                      	P.O. BOX 8450-6100 SCHOOL ROAD	ROME           	NY	134400000		2006-09-16 10:38:41.060	2006-09-16 10:38:41.060	1
2271	NYD	MON	MONTEREY SHOCK INCARCERATION CORRECTIONAL FACILITY	2150 EVERGREEN HILL ROAD      	BEAVER DAMS    	NY	148120000		2006-09-16 10:38:41.060	2006-09-16 10:38:41.060	1
2272	NYD	MOR	MORIAH SHOCK INCARCERATION CORRECTIONAL FACILITY  	P.O. BOX 901                  	MINEVILLE      	NY	129560999		2006-09-16 10:38:41.060	2006-09-16 10:38:41.060	1
2273	NYD	MST	MID-STATE CORRECTIONAL FACILITY                   	P.O. BOX 2500                 	MARCY          	NY	134030216		2006-09-16 10:38:41.060	2006-09-16 10:38:41.060	1
2274	NYD	OGB	OGDENSBURG CORRECTIONAL FACILITY                  	ONE CORRECTION WAY            	OGDENSBURG     	NY	136692288		2006-09-16 10:38:41.060	2006-09-16 10:38:41.060	1
2275	NYD	ONE	ONEIDA CORRECTIONAL FACILITY                      	6100 SCHOOL ROAD, BOX 4580    	ROME           	NY	134400000		2006-09-16 10:38:41.060	2006-09-16 10:38:41.060	1
2276	NYD	ORL	ORLEANS CORRECTIONAL FACILITY                     	35-31 GAINES BASIN ROAD       	ALBION         	NY	144110000		2006-09-16 10:38:41.060	2006-09-16 10:38:41.060	1
2277	NYD	OTI	OTISVILLE CORRECTIONAL FACILITY                   	PO BOX 8                      	OTISVILLE      	NY	109630008		2006-09-16 10:38:41.060	2006-09-16 10:38:41.060	1
2278	NYD	PAR	PARKSIDE CORRECTIONAL FACILITY                    	10 MOUNT MORRIS PARK WEST     	NEW YORK       	NY	100276395		2006-09-16 10:38:41.060	2006-09-16 10:38:41.060	1
2279	NYD	PHA	CAMP PHARSALIA                                    	C/O NYSDCS                    	ALBANY         	NY	122260000		2006-09-16 10:38:41.060	2006-09-16 10:38:41.060	1
2280	NYD	QUE	QUEENSBORO CORRECTIONAL FACILITY                  	47-04 VAN DAM STREET          	LONG ISLAND CY 	NY	111013081		2006-09-16 10:38:41.060	2006-09-16 10:38:41.060	1
2281	NYD	RIV	RIVERVIEW CORRECTIONAL FACILITY                   	P.O. BOX 247                  	OGDENSBURG     	NY	136690000		2006-09-16 10:38:41.060	2006-09-16 10:38:41.060	1
2282	NYD	ROC	ROCHESTER CORRECTIONAL FACILITY                   	470 FORD STREET               	ROCHESTER      	NY	146082499		2006-09-16 10:38:41.060	2006-09-16 10:38:41.060	1
2283	NYD	SHA	SHAWANGUNK CORRECTIONAL FACILITY                  	P.O. BOX 700, PRISON ROAD     	WALLKILL       	NY	125890750		2006-09-16 10:38:41.060	2006-09-16 10:38:41.060	1
2284	NYD	SIN	SING SING CORRECTIONAL FACILITY                   	354 HUNTER STREET             	OSSINING       	NY	105625442		2006-09-16 10:38:41.060	2006-09-16 10:38:41.060	1
2285	NYD	SOU	SOUTHPORT CORRECTIONAL FACILITY                   	P.O. BOX 2000                 	PINE CITY      	NY	148710000		2006-09-16 10:38:41.060	2006-09-16 10:38:41.060	1
2286	NYD	SUL	SULLIVAN CORRECTIONAL FACILITY                    	BOX AG                        	FALLSBURG      	NY	127330116		2006-09-16 10:38:41.060	2006-09-16 10:38:41.060	1
2287	NYD	SUM	SUMMIT SHOCK INCARCERATION CORRECTIONAL FACILITY  	HCR 2 BOX 56                  	SUMMIT         	NY	121750000		2006-09-16 10:38:41.060	2006-09-16 10:38:41.060	1
2288	NYD	TAC	TACONIC CORRECTIONAL FACILITY                     	250 HARRIS ROAD               	BEDFORD HILLS  	NY	105072498		2006-09-16 10:38:41.060	2006-09-16 10:38:41.060	1
2289	NYD	ULS	ULSTER CORRECTIONAL FACILITY                      	P.O. BOX 800, BERME ROAD      	NAPANOCH       	NY	124580000		2006-09-16 10:38:41.060	2006-09-16 10:38:41.060	1
2290	NYD	UPS	UPSTATE CORRECTIONAL FACILITY                     	PO BOX 2000, 309 BARE HILL RD 	MALONE         	NY	129530000		2006-09-16 10:38:41.060	2006-09-16 10:38:41.060	1
2291	NYD	WAL	WALLKILL CORRECTIONAL FACILITY                    	BOX G                         	WALLKILL       	NY	125890286		2006-09-16 10:38:41.060	2006-09-16 10:38:41.060	1
2292	NYD	WAS	WASHINGTON CORRECTIONAL FACILITY                  	BOX 180, LOCK 11 RD           	COMSTOCK       	NY	128210180		2006-09-16 10:38:41.060	2006-09-16 10:38:41.060	1
2293	NYD	WAT	WATERTOWN CORRECTIONAL FACILITY                   	PO BOX 168 23147 SWAN ROAD    	WATERTOWN      	NY	136019340		2006-09-16 10:38:41.060	2006-09-16 10:38:41.060	1
2294	NYD	WEN	WENDE CORRECTIONAL FACILITY                       	P.O. BOX 1187                 	ALDEN          	NY	140041187		2006-09-16 10:38:41.060	2006-09-16 10:38:41.060	1
2295	NYD	WIL	WILLARD DRUG TREATMENT CENTER                     	PO BOX 303; 7116 COUNTY RT 132	WILLARD        	NY	145880000		2006-09-16 10:38:41.060	2006-09-16 10:38:41.060	1
2296	NYD	WLS	WALSH MEDICAL CENTER                              	P.O. BOX 8453                 	ROME           	NY	134400000		2006-09-16 10:38:41.060	2006-09-16 10:38:41.060	1
2297	NYD	WOO	WOODBOURNE CORRECTIONAL FACILITY                  	RIVERSIDE DRIVE, POUCH 1      	WOODBOURNE     	NY	127880000		2006-09-16 10:38:41.060	2006-09-16 10:38:41.060	1
2298	NYD	WYO	WYOMING CORRECTIONAL FACILITY                     	P.O. BOX 501                  	ATTICA         	NY	140110000		2006-09-16 10:38:41.060	2006-09-16 10:38:41.060	1
2299	OAK	ACC	AVOYELLES CORRECTIONAL CENTER (MALE FACILITY)     	1630 PRISON ROAD              	COTTONPORT     	LA	713270000		2006-11-17 20:47:48.297	2006-11-17 20:47:48.297	1
2300	OAK	ALA	ALABAMA CORRECTIONAL                              	50 RIPLEY STREET              	MONTGOMERY     	AL	361300000		2006-11-17 20:47:48.297	2006-11-17 20:47:48.297	1
2301	OAK	ALC	ALLEN CORRECTIONAL CENTER, ATTN: WINNIE JORDAN    	3751 LAUDERDALE,WOODYARD ROAD 	KINDER         	LA	706480000		2006-11-17 20:47:48.297	2006-11-17 20:47:48.297	1
2302	OAK	ANG	LOUISIANA STATE PENITENTIARY                      	HWY 66 C/O DORA RABALAIS      	ANGOLA         	LA	707120000		2006-11-17 20:47:48.297	2006-11-17 20:47:48.297	1
2303	OAK	APJ	AVOYELLES PARISH JAIL                             	675 GOVERNMENT STREET         	MARKSVILLE     	LA	713510000		2006-11-17 20:47:48.297	2006-11-17 20:47:48.297	1
2304	OAK	APS	ALLEN PARISH SHERIFF'S OFFICE                     	P.O. BOX 278                  	OBERLIN        	LA	706550000		2006-11-17 20:47:48.297	2006-11-17 20:47:48.297	1
2305	OAK	AW1	LSCI/ ALLENWOOD                                   	P.O. BOX 1500                 	WHITE DEER     	PA	178870000	1111111111	2006-11-17 20:47:48.297	2006-11-17 20:47:48.297	1
2306	OAK	AW2	FCI/ ALLENWOOD                                    	P.O. BOX 2500                 	WHITE DEER     	PA	178870000	1111111111	2006-11-17 20:47:48.297	2006-11-17 20:47:48.297	1
2307	OAK	AW3	U.S. PENTENTIARY/ ALLENWOOD                       	P.O. BOX 1000                 	WHITE DEER     	PA	178870000	1111111111	2006-11-17 20:47:48.297	2006-11-17 20:47:48.297	1
2308	OAK	AWC	AVOYELLES WOMEN CORRECTIONAL CENTER               	P.O. BOX 340, 1630 PRISON RD. 	COTTONPORT     	LA	713270000		2006-11-17 20:47:48.297	2006-11-17 20:47:48.297	1
2309	OAK	BDC	BASILE DETENTION CENTER                           	101 EAST STAGG, P.O. BOX 730  	BASILE         	LA	705150000		2006-11-17 20:47:48.297	2006-11-17 20:47:48.297	1
2310	OAK	BEA	BEAUREGARD PARISH JAIL                            	P.O. BOX 370, 412 MAYEAUX DR. 	DERIDDER       	LA	706340000		2006-11-17 20:47:48.297	2006-11-17 20:47:48.297	1
2311	OAK	BML	FCC BEAUMONT,                                     	4780 23RD STREET              	BEAUMONT       	TX	777050000	1111111111	2006-11-17 20:47:48.297	2006-11-17 20:47:48.297	1
2312	OAK	BWC	BORDELONVILLE WOMEN'S CORRECTIONAL CENTER         	4462 HIGHWAY 451              	MOREAUVILLE    	LA	713550000		2006-11-17 20:47:48.297	2006-11-17 20:47:48.297	1
2313	OAK	CAD	CADDO PARISH CORRECTIONAL CENTER                  	P.O. BOX 70110                	SHREVEPORT     	LA	711370000		2006-11-17 20:47:48.297	2006-11-17 20:47:48.297	1
2314	OAK	CBF	CAMP BEAUREGARD WORK FACILITY                     	1453 15TH STREET              	PINEVILLE      	LA	713600000		2006-11-17 20:47:48.297	2006-11-17 20:47:48.297	1
2315	OAK	CCC	CATAHOULA CORRECTIONAL CENTER                     	499 OLD COLOMBIA ROAD         	HARRISONBURG   	LA	713400000		2006-11-17 20:47:48.297	2006-11-17 20:47:48.297	1
2316	OAK	CPJ	CALCASIEU PARISH JAIL                             	5300 EAST BROAD STREET        	LAKE CHARLES   	LA	706150000		2006-11-17 20:47:48.297	2006-11-17 20:47:48.297	1
2317	OAK	DIX	DIXON CORRECTIONAL INSTITUTION                    	HWY 68, P.O. BOX 788          	JACKSON        	LA	707480000		2006-11-17 20:47:48.297	2006-11-17 20:47:48.297	1
2318	OAK	ECD	EAST CARROLL DETENTION CENTER                     	RT. 1 BOX 118                 	LAKE PROVIDENCE	LA	712540000		2006-11-17 20:47:48.297	2006-11-17 20:47:48.297	1
2319	OAK	EFP	EAST FELICIANA PARISH PRISON                      	P.O. BOX 8025                 	CLINTON        	LA	707220000		2006-11-17 20:47:48.297	2006-11-17 20:47:48.297	1
2320	OAK	ERD	EASTERN RECEPTION DIAGNOSTIC & CORRECTION CENTER  	2727 HWY. K.                  	BONNE TERRE    	MO	636280000	1111111111	2006-11-17 20:47:48.297	2006-11-17 20:47:48.297	1
2321	OAK	EVA	EVANGELINE PARISH JAIL                            	COURTHOUSE BUILDING           	VILLE PLATTE   	LA	705860000		2006-11-17 20:47:48.297	2006-11-17 20:47:48.297	1
2322	OAK	FCC	FEDERAL CORRECTIONAL COMPLEX                      	5060 EAST WHATLEY ROAD        	OAKDALE        	LA	714630000		2006-11-17 20:47:48.297	2006-11-17 20:47:48.297	1
2323	OAK	FCI	FEDERAL CORRECTIONAL INSTITUTE                    	P.O. BOX 5050 E WHATLEY ROAD  	OAKDALE        	LA	714630000		2006-11-17 20:47:48.297	2006-11-17 20:47:48.297	1
2324	OAK	FDC	FEDERAL DETENTION CENTER                          	5060 EAST WHATLEY ROAD        	OAKDALE        	LA	714630000		2006-11-17 20:47:48.297	2006-11-17 20:47:48.297	1
2325	OAK	FEL	EAST FELICIANA PARISH JAIL                        	P.O. BOX 8025                 	CLINTON        	LA	707220000		2006-11-17 20:47:48.297	2006-11-17 20:47:48.297	1
2326	OAK	FUL	FULTON FRDC                                       	P.O. BOX 190                  	FULTON         	MO	652510000		2006-11-17 20:47:48.297	2006-11-17 20:47:48.297	1
2327	OAK	HAN	HANCOCK COUNTY JAIL                               	P.O. BOX 262                  	BAY SAINT LOUIS	MS	395020000		2006-11-17 20:47:48.297	2006-11-17 20:47:48.297	1
2328	OAK	HAR	HARRISON COUNTY JAIL                              	P.O. BOX 1480                 	GULFPORT       	MS	395010000		2006-11-17 20:47:48.297	2006-11-17 20:47:48.297	1
2329	OAK	HUN	HUNT CORRECTIONAL FACILITY                        	HWY 74, P.O. BOX 174          	ST. GABRIEL    	LA	707760000		2006-11-17 20:47:48.297	2006-11-17 20:47:48.297	1
2330	OAK	INS	IMMIGRATION AND NATURALIZATION SERVICE            	P.O. BOX 5095                 	OAKDALE        	LA	714630000		2006-11-17 20:47:48.297	2006-11-17 20:47:48.297	1
2331	OAK	IPD	IBERIA PARISH DETENTION CENTER                    	3618 BROKEN ARROW ROAD        	NEW IBERIA     	LA	705600000		2006-11-17 20:47:48.297	2006-11-17 20:47:48.297	1
2332	OAK	IPJ	IBERIA PARISH JAIL                                	300 IBERIA STREET, STE. 120   	NEW IBERIA     	LA	705600000	1111111111	2006-11-17 20:47:48.297	2006-11-17 20:47:48.297	1
2333	OAK	LAF	LAFAYETTE PARISH CORRECTIONAL CENTER              	P.O. BOX 2537, 916 LAF. ST.   	LAFAYETTE      	LA	705020000		2006-11-17 20:47:48.297	2006-11-17 20:47:48.297	1
2334	OAK	LAW	LOUISIANA CORRECTIONAL INSTITUTE FOR WOMEN        	P.O. BOX 26                   	ST. GABRIEL    	LA	707760000		2006-11-17 20:47:48.297	2006-11-17 20:47:48.297	1
2335	OAK	LCI	LOUISIANA CORRECTIONAL & INDUSTRIAL SCHOOL        	HWY 27N, P.O. BOX 1056        	DEQUINCY       	LA	706330000		2006-11-17 20:47:48.297	2006-11-17 20:47:48.297	1
2336	OAK	MER	MISSOURI EASTERN RECEPTION & DIAGNOSTIC CENTER    	2727 HWY K                    	BONNE TERRE    	MO	636280000		2006-11-17 20:47:48.297	2006-11-17 20:47:48.297	1
2337	OAK	MIS	MISSISSIPPI STATE PENITENTIARY                    	MS DEPARTMENT OF CORRECTIONS  	PARCHMAN       	MS	387380000		2006-11-17 20:47:48.297	2006-11-17 20:47:48.297	1
2338	OAK	MOU	MISSOURI DEPARTMENT OF CORRECTIONS                	2729 PLAZA DR., P.O. BOX 236  	JEFFERSON CITY 	MO	651020000		2006-11-17 20:47:48.297	2006-11-17 20:47:48.297	1
2339	OAK	MPD	MADISON PARISH DETENTION CENTER                   	ROUTE 3, BOX 3                	TALLULAH       	LA	712820000		2006-11-17 20:47:48.297	2006-11-17 20:47:48.297	1
2340	OAK	OPJ	OUACHITA PARISH JAIL                              	P.O. BOX 1803                 	MONROE         	LA	712100000		2006-11-17 20:47:48.297	2006-11-17 20:47:48.297	1
2341	OAK	ORL	ORLEANS CRIMINAL CORRECTIONAL CENTER              	2800 GRAVIER STREET           	NEW ORLEANS    	LA	701190000		2006-11-17 20:47:48.297	2006-11-17 20:47:48.297	1
2342	OAK	OUT	RELEASED                                          	000000000                     	00000000       	LA	714630000		2006-11-17 20:47:48.297	2006-11-17 20:47:48.297	1
2343	OAK	PCC	PHELPS CORRECTIONAL CENTER                        	P.O. BOX 1056                 	DEQUINCY       	LA	706330000		2006-11-17 20:47:48.297	2006-11-17 20:47:48.297	1
2344	OAK	PCJ	POINT COUPEE JAIL                                 	P.O. BOX 348                  	NEW ROADS      	LA	707600000		2006-11-17 20:47:48.297	2006-11-17 20:47:48.297	1
2345	OAK	PER	 PEARL RIVER COUNTY JAIL                          	RT. 5 BOX 138                 	POPLARVILLE    	MS	394700000		2006-11-17 20:47:48.297	2006-11-17 20:47:48.297	1
2346	OAK	PPC	PINE PRAIRIE CORRECTIONAL CENTER                  	P.O. BOX 650                  	PINE PRAIRIE   	LA	705760000		2006-11-17 20:47:48.297	2006-11-17 20:47:48.297	1
2347	OAK	RIC	RICHWOOD CORRECTIONAL CENTER                      	180 PINE BAYOU CIRCLE         	MONROE         	LA	712070000		2006-11-17 20:47:48.297	2006-11-17 20:47:48.297	1
2348	OAK	SJB	ST. JOHN THE BAPTIST PARISH PRISON                	100 DEPUTY BARTON GRANIER DR. 	LA PLACE       	LA	700680000		2006-11-17 20:47:48.297	2006-11-17 20:47:48.297	1
2349	OAK	SLC	SOUTH LOUISIANA CORRECTIONAL                      	3843 STAGG AVENUE             	BASILE         	LA	705150000		2006-11-17 20:47:48.297	2006-11-17 20:47:48.297	1
2350	OAK	SPC	SPECIAL HOUSING CASE                              	INS CUSTODY                   	OAKDALE        	LA	714630000		2006-11-17 20:47:48.297	2006-11-17 20:47:48.297	1
2351	OAK	STD	DHS/ICE                                           	1222 SPRUCE ST., RM.1.100     	ST. LOUIS      	MO	631030000		2006-11-17 20:47:48.297	2006-11-17 20:47:48.297	1
2352	OAK	STM	ST. MARTIN PARISH JAIL                            	400 MARTIN STREET             	ST.MARTINSVILLE	LA	705820000		2006-11-17 20:47:48.297	2006-11-17 20:47:48.297	1
2353	OAK	STT	ST. TAMMANY PARISH JAIL                           	P.O. BOX 908                  	COVINGTON      	LA	704340000		2006-11-17 20:47:48.297	2006-11-17 20:47:48.297	1
2354	OAK	TAN	TANGIPAHOA PARISH JAIL                            	P.O. BOX 250                  	AMITE          	LA	704220000		2006-11-17 20:47:48.297	2006-11-17 20:47:48.297	1
2355	OAK	TPD	TENSAS PARISH DETENTION CENTER                    	P.O. BOX 970                  	NEWELLTON      	LA	713570000		2006-11-17 20:47:48.297	2006-11-17 20:47:48.297	1
2356	OAK	UNK	UNKNOWN LOCALE OF DETENTION                       	UNKNOWN                       	UNKNOWN        	LA	111111111	1111111111	2006-11-17 20:47:48.297	2006-11-17 20:47:48.297	1
2357	OAK	VCF	VERNON CORRECTIONAL FACILITY                      	P.O. BOX 649                  	LEESVILLE      	LA	714960000		2006-11-17 20:47:48.297	2006-11-17 20:47:48.297	1
2358	OAK	VER	VERMILLION PARISH JAIL                            	P.O. BOX 307                  	ABBEVILLE      	LA	705110000		2006-11-17 20:47:48.297	2006-11-17 20:47:48.297	1
2359	OAK	WAD	WADE CORRECTIONAL CENTER, C/O ANGIE HUFF          	670 BELL HILL ROAD            	HOMER          	LA	710400000		2006-11-17 20:47:48.297	2006-11-17 20:47:48.297	1
2360	OAK	WAS	WASHINGTON CORRECTIONAL INSTITUTE                 	27268 HWY 21                  	ANGIE          	LA	704260000		2006-11-17 20:47:48.297	2006-11-17 20:47:48.297	1
2361	OAK	WBR	WEST BATON ROUGE DETENTION CENTER, C/O MIKE CAZE  	1150 N.W. DRIVE               	PORT ALLEN     	LA	707670000		2006-11-17 20:47:48.297	2006-11-17 20:47:48.297	1
2362	OAK	WCO	WEST CARROLL PARISH JAIL                          	  COURT HOUSE BLDG. MAIN ST.  	OAK GROVE      	LA	712630000		2006-11-17 20:47:48.297	2006-11-17 20:47:48.297	1
2363	OAK	WEB	WEBSTER PARISH JAIL                               	1731 PENAL FARM ROAD          	SIBLEY         	LA	710730000		2006-11-17 20:47:48.297	2006-11-17 20:47:48.297	1
2364	OAK	WNN	WINN CORRECTIONAL CENTER, C/O SHEILA BRAXTON      	P.O. BOX 1260, GUM SPRINGS RD.	WINNFIELD      	LA	714830000		2006-11-17 20:47:48.297	2006-11-17 20:47:48.297	1
2365	OAK	YRK	YORK COUNTY PRISON                                	3401 CONCORD ROAD             	YORK           	PA	174020000	1111111111	2006-11-17 20:47:48.297	2006-11-17 20:47:48.297	1
2366	ORL	APA	APALACHEE C.I.                                    	U.S. HWY. 90 EAST             	SNEADS         	FL	324600000		2007-09-15 09:53:31.450	2007-09-15 09:53:31.450	1
2367	ORL	AVO	AVON PARK C.I.                                    	COUNTY ROAD 64 EAST           	AVON PARK      	FL	338250000		2007-09-15 09:53:31.450	2007-09-15 09:53:31.450	1
2368	ORL	BAK	BAKER C.I.                                        	U.S. HWY. 90 E. OF OLUSTEE    	SANDERSON      	FL	320870000		2007-09-15 09:53:31.450	2007-09-15 09:53:31.450	1
2369	ORL	BAY	BAY CORRECTIONAL INSTITUTION                      	5400 BAYLINE DRIVE            	PANAMA CITY    	FL	324040000	1111111111	2007-09-15 09:53:31.450	2007-09-15 09:53:31.450	1
2370	ORL	BEL	BELLE GLADES C.I.                                 	500 ORANGE AVENUE CIRCLE      	BELLE GLADE    	FL	334300000		2007-09-15 09:53:31.450	2007-09-15 09:53:31.450	1
2371	ORL	BRE	BREVARD C.I.                                      	855 CAMP ROAD                 	SHARPES        	FL	329590340		2007-09-15 09:53:31.450	2007-09-15 09:53:31.450	1
2372	ORL	BRO	BROWARD C.I.                                      	20421 SHERIDAN ST.            	PEMBROKE PINES 	FL	330240000		2007-09-15 09:53:31.450	2007-09-15 09:53:31.450	1
2373	ORL	CAL	CALHOUN C.I.                                      	COUNTY ROAD 69 SOUTH          	BLOUNTSTOWN    	FL	324240000		2007-09-15 09:53:31.450	2007-09-15 09:53:31.450	1
2374	ORL	CEN	CENTURY C.I.                                      	400 TEDDER ROAD               	CENTURY        	FL	325360000		2007-09-15 09:53:31.450	2007-09-15 09:53:31.450	1
2375	ORL	CFR	CENTRAL FLORIDA RECEPTION CENTER                  	7000 H.C. KELLEY RD. 32831    	ORLANDO        	FL	328628040		2007-09-15 09:53:31.450	2007-09-15 09:53:31.450	1
2376	ORL	CHA	CHARLOTTE C.I.                                    	33123 OIL WELL ROAD           	PUNTA GORDA    	FL	339550000		2007-09-15 09:53:31.450	2007-09-15 09:53:31.450	1
2377	ORL	COL	COLUMBIA C.I.                                     	RT., BOX 376                  	LAKE CITY      	FL	320550000		2007-09-15 09:53:31.450	2007-09-15 09:53:31.450	1
2378	ORL	COR	CORRECTIONS MENTAL HEALTH INSTITUION              	BLDG. 20, FLORIDA STATE HOSP. 	CHATTAHOOCHEE  	FL	323240000		2007-09-15 09:53:31.450	2007-09-15 09:53:31.450	1
2379	ORL	CRO	CROSS CITY C.I.                                   	OLD RADAR ROAD                	CROSS CITY     	FL	326280000		2007-09-15 09:53:31.450	2007-09-15 09:53:31.450	1
2380	ORL	DAD	DADE C.I.                                         	19000 S.W. 377TH STREET       	FLORIDA CITY   	FL	330340000		2007-09-15 09:53:31.450	2007-09-15 09:53:31.450	1
2381	ORL	DES	DESOTO C.I.                                       	STATE ROAD 70 EAST            	ARCADIA        	FL	338210000		2007-09-15 09:53:31.450	2007-09-15 09:53:31.450	1
2382	ORL	EVE	EVERGLADES CORRECTIONAL INSTITUTION               	1601 S.W. 187TH AVE.          	MIAMI          	FL	331850000	1111111111	2007-09-15 09:53:31.450	2007-09-15 09:53:31.450	1
2383	ORL	FLO	FLORIDA C.I.                                      	STATE ROAD 25A                	LOWELL         	FL	326630000		2007-09-15 09:53:31.450	2007-09-15 09:53:31.450	1
2384	ORL	FRA	FRANKLIN WORK CAMP                                	P.O. BOX 160                  	APPLACHICOLA   	FL	323200000	1111111111	2007-09-15 09:53:31.450	2007-09-15 09:53:31.450	1
2385	ORL	FSP	FLORIDA STATE PRISON C.I.                         	STATE ROAD 16                 	STARKE         	FL	320910000		2007-09-15 09:53:31.450	2007-09-15 09:53:31.450	1
2386	ORL	GUL	GULF C.I.                                         	STONE MILL CREEK ROAD         	WEWAHITCHKA    	FL	324650000		2007-09-15 09:53:31.450	2007-09-15 09:53:31.450	1
2387	ORL	GWC	GAINESVILLE WORK CAMP                             	P.O. BOX 1167                 	GAINESVILLE    	FL	326090000	1111111111	2007-09-15 09:53:31.450	2007-09-15 09:53:31.450	1
2388	ORL	HAM	HAMILTON C.I.                                     	LAKE BASIN ROAD               	JASPER         	FL	320520000		2007-09-15 09:53:31.450	2007-09-15 09:53:31.450	1
2389	ORL	HAR	HARDEE C.I.                                       	STAE ROAD 62                  	BOWLING GREEN  	FL	338340000		2007-09-15 09:53:31.450	2007-09-15 09:53:31.450	1
2390	ORL	HEN	HENDRY C.I.                                       	STATE ROAD 858                	IMMOKALEE      	FL	339349747		2007-09-15 09:53:31.450	2007-09-15 09:53:31.450	1
2391	ORL	HIL	HILLISBOROUGH C.I.                                	11150 COUNTY ROAD 672         	RIVERVIEW      	FL	335698402		2007-09-15 09:53:31.450	2007-09-15 09:53:31.450	1
2392	ORL	HOL	HOLMES C.I.                                       	COUNTY ROAD THREE             	BONIFAY        	FL	324250000		2007-09-15 09:53:31.450	2007-09-15 09:53:31.450	1
2393	ORL	IND	INDIAN RIVER C.I.                                 	7625 17TH STREET, S.W.        	VERO BCH.      	FL	329680000		2007-09-15 09:53:31.450	2007-09-15 09:53:31.450	1
2394	ORL	JAC	JACKSON C.I.                                      	STATE ROAD 71 NORTH           	MALONE         	FL	324550000		2007-09-15 09:53:31.450	2007-09-15 09:53:31.450	1
2395	ORL	JEF	JEFFERSON C.I.                                    	BIG JOE ROAD                  	MONTICELLO     	FL	323450430		2007-09-15 09:53:31.450	2007-09-15 09:53:31.450	1
2396	ORL	LAK	LAKE C.I.                                         	19225 U.S. HWY. 27            	CLEMONT        	FL	347119025		2007-09-15 09:53:31.450	2007-09-15 09:53:31.450	1
2397	ORL	LAN	LANTANA C.I.                                      	?                             	?              	FL	111111111	1111111111	2007-09-15 09:53:31.450	2007-09-15 09:53:31.450	1
2398	ORL	LAS	LANCASTER C.I.                                    	STATE ROAD 26 WEST            	TRENTON        	FL	326930158		2007-09-15 09:53:31.450	2007-09-15 09:53:31.450	1
2399	ORL	LAW	LAWTEY C.I.                                       	COUNTY ROAD 200-B             	LAWTEY         	FL	320580000		2007-09-15 09:53:31.450	2007-09-15 09:53:31.450	1
2400	ORL	LCI	LAKE CITY CORRECTIONAL INSTITUTION                	111111111                     	111111         	FL	111111111	1111111111	2007-09-15 09:53:31.450	2007-09-15 09:53:31.450	1
2401	ORL	LIB	LIBERTY C.I.                                      	COUNTY ROAD 271               	BRISTOL        	FL	323210000		2007-09-15 09:53:31.450	2007-09-15 09:53:31.450	1
2402	ORL	LOX	LOXAHATECHEE                                      	???                           	MIAMI          	FL	111111111	1111111111	2007-09-15 09:53:31.450	2007-09-15 09:53:31.450	1
2403	ORL	MAD	MADISON C.I.                                      	STATE ROAD 14 SOUTH           	MADISON        	FL	323410000		2007-09-15 09:53:31.450	2007-09-15 09:53:31.450	1
2404	ORL	MAN	MARION C.I.                                       	STATE ROAD 25-A               	LOWELL         	FL	326630000		2007-09-15 09:53:31.450	2007-09-15 09:53:31.450	1
2405	ORL	MAR	MARTIN C.I.                                       	1150 S.W. ALLAPATTAH RD.      	INDIANTOWN     	FL	334560000		2007-09-15 09:53:31.450	2007-09-15 09:53:31.450	1
2406	ORL	MAY	MAYO C.I.                                         	U.S. HWY. 27TH WEST           	MAYO           	FL	320660000		2007-09-15 09:53:31.450	2007-09-15 09:53:31.450	1
2407	ORL	MHI	MENTAL HEALTH INSTITUTION                         	???                           	???            	FL	111111111	1111111111	2007-09-15 09:53:31.450	2007-09-15 09:53:31.450	1
2408	ORL	MNC	MIAMI NORTH COMMUNITY CORRECTIONAL CENTER         	???                           	MIAMI          	FL	111111111	1111111111	2007-09-15 09:53:31.450	2007-09-15 09:53:31.450	1
2409	ORL	MOO	MOORE HAVEN CORRECTIONAL INSTITUTION              	P.O. BOX 718501               	MOORE HAVEN    	FL	334710000		2007-09-15 09:53:31.450	2007-09-15 09:53:31.450	1
2410	ORL	NEW	NEW RIVER C.I.                                    	STATE ROAD 16 WEST            	RAIFORD        	FL	320830333		2007-09-15 09:53:31.450	2007-09-15 09:53:31.450	1
2411	ORL	NFR	NORTH FLORIDA RECEPTION CENTER                    	STATE ROAD 231 SOUTH          	LAKE BULTER    	FL	320540000		2007-09-15 09:53:31.450	2007-09-15 09:53:31.450	1
2412	ORL	OKA	OKALOOSA C.I.                                     	3189 LITTLE SILVER RD.        	CRESTVIEW      	FL	325396708		2007-09-15 09:53:31.450	2007-09-15 09:53:31.450	1
2413	ORL	OKE	OKEECHOBEE CORRECTIONAL INSTITUTION               	P.O. BOX 1984                 	OKEECHOBEE     	FL	349721984	1111111111	2007-09-15 09:53:31.450	2007-09-15 09:53:31.450	1
2414	ORL	PER	PERRY CORRECTIONAL INSTITUTION                    	ROUTE1, BOX 1086              	PERRY          	FL	323470000	1111111111	2007-09-15 09:53:31.450	2007-09-15 09:53:31.450	1
2415	ORL	POL	POLK C.I.                                         	3876 EVAN RD.                 	POLK CITY      	FL	338689213		2007-09-15 09:53:31.450	2007-09-15 09:53:31.450	1
2416	ORL	PUT	PUTNAM C.I.                                       	128 YELVINGTON ROAD           	EAST PALATKA   	FL	321310000		2007-09-15 09:53:31.450	2007-09-15 09:53:31.450	1
2417	ORL	QUI	QUINCY CORRECTIONAL INSTITUTION                   	STATE ROAD 267 SOUTH          	QUINCY         	FL	323530000		2007-09-15 09:53:31.450	2007-09-15 09:53:31.450	1
2418	ORL	REC	RECEPTION AND MEDICAL CENTER                      	?                             	?              	FL	111111111	1111111111	2007-09-15 09:53:31.450	2007-09-15 09:53:31.450	1
2419	ORL	RIV	RIVER JUNCTION C.I.                               	BLDG. 20, FLORIDA STATE HOSP. 	CHATTAHOOCH    	FL	323243700		2007-09-15 09:53:31.450	2007-09-15 09:53:31.450	1
2420	ORL	SAN	SANTA ROSA CORRECTIONAL INSTITUTION               	5850 EAST MILTON ROAD         	MILTON         	FL	325720000		2007-09-15 09:53:31.450	2007-09-15 09:53:31.450	1
2421	ORL	SFR	SOUTH FLORIDA RECEPTION CENTER                    	14000 N.W. 41ST STREET        	MIAMI          	FL	331020000		2007-09-15 09:53:31.450	2007-09-15 09:53:31.450	1
2422	ORL	SOU	SOUTH BAY CORRECTIONAL FACILITY                   	159 US 27 SOUTH               	SOUTH BAY      	FL	334930000	1111111111	2007-09-15 09:53:31.450	2007-09-15 09:53:31.450	1
2423	ORL	SUM	SUMTER C.I.                                       	P.O. BOX 667                  	BUSHNELL       	FL	335130000		2007-09-15 09:53:31.450	2007-09-15 09:53:31.450	1
2424	ORL	TAY	TAYLOR CORRECTIONAL INSTITUTION                   	ROUTE 1, BOX 1086             	PERRY          	FL	323470000	1111111111	2007-09-15 09:53:31.450	2007-09-15 09:53:31.450	1
2425	ORL	TGK	CINDAY TALBOT                                     	7000 N.W. 41ST ST.            	MIAMI          	FL	331660000		2007-09-15 09:53:31.450	2007-09-15 09:53:31.450	1
2426	ORL	TOM	TOMOKA C.I.                                       	3950 TIGER BAY RD.            	DAYTONA BCH.   	FL	321240000		2007-09-15 09:53:31.450	2007-09-15 09:53:31.450	1
2427	ORL	UNI	UNION C.I.                                        	STATE ROAD 16                 	RAIFORD        	FL	320830000		2007-09-15 09:53:31.450	2007-09-15 09:53:31.450	1
2428	ORL	WAL	WALTON C.I.                                       	STATE ROAD 83 NORTH           	DEFUNIAK SPRING	FL	324330000		2007-09-15 09:53:31.450	2007-09-15 09:53:31.450	1
2429	ORL	WAS	WASHINGTON CORRECTIONAL INSTITUTION               	P.O. BOX 510                  	VERNON         	FL	324620000	1111111111	2007-09-15 09:53:31.450	2007-09-15 09:53:31.450	1
2430	ORL	ZEP	ZEPHYRHILLS C.I.                                  	2739 GALL BLVD.               	ZEPHYRHILLS    	FL	335410000		2007-09-15 09:53:31.450	2007-09-15 09:53:31.450	1
2431	PHI	FCI	FCI-ALLENWOOD                                     	P.O. BOX 2500                 	WHITE DEER     	PA	178870000		2006-12-08 20:21:41.263	2006-12-08 20:21:41.263	1
2432	PHI	LSC	LSCI-ALLENWOOD                                    	P.O. BOX 209                  	WHITE DEER     	PA	178870000		2006-12-08 20:21:41.263	2006-12-08 20:21:41.263	1
2433	PHI	USP	U.S. PENITENTIARY ALLENWOOD                       	P.O. BOX 3500                 	WHITE DEER     	PA	178870000		2006-12-08 20:21:41.263	2006-12-08 20:21:41.263	1
2434	PHI	WMD	WALSH MEDICAL C/O MOHAWK CF                       	BOX 8450 6100 SCHOOL RD.      	ROME           	NY	134400000		2006-12-07 21:05:34.077	2006-12-07 21:05:34.077	1
2435	PHO	ACW	ARIZONA STATE PRISON - ARIZONA CENTER FOR WOMEN   	POST OFFICE BOX 52112         	PHOENIX        	AZ	850720000		2007-01-12 21:59:17.467	2007-01-12 21:59:17.467	0
2436	PHO	ALH	ARIZONA STATE PRISON - ALHAMBRA UNIT              	POST OFFICE BOX 52109         	PHOENIX        	AZ	850070000		2007-01-12 21:59:17.467	2007-01-12 21:59:17.467	0
2437	PHO	APU	ARIZONA STATE PRISON - APACHE UNIT                	POST OFFICE BOX 3240          	ST. JOHNS      	AZ	859360000		2007-01-12 21:59:17.467	2007-01-12 21:59:17.467	0
2438	PHO	ASP	ARIZONA STATE PRISON - ASPEN UNIT                 	POST OFFICE BOX 52110         	PHOENIX        	AZ	850720000		2007-01-12 21:59:17.467	2007-01-12 21:59:17.467	0
2439	PHO	B28	B28 SPECIAL MANAGE-PERRYVILLE                     	2414 N. CITRUS ROAD           	GOODYEAR       	AZ	853380000		2007-01-12 21:59:17.467	2007-01-12 21:59:17.467	1
2440	PHO	BAC	ASPC-LEWIS                                        	26700 S. HWY 85               	BUCKEYE        	AZ	853260000		2007-01-12 21:59:17.467	2007-01-12 21:59:17.467	1
2441	PHO	BAR	ASPC LEWIS STATE PRISON                           	26700 S. HWY 85               	BUCKEYE        	AZ	853260000		2007-01-12 21:59:17.467	2007-01-12 21:59:17.467	1
2442	PHO	BUC	ASPC-LEWIS STATE PRISON                           	26700 S. HWY. 85              	BUCKEYE        	AZ	853260000		2007-01-12 21:59:17.467	2007-01-12 21:59:17.467	1
2443	PHO	CAC	CENTRAL ARIZONA CORRECTIONAL FACILITY						2007-06-18 16:36:38.717	2007-06-18 16:36:38.717	1
2444	PHO	CAD	CENTRAL ARIZONA CORRECTIONAL - (FEMALE DETAINEES)						2007-06-18 16:36:38.717	2007-06-18 16:36:38.717	1
2445	PHO	CB6	ARIZONA STATE PRISON - CB6                        	POST OFFICE BOX 629           	FLORENCE       	AZ	852320000		2007-01-12 21:59:17.467	2007-01-12 21:59:17.467	1
2446	PHO	CCA	CENTRAL DETENTION CORRECTION ASSOCIATION          	1155 N. PINAL PARKWAY         	FLORENCE       	AZ	852320000		2007-01-12 21:59:17.467	2007-01-12 21:59:17.467	0
2447	PHO	CCC	CARLIN CONSERVATION CAMP; ATTN:  AWP/FAC. MGR.    	POST OFFICE BOX 1500          	CARLIN         	NV	898220000		2007-01-12 21:59:17.467	2007-01-12 21:59:17.467	0
2448	PHO	CDN	ARIZONA STATE PRISON - COMPLEX DETENTION          	10000 SOUTH WILMOT ROAD       	TUCSON         	AZ	857770000		2007-01-12 21:59:17.467	2007-01-12 21:59:17.467	0
2449	PHO	CDU	ARIZONA STATE PRISON - COMPLEX DETENTION          	POST OFFICE BOX 3000          	GOODYEAR       	AZ	853380000		2007-01-12 21:59:17.467	2007-01-12 21:59:17.467	0
2450	PHO	CIM	ARIZONA STATE PRISON - CIMARRON UNIT              	10000 SOUTH WILMOT ROAD       	TUCSON         	AZ	857770000		2007-01-12 21:59:17.467	2007-01-12 21:59:17.467	0
2451	PHO	COC	ARIZONA STATE PRISON - COCHISE UNIT               	POST OFFICE DRAWER 3867       	DOUGLAS        	AZ	856080000		2007-01-12 21:59:17.467	2007-01-12 21:59:17.467	0
2452	PHO	COK	ARIZONA STATE PRISON - COOK UNIT                  	POST OFFICE BOX 3500          	FLORENCE       	AZ	852320000		2007-01-12 21:59:17.467	2007-01-12 21:59:17.467	1
2453	PHO	COR	ARIZONA STATE PRISON - CORONADO UNIT              	2100 SOUTH HIGHWAY 87         	WINSLOW        	AZ	860470000		2007-01-12 21:59:17.467	2007-01-12 21:59:17.467	0
2454	PHO	CTU	ARIZONA STATE PRISON - CENTRAL UNIT               	POST OFFICE BOX 629           	FLORENCE       	AZ	852320000		2007-01-12 21:59:17.467	2007-01-12 21:59:17.467	1
2455	PHO	DOC	ARIZONA DEPARTMENT OF CORRECTIONS                 	1601 W. JEFFERSON AVENUE      	PHOENIX        	AZ	850070000		2007-01-12 21:59:17.467	2007-01-12 21:59:17.467	0
2456	PHO	ECC	ELY CONSERVATION CAMP; ATTN:  AWP/FAC. MGR.       	STAR ROUTE 5, BOX 45          	ELY            	NV	893010000		2007-01-12 21:59:17.467	2007-01-12 21:59:17.467	0
2457	PHO	ECH	ARIZONA STATE PRISON - ECHO UNIT                  	10000 SOUTH WILMOT ROAD       	TUCSON         	AZ	857770000		2007-01-12 21:59:17.467	2007-01-12 21:59:17.467	0
2458	PHO	ESP	ELY STATE PRISON; ATTN:  AWP/FAC. MGR.            	POST OFFICE BOX 1989          	ELY            	NV	893010000		2007-01-12 21:59:17.467	2007-01-12 21:59:17.467	0
2459	PHO	EU 	ARIZONA STATE PRISON - EAST UNIT                  	POST OFFICE BOX 629           	FLORENCE       	AZ	852320000		2007-01-12 21:59:17.467	2007-01-12 21:59:17.467	1
2460	PHO	EYM	ASPC-EYMAN UNIT                                   	P.O. BOX 3500                 	FLORENCE       	AZ	852320000		2007-01-12 21:59:17.467	2007-01-12 21:59:17.467	0
2461	PHO	FCC	CENTRAL ARIZONA CORRECTIONAL - (MALE DETAINEES) 						2007-06-18 16:36:38.717	2007-06-18 16:36:38.717	1
2462	PHO	FLW	ASPC FLORENCE WEST                                	P.O. BOX 1599                 	FLORENCE       	AZ	852320000		2007-01-12 21:59:17.467	2007-01-12 21:59:17.467	1
2463	PHO	FTG	ARIZONA STATE PRISON - FT. GRANT                  	POST OFFICE BOX 4000/R        	FT. GRANT      	AZ	856430000		2007-01-12 21:59:17.467	2007-01-12 21:59:17.467	0
2464	PHO	GIL	ARIZONA STATE PRISON - GILA UNIT                  	POST OFFICE DRAWER 3867       	DOUGLAS        	AZ	856080000		2007-01-12 21:59:17.467	2007-01-12 21:59:17.467	0
2465	PHO	GLO	ARIZONA STATE PRISON - GLOBE                      	POST OFFICE BOX 2799          	GLOBE          	AZ	855020000		2007-01-12 21:59:17.467	2007-01-12 21:59:17.467	1
2466	PHO	HCC	HUMBOLDT CONSERVATION CAMP; ATTN:  AWP/FAC. MGR.  	POST OFFICE BOX 1069          	WINNEMUCCA     	NV	894460000		2007-01-12 21:59:17.467	2007-01-12 21:59:17.467	0
2467	PHO	ISC	INDIAN SPGS. CONSERVATION CAMP; ATTN: AWP/FAC. MGR	POST OFFICE BOX 208           	INDIAN SPRINGS 	NV	890700000		2007-01-12 21:59:17.467	2007-01-12 21:59:17.467	0
2468	PHO	JCC	JEAN CONSERVATION CAMP; ATTN:  AWP/FAC. MGR.      	POST OFFICE BOX 400           	JEAN           	NV	890190000		2007-01-12 21:59:17.467	2007-01-12 21:59:17.467	0
2469	PHO	KAI	ARIZONA STATE PRISON - KAIBAB UNIT                	2100 SOUTH HIGHWAY 87         	WINSLOW        	AZ	860470000		2007-01-12 21:59:17.467	2007-01-12 21:59:17.467	0
2470	PHO	KIN	ASPC LEWIS KINGMAN	26700 S HWY 85	BUCKEYE	AZ	85326		2007-01-12 21:59:17.467	2007-10-18 12:02:45.000	1
2471	PHO	LCC	LOVELOCK CORRECTIONAL CENTER; ATTN:  AWP/FAC. MGR.	POST OFFICE BOX 359           	LOVELOCK       	NV	894190000		2007-01-12 21:59:17.467	2007-01-12 21:59:17.467	0
2472	PHO	LEW	ASPC-LEWIS                                        	26700 S. HWY 85               	BUCKEYE        	AZ	853260000		2007-01-12 21:59:17.467	2007-01-12 21:59:17.467	1
2473	PHO	LUM	ARIZONA STATE PRISON-LUMLEY                       	POST OFFICE BOX  3000         	GOODYEAR       	AZ	853380000		2007-01-12 21:59:17.467	2007-01-12 21:59:17.467	1
2474	PHO	MAN	ARIZONA STATE PRISON - MANZANITA UNIT             	10000 SOUTH WILMOT ROAD       	TUCSON         	AZ	857770000		2007-01-12 21:59:17.467	2007-01-12 21:59:17.467	0
2475	PHO	MAR	MARANA COMMUNITY CORRECTIONAL TREATMENT CENTER    	12610 WEST SILVERBELL ROAD    	MARANA         	AZ	856530000		2007-01-12 21:59:17.467	2007-01-12 21:59:17.467	0
2476	PHO	MEA	ARIZONA STATE PRISON - MEADOWS UNIT               	POST OFFICE BOX 3500          	FLORENCE       	AZ	852320000		2007-01-12 21:59:17.467	2007-01-12 21:59:17.467	1
2477	PHO	MOH	ARIZONA STATE PRISON - MOHAVE UNIT                	POST OFFICE DRAWER 3867       	DOUGLAS        	AZ	856080000		2007-01-12 21:59:17.467	2007-01-12 21:59:17.467	0
2478	PHO	MOR	ASPC-LEWIS                                        	26700 S. HWY 85               	BUCKEYE        	AZ	853260000		2007-01-12 21:59:17.467	2007-01-12 21:59:17.467	1
2479	PHO	MRT	ASPC PERRYVILLE                                   	P.O. BOX 3400                 	GOODYEAR       	AZ	853380000		2007-01-12 21:59:17.467	2007-01-12 21:59:17.467	1
2480	PHO	NNC	NORTHERN NEV. CRTNL CENTER; ATTN:  AWP/FAC. MGR.  	POST OFFICE BOX 7007          	CARSON CITY    	NV	897020000		2007-01-12 21:59:17.467	2007-01-12 21:59:17.467	0
2481	PHO	NO1	ARIZONA STATE PRISON - NORTH UNIT 1               	POST OFFICE BOX 629           	FLORENCE       	AZ	852320000		2007-01-12 21:59:17.467	2007-01-12 21:59:17.467	1
2482	PHO	NO2	ARIZONA STATE PRISON - NORTH UNIT 2               	POST OFFICE BOX 629           	FLORENCE       	AZ	852320000		2007-01-12 21:59:17.467	2007-01-12 21:59:17.467	1
2483	PHO	NSP	NEVADA STATE PRISON; ATTN:  AWP/FAC. MGR.         	POST OFFICE BOX 607           	CARSON CITY    	NV	897020000		2007-01-12 21:59:17.467	2007-01-12 21:59:17.467	0
2484	PHO	NWC	NEV. WOMEN'S CRCTNL. CENTER; ATTN:  AWP/FAC. MGR. 	POST OFFICE BOX 7007          	CARSON CITY    	NV	897020000		2007-01-12 21:59:17.467	2007-01-12 21:59:17.467	0
2485	PHO	PAP	ARIZONA STATE PRISON - PAPAGO UNIT                	POST OFFICE DRAWER 3867       	DOUGLAS        	AZ	856080000		2007-01-12 21:59:17.467	2007-01-12 21:59:17.467	0
2486	PHO	PCC	PIOCHE CONSERVATION CAMP;  ATTN:  AWP/FAC. MGR.   	POST OFFICE BOX 509           	PIOCHE         	NV	890430000		2007-01-12 21:59:17.467	2007-01-12 21:59:17.467	0
2487	PHO	PCJ	PINAL COUNTY JAIL						2007-06-18 16:36:38.717	2007-06-18 16:36:38.717	1
2488	PHO	PHW	ARIZONA STATE PRISON                              	3402 W. COCOPAH               	PHOENIX        	AZ	850090000		2007-01-12 21:59:17.467	2007-01-12 21:59:17.467	1
2489	PHO	PIC	ARIZONA STATE PRISON - PICACHO WORK CENTER        	POST OFFICE BOX 629           	FLORENCE       	AZ	852320000		2007-01-12 21:59:17.467	2007-01-12 21:59:17.467	1
2490	PHO	RAS	ASPC-LEWIS STATE PRISON                           	26700 S. HWY 85               	BUCKEYE        	AZ	853260000		2007-01-12 21:59:17.467	2007-01-12 21:59:17.467	1
2491	PHO	RIN	ARIZONA STATE PRISON - RINCON UNIT                	10000 SOUTH WILMOT ROAD       	TUCSON         	AZ	857770000		2007-01-12 21:59:17.467	2007-01-12 21:59:17.467	0
2492	PHO	RYN	ARIZONA STATE PRISON - RYNNING UNIT               	POST OFFICE BOX 629           	FLORENCE       	AZ	852320000		2007-01-12 21:59:17.467	2007-01-12 21:59:17.467	1
2493	PHO	SAF	ARIZONA STATE PRISON - SAFFORD                    	RURAL ROUTE 1, BOX 2222       	SAFFORD        	AZ	855460000		2007-01-12 21:59:17.467	2007-01-12 21:59:17.467	0
2494	PHO	SC 	ARIZONA STATE PRISON - SANTA CRUZ UNIT            	POST OFFICE BOX 3000          	GOODYEAR       	AZ	853380000		2007-01-12 21:59:17.467	2007-01-12 21:59:17.467	1
2495	PHO	SCC	STEWART CONSERVATION CAMP; ATTN:  AWP/FAC. MGR.   	POST OFFICE BOX 7000          	CARSON CITY    	NV	897020000		2007-01-12 21:59:17.467	2007-01-12 21:59:17.467	0
2496	PHO	SDC	SOUTHERN DESERT CRTNL CNTR.; ATTN:  AWP/FAC. MGR. 	POST OFFICE BOX 208           	INDIAN SPRINGS 	NV	890180000		2007-01-12 21:59:17.467	2007-01-12 21:59:17.467	0
2497	PHO	SEP	ASPC PERRYVILLE PRISON                            	2414 N. CITRUS ROAD           	GOODYEAR       	AZ	853380000		2007-01-12 21:59:17.467	2007-01-12 21:59:17.467	1
2498	PHO	SJ 	ARIZONA STATE PRISON - SAN JUAN UNIT              	POST OFFICE BOX 3000          	GOODYEAR       	AZ	853380000		2007-01-12 21:59:17.467	2007-01-12 21:59:17.467	1
2499	PHO	SM1	ARIZONA STATE PRISON - SPECIAL MANAGEMENT UNIT 1  	POST OFFICE BOX 3500          	FLORENCE       	AZ	852320000		2007-01-12 21:59:17.467	2007-01-12 21:59:17.467	1
2500	PHO	SM2	ARIZONA STATE PRISON - SPECIAL MANAGEMENT UNIT 2  	POST OFFICE BOX 3500          	FLORENCE       	AZ	852320000		2007-01-12 21:59:17.467	2007-01-12 21:59:17.467	1
2501	PHO	SMF	ARIZONA STATE PRISON - SANTA MARIA UNIT           	POST OFFICE BOX 3000          	GOODYEAR       	AZ	853380000		2007-01-12 21:59:17.467	2007-01-12 21:59:17.467	1
2502	PHO	SNC	SOUTHERN NEV. CRCTNL CENTER; ATTN:  AWP/FAC. MGR. 	POST OFFICE BOX 100           	JEAN           	NV	890190000		2007-01-12 21:59:17.467	2007-01-12 21:59:17.467	0
2503	PHO	SNR	ARIZONA STATE PRISON - SANTA RITA UNIT            	10000 SOUTH WILMOT ROAD       	TUCSON         	AZ	857770000		2007-01-12 21:59:17.467	2007-01-12 21:59:17.467	1
2504	PHO	SP 	ARIZONA STATE PRISON - SAN PEDRO UNIT             	POST OFFICE BOX 3000          	GOODYEAR       	AZ	853380000		2007-01-12 21:59:17.467	2007-01-12 21:59:17.467	1
2505	PHO	SPC	FLORENCE DETENTION CENTER - SERVICE PROCESSING CTR						2007-06-18 16:36:38.717	2007-06-18 16:36:38.717	1
2506	PHO	SPU	ARIZONA STATE PRISON - SPECIAL PROGRAM UNIT       	POST OFFICE BOX 629           	FLORENCE       	AZ	852320000		2007-01-12 21:59:17.467	2007-01-12 21:59:17.467	0
2507	PHO	SR	ARIZONA STATE PRISON - SANTA ROSA UNIT	POST OFFICE BOX 3400	GOODYEAR	AZ	85338		2008-08-07 12:50:57.223	2008-08-07 12:50:57.223	1
2508	PHO	SRC	SOUTHERN NEV. REST. CENTER; ATTN:  AWP/FAC. MGR.  	3430 NORTH LAS VEGAS BLVD.    	N. LAS VEGAS   	NV	891100000		2007-01-12 21:59:17.467	2007-01-12 21:59:17.467	0
2509	PHO	SSC	SILVER SPGS CONSERVATION CAMP; ATTN:  AWP/FAC. MGR	POST OFFICE BOX 810           	SILVER SPRINGS 	NV	894290810		2007-01-12 21:59:17.467	2007-01-12 21:59:17.467	0
2510	PHO	STI	ASPC-LEWIS                                        	26700 S. HWY 85               	BUCKEYE        	AZ	853260000		2007-01-12 21:59:17.467	2007-01-12 21:59:17.467	1
2511	PHO	SU 	ARIZONA STATE PRISON - SOUTH UNIT	POST OFFICE BOX 629	FLORENCE	AZ	852320000		2007-01-12 21:59:17.467	2008-07-23 15:56:31.000	1
2512	PHO	TCC	TONOPAH CONSERVATION CAMP; ATTN:  AWP/FAC. MGR.   	POST OFFICE BOX 8045          	TONOPAH        	NV	890490000		2007-01-12 21:59:17.467	2007-01-12 21:59:17.467	0
2513	PHO	TON	ARIZONA STATE PRISON - TONTO UNIT                 	RURAL ROUTE 1, BOX 2222       	SAFFORD        	AZ	855480000		2007-01-12 21:59:17.467	2007-01-12 21:59:17.467	0
2514	PHO	WCC	WELLS CONSERVATION CAMP; ATTN:  AWP/FAC. MGR.     	HC 67-50                      	WELL           	NV	898350000		2007-01-12 21:59:17.467	2007-01-12 21:59:17.467	0
2515	PHO	WIN	ASPC LEWIS WIN	26700 S HWY 85	BUCKEYE	AZ	85326		2007-01-12 21:59:17.467	2007-10-01 12:06:04.000	1
2516	PHO	WSC	NEV MEN'S CRCTNL CTR, ATTN; AWP/FAC. MGR          	POST OFFICE BOX 7007          	CARSON CITY    	NV	897020000		2007-01-12 21:59:17.467	2007-01-12 21:59:17.467	0
2517	PHO	YUM	ARIZONA DEPARTMENT OF CORRECTIONS - YUMA COMPLEX  	POST OFFICE BOX 4279          	YUMA           	AZ	853640000		2007-01-12 21:59:17.467	2007-01-12 21:59:17.467	0
2518	POO	???	?????????????????                                 	?????????????                 	???????????????	WA	111111111	1111111111	2006-04-27 21:08:34.607	2006-04-27 21:08:34.607	1
2519	POO	AWH	AIRWAY HEIGHTS                                    	P.O. BOX 189                  	AIRWAY HEIGHTS 	WA	990010000	1111111111	2006-04-27 21:08:34.607	2006-04-27 21:08:34.607	1
2520	POO	BCJ	BONNEVILLE COUNTY JAIL                            	111111                        	IDAHO FALLS    	ID	834020000	1111111111	2006-04-27 21:08:34.607	2006-04-27 21:08:34.607	1
2521	POO	CBC	CLALLUM BAY CORRECTIONAL CENTER                   	HC-63, BOX 5000               	CLALLUM BAY    	WA	999999999		2006-04-27 21:08:34.607	2006-04-27 21:08:34.607	1
2522	POO	CCC	CEDAR CREEK CORRECTION CENTER                     	P.O. BOX 37, B34-1            	LITTLE ROCK    	WA	985560000	1111111111	2006-04-27 21:08:34.607	2006-04-27 21:08:34.607	1
2523	POO	CIP	COOK INLET PRETRIAL FACILITY                      	1300 EAST FOURTH AVENUE       	ANCHORAGE      	AK	995010000	1111111111	2006-04-27 21:08:34.607	2006-04-27 21:08:34.607	1
2524	POO	CRC	COYOTE RIDGE CORRECTIONS CENTER                   	P.O. BOX 769                  	CONNELL        	WA	993620769		2006-04-27 21:08:34.607	2006-04-27 21:08:34.607	1
2525	POO	CWC	CLEARWATER CORRECTIONAL CENTER                    	P.O BOX 2500                  	FORKS          	WA	983310000	1111110111	2006-04-27 21:08:34.607	2006-04-27 21:08:34.607	1
2526	POO	EOC	EASTERN OREGON CORRECTIONAL INSTITUTION           	2500 WESTGATE                 	PENDLETON      	OR	978010000		2006-04-27 21:08:34.607	2006-04-27 21:08:34.607	1
2527	POO	FCC	FAIRBANKS CORRECTIONAL CENTER                     	P.O. BOX 317                  	FAIRBANKS      	AK	997010000	1111111111	2006-04-27 21:08:34.607	2006-04-27 21:08:34.607	1
2528	POO	HIG	HIGHLAND MOUNTAIN CORRECTIONAL FACILITY           	P.O. BOX 600                  	EAGLE RIVER    	AK	995770000	1111111111	2006-04-27 21:08:34.607	2006-04-27 21:08:34.607	1
2529	POO	ICC	IDAHO CORRECTIONAL CENTER                         	P.O. BOX 70010                	BOISE          	ID	837070000		2006-04-27 21:08:34.607	2006-04-27 21:08:34.607	1
2530	POO	ICO	IDAHO STATE CORRECTIONAL INST. AT OROFINO         	HOSPITAL DRIVE NORTH, NO. 23  	OROFINO        	ID	835440000	1111111111	2006-04-27 21:08:34.607	2006-04-27 21:08:34.607	1
2531	POO	IMS	IDAHO MAXIMUM SECURITY INSTITUTION                	P.O. BOX 51                   	BOISE          	ID	837070000	2083890201	2006-04-27 21:08:34.607	2006-04-27 21:08:34.607	1
2532	POO	IRC	INDIAN RIDGE CORRECTION CENTER                    	P.O. BOX 398                  	ARLINGTON      	WA	982230000	1111111111	2006-04-27 21:08:34.607	2006-04-27 21:08:34.607	1
2533	POO	ISC	IDAHO STATE CORRECTIONAL INSTITUTION              	P.O. BOX 14                   	BOISE          	ID	837070000		2006-04-27 21:08:34.607	2006-04-27 21:08:34.607	1
2534	POO	ISP	IDAHO STATE PENITENTIARY                          	P.O. BOX 14                   	BOISE          	ID	837070000	2083360740	2006-04-27 21:08:34.607	2006-04-27 21:08:34.607	1
2535	POO	KCC	KETICHIKAN CORRECTIONAL CENTER                    	P.O. BOX 8880                 	KETICHIKAN     	AK	999010000	1111111111	2006-04-27 21:08:34.607	2006-04-27 21:08:34.607	1
2536	POO	LAR	LARCH CORRECTIONAL CORRECTIONAL CENTER            	15314 NE DOLE VALLEY RD.      	YACOLT         	WA	986750000	1111111111	2006-04-27 21:08:34.607	2006-04-27 21:08:34.607	1
2537	POO	LEM	LEMON CREEK CORRECTIONAL CENTER                   	2000 LEMON CREEK ROAD         	JUNEAU         	AK	998010000		2006-04-27 21:08:34.607	2006-04-27 21:08:34.607	1
2538	POO	MCC	MEADOW CREEK CORRECTIONAL CENTER                  	MI. 9.5                       	EAGLE RIVER    	AK	995770000	1111111111	2006-04-27 21:08:34.607	2006-04-27 21:08:34.607	1
2539	POO	MCF	MARION COUNTY CORRECTIONS FACILITY                	4000 AUMSVILLE HWY. SE        	SALEM          	OR	973010000		2006-04-27 21:08:34.607	2006-04-27 21:08:34.607	1
2540	POO	MNI	MCNEIL ISLAND CORRECTIONAL CENTER                 	PO BOX 900                    	STEILACOOM     	WA	983880000		2006-04-27 21:08:34.607	2006-04-27 21:08:34.607	1
2541	POO	MSP	MONTANA STATE PRISON                              	700 CONLEY LAKE ROAD          	DEER LODGE     	MT	597220000		2006-04-27 21:08:34.607	2006-04-27 21:08:34.607	1
2542	POO	MWC	MONTANA WOMEN'S CORRECTIONAL CENTER               	DRAWER C                      	WARM SPRINGS   	MT	597560000		2006-04-27 21:08:34.607	2006-04-27 21:08:34.607	1
2543	POO	NIC	NORTH IDAHO CORRECTIONAL INSTITUTE                	STAR ROUTE 3, BOX 147         	COTTONWOOD     	ID	835220000	1111111111	2006-04-27 21:08:34.607	2006-04-27 21:08:34.607	1
2544	POO	OCJ	OWYHEE COUNTY JAIL                                	???????                       	MURPHY         	ID	836500000	1111111111	2006-04-27 21:08:34.607	2006-04-27 21:08:34.607	1
2545	POO	OLY	OLYMPIC CORRECTION FACILITY                       	HC-80, P.O. BOX 2500          	FORKS          	WA	983310000	1111111111	2006-04-27 21:08:34.607	2006-04-27 21:08:34.607	1
2546	POO	ORO	IDAHO CORRECTIONAL INSTITUTION-OROFINO            	HOSPITAL NORTH DRIVE,#23      	OROFINO        	ID	835440000	2081111111	2006-04-27 21:08:34.607	2006-04-27 21:08:34.607	1
2547	POO	OSC	OREGON STATE CORRECTIONAL INSTITUTION             	3405 DEER PARK DRIVE, S.E.    	SALEM          	OR	973010000		2006-04-27 21:08:34.607	2006-04-27 21:08:34.607	1
2548	POO	OSP	OREGONA STATE PENITENTIARY                        	2605 STATE STREET             	SALEM          	OR	973100000		2006-04-27 21:08:34.607	2006-04-27 21:08:34.607	1
2549	POO	OWC	OREGON WOMEN'S CORRECTIONAL INST.                 	2809 STATE STREET             	SALEM          	OR	973100000	1111111111	2006-04-27 21:08:34.607	2006-04-27 21:08:34.607	1
2550	POO	PAL	PALMER CORRECTIONAL CENTER                        	P.O BOX 919                   	PALMER         	AK	996450000	1111111111	2006-04-27 21:08:34.607	2006-04-27 21:08:34.607	1
2551	POO	PLC	PINE LODGE CORRECTIONAL CENTER                    	PO BOX C                      	MEDICAL LAKE   	WA	990220000		2006-04-27 21:08:34.607	2006-04-27 21:08:34.607	1
2552	POO	PLR	PINE LODGE PRE-RELEASE                            	P.O. BOX 300                  	MEDICAL LAKE   	WA	990220000	1111111111	2006-04-27 21:08:34.607	2006-04-27 21:08:34.607	1
2553	POO	PUR	PURDY TREATMENT CENTER FOR WOMEN                  	P.O. BOX 17                   	GIG HARBOR     	WA	983350000	1111111111	2006-04-27 21:08:34.607	2006-04-27 21:08:34.607	1
2554	POO	SIC	SOUTH IDAHO CORRECTIONAL INSTITUTION              	P.O BOX 8509                  	BOISE          	ID	837070000	2081111111	2006-04-27 21:08:34.607	2006-04-27 21:08:34.607	1
2555	POO	SIX	SIXTH AVENUE CORRECTIONAL CENTER                  	625 C STREET                  	ANCHORAGE      	AK	995010000	1111111111	2006-04-27 21:08:34.607	2006-04-27 21:08:34.607	1
2556	POO	SOC	SPECIAL OFFENDER CENTER                           	P.O. BOX 514                  	MONROE         	WA	982720000	1111111111	2006-04-27 21:08:34.607	2006-04-27 21:08:34.607	1
2557	POO	SPR	SPRING CREEK CORRECTIONAL CENTER                  	P.O. BOX 2109, MILE 5 NASH RD.	SEWARD         	AK	996640000		2006-04-27 21:08:34.607	2006-04-27 21:08:34.607	1
2558	POO	SRC	SNAKE RIVER CORRECTIONAL INSTITUTION              	777 STANTON BLVD.             	ONTARIO        	OR	979140595		2006-04-27 21:08:34.607	2006-04-27 21:08:34.607	1
2559	POO	TNN	TENNESSEE DEPT. OF CORRECTIONS                    	CCA W.T.D.F. BOX 487 0205     	MASON          	TN	380490000	1111111111	2006-04-27 21:08:34.607	2006-04-27 21:08:34.607	1
2560	POO	TWC	TWIN RIVERS CORRECTIONAL CENTER                   	PO BOX 888                    	MONROE         	WA	982720000		2006-04-27 21:08:34.607	2006-04-27 21:08:34.607	1
2561	POO	WCC	WILDWOOD CORRECTIONAL CENTER                      	BLDG. 10 CHUGACH AVENUE       	KENAI          	AK	996110000	1111111111	2006-04-27 21:08:34.607	2006-04-27 21:08:34.607	1
2562	POO	WCJ	WASHINGTON COUNTY JAIL                            	1111111111111111              	WEISER         	ID	836720000	1111111111	2006-04-27 21:08:34.607	2006-04-27 21:08:34.607	1
2563	POO	WCW	WASHINGTON CORRECTIONS CENTER FOR WOMEN           	P.O. BOX 17; HP-04            	GIG HARBOR     	WA	983350000	1111111111	2006-04-27 21:08:34.607	2006-04-27 21:08:34.607	1
2564	POO	WSC	WASHINGTON STATE CORRECTIONAL CENTER              	PO BOX 900                    	SHELTON        	WA	985840000	2064264433	2006-04-27 21:08:34.607	2006-04-27 21:08:34.607	1
2565	POO	WSP	WASHINGTON STATE PENITENTIARY                     	POB 520                       	WALLA WALLA    	WA	993620000		2006-04-27 21:08:34.607	2006-04-27 21:08:34.607	1
2566	POO	WSR	WASHINGTON STATE REFORMATORY                      	PO BOX 777                    	MONROE         	WA	982720000	2067942643	2006-04-27 21:08:34.607	2006-04-27 21:08:34.607	1
2567	POO	WST	WASHINGTON STATE CORRECTIONAL CTR.-TRAINING CENTER	P.O. BOX 900                  	SHELTON        	WA	985840000	2064264433	2006-04-27 21:08:34.607	2006-04-27 21:08:34.607	1
2568	SAJ	BAY	BAYAMON REGIONAL JAIL (1072)                      	BOX 60-307                    	BAYAMON        	PR	006790000	1111111111	2007-08-11 09:46:48.090	2007-08-11 09:46:48.090	1
2569	SAJ	MDC	METROPOLITAN DETENTION CENTER                     	P.0. BOX 2146                 	SAN JUAN       	PR	009222146		2007-08-11 09:46:48.090	2007-08-11 09:46:48.090	1
2570	SAJ	NAG	CAMPAMENTO PUNTA LIMA                             	BOX 36                        	NAGUABO        	PR	007180000	1111111111	2007-08-11 09:46:48.090	2007-08-11 09:46:48.090	1
2571	SAJ	PON	INSTITUCION REGIONAL DEL SUR, C/O ADM D & R       	C/O ADM D&R                   	PONCE          	PR	006040000	1111111111	2007-08-11 09:46:48.090	2007-08-11 09:46:48.090	1
2572	SAJ	PRC	CRISTOBAL MELENDEZ, DIR. - PR CORR. ADMIN. REC.DIV	GPO CALL BOX 71308            	SAN JUAN       	PR	009380000		2007-08-11 09:46:48.090	2007-08-11 09:46:48.090	1
2573	SAJ	PRI	CORRECTIONS ADMINISTRATION                        	AVENIDA BARBOSA 306           	HATO REY       	PR	009170000	1111111111	2007-08-11 09:46:48.090	2007-08-11 09:46:48.090	1
2574	SAJ	RIO	STATE PENITENTIARY                                	C/O ADM D&R                   	RIO PIEDRAS    	PR	009270000	1111111111	2007-08-11 09:46:48.090	2007-08-11 09:46:48.090	1
2575	SAJ	SAB	SABANA HOYOS CAMP                                 	SABANA HOYOS                  	SABANA HOYOS   	PR	007480000	1111111111	2007-08-11 09:46:48.090	2007-08-11 09:46:48.090	1
2576	SAJ	SPC	Aguadilla SPC Service Processing Center	505 Gun Road	Aguadilla	PR	006040000		2007-08-27 11:37:47.967	2007-08-27 11:37:47.967	1
2577	SEA	???	?????????????????                                 	?????????????                 	???????????????	WA	111111111	1111111111	2006-01-13 20:54:21.903	2006-01-13 20:54:21.903	1
2578	SEA	AWH	AIRWAY HEIGHTS                                    	P.O. BOX 1899                 	AIRWAY HEIGHTS 	WA	990010000	1111111111	2006-01-13 20:54:21.903	2006-01-13 20:54:21.903	1
2579	SEA	BCJ	BONNEVILLE COUNTY JAIL                            	111111                        	IDAHO FALLS    	ID	834020000	1111111111	2006-01-13 20:54:21.903	2006-01-13 20:54:21.903	1
2580	SEA	CAZ	CENTRAL ARIZONA DETENTION CENTER                  	UNKNOWN ADDRESS               	FLORENCE       	AZ	852320000	1111111111	2006-01-13 20:54:21.903	2006-01-13 20:54:21.903	1
2581	SEA	CBC	CLALLUM BAY CORRECTIONAL INST.                    	HC-63, BOX 5000               	CLALLUM BAY    	WA	985840000		2006-01-13 20:54:21.903	2006-01-13 20:54:21.903	1
2582	SEA	CCC	CEDAR CREEK CORRECTION CENTER                     	P.O. BOX 37, B34-1            	LITTLE ROCK    	WA	985560000	1111111111	2006-01-13 20:54:21.903	2006-01-13 20:54:21.903	1
2583	SEA	CIP	COOK INLET PRETRIAL FACILITY                      	1300 EAST FOURTH AVENUE       	ANCHORAGE      	AK	995010000	1111111111	2006-01-13 20:54:21.903	2006-01-13 20:54:21.903	1
2584	SEA	CRC	COYOTE RIDGE CORRECTION CENTER                    	P.O. BOX 769                  	CONNELL        	WA	993260000		2006-01-13 20:54:21.903	2006-01-13 20:54:21.903	1
2585	SEA	CWC	CLEARWATER OLYMPIC CORR. CTR.                     	HC-80, P.O BOX 2500           	FORKS          	WA	983310000	1111110111	2006-01-13 20:54:21.903	2006-01-13 20:54:21.903	1
2586	SEA	EOC	EASTERN OREGON CORRECTIONAL INSTITUTION           	2500 WESTGATE                 	PENDLETON      	OR	978010000		2006-01-13 20:54:21.903	2006-01-13 20:54:21.903	1
2587	SEA	FCC	FAIRBANKS CORRECTIONAL CENTER                     	P.O. BOX 317                  	FAIRBANKS      	AK	997010000	1111111111	2006-01-13 20:54:21.903	2006-01-13 20:54:21.903	1
2588	SEA	FLO	FLORENCE CORRECTIONAL CENTER                      	1100 BOWLING RD/PO. BOX 2667  	FLORENCE       	AZ	952320000	1111111111	2006-01-13 20:54:21.903	2006-01-13 20:54:21.903	1
2589	SEA	HIG	HIGHLAND MOUNTAIN CORRECTIONAL FACILITY           	P.O. BOX 600                  	EAGLE RIVER    	AK	995770000	1111111111	2006-01-13 20:54:21.903	2006-01-13 20:54:21.903	1
2590	SEA	ICC	ICC                                               	P.O. BOX 70010                	BOISE          	ID	837070000	2083312760	2006-01-13 20:54:21.903	2006-01-13 20:54:21.903	1
2591	SEA	ICO	IDAHO STATE CORRECTIONAL INST. AT OROFINO         	HOSPITAL DRIVE NORTH, NO. 23  	OROFINO        	ID	835440000	1111111111	2006-01-13 20:54:21.903	2006-01-13 20:54:21.903	1
2592	SEA	IMS	IDAHO MAXIMUM SECURITY INSTITUTION                	P.O. BOX 51                   	BOISE          	ID	837070000	2083890201	2006-01-13 20:54:21.903	2006-01-13 20:54:21.903	1
2593	SEA	IRC	INDIAN RIDGE CORRECTION CENTER                    	19601 NICKS ROAD              	ARLINGTON      	WA	982230000	1111111111	2006-01-13 20:54:21.903	2006-01-13 20:54:21.903	1
2594	SEA	ISC	IDAHO STATE CORRECTIONAL INSTITUTION              	PLEASANT VALLEY ROAD, POB 14  	BOISE          	ID	837070000		2006-01-13 20:54:21.903	2006-01-13 20:54:21.903	1
2595	SEA	ISP	IDAHO STATE PENITENTIARY                          	P.O. BOX 14                   	BOISE          	ID	837070000	2083360740	2006-01-13 20:54:21.903	2006-01-13 20:54:21.903	1
2596	SEA	KCC	KETICHIKAN CORRECTIONAL CENTER                    	P.O. BOX 8880                 	KETICHIKAN     	AK	999010000	1111111111	2006-01-13 20:54:21.903	2006-01-13 20:54:21.903	1
2597	SEA	LAR	LARCH CORRECTIONAL CORRECTIONAL CENTER            	15324 NE DOLE VALLEY RD.      	YACOLT         	WA	986750000	1111111111	2006-01-13 20:54:21.903	2006-01-13 20:54:21.903	1
2598	SEA	LEM	LEMON CREEK CORRECTIONAL CENTER                   	2000 LEMON CREEK ROAD         	JUNEAU         	AK	998010000		2006-01-13 20:54:21.903	2006-01-13 20:54:21.903	1
2599	SEA	MCC	MEADOW CREEK CORRECTIONAL CENTER                  	MI. 9.5                       	EAGLE RIVER    	AK	995770000	1111111111	2006-01-13 20:54:21.903	2006-01-13 20:54:21.903	1
2600	SEA	MCF	MARION COUNTY CORRECTIONS FACILITY                	4000 AUMSVILLE HWY. SE        	SALEM          	OR	973010000		2006-01-13 20:54:21.903	2006-01-13 20:54:21.903	1
2601	SEA	MNI	MCNEIL ISLAND PENITENTIARY                        	PO BOX 88900                  	STEILACOOM     	WA	983880000		2006-01-13 20:54:21.903	2006-01-13 20:54:21.903	1
2602	SEA	MSP	MONTANA STATE PRISON                              	700 CONLEY LAKE ROAD          	DEER LODGE     	MT	597220000		2006-01-13 20:54:21.903	2006-01-13 20:54:21.903	1
2603	SEA	MWC	MONTANA WOMEN'S CORRECTIONAL CENTER               	DRAWER C                      	WARM SPRINGS   	MT	597560000		2006-01-13 20:54:21.903	2006-01-13 20:54:21.903	1
2604	SEA	NIC	NORTH IDAHO CORRECTIONAL INSTITUTE                	STAR ROUTE 3, BOX 147         	COTTONWOOD     	ID	835220000	1111111111	2006-01-13 20:54:21.903	2006-01-13 20:54:21.903	1
2605	SEA	NNC	NORTHERN NEVADA CORR. CTR.                        	P.O. BOX 7000                 	CARSON CITY    	NV	897020000		2006-01-13 20:54:21.903	2006-01-13 20:54:21.903	1
2606	SEA	OCJ	OWYHEE COUNTY JAIL                                	???????                       	MURPHY         	ID	836500000	1111111111	2006-01-13 20:54:21.903	2006-01-13 20:54:21.903	1
2607	SEA	OLY	CLEARWATER OLYMPIC CORRECTION FACILITY            	HC-80, P.O. BOX 2500          	FORKS          	WA	983310000	1111111111	2006-01-13 20:54:21.903	2006-01-13 20:54:21.903	1
2608	SEA	ORO	IDAHO CORRECTIONAL INSTITUTION-OROFINO            	HOSPITAL NORTH DRIVE,#23      	OROFINO        	ID	835440000	2081111111	2006-01-13 20:54:21.903	2006-01-13 20:54:21.903	1
2609	SEA	OSC	OREGON STATE CORRECTIONAL INSTITUTION             	3405 DEER PARK DRIVE, S.E.    	SALEM          	OR	973010000		2006-01-13 20:54:21.903	2006-01-13 20:54:21.903	1
2610	SEA	OSP	OREGONA STATE PENITENTIARY                        	2605 STATE STREET             	SALEM          	OR	973100000		2006-01-13 20:54:21.903	2006-01-13 20:54:21.903	1
2611	SEA	OWC	OREGON WOMEN'S CORRECTIONAL INST.                 	2809 STATE STREET             	SALEM          	OR	973100000	1111111111	2006-01-13 20:54:21.903	2006-01-13 20:54:21.903	1
2612	SEA	PAL	PALMER CORRECTIONAL CENTER                        	P.O BOX 919                   	PALMER         	AK	996450000	1111111111	2006-01-13 20:54:21.903	2006-01-13 20:54:21.903	1
2613	SEA	PLC	PINE LODGE CORRECTIONAL CENTER                    	PO BOX 300                    	MEDICAL LAKE   	WA	990220000		2006-01-13 20:54:21.903	2006-01-13 20:54:21.903	1
2614	SEA	PLR	PINE LODGE PRE-RELEASE                            	P.O. BOX 300                  	MEDICAL LAKE   	WA	990220000	1111111111	2006-01-13 20:54:21.903	2006-01-13 20:54:21.903	1
2615	SEA	PUR	PURDY TREATMENT CENTER FOR WOMEN                  	P.O. BOX 17                   	GIG HARBOR     	WA	983350000	1111111111	2006-01-13 20:54:21.903	2006-01-13 20:54:21.903	1
2616	SEA	SIC	SOUTH IDAHO CORRECTIONAL INSTITUTION              	P.O BOX 8509                  	BOISE          	ID	837070000	2081111111	2006-01-13 20:54:21.903	2006-01-13 20:54:21.903	1
2617	SEA	SIX	SIXTH AVENUE CORRECTIONAL CENTER                  	625 C STREET                  	ANCHORAGE      	AK	995010000	1111111111	2006-01-13 20:54:21.903	2006-01-13 20:54:21.903	1
2618	SEA	SOC	SPECIAL OFFENDER CENTER                           	P.O. BOX 514                  	MONROE         	WA	982720000	1111111111	2006-01-13 20:54:21.903	2006-01-13 20:54:21.903	1
2619	SEA	SPR	SPRING CREEK CORRECTIONAL CENTER                  	P.O. BOX 2109, MILE 5 NASH RD.	SEWARD         	AK	996640000		2006-01-13 20:54:21.903	2006-01-13 20:54:21.903	1
2620	SEA	SRC	SNAKE RIVER CORRECTIONAL INSTITUTION              	777 STANTON BLVD.             	ONTARIO        	OR	979140595		2006-01-13 20:54:21.903	2006-01-13 20:54:21.903	1
2621	SEA	STA	STAFFORD CREEK CORRECTIONS CENTER                 	191 CONSTANTINE WAY           	ABERDEEN       	WA	985200000		2006-01-13 20:54:21.903	2006-01-13 20:54:21.903	1
2622	SEA	TNN	TENNESSEE DEPT. OF CORRECTIONS                    	CCA W.T.D.F. BOX 487 0205     	MASON          	TN	380490000	1111111111	2006-01-13 20:54:21.903	2006-01-13 20:54:21.903	1
2623	SEA	TWC	TWIN RIVERS CORRECTION CENTER                     	PO BOX 888                    	MONROE         	WA	982720000		2006-01-13 20:54:21.903	2006-01-13 20:54:21.903	1
2624	SEA	WCC	WILDWOOD CORRECTIONAL CENTER                      	BLDG. 10 CHUGACH AVENUE       	KENAI          	AK	996110000	1111111111	2006-01-13 20:54:21.903	2006-01-13 20:54:21.903	1
2625	SEA	WCJ	WASHINGTON COUNTY JAIL                            	1111111111111111              	WEISER         	ID	836720000	1111111111	2006-01-13 20:54:21.903	2006-01-13 20:54:21.903	1
2626	SEA	WCW	WASHINGTON CORRECTIONS CENTER FOR WOMEN           	P.O. BOX 17; HP-04            	GIG HARBOR     	WA	983350000	1111111111	2006-01-13 20:54:21.903	2006-01-13 20:54:21.903	1
2627	SEA	WSC	WASHINGTON STATE CORRECTION CENTER                	PO BOX 900                    	SHELTON        	WA	985840000	2064264433	2006-01-13 20:54:21.903	2006-01-13 20:54:21.903	1
2628	SEA	WSP	WASHINGTON STATE PENITENTIARY                     	POB 520                       	WALLA WALLA    	WA	993620000		2006-01-13 20:54:21.903	2006-01-13 20:54:21.903	1
2629	SEA	WSR	WASHINGTON STATE REFORMATORY                      	PO BOX 777                    	MONROE         	WA	982720000	2067942643	2006-01-13 20:54:21.903	2006-01-13 20:54:21.903	1
2630	SEA	WST	WASHINGTON STATE CORRECTIONAL CTR.-TRAINING CENTER	P.O. BOX 900                  	SHELTON        	WA	985840000	2064264433	2006-01-13 20:54:21.903	2006-01-13 20:54:21.903	1
2631	SFR	PLE	FEDERAL CORRECTIONAL INSTITUTE	5675 8TH STREET, CAMP PARK	DUBLIN	CA	945680000	 	2007-05-11 23:33:33.653	2014-08-05 15:06:06.000	1
2632	SFR	SNQ	CALIFORNIA DEPARTMENT OF CORRECTIONS	SAN QUENTIN STATE PRISON	SAN QUENTIN	CA	949640000	 	2007-05-11 23:33:33.653	2014-08-05 15:06:22.000	0
2633	SNA	EDC	EDEN DETENTION CENTER                             	702 EAST BROADWAY             	EDEN           	TX	768370000		2007-05-05 00:33:26.993	2007-05-05 00:33:26.993	1
2634	SPD	TIP	TERMINAL ISLAND FEDRAL CORRECTIONAL INSTITUTION   	1299 SEASIDE AVENUE           	SAN PEDRO      	CA	907310000		2006-06-15 21:34:36.170	2006-06-15 21:34:36.170	1
2635	TAC	???	?????????????????                                 	?????????????                 	???????????????	WA	111111111	1111111111	2008-01-01 00:00:00.000	2008-01-01 00:00:00.000	0
2636	TAC	AWH	AIRWAY HEIGHTS                                    	P.O. BOX 1899                 	AIRWAY HEIGHTS 	WA	990010000	1111111111	2008-01-01 00:00:00.000	2008-01-01 00:00:00.000	0
2637	TAC	BCJ	BONNEVILLE COUNTY JAIL                            	111111                        	IDAHO FALLS    	ID	834020000	1111111111	2008-01-01 00:00:00.000	2008-01-01 00:00:00.000	0
2638	TAC	CAZ	CENTRAL ARIZONA DETENTION CENTER                  	UNKNOWN ADDRESS               	FLORENCE       	AZ	852320000	1111111111	2008-01-01 00:00:00.000	2008-01-01 00:00:00.000	0
2639	TAC	CBC	CLALLUM BAY CORRECTIONAL INST.                    	HC-63, BOX 5000               	CLALLUM BAY    	WA	985840000		2008-01-01 00:00:00.000	2008-01-01 00:00:00.000	0
2640	TAC	CCC	CEDAR CREEK CORRECTION CENTER                     	P.O. BOX 37, B34-1            	LITTLE ROCK    	WA	985560000	1111111111	2008-01-01 00:00:00.000	2008-01-01 00:00:00.000	0
2641	TAC	CIP	COOK INLET PRETRIAL FACILITY                      	1300 EAST FOURTH AVENUE       	ANCHORAGE      	AK	995010000	1111111111	2008-01-01 00:00:00.000	2008-01-01 00:00:00.000	0
2642	TAC	CRC	COYOTE RIDGE CORRECTION CENTER                    	P.O. BOX 769                  	CONNELL        	WA	993260000		2008-01-01 00:00:00.000	2008-01-01 00:00:00.000	0
2643	TAC	CWC	CLEARWATER OLYMPIC CORR. CTR.                     	HC-80, P.O BOX 2500           	FORKS          	WA	983310000	1111110111	2008-01-01 00:00:00.000	2008-01-01 00:00:00.000	0
2644	TAC	EOC	EASTERN OREGON CORRECTIONAL INSTITUTION           	2500 WESTGATE                 	PENDLETON      	OR	978010000		2008-01-01 00:00:00.000	2008-01-01 00:00:00.000	0
2645	TAC	FCC	FAIRBANKS CORRECTIONAL CENTER                     	P.O. BOX 317                  	FAIRBANKS      	AK	997010000	1111111111	2008-01-01 00:00:00.000	2008-01-01 00:00:00.000	0
2646	TAC	FLO	FLORENCE CORRECTIONAL CENTER                      	1100 BOWLING RD/PO. BOX 2667  	FLORENCE       	AZ	952320000	1111111111	2008-01-01 00:00:00.000	2008-01-01 00:00:00.000	0
2647	TAC	HIG	HIGHLAND MOUNTAIN CORRECTIONAL FACILITY           	P.O. BOX 600                  	EAGLE RIVER    	AK	995770000	1111111111	2008-01-01 00:00:00.000	2008-01-01 00:00:00.000	0
2648	TAC	ICC	ICC                                               	P.O. BOX 70010                	BOISE          	ID	837070000	2083312760	2008-01-01 00:00:00.000	2008-01-01 00:00:00.000	0
2649	TAC	ICO	IDAHO STATE CORRECTIONAL INST. AT OROFINO         	HOSPITAL DRIVE NORTH, NO. 23  	OROFINO        	ID	835440000	1111111111	2008-01-01 00:00:00.000	2008-01-01 00:00:00.000	0
2650	TAC	IMS	IDAHO MAXIMUM SECURITY INSTITUTION                	P.O. BOX 51                   	BOISE          	ID	837070000	2083890201	2008-01-01 00:00:00.000	2008-01-01 00:00:00.000	0
2651	TAC	IRC	INDIAN RIDGE CORRECTION CENTER                    	19601 NICKS ROAD              	ARLINGTON      	WA	982230000	1111111111	2008-01-01 00:00:00.000	2008-01-01 00:00:00.000	0
2652	TAC	ISC	IDAHO STATE CORRECTIONAL INSTITUTION              	PLEASANT VALLEY ROAD, POB 14  	BOISE          	ID	837070000		2008-01-01 00:00:00.000	2008-01-01 00:00:00.000	0
2653	TAC	ISP	IDAHO STATE PENITENTIARY                          	P.O. BOX 14                   	BOISE          	ID	837070000	2083360740	2008-01-01 00:00:00.000	2008-01-01 00:00:00.000	0
2654	TAC	KCC	KETICHIKAN CORRECTIONAL CENTER                    	P.O. BOX 8880                 	KETICHIKAN     	AK	999010000	1111111111	2008-01-01 00:00:00.000	2008-01-01 00:00:00.000	0
2655	TAC	LAR	LARCH CORRECTIONAL CORRECTIONAL CENTER            	15324 NE DOLE VALLEY RD.      	YACOLT         	WA	986750000	1111111111	2008-01-01 00:00:00.000	2008-01-01 00:00:00.000	0
2656	TAC	LEM	LEMON CREEK CORRECTIONAL CENTER                   	2000 LEMON CREEK ROAD         	JUNEAU         	AK	998010000		2008-01-01 00:00:00.000	2008-01-01 00:00:00.000	0
2657	TAC	MCC	MEADOW CREEK CORRECTIONAL CENTER                  	MI. 9.5                       	EAGLE RIVER    	AK	995770000	1111111111	2008-01-01 00:00:00.000	2008-01-01 00:00:00.000	0
2658	TAC	MCF	MARION COUNTY CORRECTIONS FACILITY                	4000 AUMSVILLE HWY. SE        	SALEM          	OR	973010000		2008-01-01 00:00:00.000	2008-01-01 00:00:00.000	0
2659	TAC	MNI	MCNEIL ISLAND PENITENTIARY                        	PO BOX 88900                  	STEILACOOM     	WA	983880000		2008-01-01 00:00:00.000	2008-01-01 00:00:00.000	0
2660	TAC	MSP	MONTANA STATE PRISON                              	700 CONLEY LAKE ROAD          	DEER LODGE     	MT	597220000		2008-01-01 00:00:00.000	2008-01-01 00:00:00.000	0
2661	TAC	MWC	MONTANA WOMEN'S CORRECTIONAL CENTER               	DRAWER C                      	WARM SPRINGS   	MT	597560000		2008-01-01 00:00:00.000	2008-01-01 00:00:00.000	0
2662	TAC	NIC	NORTH IDAHO CORRECTIONAL INSTITUTE                	STAR ROUTE 3, BOX 147         	COTTONWOOD     	ID	835220000	1111111111	2008-01-01 00:00:00.000	2008-01-01 00:00:00.000	0
2663	TAC	NNC	NORTHERN NEVADA CORR. CTR.                        	P.O. BOX 7000                 	CARSON CITY    	NV	897020000		2008-01-01 00:00:00.000	2008-01-01 00:00:00.000	0
2664	TAC	OCJ	OWYHEE COUNTY JAIL                                	???????                       	MURPHY         	ID	836500000	1111111111	2008-01-01 00:00:00.000	2008-01-01 00:00:00.000	0
2665	TAC	OLY	CLEARWATER OLYMPIC CORRECTION FACILITY            	HC-80, P.O. BOX 2500          	FORKS          	WA	983310000	1111111111	2008-01-01 00:00:00.000	2008-01-01 00:00:00.000	0
2666	TAC	ORO	IDAHO CORRECTIONAL INSTITUTION-OROFINO            	HOSPITAL NORTH DRIVE,#23      	OROFINO        	ID	835440000	2081111111	2008-01-01 00:00:00.000	2008-01-01 00:00:00.000	0
2667	TAC	OSC	OREGON STATE CORRECTIONAL INSTITUTION             	3405 DEER PARK DRIVE, S.E.    	SALEM          	OR	973010000		2008-01-01 00:00:00.000	2008-01-01 00:00:00.000	0
2668	TAC	OSP	OREGONA STATE PENITENTIARY                        	2605 STATE STREET             	SALEM          	OR	973100000		2008-01-01 00:00:00.000	2008-01-01 00:00:00.000	0
2669	TAC	OWC	OREGON WOMEN'S CORRECTIONAL INST.                 	2809 STATE STREET             	SALEM          	OR	973100000	1111111111	2008-01-01 00:00:00.000	2008-01-01 00:00:00.000	0
2670	TAC	PAL	PALMER CORRECTIONAL CENTER                        	P.O BOX 919                   	PALMER         	AK	996450000	1111111111	2008-01-01 00:00:00.000	2008-01-01 00:00:00.000	0
2671	TAC	PLC	PINE LODGE CORRECTIONAL CENTER                    	PO BOX 300                    	MEDICAL LAKE   	WA	990220000		2008-01-01 00:00:00.000	2008-01-01 00:00:00.000	0
2672	TAC	PLR	PINE LODGE PRE-RELEASE                            	P.O. BOX 300                  	MEDICAL LAKE   	WA	990220000	1111111111	2008-01-01 00:00:00.000	2008-01-01 00:00:00.000	0
2673	TAC	PUR	PURDY TREATMENT CENTER FOR WOMEN                  	P.O. BOX 17                   	GIG HARBOR     	WA	983350000	1111111111	2008-01-01 00:00:00.000	2008-01-01 00:00:00.000	0
2674	TAC	SIC	SOUTH IDAHO CORRECTIONAL INSTITUTION              	P.O BOX 8509                  	BOISE          	ID	837070000	2081111111	2008-01-01 00:00:00.000	2008-01-01 00:00:00.000	0
2675	TAC	SIX	SIXTH AVENUE CORRECTIONAL CENTER                  	625 C STREET                  	ANCHORAGE      	AK	995010000	1111111111	2008-01-01 00:00:00.000	2008-01-01 00:00:00.000	0
2676	TAC	SOC	SPECIAL OFFENDER CENTER                           	P.O. BOX 514                  	MONROE         	WA	982720000	1111111111	2008-01-01 00:00:00.000	2008-01-01 00:00:00.000	0
2677	TAC	SPR	SPRING CREEK CORRECTIONAL CENTER                  	P.O. BOX 2109, MILE 5 NASH RD.	SEWARD         	AK	996640000		2008-01-01 00:00:00.000	2008-01-01 00:00:00.000	0
2678	TAC	SRC	SNAKE RIVER CORRECTIONAL INSTITUTION              	777 STANTON BLVD.             	ONTARIO        	OR	979140595		2008-01-01 00:00:00.000	2008-01-01 00:00:00.000	0
2679	TAC	STA	STAFFORD CREEK CORRECTIONS CENTER                 	191 CONSTANTINE WAY           	ABERDEEN       	WA	985200000		2008-01-01 00:00:00.000	2008-01-01 00:00:00.000	0
2680	TAC	TNN	TENNESSEE DEPT. OF CORRECTIONS                    	CCA W.T.D.F. BOX 487 0205     	MASON          	TN	380490000	1111111111	2008-01-01 00:00:00.000	2008-01-01 00:00:00.000	0
2681	TAC	TWC	TWIN RIVERS CORRECTION CENTER                     	PO BOX 888                    	MONROE         	WA	982720000		2008-01-01 00:00:00.000	2008-01-01 00:00:00.000	0
2682	TAC	WCC	WILDWOOD CORRECTIONAL CENTER                      	BLDG. 10 CHUGACH AVENUE       	KENAI          	AK	996110000	1111111111	2008-01-01 00:00:00.000	2008-01-01 00:00:00.000	0
2683	TAC	WCJ	WASHINGTON COUNTY JAIL                            	1111111111111111              	WEISER         	ID	836720000	1111111111	2008-01-01 00:00:00.000	2008-01-01 00:00:00.000	0
2684	TAC	WCW	WASHINGTON CORRECTIONS CENTER FOR WOMEN           	P.O. BOX 17; HP-04            	GIG HARBOR     	WA	983350000	1111111111	2008-01-01 00:00:00.000	2008-01-01 00:00:00.000	0
2685	TAC	WSC	WASHINGTON STATE CORRECTION CENTER                	PO BOX 900                    	SHELTON        	WA	985840000	2064264433	2008-01-01 00:00:00.000	2008-01-01 00:00:00.000	0
2686	TAC	WSP	WASHINGTON STATE PENITENTIARY                     	POB 520                       	WALLA WALLA    	WA	993620000		2008-01-01 00:00:00.000	2008-01-01 00:00:00.000	0
2687	TAC	WSR	WASHINGTON STATE REFORMATORY                      	PO BOX 777                    	MONROE         	WA	982720000	2067942643	2008-01-01 00:00:00.000	2008-01-01 00:00:00.000	0
2688	TAC	WST	WASHINGTON STATE CORRECTIONAL CTR.-TRAINING CENTER	P.O. BOX 900                  	SHELTON        	WA	985840000	2064264433	2008-01-01 00:00:00.000	2008-01-01 00:00:00.000	0
2689	TUC	ACW	ARIZONA STATE PRISON - ARIZONA CENTER FOR WOMEN   	POST OFFICE BOX 52112         	PHOENIX        	AZ	850720000		2007-01-12 20:46:49.467	2007-01-12 20:46:49.467	1
2690	TUC	ALH	ARIZONA STATE PRISON - ALHAMBRA UNIT              	POST OFFICE BOX 52109         	PHOENIX        	AZ	850070000		2007-01-12 20:46:49.467	2007-01-12 20:46:49.467	1
2691	TUC	APU	ARIZONA STATE PRISON - APACHE UNIT                	POST OFFICE BOX 3240          	ST. JOHNS      	AZ	859360000		2007-01-12 20:46:49.467	2007-01-12 20:46:49.467	1
2692	TUC	ASP	ARIZONA STATE PRISON - ASPEN UNIT                 	POST OFFICE BOX 52110         	PHOENIX        	AZ	850720000		2007-01-12 20:46:49.467	2007-01-12 20:46:49.467	1
2693	TUC	CB6	ARIZONA STATE PRISON - CB6                        	POST OFFICE BOX 629           	FLORENCE       	AZ	852320000		2007-01-12 20:46:49.467	2007-01-12 20:46:49.467	1
2694	TUC	CCC	CARLIN CONSERVATION CAMP; ATTN:  AWP/FAC. MGR.    	POST OFFICE BOX 1500          	CARLIN         	NV	898220000		2007-01-12 20:46:49.467	2007-01-12 20:46:49.467	1
2695	TUC	CDN	ARIZONA STATE PRISON - COMPLEX DETENTION          	10000 SOUTH WILMOT ROAD       	TUCSON         	AZ	857770000		2007-01-12 20:46:49.467	2007-01-12 20:46:49.467	1
2696	TUC	CDU	ARIZONA STATE PRISON - COMPLEX DETENTION          	POST OFFICE BOX 3000          	GOODYEAR       	AZ	853380000		2007-01-12 20:46:49.467	2007-01-12 20:46:49.467	1
2697	TUC	CIM	ARIZONA STATE PRISON - CIMARRON UNIT              	10000 SOUTH WILMOT ROAD       	TUCSON         	AZ	857770000		2007-01-12 20:46:49.467	2007-01-12 20:46:49.467	1
2698	TUC	COC	ARIZONA STATE PRISON - COCHISE UNIT               	POST OFFICE DRAWER 3867       	DOUGLAS        	AZ	856080000		2007-01-12 20:46:49.467	2007-01-12 20:46:49.467	1
2699	TUC	COK	ARIZONA STATE PRISON - COOK UNIT                  	POST OFFICE BOX 3500          	FLORENCE       	AZ	852320000		2007-01-12 20:46:49.467	2007-01-12 20:46:49.467	1
2700	TUC	COR	ARIZONA STATE PRISON - CORONADO UNIT              	2100 SOUTH HIGHWAY 87         	WINSLOW        	AZ	860470000		2007-01-12 20:46:49.467	2007-01-12 20:46:49.467	1
2701	TUC	CU 	ARIZONA STATE PRISON - CENTRAL UNIT               	POST OFFICE BOX 629           	FLORENCE       	AZ	852320000		2007-01-12 20:46:49.467	2007-01-12 20:46:49.467	1
2702	TUC	DOC	ARIZONA DEPARTMENT OF CORRECTIONS                 	1601 W. JEFFERSON AVENUE      	PHOENIX        	AZ	850070000		2007-01-12 20:46:49.467	2007-01-12 20:46:49.467	1
2703	TUC	ECC	ELY CONSERVATION CAMP; ATTN:  AWP/FAC. MGR.       	STAR ROUTE 5, BOX 45          	ELY            	NV	893010000		2007-01-12 20:46:49.467	2007-01-12 20:46:49.467	1
2704	TUC	ECH	ARIZONA STATE PRISON - ECHO UNIT                  	10000 SOUTH WILMOT ROAD       	TUCSON         	AZ	857770000		2007-01-12 20:46:49.467	2007-01-12 20:46:49.467	1
2705	TUC	ESP	ELY STATE PRISON; ATTN:  AWP/FAC. MGR.            	POST OFFICE BOX 1989          	ELY            	NV	893010000		2007-01-12 20:46:49.467	2007-01-12 20:46:49.467	1
2706	TUC	EU 	ARIZONA STATE PRISON - EAST UNIT                  	POST OFFICE BOX 629           	FLORENCE       	AZ	852320000		2007-01-12 20:46:49.467	2007-01-12 20:46:49.467	1
2707	TUC	FTG	ARIZONA STATE PRISON - FT. GRANT                  	POST OFFICE BOX 4000/R        	FT. GRANT      	AZ	856430000		2007-01-12 20:46:49.467	2007-01-12 20:46:49.467	1
2708	TUC	GIL	ARIZONA STATE PRISON - GILA UNIT                  	POST OFFICE DRAWER 3867       	DOUGLAS        	AZ	856080000		2007-01-12 20:46:49.467	2007-01-12 20:46:49.467	1
2709	TUC	GLO	ARIZONA STATE PRISON - GLOBE                      	POST OFFICE BOX 2799          	GLOBE          	AZ	855020000		2007-01-12 20:46:49.467	2007-01-12 20:46:49.467	1
2710	TUC	HCC	HUMBOLDT CONSERVATION CAMP; ATTN:  AWP/FAC. MGR.  	POST OFFICE BOX 1069          	WINNEMUCCA     	NV	894460000		2007-01-12 20:46:49.467	2007-01-12 20:46:49.467	1
2711	TUC	ISC	INDIAN SPGS. CONSERVATION CAMP; ATTN: AWP/FAC. MGR	POST OFFICE BOX 208           	INDIAN SPRINGS 	NV	890700000		2007-01-12 20:46:49.467	2007-01-12 20:46:49.467	1
2712	TUC	JCC	JEAN CONSERVATION CAMP; ATTN:  AWP/FAC. MGR.      	POST OFFICE BOX 400           	JEAN           	NV	890190000		2007-01-12 20:46:49.467	2007-01-12 20:46:49.467	1
2713	TUC	KAI	ARIZONA STATE PRISON - KAIBAB UNIT                	2100 SOUTH HIGHWAY 87         	WINSLOW        	AZ	860470000		2007-01-12 20:46:49.467	2007-01-12 20:46:49.467	1
2714	TUC	LCC	LOVELOCK CORRECTIONAL CENTER; ATTN:  AWP/FAC. MGR.	POST OFFICE BOX 359           	LOVELOCK       	NV	894190000		2007-01-12 20:46:49.467	2007-01-12 20:46:49.467	1
2715	TUC	MAN	ARIZONA STATE PRISON - MANZANITA UNIT             	10000 SOUTH WILMOT ROAD       	TUCSON         	AZ	857770000		2007-01-12 20:46:49.467	2007-01-12 20:46:49.467	1
2716	TUC	MAR	MARANA COMMUNITY CORRECTIONAL TREATMENT CENTER    	12610 WEST SILVERBELL ROAD    	MARANA         	AZ	856530000		2007-01-12 20:46:49.467	2007-01-12 20:46:49.467	1
2717	TUC	MEA	ARIZONA STATE PRISON - MEADOWS UNIT               	POST OFFICE BOX 3500          	FLORENCE       	AZ	852320000		2007-01-12 20:46:49.467	2007-01-12 20:46:49.467	1
2718	TUC	MOH	ARIZONA STATE PRISON - MOHAVE UNIT                	POST OFFICE DRAWER 3867       	DOUGLAS        	AZ	856080000		2007-01-12 20:46:49.467	2007-01-12 20:46:49.467	1
2719	TUC	NNC	NORTHERN NEV. CRTNL CENTER; ATTN:  AWP/FAC. MGR.  	POST OFFICE BOX 7007          	CARSON CITY    	NV	897020000		2007-01-12 20:46:49.467	2007-01-12 20:46:49.467	1
2720	TUC	NO1	ARIZONA STATE PRISON - NORTH UNIT 1               	POST OFFICE BOX 629           	FLORENCE       	AZ	852320000		2007-01-12 20:46:49.467	2007-01-12 20:46:49.467	1
2721	TUC	NO2	ARIZONA STATE PRISON - NORTH UNIT 2               	POST OFFICE BOX 629           	FLORENCE       	AZ	852320000		2007-01-12 20:46:49.467	2007-01-12 20:46:49.467	1
2722	TUC	NSP	NEVADA STATE PRISON; ATTN:  AWP/FAC. MGR.         	POST OFFICE BOX 607           	CARSON CITY    	NV	897020000		2007-01-12 20:46:49.467	2007-01-12 20:46:49.467	1
2723	TUC	NWC	NEV. WOMEN'S CRCTNL. CENTER; ATTN:  AWP/FAC. MGR. 	POST OFFICE BOX 7007          	CARSON CITY    	NV	897020000		2007-01-12 20:46:49.467	2007-01-12 20:46:49.467	1
2724	TUC	PAP	ARIZONA STATE PRISON - PAPAGO UNIT                	POST OFFICE DRAWER 3867       	DOUGLAS        	AZ	856080000		2007-01-12 20:46:49.467	2007-01-12 20:46:49.467	1
2725	TUC	PCC	PIOCHE CONSERVATION CAMP;  ATTN:  AWP/FAC. MGR.   	POST OFFICE BOX 509           	PIOCHE         	NV	890430000		2007-01-12 20:46:49.467	2007-01-12 20:46:49.467	1
2726	TUC	PHW	ARIZONA STATE PRISON - C/O LAURA LEIST            	3402 W. COCOPAH               	PHOENIX        	AZ	850090000		2007-01-12 20:46:49.467	2007-01-12 20:46:49.467	1
2727	TUC	PIC	ARIZONA STATE PRISON - PICACHO WORK CENTER        	POST OFFICE BOX 629           	FLORENCE       	AZ	852320000		2007-01-12 20:46:49.467	2007-01-12 20:46:49.467	1
2728	TUC	RIN	ARIZONA STATE PRISON - RINCON UNIT                	10000 SOUTH WILMOT ROAD       	TUCSON         	AZ	857770000		2007-01-12 20:46:49.467	2007-01-12 20:46:49.467	1
2729	TUC	RYN	ARIZONA STATE PRISON - RYNNING UNIT               	POST OFFICE BOX 629           	FLORENCE       	AZ	852320000		2007-01-12 20:46:49.467	2007-01-12 20:46:49.467	1
2730	TUC	SAF	ARIZONA STATE PRISON - SAFFORD                    	RURAL ROUTE 1, BOX 2222       	SAFFORD        	AZ	855460000		2007-01-12 20:46:49.467	2007-01-12 20:46:49.467	1
2731	TUC	SC 	ARIZONA STATE PRISON - SANTA CRUZ UNIT            	POST OFFICE BOX 3000          	GOODYEAR       	AZ	853380000		2007-01-12 20:46:49.467	2007-01-12 20:46:49.467	1
2732	TUC	SCC	STEWART CONSERVATION CAMP; ATTN:  AWP/FAC. MGR.   	POST OFFICE BOX 7000          	CARSON CITY    	NV	897020000		2007-01-12 20:46:49.467	2007-01-12 20:46:49.467	1
2733	TUC	SDC	SOUTHERN DESERT CRTNL CNTR.; ATTN:  AWP/FAC. MGR. 	POST OFFICE BOX 208           	INDIAN SPRINGS 	NV	890180000		2007-01-12 20:46:49.467	2007-01-12 20:46:49.467	1
2734	TUC	SJ 	ARIZONA STATE PRISON - SAN JUAN UNIT              	POST OFFICE BOX 3000          	GOODYEAR       	AZ	853380000		2007-01-12 20:46:49.467	2007-01-12 20:46:49.467	1
2735	TUC	SMF	ARIZONA STATE PRISON - SANTA MARIA UNIT           	POST OFFICE BOX 3000          	GOODYEAR       	AZ	853380000		2007-01-12 20:46:49.467	2007-01-12 20:46:49.467	1
2736	TUC	SMU	ARIZONA STATE PRISON - SPECIAL MANAGEMENT UNIT 1  	POST OFFICE BOX 3500          	FLORENCE       	AZ	852320000		2007-01-12 20:46:49.467	2007-01-12 20:46:49.467	1
2737	TUC	SNC	SOUTHERN NEV. CRCTNL CENTER; ATTN:  AWP/FAC. MGR. 	POST OFFICE BOX 100           	JEAN           	NV	890190000		2007-01-12 20:46:49.467	2007-01-12 20:46:49.467	1
2738	TUC	SNR	ARIZONA STATE PRISON - SANTA RITA UNIT            	10000 SOUTH WILMOT ROAD       	TUCSON         	AZ	857770000		2007-01-12 20:46:49.467	2007-01-12 20:46:49.467	1
2739	TUC	SP 	ARIZONA STATE PRISON - SAN PEDRO UNIT             	POST OFFICE BOX 3000          	GOODYEAR       	AZ	853380000		2007-01-12 20:46:49.467	2007-01-12 20:46:49.467	1
2740	TUC	SPU	ARIZONA STATE PRISON - SPECIAL PROGRAM UNIT       	POST OFFICE BOX 629           	FLORENCE       	AZ	852320000		2007-01-12 20:46:49.467	2007-01-12 20:46:49.467	1
2741	TUC	SRC	SOUTHERN NEV. REST. CENTER; ATTN:  AWP/FAC. MGR.  	3430 NORTH LAS VEGAS BLVD.    	N. LAS VEGAS   	NV	891100000		2007-01-12 20:46:49.467	2007-01-12 20:46:49.467	1
2742	TUC	SSC	SILVER SPGS CONSERVATION CAMP; ATTN:  AWP/FAC. MGR	POST OFFICE BOX 810           	SILVER SPRINGS 	NV	894290810		2007-01-12 20:46:49.467	2007-01-12 20:46:49.467	1
2743	TUC	SU 	ARIZONA STATE PRISON - SOUTH UNIT                 	POST OFFICE BOX 629           	FLORENCE       	AZ	852320000		2007-01-12 20:46:49.467	2007-01-12 20:46:49.467	1
2744	TUC	SUM	ARIZONA STATE PRISON - SPECIAL MANAGEMENT UNIT 2  	POST OFFICE BOX 3500          	FLORENCE       	AZ	852320000		2007-01-12 20:46:49.467	2007-01-12 20:46:49.467	1
2745	TUC	TCC	TONOPAH CONSERVATION CAMP; ATTN:  AWP/FAC. MGR.   	POST OFFICE BOX 8045          	TONOPAH        	NV	890490000		2007-01-12 20:46:49.467	2007-01-12 20:46:49.467	1
2746	TUC	TON	ARIZONA STATE PRISON - TONTO UNIT                 	RURAL ROUTE 1, BOX 2222       	SAFFORD        	AZ	855480000		2007-01-12 20:46:49.467	2007-01-12 20:46:49.467	1
2747	TUC	WCC	WELLS CONSERVATION CAMP; ATTN:  AWP/FAC. MGR.     	HC 67-50                      	WELL           	NV	898350000		2007-01-12 20:46:49.467	2007-01-12 20:46:49.467	1
2748	TUC	WIN	ARIZONA STATE PRISON - WINCHESTER UNIT            	10000 SOUTH WILMOT ROAD       	TUCSON         	AZ	857770000		2007-01-12 20:46:49.467	2007-01-12 20:46:49.467	1
2749	TUC	YUM	ARIZONA DEPARTMENT OF CORRECTIONS - YUMA COMPLEX  	POST OFFICE BOX 4279          	YUMA           	AZ	853640000		2007-01-12 20:46:49.467	2007-01-12 20:46:49.467	1
2750	ULS	ADI	ADIRONDACK CORRECTIONAL FACILITY                  	OLD RAY BROOK RD, PO BOX 110  	RAY BROOK      	NY	129770110		2006-10-26 21:11:38.280	2006-10-26 21:11:38.280	1
2751	ULS	AKL	ARTHUR KILL CORRECTIONAL FACILITY                 	2911 ARTHUR KILL ROAD         	STATEN ISLAND  	NY	103091197		2006-10-26 21:11:38.280	2006-10-26 21:11:38.280	1
2752	ULS	ALB	ALBION CORRECTIONAL FACILITY	3595 STATE SCHOOL ROAD	ALBION	NY	144119399		2006-10-26 21:11:38.280	2009-09-03 10:21:48.000	1
2753	ULS	ALT	ALTONA CORRECTIONAL FACILITY                      	BOX 125, 555 DEVIL DEN ROAD   	ALTONA         	NY	129100000		2006-10-26 21:11:38.280	2006-10-26 21:11:38.280	1
2754	ULS	ATT	ATTICA CORRECTIONAL FACILITY                      	BOX 149, 639 EXCHANGE STREET  	ATTICA         	NY	140110149		2006-10-26 21:11:38.280	2006-10-26 21:11:38.280	1
2755	ULS	AUB	AUBURN CORRECTIONAL FACILITY                      	BOX 618, 135 STATE STREET     	AUBURN         	NY	130210000		2006-10-26 21:11:38.280	2006-10-26 21:11:38.280	1
2756	ULS	BAR	BARE HILL CORRECTIONAL FACILITY                   	CALLER BOX 20, 181 BRAND ROAD 	MALONE         	NY	129530000		2006-10-26 21:11:38.280	2006-10-26 21:11:38.280	1
2757	ULS	BAY	BAYVIEW CORRECTIONAL FACILITY                     	550 WEST 20TH STREET          	NEW YORK       	NY	100112878		2006-10-26 21:11:38.280	2006-10-26 21:11:38.280	1
2758	ULS	BEA	BEACON CORRECTIONAL FACILITY                      	PO BOX 780                    	BEACON         	NY	125080780		2006-10-26 21:11:38.280	2006-10-26 21:11:38.280	1
2759	ULS	BED	BEDFORD HILLS CORRECTIONAL FACILITY               	247 HARRIS ROAD               	BEDFORD HILLS  	NY	105072499		2006-10-26 21:11:38.280	2006-10-26 21:11:38.280	1
2760	ULS	BUA	BUTLER ASACTC                                     	PO BOX 400                    	RED CREEK      	NY	131430000		2006-10-26 21:11:38.280	2006-10-26 21:11:38.280	1
2761	ULS	BUF	BUFFALO CORRECTIONAL FACILITY                     	PO BOX 300                    	ALDEN          	NY	140040000		2006-10-26 21:11:38.280	2006-10-26 21:11:38.280	1
2762	ULS	BUS	BUTLER SHOCK INCARCERATION FACILITY               	PO BOX 400, ROUTE 370         	RED CREEK      	NY	131430000		2006-10-26 21:11:38.280	2006-10-26 21:11:38.280	1
2763	ULS	BUT	BUTLER CORRECTIONAL FACILTIY                      	PO BOX 388, RT 370            	RED CREEK      	NY	131430000		2006-10-26 21:11:38.280	2006-10-26 21:11:38.280	1
2764	ULS	CAG	CAMP GABRIELS                                     	BOX 100                       	GABRIELS       	NY	129390100		2006-10-26 21:11:38.280	2006-10-26 21:11:38.280	1
2765	ULS	CAY	CAYUGA CORRECTIONAL FACILITY                      	PO BOX 1186, ROUTE 38A        	MORAVIA        	NY	131180000		2006-10-26 21:11:38.280	2006-10-26 21:11:38.280	1
2766	ULS	CGT	CAMP GEORGETOWN                                   	BOX 48, RD 1                  	GEORGETOWN     	NY	130729307		2006-10-26 21:11:38.280	2006-10-26 21:11:38.280	1
2767	ULS	CHA	CHATEAUGAY CORRECTIONAL FACILITY                  	PO BOX 320, ROUTE 11          	CHATEAUGAY     	NY	129200000		2006-10-26 21:11:38.280	2006-10-26 21:11:38.280	1
2768	ULS	CLI	CLINTON CORRECTIONAL FACILITY                     	BOX 2001, 1074 COOKE STREET   	DANNEMORA      	NY	129290000		2006-10-26 21:11:38.280	2006-10-26 21:11:38.280	1
2769	ULS	COL	COLLINS CORRECTIONAL FACILITY                     	PO BOX 340, MIDDLE ROAD       	COLLINS        	NY	140340490		2006-10-26 21:11:38.280	2006-10-26 21:11:38.280	1
2770	ULS	COX	COXSACKIE CORRECTIONAL FACILITY	BOX 999, ROUTE 9W	WEST COXSACKIE	NY	120510999		2006-10-26 21:11:38.280	2009-09-03 10:19:38.000	1
2771	ULS	CPH	CAMP PHARSALIA                                    	496 CENTER ROAD               	SOUTH PLYMOUTH 	NY	138446777		2006-10-26 21:11:38.280	2006-10-26 21:11:38.280	1
2772	ULS	CVI	CAPE VINCENT CORRECTIONAL FACILITY                	ROUTE 12 E, BOX 599           	CAPE VINCENT   	NY	136180000		2006-10-26 21:11:38.280	2006-10-26 21:11:38.280	1
2773	ULS	DOW	DOWNSTATE CORRECTIONAL FACILITY                   	BOX F, 121 RED SCHOOHOUSE RD  	FISHKILL       	NY	125240000		2006-10-26 21:11:38.280	2006-10-26 21:11:38.280	1
2774	ULS	EAS	EASTERN CORRECTIONAL FACILITY                     	BOX 338, BERME ROAD           	NAPANOCH       	NY	124580338		2006-10-26 21:11:38.280	2006-10-26 21:11:38.280	1
2775	ULS	EDG	EDGECOMBE CORRECTIONAL FACILITY                   	611 EDGECOMBE AVENUE          	NEW YORK       	NY	100324398		2006-10-26 21:11:38.280	2006-10-26 21:11:38.280	1
2776	ULS	ELM	ELMIRA CORRECTIONAL FACILITY                      	BOX 500, 1879 DAVIS STREET    	ELMIRA         	NY	149020500		2006-10-26 21:11:38.280	2006-10-26 21:11:38.280	1
2777	ULS	FIS	FISHKILL CORRECTIONAL FACILITY                    	PO BOX 1245                   	BEACON         	NY	125080000		2006-10-26 21:11:38.280	2006-10-26 21:11:38.280	1
2778	ULS	FIV	FIVE POINTS CORRECTIONAL FACILITY                 	CALLER BOX 119, STATE ROUTE 96	ROMULUS        	NY	145410000		2006-10-26 21:11:38.280	2006-10-26 21:11:38.280	1
2779	ULS	FRA	FRANKLIN CORRECTIONAL FACILITY                    	PO BOX 10, BAREHILL RD        	MALONE         	NY	129530000		2006-10-26 21:11:38.280	2006-10-26 21:11:38.280	1
2780	ULS	FUL	FULTON CORRECTIONAL FACILITY                      	1511 FULTON AVENUE            	BRONX          	NY	104578398		2006-10-26 21:11:38.280	2006-10-26 21:11:38.280	1
2781	ULS	GHN	GREEN HAVEN CORRECTIONAL FACILITY                 	PO BOX 4000, 594 RT 216       	STORMVILLE     	NY	125820000		2006-10-26 21:11:38.280	2006-10-26 21:11:38.280	1
2782	ULS	GMW	GREAT MEADOW CORRECTIONAL FACILITY                	BOX 51, 11739 STATE ROUTE 22  	COMSTOCK       	NY	128210000		2006-10-26 21:11:38.280	2006-10-26 21:11:38.280	1
2783	ULS	GOU	GOUVERNEUR CORRECTIONAL FACILITY                  	PO BX 370,SCOTCH SETTLEMENT RD	GOUVERNEUR     	NY	136420370		2006-10-26 21:11:38.280	2006-10-26 21:11:38.280	1
2784	ULS	GOW	GOWANDA CORRECTIONAL FACILITY                     	PO BOX 311, SOUTH ROAD        	GOWANDA        	NY	140700311		2006-10-26 21:11:38.280	2006-10-26 21:11:38.280	1
2785	ULS	GRE	GREENE CORRECTIONAL FACILITY                      	PO BOX 975                    	COXSACKIE      	NY	120510975		2006-10-26 21:11:38.280	2006-10-26 21:11:38.280	1
2786	ULS	GRO	GROVELAND CORRECTIONAL FACILITY                   	PO BOX 104, RT 36 SONYEA ROAD 	SONYEA         	NY	145560000		2006-10-26 21:11:38.280	2006-10-26 21:11:38.280	1
2787	ULS	HAL	HALE CREEK ASACTC                                 	PO BOX 950, 279 MALONEY ROAD  	JOHNSTON       	NY	120950000		2006-10-26 21:11:38.280	2006-10-26 21:11:38.280	1
2788	ULS	HUD	HUDSON  CORRECTIONAL FACILITY                     	BOX 576                       	HUDSON         	NY	125340576		2006-10-26 21:11:38.280	2006-10-26 21:11:38.280	1
2789	ULS	LAK	LAKEVIEW SHOCK INCARCERATION FACILITY             	PO BOX T                      	BROCTON        	NY	147160000		2006-10-26 21:11:38.280	2006-10-26 21:11:38.280	1
2790	ULS	LIN	LINCOLN CORRECTIONAL FACILITY                     	31-33 WEST 110TH STREET       	NEW YORK       	NY	100264398		2006-10-26 21:11:38.280	2006-10-26 21:11:38.280	1
2791	ULS	LIV	LIVINGSTON CORRECTIONAL FACILITY                  	PO BOX 1991, RT 36 SONYEA ROAD	SONYEA         	NY	145560000		2006-10-26 21:11:38.280	2006-10-26 21:11:38.280	1
2792	ULS	LYO	LYONS MOUNTAIN CORRECTIONAL FACILITY              	BOX 276                       	LYON MOUNTAIN  	NY	129520276		2006-10-26 21:11:38.280	2006-10-26 21:11:38.280	1
2793	ULS	MAR	MARCY CORRECTIONAL FACILITY                       	PO BOX 3600                   	MARCY          	NY	134030000		2006-10-26 21:11:38.280	2006-10-26 21:11:38.280	1
2794	ULS	MMG	MOUNT MCGREGOR CORRECTIONAL FACILITY              	1000 MT MCGREGOR ROAD         	WILTON         	NY	128310000		2006-10-26 21:11:38.280	2006-10-26 21:11:38.280	1
2795	ULS	MOE	MID-ORANGE CORRECTIONAL FACILITY                  	900 KINGS HIGHWAY             	WARWICK        	NY	109900900		2006-10-26 21:11:38.280	2006-10-26 21:11:38.280	1
2796	ULS	MOH	MOHAWK CORRECTIONAL FACILITY                      	6100 SCHOOL ROAD, PO BOX 8451 	ROME           	NY	134400000		2006-10-26 21:11:38.280	2006-10-26 21:11:38.280	1
2797	ULS	MON	MONTEREY SHOCK INCARCERATION FACILITY             	RD#1 2150 EVERGREEN HILL ROAD 	BEAVER DAMS    	NY	148129718		2006-10-26 21:11:38.280	2006-10-26 21:11:38.280	1
2798	ULS	MOR	MORIAH SHOCK INCARCERATION FACILITY               	PO BOX 999                    	MINEVILLE      	NY	129560999		2006-10-26 21:11:38.280	2006-10-26 21:11:38.280	1
2799	ULS	MST	MID-STATE CORRECTIONAL FACILITY                   	PO BOX 2500                   	MARCY          	NY	134030000		2006-10-26 21:11:38.280	2006-10-26 21:11:38.280	1
2800	ULS	OGB	OGDENSBURG CORRECTIONAL FACILITY                  	ONE CORRRECTION WAY           	OGDENSBURG     	NY	136692288		2006-10-26 21:11:38.280	2006-10-26 21:11:38.280	1
2801	ULS	ONE	ONEIDA CORRECTIONAL FACILITY                      	PO BOX 4580, 6100 SCHOOL ROAD 	ROME           	NY	134424580		2006-10-26 21:11:38.280	2006-10-26 21:11:38.280	1
2802	ULS	ORL	ORLEANS CORRECTIONAL FACILITY                     	35-31 GAINES BASIN RD         	ALBION         	NY	144110000		2006-10-26 21:11:38.280	2006-10-26 21:11:38.280	1
2803	ULS	OTI	OTISVILLE CORRECTIONAL FACILITY                   	PO BOX 8                      	OTISVILLE      	NY	109630008		2006-10-26 21:11:38.280	2006-10-26 21:11:38.280	1
2804	ULS	PAR	PARKSIDE CORRECTIONAL FACILITY                    	10 MT. MORRIS PARK WEST       	NEW YORK       	NY	100276395		2006-10-26 21:11:38.280	2006-10-26 21:11:38.280	1
2805	ULS	QUE	QUEENSBORO CORRECTIONAL FACILITY                  	47-04 VAN DAM STREET          	L. I. CITY     	NY	111013081		2006-10-26 21:11:38.280	2006-10-26 21:11:38.280	1
2806	ULS	RIV	RIVERVIEW CORRECTIONAL FACILITY                   	PO BOX 158                    	OGDENSBURG     	NY	136690000		2006-10-26 21:11:38.280	2006-10-26 21:11:38.280	1
2807	ULS	ROC	ROCHESTER CORRECTIONAL FACILITY                   	470 FORD STREET               	ROCHESTER      	NY	146082499		2006-10-26 21:11:38.280	2006-10-26 21:11:38.280	1
2808	ULS	SHA	SHAWANGUNK CORRECTIONAL FACILITY                  	PO BOX 700, 750 PRISON ROAD   	WALLKILL       	NY	125890000		2006-10-26 21:11:38.280	2006-10-26 21:11:38.280	1
2809	ULS	SIN	SING SING CORRECTIONAL FACILITY                   	354 HUNTER STREET             	OSSINING       	NY	105625442		2006-10-26 21:11:38.280	2006-10-26 21:11:38.280	1
2810	ULS	SOU	SOUTHPORT CORRECTIONAL FACILITY                   	PO BOX 2000, INSTITUTION ROAD 	PINE CITY      	NY	148710000		2006-10-26 21:11:38.280	2006-10-26 21:11:38.280	1
2811	ULS	SUL	SULLIVAN CORRECTIONAL FACILITY                    	BOX AG, RIVERSIDE DRIVE       	FALLSBURG      	NY	127330116		2006-10-26 21:11:38.280	2006-10-26 21:11:38.280	1
2812	ULS	SUM	SUMMIT SHOCK INCARCERATION FACILITY               	RFD DIBBLES ROAD              	SUMMIT         	NY	121759608		2006-10-26 21:11:38.280	2006-10-26 21:11:38.280	1
2813	ULS	TAC	TACONIC CORRECTIONAL FACILITY                     	250 HARRIS ROAD               	BEDFORD HILLS  	NY	105072498		2006-10-26 21:11:38.280	2006-10-26 21:11:38.280	1
2814	ULS	ULS	ULSTER CORRECTIONAL FACILITY                      	PO BOX 800, BERME ROAD        	NAPANOCH       	NY	124580000		2006-10-26 21:11:38.280	2006-10-26 21:11:38.280	1
2815	ULS	UPS	UPSTATE CORRECTIONAL FACILITY                     	PO BOX 2001, 309 BARE HILL RD 	MALONE         	NY	129530000		2006-10-26 21:11:38.280	2006-10-26 21:11:38.280	1
2816	ULS	WAL	WALLKILL CORRECTIONAL FACILITY                    	BOX G                         	WALLKILL       	NY	125890286		2006-10-26 21:11:38.280	2006-10-26 21:11:38.280	1
2817	ULS	WAS	WASHINGTON CORRECTIONAL FACILITY                  	BOX 180, LOCK II ROAD         	COMSTOCK       	NY	128210180		2006-10-26 21:11:38.280	2006-10-26 21:11:38.280	1
2818	ULS	WAT	WATERTOWN CORRECTIONAL FACILITY                   	23147 SWAN ROAD               	WATERTOWN      	NY	136019340		2006-10-26 21:11:38.280	2006-10-26 21:11:38.280	1
2819	ULS	WEN	WENDE CORRECTIONAL FACILITY                       	PO BOX 1187, 3622 WENDE ROAD  	ALDEN          	NY	140041187		2006-10-26 21:11:38.280	2006-10-26 21:11:38.280	1
2820	ULS	WIL	WILLARD DRUG TREATMENT CAMPUS                     	PO BOX 303, 7116 COUNTY RT 132	WILLARD        	NY	145880000		2006-10-26 21:11:38.280	2006-10-26 21:11:38.280	1
2821	ULS	WLS	WALSH MEDICAL CENTER                              	PO BOX 8453                   	ROME           	NY	134400000		2006-10-26 21:11:38.280	2006-10-26 21:11:38.280	1
2822	ULS	WOO	WOODBOURNE CORRECTIONAL FACILITY	99 PRISON ROAD - BOX 1000	WOODBOURNE	NY	127880000		2006-10-26 21:11:38.280	2009-09-03 10:20:00.000	1
2823	ULS	WYO	WYOMING CORRECTIONAL FACILITY	PO BOX 501 - 3203 DUNBAR ROAD	ATTICA	NY	140110501		2006-10-26 21:11:38.280	2009-09-03 10:20:56.000	1
2824	WAS	ACU	APPALACHIAN CORRECTIONL UNIT #29	H.C. 64, BOX 40	HONAKER	VA	242609411		2003-08-10 11:30:54.880		1
2825	WAS	AIK	AIKEN CORRECTIONAL CENTER	P. O. BOX 2249	AIKEN	SC	298010000	1111111111	2003-08-10 11:30:54.880		1
2826	WAS	ALA	C/O WARDEN KILBY CORRECTIONS FACILITY	P. O. BOX 125	MT. MEIGIS	AL	360570000	2052153300	2003-08-10 11:30:54.880		0
2827	WAS	ALB	ALBANY TRANSITIONAL CENTER	304 N. WASHINGTON	ALBANY	GA	317010000	1111111111	2003-08-10 11:30:54.880		0
2828	WAS	ALD	ALDERSON FEDERAL CORRECTIONAL INSTITUTE	P.O. BOX B	ALDERSON	WV	249100000	89243236	2003-08-10 11:30:54.880		0
2829	WAS	ALL	ALLENDALE CORRECTIONAL INSTITUTION	HIGHWAY 47	FAIRFAX	SC	298270000	1111111111	2003-08-10 11:30:54.880		0
2830	WAS	ALN	ALLEN CORRECTIONAL INSTITUTE	P.O. BOX 4501	LIMA	OH	45802	1111111111	2005-04-29 10:45:11.280	2005-04-29 10:45:11.280	1
2831	WAS	ALW	LFCI ALLENWOOD	P. O. BOX 1500	WHITE DEER	PA	178870000		2003-08-10 11:30:54.880		0
2832	WAS	AND	ANDERSON COUNTY DETENTION CENTER	1009 COUNTY HOME RD.	ANDERSON	SC	296250000	1111111111	2003-08-10 11:30:54.880		0
2833	WAS	ANS	ANSON CORRECTIONAL CENTER	P.O. BOX 160-C, RT. 1	POLKTON	NC	286350000	1111111111	2003-08-10 11:30:54.880		0
2834	WAS	ARR	ARRENDALE C.I.,	P.O.BOX 709	ALTO	GA	305100000	1111111111	2003-08-10 11:30:54.880		0
2835	WAS	AUG	AUGUSTA	P.O. BOX 1000	CRAIGVILLE	VA	244300000	1111111111	2003-08-10 11:30:54.880		1
2836	WAS	BAS	BASKERVILLE CORRECTIONAL UNIT	RT. 1, BOX 65	BASKERVILLE	VA	239150000	1111111111	2003-08-10 11:30:54.880		1
2837	WAS	BAY	BAYAMON REGIONAL JAIL (1072)	BOX 60-307	BAYAMON	PR	6790000	1111111111	2003-08-10 11:30:54.880		0
2838	WAS	BBW	BLACK BLUFF WARDEN	329 BLACK BLUFF ROAD, S.W.	ROME	GA	301610000	1111111111	2003-08-10 11:30:54.880		0
2839	WAS	BCI	BELMONT CORRECTIONAL INSTITUTION	P.O. BOX 540	CLAIRSVILLE	OH	43950	614695464	2005-04-29 10:45:11.297	2005-04-29 10:45:11.297	1
2840	WAS	BCN	BLANCH YOUTH INSTITUTION	2061 HIGH ROCK SCHOOL ROAD	BLANCH	NC	272120000	1111111111	2003-08-10 11:30:54.880		0
2841	WAS	BDR	BROAD RIVER CORRECTIONAL INSTITUTION	4460 BROAD RIVER ROAD	COLUMBIA	SC	292100000	1111111111	2003-08-10 11:30:54.880		0
2842	WAS	BEL	BELMONT CORRECTIONAL INSTITUTE	P.O. BOX 540	CLAIRSVILLE	OH	43950	1111111111	2005-04-29 10:45:11.297	2005-04-29 10:45:11.297	1
2843	WAS	BLA	BLAND CORRECTIONAL CENTER	RT. 2, BOX 111	BLAND	VA	243159616	1111111111	2003-08-10 11:30:54.880		1
2844	WAS	BOS	BOSTICK CORRECTIONAL INSTITUTION	P.O. 1700	HARDWICK	GA	310340000	1111111111	2003-08-10 11:30:54.880		0
2845	WAS	BOT	BOTECOURT CORRECTIONAL FACILITY	TROUTVILLE	TROUTVILLE	VA	241750000		2003-08-10 11:30:54.880		1
2846	WAS	BRO	BROWN CREEK CORRECTION CENTER	P.O. BOX 310	POLKTON	NC	281350000	1111111111	2003-08-10 11:30:54.880		0
2847	WAS	BRS	AL BURRIS CORRECTIONAL INSTITUTION	P.O. BOX 5849	FORSYTH	GA	310290000	1111111111	2003-08-10 11:30:54.880		0
2848	WAS	BRU	BRUNSWICK CORRECTIONAL FACILITY	RT. 1, BOX 207-C	LAWRENCEVILLE	VA	228680000		2003-08-10 11:30:54.880		1
2849	WAS	BTN	FCI BUTNER	P.O. BOX 1000	BUTNER	NC	275091000	1111111111	2003-08-10 11:30:54.880		0
2850	WAS	BUC	BUCKINGHAM CORRECTIONAL CENTER	P.O. BOX 430	DILLWYN	VA	239360000		2003-08-10 11:30:54.880		1
2851	WAS	BUR	BURKEVILLE	1111111111	1111111111	VA	111111111	1111111111	2003-08-10 11:30:54.880		1
2852	WAS	BWN	BALDWIN CORRECTIONAL INSTITUTE	P.O. BOX 218	HARDWICK	GA	304630000	1111111111	2003-08-10 11:30:54.880		0
2853	WAS	CAB	CABARRUS CORRECTIONAL CENTER	P.O. BOX 158	MT. PLEASANT	NC	281240000	1111111111	2003-08-10 11:30:54.880		0
2854	WAS	CAL	CALEDONIA CORRECTIONAL INSTITUTION	P.O. BOX 137	TILLERY	NC	278870000	1111111111	2003-08-10 11:30:54.880		0
2855	WAS	CAM	C/O SCI CAMP HILL	P O  BOX 8837	CAMP HILL	PA	170118370	1111111111	2003-08-10 11:30:54.880		0
2856	WAS	CAR	CAROLINE CORRECTIONAL UNIT NUMBER TWO	ROUTE 1 BOX 79	HANOVER	VA	230691111	1111111111	2003-08-10 11:30:54.880		1
2857	WAS	CAS	CASWELL CORRECTIONAL CENTER	P.O. BOX 217, COUNTY HOME RD.	YANCEYVILLE	NC	278870000	1111111111	2003-08-10 11:30:54.880		0
2858	WAS	CAT	CARTERET CORRECTIONAL CENTER	P. O. BOX 220	NEWPORT	NC	285700000	1111111111	2003-08-10 11:30:54.880		0
2859	WAS	CAW	CATAWBA CORRECTIONAL CENTER	1347 PRISON CAMP RD.	NEWTON	NC	286580000	1111111111	2003-08-10 11:30:54.880		0
2860	WAS	CCC	COLUMBUS CORRECTIONAL CENTER	P.O. BOX 8	BRUNSWICK	NC	284240000	1111111111	2003-08-10 11:30:54.880		0
2861	WAS	CCI	CENTRAL CORRECTIONAL INSTITUTION	P.O.BOX11158,CAPITOL STA-A	COLUMBIA	SC	292110000	1111111111	2003-08-10 11:30:54.880		0
2862	WAS	CEP	CENTRAL PRISON	1300 WESTERN BLVD.	RALEIGH	NC	276030000	10010001	2003-08-10 11:30:54.880		0
2863	WAS	CFW	COFFEEWOOD CORRECTIONAL CENTER	P.O. BOX 500	MITCHELLS	VA	227290000		2003-08-10 11:30:54.880		1
2864	WAS	CHA	CHATHAM CORRECTIONAL UNIT #15	RT. 6, BOX 50	CHATHAM	VA	245310000		2003-08-10 11:30:54.880		1
2865	WAS	CHE	CHESTERFIELD COMMUNITY CORRECTIONAL UNIT #33	7000 COURTHOUSE RD.	CHESTEFIELD	VA	238320000		2003-08-10 11:30:54.880		1
2866	WAS	CHI	CHILLICOTHE CORRECTIONAL INSTITUTE	P.O. BOX 5500	CHILLICOTHE	OH	45601	1111111111	2005-04-29 10:45:11.297	2005-04-29 10:45:11.297	1
2867	WAS	CHN	CALHOUN CORRECTIONAL INSTITUTION	P.O. BOX 249	MORGAN	GA	317660000	1111111111	2003-08-10 11:30:54.880		0
2868	WAS	CMC	CORRECTIONAL MEDICAL CENTER	199 HARMON AVE. P.O. BOX 23658	COLUMBUS	OH	43223	1111111111	2005-04-29 10:45:11.297	2005-04-29 10:45:11.297	1
2869	WAS	COA	COASTAL CORRECTIONAL INATITUTION	P. O. BOX 7150	GARDEN CITY	GA	310480000	1111111111	2003-08-10 11:30:54.880		0
2870	WAS	COR	CORRECTIONAL RECEPTION CENTER	11271 STATE RT. 762	ORIENT	OH	43146	1111111111	2005-04-29 10:45:11.297	2005-04-29 10:45:11.297	1
2871	WAS	CRA	CRAGGY CORRECTIONAL CENTER	P. O. BOX 8909	ASHEVILLE	NC	288140000	1111111111	2003-08-10 11:30:54.880		0
2872	WAS	CRE	STATE CORRECTIONAL INSTITUTION	DRAWER A, OLD ROUTE 22	CRESSON	PA	166300000	1111111111	2003-08-10 11:30:54.880		0
2873	WAS	CRO	CROSS ANCHOR CORR. INST	RT-1,BOX 322-C	ENOREE	SC	293350000	1111111111	2003-08-10 11:30:54.880		0
2874	WAS	CSC	COLD SPRINGS CORRECTIONAL UNIT #10	RT. 1, BOX 73	GREENVILLE	VA	244409708		2003-08-10 11:30:54.880		1
2875	WAS	CTF	DC DOC, CORRECTIONAL TREATMENT FACILITY	1900 "E" ST., S.E.	WASHINGTON	DC	200190000	2026738064	2003-08-10 11:30:54.880		0
2876	WAS	CUR	CURRITUK CORRECTIONAL CENTER	BOX 14	MAPLE	NC	284240000	1111111111	2003-08-10 11:30:54.880		0
2877	WAS	DAL	C/O WARDEN	SCI DALLAS	DALLAS	PA	186120000	1111111111	2003-08-10 11:30:54.880		0
2878	WAS	DAV	DAVIE CORRECTIONAL CENTER	RT #1 BOX 403	MOCKSVILLE	NC	270280000	1111111111	2003-08-10 11:30:54.880		0
2879	WAS	DCI	DAYTON CORRECTIONAL INSTITUTION	P.O. BOX 17249	DAYTON	OH	45417	1111111111	2005-04-29 10:45:11.297	2005-04-29 10:45:11.297	1
2880	WAS	DCJ	DC DEPARTMENT OF CORRECTIONS	1901 "D" ST., S.E.	WASHINGTON	DC	200030000	1111111111	2003-08-10 11:30:54.880		0
2881	WAS	DCT	DARE COUNTY DETENTION FACILITY	1044 DRIFTWOOD DRIVE	MANTEO	NC	279540000	1111111111	2003-08-10 11:30:54.880		0
2882	WAS	DCU	DINWIDDIE CORRECTIONAL UNIT #27	CHURCH ROAD	CHURCH ROAD	VA	238330000		2003-08-10 11:30:54.880		1
2883	WAS	DEE	DEERFIELD CORRECTIONAL CENTER	ROUTE 1  BOX 22	CAPRON	VA	238290000	1111111111	2003-08-10 11:30:54.880		1
2884	WAS	DIL	DILLWYN CORRECTIONAL FACILITY	P.O. BOX 670	DILLWYN	VA	239360000	1111111111	2003-08-10 11:30:54.880		1
2885	WAS	DKB	DEKALB COUNTY JAIL	3630 CAMP CIRCLE	DECATUR	GA	300320000	1111111111	2003-08-10 11:30:54.880		0
2886	WAS	DLY	DOOLY CORRECTIONAL INSTITUTION	P.O. BOX 750	UNADILLA	GA	310910000	1111111111	2003-08-10 11:30:54.880		0
2887	WAS	DMC	DEEP MEADOW CORRECTIONAL CENTER	111	111	VA	1110000	1111111111	2003-08-10 11:30:54.880		1
2888	WAS	DOD	DODGE CORRECTIONAL INSTITUTION	P.O. BOX 276	CHESTER	GA	310120000	1111111111	2003-08-10 11:30:54.880		0
2889	WAS	DPN	DUPLIN CORRECTIONAL CENTER	P O BOX 737	KENANSVILLE	NC	284390000	1111111111	2003-08-10 11:30:54.880		0
2890	WAS	DRA	DRAPER CORRECTIONAL FACILITY	P.O. BOX 1107	ELMORE	AL	360250000	1111111111	2003-08-10 11:30:54.880		0
2891	WAS	DUR	DURHAM CORRECTIONAL  CENTER	BOX 2567 W. DURHAM BRANCH	DURHAM	NC	277050000	1111111111	2003-08-10 11:30:54.880		0
2892	WAS	EAS	EASTERN CORR. INST..	P O  BOX 215	MAURY	NC	285540000	1111111111	2003-08-10 11:30:54.880		0
2893	WAS	EVA	EVANS CORRECTIONAL INSTITUTION	P. O. BOX 2951202	BENNETTSVILLE	SC	295125202	1111111111	2003-08-10 11:30:54.880		0
2894	WAS	FCC	FOUNTAIN CORRECTIONAL CENTER FOR WOMEN	827 FOUNTAIN ROAD	ROCKY MOUNT	NC	278010000	1111111111	2003-08-10 11:30:54.880		0
2895	WAS	FCU	FAIRFAX CORRECTIONAL UNIT #30	P.O. BOX 487	FAIRFAX	VA	220300000		2003-08-10 11:30:54.880		1
2896	WAS	FLU	FLUVANNA CORRECTIONAL CENTER	P.O. BOX 1000	TROY	VA	229740000		2003-08-10 11:30:54.880		1
2897	WAS	FOU	FOUNTAIN CORRECTIONAL CENTER FOR WOMEN	827 FOUNTAIN ROAD	ROCKY MOUNT	NC	278010000	1111111111	2003-08-10 11:30:54.880		0
2898	WAS	FPR	FRANKLIN PRE RELEASE CENTER	P.O. BOX 23651	COLUMBUS	OH	43223	1111111111	2005-04-29 10:45:11.310	2005-04-29 10:45:11.310	1
2899	WAS	FRA	SCI FRACKVILLE	1111 ALTAMONT BLVD.	FRACKVILLE	PA	179310000	1111111111	2003-08-10 11:30:54.880		0
2900	WAS	FRN	FRANKLIN CORRECTIONAL CENTER	P. O. BOX 155	BUNN	NC	275080000	1111111111	2003-08-10 11:30:54.880		0
2901	WAS	GAT	GATES CORRECTIONAL CENTER	RT.1, BOX 84	GATESVILLE	NC	279380000	1111111111	2003-08-10 11:30:54.880		0
2902	WAS	GCC	GASTON CORRECTIONAL CENTER	P O BOX 556	DALLAS	NC	280340000	1111111111	2003-08-10 11:30:54.880		0
2903	WAS	GDB	GEORGIA DIAGNOSTIC & CLASSIFICATION CENTER	P.O.BOX 3877	JACKSON	GA	302330000	1111111111	2003-08-10 11:30:54.880		0
2904	WAS	GFT	GRAFTON CORRECTIONAL INSTITUTION	2500 S. AVON BELDON ROAD	GRAFTON	OH	44044	1111111111	2005-04-29 10:45:11.310	2006-03-14 16:03:56.000	1
2905	WAS	GII	GEORGIA INDUSTRIAL INSTITUTION	P.O. BOX 709	ALTO	GA	305100000	1111111111	2003-08-10 11:30:54.880		0
2906	WAS	GNE	GREENE CORRECTIONL INSTITUTION	111	MAURY	NC	285540000	1111111111	2003-08-10 11:30:54.880		0
2907	WAS	GOO	VIRGINIA CORRECTIONAL CENTER FOR WOMEN	P.O. BOX 1	GOOCHLAND	VA	230630000	1111111111	2003-08-10 11:30:54.880		1
2908	WAS	GRA	C/O SCI GRATERFORD	P O  BOX 244	GRATERFORD	PA	194260000	1111111111	2003-08-10 11:30:54.880		0
2909	WAS	GRE	GREENSVILLE CORRECTIONAL CENTER	1111111111	GREENSVILLE	VA	244400000		2003-08-10 11:30:54.880		1
2910	WAS	GSP	GEORGIA STATE PRISON	STAR ROUTE	REIDSVILLE	GA	304530000	1111111111	2003-08-10 11:30:54.880		0
2911	WAS	HAD	RIVERS CORRECTIONAL INSTITUTION	P. O. BOX 1500	HARDWICK	GA	310340000	1111111111	2003-08-10 11:30:54.880		0
2912	WAS	HAN	HANCOCK CORRECTIONAL INSTITUTION	P.O. BOX 339	SPARTA	GA	310870000	1111111111	2003-08-10 11:30:54.880		0
2913	WAS	HAR	HARNETT CORRECTIONAL INSTITUTION	P. O. BOX 1569	LILLINGTON	NC	275460000	10010001	2003-08-10 11:30:54.880		0
2914	WAS	HAY	HAYS CORRECTIONAL INST	P.O.BOX 668	TRION	GA	307530000	1111111111	2003-08-10 11:30:54.880		0
2915	WAS	HCK	HOCKING CORRECTIONAL FACILITY	16759 SNAKE HOLLOW ROAD	NELSON	OH	11111	1111111111	2005-04-29 10:45:11.310	2005-04-29 10:45:11.310	1
2916	WAS	HCU	HARRISONBURG CORRECTIONAL UNIT #8	RT.2	HARRISONBURG	VA	228010000		2003-08-10 11:30:54.880		1
2917	WAS	HLX	HALIFAX CORRECTION CENTER	P O BOX 448	HALIFAX	NC	278390000		2003-08-10 11:30:54.880		0
2918	WAS	HOK	HOKE CORRECTIONAL INSTITUTION	P. O. BOX 58	MCCAIN	NC	283610000	1111111111	2003-08-10 11:30:54.880		0
2919	WAS	HUN	SCI AT RETREAT	P.O.BOX 500,	HUNLOCK CREEK	PA	186240000	1111111111	2003-08-10 11:30:54.880		0
2920	WAS	HVL	HAYNESVILLE CI	P.O. BOX 129	HAYNESVILLE	VA	224720000		2003-08-10 11:30:54.880		1
2921	WAS	HXU	HALIFAX CORRECTIONAL UNIT #23	BOX 1789	HALIFAX	VA	245580000		2003-08-10 11:30:54.880		1
2922	WAS	HYS	HAYES CORECTIONAL CENTER	P.O. BOX 668	TRION	GA	307530000	1111111111	2003-08-10 11:30:54.880		0
2923	WAS	IFW	NORTH CAROLINA INSTITUTION FOR WOMEN	1034 BRAGG STREET	RALEIGH	NC	276100000	1111111111	2003-08-10 11:30:54.880		0
2924	WAS	INC	INDIAN CREEK CORRECTIONAL FACILITY	801 SANDERSON RD.	CHESAPEAKE	VA	233270000	1111111111	2003-08-10 11:30:54.880		1
2925	WAS	IRE	IREDEL CORRECTIONAL INSTITUTION	P. O. BOX 231	STATESVILLE	NC	286770000	1111111111	2003-08-10 11:30:54.880		0
2926	WAS	JCI	JOHNSON CORRECTIONAL INSTITUTION	P.O. BOX 344	WRIGHTSVILLE	GA	310960000	1111111111	2003-08-10 11:30:54.880		0
2927	WAS	JOH	JOHNSTON CORR. INST	RT. 3 BOX 213	SMITHFIELD	NC	275770000	1111111111	2003-08-10 11:30:54.880		0
2928	WAS	JRC	JAMES RIVER CORRECTIONAL CENTER	STATE FARM	STATE FARM	VA	231600000		2003-08-10 11:30:54.880		1
2929	WAS	JRI	JAMES RIVER CORRECTIONAL CENTER	STATE FARM	STATE FARM	VA	231600000	1111111111	2003-08-10 11:30:54.880		1
2930	WAS	KCI	KIRKLAND CORRECTIONAL INSTITUTION	4344 BROAD RIVER ROAD	COLUMBIA	SC	292100000	1111111111	2003-08-10 11:30:54.880		0
2931	WAS	KIL	AL DEP OF CORR, KILBY CORRECTIONAL INSTITUTE	P.O. BOX 125	MT. MEIGS	AL	360570000	1111111111	2003-08-10 11:30:54.880		0
2932	WAS	KMC	KEENE MOUNTAIN CORRECTIONAL CENTER	1111111111	1111111111	VA	111110000	1111111111	2003-08-10 11:30:54.880		1
2933	WAS	LBR	LIEBER CORRECTIONAL INSTITUTION	P. O. BOX 205	RIDGEVILLE	SC	294720000	1111111111	2003-08-10 11:30:54.880		0
2934	WAS	LCI	LOWNDES CORRECTIONAL INSTITUTE	P. O. BOX 310	VALDOSTA	GA	316010000	1111111111	2003-08-10 11:30:54.880		0
2935	WAS	LEB	LEBANON CORRECTIONAL INSTITUTE	P.O. BOX 56	LEBANON	OH	45036	1111111111	2005-04-29 10:45:11.310	2005-04-29 10:45:11.310	1
2936	WAS	LEC	LAKE ERIE CORRECTIONAL INSTITUTION	501 THOMSPON ROAD	CONNEAUT	OH	44030	1111111111	2005-04-29 10:45:11.310	2005-04-29 10:45:11.310	1
2937	WAS	LEE	LEE CORRECTIONAL INSTITUTE	P. O. BOX 399	LEESBURG	GA	317630000	1111111111	2003-08-10 11:30:54.880		0
2938	WAS	LER	LEROY CORRECTIOAN CENTER	BOX 4128	ASHEBORO	NC	272040000	1111111111	2003-08-10 11:30:54.880		0
2939	WAS	LEW	C/O LEWISBURG	P.O. BOX 1000	LEWISBURG	PA	178370000	1111111111	2003-08-10 11:30:54.880		0
2940	WAS	LIM	LIMESTONE CC	P.O. BOX 66	CAPSHAW	AL	357420000	1111111111	2003-08-10 11:30:54.880		0
2941	WAS	LIN	LINCOLN CORRECTIONAL CENTER	150 PRISON CAMP ROAD	LINCOLNTON	NC	280920000	1111111111	2003-08-10 11:30:54.880		0
2942	WAS	LON	LONDON CORRECTIONAL INSTITUTE	P.O. BOX 69	LONDON	OH	43140	1111111111	2005-04-29 10:45:11.310	2005-04-29 10:45:11.310	1
2943	WAS	LOR	 LORTON CORRECTIONAL FACILITY, DOC	1923 VERMONT AVE, STE N102, NW	WASHINGTON	DC	200010000	2026736569	2003-08-10 11:30:54.880		0
2944	WAS	LRN	LORAIN CORRECTIONAL INSTITUTION	2075 S. AVON-BELDON RD.	GRAFTON	OH	44044	7481049	2005-04-29 10:45:11.310	2006-03-14 16:01:39.000	1
2945	WAS	LUM	LUMBERTON CORRECTIONAL CENTER				0	0	2003-08-10 11:30:54.880		0
2946	WAS	LUN	LUNENBERG CORRECTIONAL CENTER	P.O. BOX Y	VICTORIA	VA	239740650		2003-08-10 11:30:54.880		1
2947	WAS	MAC	MCDOUGAL CORR. INST.	ROUTE 1, BOX 1178	RIDGEVILLE	SC	294720000	1111111111	2003-08-10 11:30:54.880		0
2948	WAS	MAD	MADISON CORRECTIONAL INSTITUTE	1851 STATE RT. 56, PO BOX 740	LONDON	OH	43140	1111111111	2005-04-29 10:51:52.060	2005-04-29 10:51:52.060	1
2949	WAS	MAN	MANNING CORRECTIONAL INSTITUTION	P.O. BOX 3173	COLUMBIA	SC	292030000	1111111111	2003-08-10 11:30:54.880		0
2950	WAS	MAO	CENTRAL CORRECTIONAL INSTITUTE	4600 FULTON MILL ROAD	MACON	GA	312130000	1111111111	2003-08-10 11:30:54.880		0
2951	WAS	MAR	MARION CORRECTIONAL FACILITY	P.O. BOX 57	MARION	OH	43302	1111111111	2005-04-29 10:45:11.310	2005-04-29 10:45:11.310	1
2952	WAS	MAU	EASTERN CORRECTIONAL INSTITUTION	P. O. BOX  215	MAURY	NC	285540000	1111111111	2003-08-10 11:30:54.880		0
2953	WAS	MCC	MCCORMICK CORRECTIONAL INSTITUTION	ROUTE 2, BOX 100	MCCORMIC	SC	298990000	1111111111	2003-08-10 11:30:54.880		0
2954	WAS	MCD	MACDOUGALL CORRECTIONAL INSTITUTION	ROUTE 1, BOX 1178	RIDGESVILLE	SC	294720000	1111111111	2003-08-10 11:30:54.880		0
2955	WAS	MCH	MCCAIN CORRECTIONAL HOSPITAL	P.O. BOX 5118	MCCAIN	NC	283610000		2003-08-10 11:30:54.880		0
2956	WAS	MCK	MECKLENBURG CORRECTIONAL CENTER	P O BOX 685	HUNTERSVILLE	NC	200780000		2003-08-10 11:30:54.880		0
2957	WAS	MCN	MACON CORRECTIONAL INSTITUTION	P.O. BOX 426	OGLETHORPE	GA	310680000	1111111111	2003-08-10 11:30:54.880		0
2958	WAS	MCT	MARION CORRECTIONAL TREATMENT CENTER	P.O. BOX 1027	MARION	VA	243541027		2003-08-10 11:30:54.880		1
2959	WAS	MEN	MEN'S CORRECTIONAL INSTITUTION	P. O. BOX 396	HARDWICK	GA	310340000	1111111111	2003-08-10 11:30:54.880		0
2960	WAS	MET	METRO CORRECTIONAL INSTITUTION	1301 CONSTITUTION ROAD	ATLANTA	GA	303160000	1111111111	2003-08-10 11:30:54.880		0
2961	WAS	MGC	MGCI WOMENS CORRECTIONAL INSTITUTION	P.O. BOX 218	HARDWICK	GA	310340000	1111111111	2003-08-10 11:30:54.880		0
2962	WAS	MNS	MANSFIELD CORRECTIONAL INSTITUTION	P.O. BOX 788	MANSFIELD	OH	44901	1111111111	2005-04-29 10:45:11.310	2005-04-29 10:45:11.310	1
2963	WAS	MON	MONTGOMERY CORRECTIONAL CENTER	P.O. BOX 728	TROY	NC	273710000	1111111111	2003-08-10 11:30:54.880		0
2964	WAS	MOR	MORRISON YOUTH INSTITUTION	P. O. BOX 169	HOFFMAN	NC	283470000	1111111111	2003-08-10 11:30:54.880		0
2965	WAS	NAG	CAMPAMENTO PUNTA LIMA	BOX 36	NAGUABO	PR	7180000	1111111111	2003-08-10 11:30:54.880		0
2966	WAS	NAS	NASH CORRECTIONAL INSTITUTE	ROUTE 2, BOX 29E	NASHVILLE	NC	278560000	1111111111	2003-08-10 11:30:54.880		0
2967	WAS	NCC	N.C. DEPARTMENT OF CORRECTIONS	P. O. BOX 1569	LILLINGTON	NC	275460000	1111111111	2003-08-10 11:30:54.880		0
2968	WAS	NCS	NORTH COAST CORRECTIONAL FACILITY	2000 SOUTH AVON BELDEN ROAD	GRAFTON	OH	44044	1111111111	2005-04-29 10:45:11.327	2005-04-29 10:45:11.327	1
2969	WAS	NCT	NORTH CAROLINA CORRECTIONAL CENTER	1202 SOUTH STATE STREET	RALEIGH	NC	276010000	1111111111	2003-08-10 11:30:54.880		0
2970	WAS	NIC	NOBLE CORRECTIONAL INSTITUTION/15708 ST. ROUTE 78	P.O. BOX 540	CALDWELL	OH	43724	1111111111	2005-04-29 10:45:11.327	2005-04-29 10:45:11.327	1
2971	WAS	NOB	NOBLE CORRECTIONAL INSTITUTE	15708 STATE RT. 78 WEST	CALDWELL	OH	43724	1111111111	2005-04-29 10:45:11.327	2005-04-29 10:45:11.327	1
2972	WAS	NOR	NORTH CENTRAL CORRECTIONAL INSTITUTE	670 MARION-WILLIAMSPORT RD.	MARION	OH	43301	1111111111	2005-04-29 10:45:11.327	2005-04-29 10:45:11.327	1
2973	WAS	NOT	NOTTOWAY CORRECTIONAL CNETER	P.O. BOX 488	BURKEVILLE	VA	239220000	1111111111	2003-08-10 11:30:54.880		1
2974	WAS	NSV	NASH CORRECTIONAL INSTITUTION	ROUTE 2, BOX 29-E	NASHVILLE	NC	278560000	1111111111	2003-08-10 11:30:54.880		0
2975	WAS	OAK	OAKWOOD FORENSIC CENTER DEPT OF MENTAL HEALTH	3200 NORTHWEST STREET	LIMA	OH	45801	1111111111	2005-04-29 10:45:11.327	2005-04-29 10:45:11.327	1
2976	WAS	OCC	OCCOQUAN FACILITY	P.O. B0X 85	LORTON	VA	220790000	1111111111	2003-08-10 11:30:54.880		1
2977	WAS	OCO	OCONEE COUNTY JAIL	OLEC S. CHURCH STREET	WALHALLA	SC	296910000	1111111111	2003-08-10 11:30:54.880		0
2978	WAS	ODO	ODOM CORRECTIONAL INSTITUTION	P. O. BOX 36	JACKSON	NC	278450000	1111111111	2003-08-10 11:30:54.880		0
2979	WAS	OHO	C/O CANDY CAIN	11271 STATE ROUTE 762	ORIENT	OH	43146	1111111111	2005-04-29 10:45:11.327	2005-04-29 10:45:11.327	1
2980	WAS	OHS	OHIO STATE REFORMATORY	P.O. BOX 788	MANSFIELD	OH	44901	1111111111	2005-04-29 10:45:11.327	2005-04-29 10:45:11.327	1
2981	WAS	OHW	OHIO STATE REFORMATORY FOR WOMEN	1479 COLLINS AVENUE	MARYSVILLE	OH	43040	1111111111	2005-04-29 10:45:11.327	2005-04-29 10:45:11.327	1
2982	WAS	ORA	ORANGE CORRECTIONAL CENTER	RT. 3, BOX 4	HILLSBOROUGH	NC	272780000	1111111111	2003-08-10 11:30:54.880		0
2983	WAS	ORI	ORIENT CORRECTIONAL INSTITUTE	P.O. BOX 511	COLUMBUS	OH	43216	1111111111	2005-04-29 10:45:11.327	2005-04-29 10:45:11.327	1
2984	WAS	PCA	POCAHONTAS CORRECTIONAL UNIT #13	6900 COURTHOUSE RD.	CHESTERFIELD	VA	238320000		2003-08-10 11:30:54.880		1
2985	WAS	PEN	PENDER CORRECTIONAL CENTER	P. O. BOX 1058	BURGAW	NC	284250000	1111111111	2003-08-10 11:30:54.880		0
2986	WAS	PET	PETERSBURG FEDERAL CORRECTIONAL INSTITUTE	P.O. BOX 1000	PETERSBURG	VA	238040000	1111111111	2003-08-10 11:30:54.880		1
2987	WAS	PHC	PATRICK HENRY CORRECTIONAL UNIT #28	RT. 2, BOX 1090	RIDGEWAY	VA	241480000		2003-08-10 11:30:54.880		1
2988	WAS	PHI	PHILLIPS CORRECTIONAL INSTITUTION	2989 WEST ROCK QUARRY ROAD	BUFORD	GA	305180000	1111111111	2003-08-10 11:30:54.880		0
2989	WAS	PIC	PICKAWAY CORRECTIONAL INSTITUTION	P.O. BOX 209	ORIENT	OH	43146		2005-11-08 16:21:17.623		1
2990	WAS	PIE	PIEDMONT CORRECTIONAL CENTER	977 CAMP ROAD	SALISBURRY	NC	281440000	1111111111	2003-08-10 11:30:54.880		0
2991	WAS	POL	POLK CORRECRIONAL CENTER	1900 BLUE RIDGE BLVD.	RALEIGH	NC	276070000	1111111111	2003-08-10 11:30:54.880		0
2992	WAS	PON	INSTITUCION REGIONAL DEL SUR	C/O ADM D&R	PONCE	PR	6040000	1111111111	2003-08-10 11:30:54.880		0
2993	WAS	POR	PORTSMOUTH CITY JAIL	701 CRAWFORD ST.	PORTSMOUTH	VA	237040000	1111111111	2003-08-10 11:30:54.880		1
2994	WAS	POW	POWHATAN CORRECTIONAL CENTER	VIRGINIA DEPT OF CORRECTIONS	STATE FARM	VA	231600000		2003-08-10 11:30:54.880		1
2995	WAS	PRC	POWHATAN RECEPTION & CLASSIFICATION CENTER	STATE FARM	STATE FARM	VA	231600000		2003-08-10 11:30:54.880		1
2996	WAS	PRI	ADMINISTRATION OF CORRECTIONS/PUERTO RICO	AVENIDA BARBOSA 306	HATO REY	PR	9170000		2003-08-10 11:30:54.880		0
2997	WAS	PRY	PERRY CORRECTIONAL CENTER	ROUTE 3	PELZER	SC	296690000	1111111111	2003-08-10 11:30:54.880		0
2998	WAS	PUL	PULASKI	P.O. BOX 1188	DUBLIN	VA	240840000	1111111111	2003-08-10 11:30:54.880		1
2999	WAS	PWC	PRINCE WILLIAM COUNTY ADC	9320 LEE AVENUE	MANASSAS	VA	221100000	1111111111	2003-08-10 11:30:54.880		1
3000	WAS	PYO	POLK YOUTH INSTITUTION	1900 BLUE RIDGE ROAD	RALEIGH	NC	276070000		2003-08-10 11:30:54.880		0
3001	WAS	RAN	RANDOLPH CORRECTIONAL INSTITUTION	P. O. BOX 3109	ASHBORO	NC	272040000	1111111111	2003-08-10 11:30:54.880		0
3002	WAS	RCC	RICHMOND CORRECTIONAL CENTER	111	111	VA	1110000	1111111111	2003-08-10 11:30:54.880		1
3003	WAS	RCU	RUSTBURG CORRECTIONAL UNIT #9	P.O. BOX 340	RUSTBURG	VA	245880000		2003-08-10 11:30:54.880		1
3004	WAS	REF	OHIO REFORMATORY FOR WOMEN	1479 COLLINS AVE.	MARYSVILLE	OH	43040	1111111111	2005-04-29 10:45:11.327	2005-04-29 10:45:11.327	1
3005	WAS	RIC	RICHLAND CORRECTIONAL INSTITUTION	1001 OLIVESBURG RD,PO BOX 8107	MANSFIELD	OH	44901	1111111111	2005-04-29 10:51:52.060	2005-04-29 10:51:52.060	1
3006	WAS	RIO	STATE PENITENTIARY	C/O ADM D&R	RIO PIEDRAS	PR	9270000	1111111111	2003-08-10 11:30:54.880		0
3007	WAS	ROB	ROBESON CORRECTIONAL CENTER	P. O. BOC 233	LUMBERTON	NC	283580000	1111111111	2003-08-10 11:30:54.880		0
3008	WAS	ROC	C/O SCI ROCKVIEW	P O BOX A	BELLEFONTE	PA	168230000	1111111111	2003-08-10 11:30:54.880		0
3009	WAS	ROG	ROGERS CORRECTIONAL INSTITUTION	STAR ROUTE BOX 5300	REIDSVILLE	GA	304530000	1111111111	2003-08-10 11:30:54.880		0
3010	WAS	ROS	ROSS CORRECTIONAL INSTITUTE	16149 STATE RT. 104	CHILLICOTHE	OH	45601	1111111111	2005-04-29 10:45:11.327	2005-04-29 10:45:11.327	1
3011	WAS	RTD	RUTHERFORD CORRECTIONAL CENTER	901 LEDBETTER RD.	SPINDALE	NC	281600000	1111111111	2003-08-10 11:30:54.880		0
3012	WAS	RUT	RUTLEDGE COORECTIONAL INSTITUTION	7175 MANOR ROAD	COLUMBUS	GA	319070000	1111111111	2003-08-10 11:30:54.880		0
3013	WAS	SAB	SABANA HOYOS CAMP	SABANA HOYOS	SABANA HOYOS	PR	7480000	1111111111	2003-08-10 11:30:54.880		0
3014	WAS	SAC	SANFORD CORRECTIONAL CENTER	P. O. BOX 2490	SANFORD	NC	273300000	1111111111	2003-08-10 11:30:54.880		0
3015	WAS	SAL	ROWAN CORRECTIONAL CENTER	P. O. 1207	SALISBURY	NC	281450000	1111111111	2003-08-10 11:30:54.880		0
3016	WAS	SAN	SANDHILLS YOUTH CENTER	P. O. BOX 5088	MC. CAIN	NC	283610000	1111111111	2003-08-10 11:30:54.880		0
3017	WAS	SCC	SAMPSON CORRECTIONAL CENTER	120 N.BLVD.	CLINTON	NC	283280000	1111111111	2003-08-10 11:30:54.880		0
3018	WAS	SCT	SCOTT CORRECTIONAL INSTITUTION	P O BOX 417	HARDWICK	GA	310340000	1111111111	2003-08-10 11:30:54.880		0
3019	WAS	SCU	STAFFORD CORRECTIONAL UNIT #21	384 ESKIMO HILL RD.	STAFFORD	VA	225540000		2003-08-10 11:30:54.880		1
3020	WAS	SEA	SOUTHEASTERN CORRECTIONAL INSTITUTION	5900 B.I.S. RD P. O. BOX 200	LANCASTER	OH	43130	1111111111	2005-04-29 10:45:11.327	2005-04-29 10:45:11.327	1
3021	WAS	SFD	SANFORD CORRECTIONAL CENTER	P.O. BOX 2490	SANFORD	NC	273300000	1111111111	2003-08-10 11:30:54.880		0
3022	WAS	SHA	SCI COAL TOWNSHIP	I KELLY DRIVE	SHAMOKIN	PA	178720000		2003-08-10 11:30:54.880		0
3023	WAS	SIT	SOUTHAMPTON INTENSIVE TREATMENT CENTER	RT.1, BOX 17	CAPRON	VA	238290000		2003-08-10 11:30:54.880		1
3024	WAS	SMI	SMITH CORRECTIONAL INSTITUTION	P.O. BOX 726, HWY. 301N	GLENVILLE	GA	304270000	1111111111	2003-08-10 11:30:54.880		0
3025	WAS	SOC	SOUTH CAROLINA DEPT OF CORRECTIONS	4460 BROAD RIVER ROAD	COLUMBIA	SC	292100000	1111111111	2003-08-10 11:30:54.880		0
3026	WAS	SOL	SOUTHERN OHIO CORRECTIONAL FAC. "LUCASVILLE"	P.O. BOX 45699	LUCASVILLE	OH	45699	1111111111	2005-04-29 10:45:11.343	2005-04-29 10:45:11.343	1
3027	WAS	SOT	SOUTHERN CORRECTIONAL INST.	P. O. BOX 786	TROY	NC	273710000	1111111111	2003-08-10 11:30:54.880		0
3028	WAS	SOU	SOUTHAMPTON CORRECTIONAL CENTER	ROUTE 1  BOX 17	CAPRON	VA	238290000	1111111111	2003-08-10 11:30:54.880		1
3029	WAS	SRC	SOUTHAMPTON RECEPTION & CLASSIFICATION CENTER	RT. 1, BOX 17	CAPRON	VA	238290000		2003-08-10 11:30:54.880		1
3030	WAS	STA	STAUNTON CORRECTIONAL CENTER	P.O. BOX 3500	STAUTON	VA	244010000	1111111111	2003-08-10 11:30:54.880		1
3031	WAS	STB	ST. BRIDES CORRECTIONAL CENTER	701 SANDERSON RD.	CHESAPEAKE	VA	233220000	1111111111	2003-08-10 11:30:54.880		1
3032	WAS	SUM	SUMTER CITY CORRECTIONAL INSTITUTION	P.O. BOX 484	AMERICUS	GA	317090000	1111111111	2003-08-10 11:30:54.880		0
3033	WAS	SYL	FCI. SCHYKLILL	P. O. BOX 789	MINERSVILLE	PA	179540000	1111111111	2003-08-10 11:30:54.880		0
3034	WAS	TAZ	TAZEWELL CORRECTIONAL UNIT #31	RT. 3, BOX 472	TAZEWELL	VA	246519720		2003-08-10 11:30:54.880		1
3035	WAS	TCU	TIDEWATER CORRECTIONAL UNIT #22	201 GREENBRIES RD.	CHESAPEAKE	VA	233200000		2003-08-10 11:30:54.880		1
3036	WAS	TEL	TELFAIR CORRECTIONAL INSTITUTION	P.O. BOX 549	HELENA	GA	305180000	1111111111	2003-08-10 11:30:54.880		0
3037	WAS	TIL	TILLERY CORRECTIONAL CENTER	P.O. BOX 222	TILLERY	NC	278870000	1111111111	2003-08-10 11:30:54.880		0
3038	WAS	TOL	TOLEDO CORRECTIONAL INSTITUTION	2001 EAST CENTRAL AVENUE	TOLEDO	OH	43608	1111111111	2005-04-29 10:45:11.343	2005-04-29 10:45:11.343	1
3039	WAS	TRI	TRIANGLE CORRECTIONAL INSTITUTION	1300 WESTERN BLVD.	RALEIGH	NC	276060000	1111111111	2003-08-10 11:30:54.880		0
3040	WAS	TRU	TRUMBAL CORRECTIONAL INSTITUTION	5701 BURNETT ROAD	LEAVITTBURG	OH	44430	1111111111	2005-04-29 10:45:11.343	2005-04-29 10:45:11.343	1
3041	WAS	UMS	UMSTEAD CORRECTIONAL CENTER	P. O. BOX 106	BUTNER	NC	275090000	1111111111	2003-08-10 11:30:54.880		0
3042	WAS	VAN	VANCE CORRECTIONAL INSTITUTION	ROUTE 9, BOX 201	HENDERSON	NC	275360000	1111111111	2003-08-10 11:30:54.880		0
3043	WAS	VCI	VALDOSTA CORRECTIONAL INSTITUTION	P. O. BOX 310	VALDOSTA	GA	316030000	1111111111	2003-08-10 11:30:54.880		0
3044	WAS	VCW	VIRGINIA CORRECTIONAL CENTER FOR WOMEN	P.O. BOX 1	GOOCHLAND	VA	230630000		2003-08-10 11:30:54.880		1
3045	WAS	VSP	VIRGINIA STATE PENITENTIARY	500 SPRING STREET	RICHMOND	VA	232191111	1111111111	2003-08-10 11:30:54.880		1
3046	WAS	WAK	WAKE CORRECTIONAL CENTER	1000 ROCK QUARY ROAD	RALEIGH	NC	276100000	1111111111	2003-08-10 11:30:54.880		0
3047	WAS	WAL	WALKER CORRECTIONAL INSTITUTION	P. O. BOX 98	ROCKSPRING	GA	307390000	1111111111	2003-08-10 11:30:54.880		0
3048	WAS	WAR	WARE CORRECTIONAL INSTITUTION	3620 NORTH HARRIS ROAD	WAYCROSS	GA	315010000	1111111111	2003-08-10 11:30:54.880		0
3049	WAS	WAT	WATERBEE CORRECTIONAL INSTITUTION	P. O. BOX 189	REMBERT	SC	291280189	1111111111	2003-08-10 11:30:54.880		0
3050	WAS	WAY	SCI WAYMART	P. O. BOX 256	WAYMART	PA	184720256	1111111111	2003-08-10 11:30:54.880		0
3051	WAS	WCC	WOMEN'S CORRECTIONAL INSTITUTION	4450 BROAD RIVER RD.	COLUMBIA	SC	292100000	1111111111	2003-08-10 11:30:54.880		0
3052	WAS	WCI	WOMRN'S CORRECTIONAL INSTITUTION	P.O.BOX 218	HARDWICK	GA	310340000	1111111111	2003-08-10 11:30:54.880		0
3053	WAS	WCU	WHITE POST CORRECTIONAL UNIT #7	P.O. BOX 160	WHITE POST	VA	226630000		2003-08-10 11:30:54.880		1
3054	WAS	WDC	WILLIAM DONALDSON CORRECTIONAL FACILITY	100 WARRIOR LANE	BESSEMER	AL	350230000	1111111111	2003-08-10 11:30:54.880		0
3055	WAS	WES	WESTERN YOUTH INSTITUTION	P. O. BOX 1439	MORGANTON	NC	282400000	1111111111	2003-08-10 11:30:54.880		0
3056	WAS	WHI	WHITEVILLE PRISON UNIT	P. O. BOX 8	BRUNSWICK	NC	284240000	1111111111	2003-08-10 11:30:54.880		0
3057	WAS	WHP	WHITE POST CORRECTIONAL UNIT	P.O. BOX 160	WHITE POST	VA	226630160		2003-08-10 11:30:54.880		1
3058	WAS	WIL	WILCOX C.I.	472 S. BROAD ST	ABBEVILLE	GA	310010000		2003-08-10 11:30:54.880		0
3059	WAS	WNE	WAYNE CORRECTIONAL	1007 SHED ROAD	ODUM	GA	315550000	1111111111	2003-08-10 11:30:54.880		0
3060	WAS	WOM	NC CORR. INSTITUTION FOR WOMEN	1034 BRAGG STREET	RALEIGH	NC	276100000	1111111111	2003-08-10 11:30:54.880		0
3061	WAS	WRE	WATEREE RIVER C.I.	POST OFFICE BOX 189	REMBERT	SC	291280189	1111111111	2003-08-10 11:30:54.880		0
3062	WAS	WSE	WISE CORRECTIONAL UNIT #18	DRAWER E	COEBURN	VA	242300150		2003-08-10 11:30:54.880		1
3063	WAS	WSH	WASHINGTON CORRECTIONAL INSTITUTE	P.O. BOX 206	DAVISBORO	GA	310180206	1111111111	2003-08-10 11:30:54.880		0
3064	WAS	YAD	YSDKIN CORRECTIONALCENTER	RT. 2, BOX 523-B	YADKINVILLE	NC	270550000	1111111111	2003-08-10 11:30:54.880		0
3065	WAS	YDC	YOUTH CENTER, DISTRICT OF COLUMBIA	1111111111	WASHINGTON	DC	111111111	1111111111	2003-08-10 11:30:54.880		0
3066	WAS	YKN	YADKIN CORRECTIONAL CENTER	CALLER 525 SHACKTOWN ROAD	YADKINVILLE	NC	270550000	1111111111	2003-08-10 11:30:54.880		0
3067	WIK	WAA	WICHITA-Inmate Housing	2 EOIR PLACE	WICHITA	KS	123456789		2003-11-06 00:00:00.000	2003-11-06 00:00:00.000	1
3068	WIK	WBB	WICHITA-2nd Inmate	address 	wichita	KS	123456789	123456789	2003-11-06 00:00:00.000	2003-11-06 00:00:00.000	1
3069	YOR	ADI	ADIRONDACK CORRECTIONAL FACILITY                  	BOX 110                       	RAY BROOK      	NY	129770110		2006-12-07 21:05:34.077	2006-12-07 21:05:34.077	1
3070	YOR	AKL	ARTHUR KILL CORRECTIONAL FACILITY                 	2911 ARTHUR KILL RD           	STATEN ISLAND  	NY	103091197		2006-12-07 21:05:34.077	2006-12-07 21:05:34.077	1
3071	YOR	ALB	*SCI-ALBION CORRECTIONAL FACILITY                 	10748 ROUTE 18                	ALBION         	NY	164010000	1111111111	2006-12-07 21:05:34.077	2006-12-07 21:05:34.077	1
3072	YOR	ALD	ALDERSON FEDERAL CORRECTIONAL INSTITUTE           	P.O. BOX B                    	ALDERSON       	WV	249100000	89243236	2006-12-07 21:05:34.077	2006-12-07 21:05:34.077	1
3073	YOR	ALT	ALTONA CORRECTIONAL FACILITY                      	DEVIL DEN ROAD BOX 125        	ALTONA         	NY	129100215		2006-12-07 21:05:34.077	2006-12-07 21:05:34.077	1
3074	YOR	ALW	WARDEN, LSCI ALLENWOOD                            	P.O. BOX 1500                 	WHITE DEER     	PA	178870000	1111111111	2006-12-07 21:05:34.077	2006-12-07 21:05:34.077	1
3075	YOR	ATT	ATTICA CORRECTIONAL FACILITY                      	PO BOX 149                    	ATTICA         	NY	140110149		2006-12-07 21:05:34.077	2006-12-07 21:05:34.077	1
3076	YOR	AUB	AUBURN CORRECTIONAL FACILITY                      	135 STATE STREET  BOX 618     	AUBURN         	NY	130210000		2006-12-07 21:05:34.077	2006-12-07 21:05:34.077	1
3077	YOR	AXJ	MARYLAND CORRECTIONAL INSTITUTE ANNEX AT JESSUP   	P.O. BOX 549                  	JESSUP         	MD	207940000	1111111111	2006-12-07 21:05:34.077	2006-12-07 21:05:34.077	1
3078	YOR	BAR	BARE HILL CORRECTIONAL FACILITY                   	CALLER BOX #20                	CADY ROAD      	NY	129530000		2006-12-07 21:05:34.077	2006-12-07 21:05:34.077	1
3079	YOR	BAY	BAYVIEW CORRECTIONAL FACILITY                     	550 WEST 20TH STREET          	NEW YORK       	NY	100112878		2006-12-07 21:05:34.077	2006-12-07 21:05:34.077	1
3080	YOR	BEA	CAMP BEACON                                       	P.O. BOX 780                  	BEACON         	NY	125080780		2006-12-07 21:05:34.077	2006-12-07 21:05:34.077	1
3081	YOR	BED	BEDFORD HILLS CORRECTIONAL FACILITY               	247 HARRIS ROAD               	BEDFORD HILLS  	NY	102072499		2006-12-07 21:05:34.077	2006-12-07 21:05:34.077	1
3082	YOR	BRO	BROCKBRIDGE CORRECTIONAL FACILITY                 	P.O. BOX 537                  	JESSUP         	MD	207940000	1111111111	2006-12-07 21:05:34.077	2006-12-07 21:05:34.077	1
3083	YOR	BUC	BUCKINGHAM CORRECTIONAL FACILITY                  	P.O. BOX 26963                	RICHMOND       	VA	232300000		2006-12-07 21:05:34.077	2006-12-07 21:05:34.077	1
3084	YOR	BUT	BUTLER SHOCK INCARCERATION FACILITY               	P.O. BOX 388  RTE. 370        	RED CREEK      	NY	131430000		2006-12-07 21:05:34.077	2006-12-07 21:05:34.077	1
3085	YOR	CAM	CAMP GABRIELS                                     	BOX 100                       	GABRIELS       	NY	129390000		2006-12-07 21:05:34.077	2006-12-07 21:05:34.077	1
3086	YOR	CAY	CAYUGA CORRECTIONAL FACILITY                      	P.O. BOX 1150                 	MORAVIA        	NY	131180000		2006-12-07 21:05:34.077	2006-12-07 21:05:34.077	1
3087	YOR	CGT	CAMP GEORGETOWN                                   	RD 1, BOX 48                  	GEORGETOWN     	NY	130729307		2006-12-07 21:05:34.077	2006-12-07 21:05:34.077	1
3088	YOR	CHA	CHATEAUGAY ASACTC                                 	P.O. BOX 320                  	CHATAEAUGAY    	NY	129200000		2006-12-07 21:05:34.077	2006-12-07 21:05:34.077	1
3089	YOR	CLI	CLINTON CORRECTIONAL FACILITY                     	BOX B                         	DANNEMORA      	NY	129290000		2006-12-07 21:05:34.077	2006-12-07 21:05:34.077	1
3090	YOR	CMT	MONTEREY SHOCK INCARCERATION FACILITY             	RD #1                         	BEAVER DAMS    	NY	148129718		2006-12-07 21:05:34.077	2006-12-07 21:05:34.077	1
3091	YOR	COL	COLLINS CORRECTIONAL FACILITY                     	C/0 NYSOCS                    	HELMUTH        	NY	140790200		2006-12-07 21:05:34.077	2006-12-07 21:05:34.077	1
3092	YOR	COX	COXSACKIE CORRECTIOANL FACILITY                   	BOX 200                       	COXSACKIE      	NY	120510200	97312781	2006-12-07 21:05:34.077	2006-12-07 21:05:34.077	1
3093	YOR	CPH	CAMP PHARSALIA                                    	NYSDCS                        	SOUTH PLYMOUTH 	NY	138449729		2006-12-07 21:05:34.077	2006-12-07 21:05:34.077	1
3094	YOR	CSU	SUMMIT SHOCK INCARCERATION FACILITY               	RFD                           	SUMMIT         	NY	121759608		2006-12-07 21:05:34.077	2006-12-07 21:05:34.077	1
3095	YOR	CVI	CAPE VINCENT CORRECTIONAL FACILITY                	RT. 12-E  BOX 599             	CAPE VINCENT   	NY	136180000		2006-12-07 21:05:34.077	2006-12-07 21:05:34.077	1
3096	YOR	DCY	YORK COUNTY PRISON                                	3401 CONCORD ROAD             	YORK           	PA	174020000		2006-12-07 21:05:34.077	2006-12-07 21:05:34.077	1
3097	YOR	DOW	DOWNSTATE CORRECTIONAL FACILITY                   	P.O. BOX 445                  	FISHKILL       	NY	125240445		2006-12-07 21:05:34.077	2006-12-07 21:05:34.077	1
3098	YOR	EAS	EASTERN CORRECTIONAL FACILITY                     	BOX 338                       	NAPANOCH       	NY	124580338		2006-12-07 21:05:34.077	2006-12-07 21:05:34.077	1
3099	YOR	ECI	EASTERN CORRECTIONAL INSTITUTION                  	RT.1, BOX 500                 	WESTOVER       	MD	221870001		2006-12-07 21:05:34.077	2006-12-07 21:05:34.077	1
3100	YOR	EDG	EDGECOMBE CORRECTIONAL FACILITY                   	611 EDGECOMBE AVE.            	NEW YORK       	NY	100324398		2006-12-07 21:05:34.077	2006-12-07 21:05:34.077	1
3101	YOR	ELM	ELMIRA CORRECTIONAL FACILITY                      	P.O. BOX 500                  	ELMIRA         	NY	149020500		2006-12-07 21:05:34.077	2006-12-07 21:05:34.077	1
3102	YOR	ESG	EDGECOMBE CORRECTIONAL FACILITY                   	1111                          	KKKKKKKKKKK    	NY	121210000	1111111111	2006-12-07 21:05:34.077	2006-12-07 21:05:34.077	1
3103	YOR	FCI	FCI-ALLENWOOD                                     	P.O. BOX 2500                 	WHITE DEER     	PA	178870000		2006-12-08 20:21:41.263	2006-12-08 20:21:41.263	1
3104	YOR	FIS	FISHKILL CORRECTIONAL FACILITY                    	BOX 307                       	BEACON         	NY	125080000		2006-12-07 21:05:34.077	2006-12-07 21:05:34.077	1
3105	YOR	FRA	FRANKLIN CORRECTIONAL FACILITY                    	P.O. BOX 10                   	MALONE         	NY	129530000		2006-12-07 21:05:34.077	2006-12-07 21:05:34.077	1
3106	YOR	FUL	FULTON CORRECTIONAL FACILITY                      	1511 FULTON AVENUE            	BRONX          	NY	104578398		2006-12-07 21:05:34.077	2006-12-07 21:05:34.077	1
3107	YOR	GHN	GREEN HAVEN CORRECTIONAL FACILITY                 	C/O NYSDCS                    	STORMVILLE     	NY	125820000		2006-12-07 21:05:34.077	2006-12-07 21:05:34.077	1
3108	YOR	GMW	GREAT MEADOW CORRECTIONAL FACILITY                	BOX 51                        	COMSTOCK       	NY	128210000		2006-12-07 21:05:34.077	2006-12-07 21:05:34.077	1
3109	YOR	GOU	GOUVERNEUR CORRECTIONAL FACILITY                  	ST. LAWRENCE COUNTY           	GOUVERNEUR     	NY	111110000		2006-12-07 21:05:34.077	2006-12-07 21:05:34.077	1
3110	YOR	GOW	GOWANDA CORRECTIONAL FACILITY                     	P.O. BOX 350                  	GOWANDA        	NY	140700350		2006-12-07 21:05:34.077	2006-12-07 21:05:34.077	1
3111	YOR	GRE	GREENE CORRECTIONAL FACILITY                      	P.O. BOX 8                    	COXSACKI       	NY	120510008	97312741	2006-12-07 21:05:34.077	2006-12-07 21:05:34.077	1
3112	YOR	GRO	GROVELAND CORRECTIONAL FACILITY                   	ROUTE 36 SONYEA ROAD          	SONYEA         	NY	145560001		2006-12-07 21:05:34.077	2006-12-07 21:05:34.077	1
3113	YOR	HAL	HALE CREEK CORRECTIONAL FAC.                      	279 MALONEY RD.               	JOHNSTOWN      	NY	120950000	1111111111	2006-12-07 21:05:34.077	2006-12-07 21:05:34.077	1
3114	YOR	HCC	HALE CREEK ASACTC                                 	279 MALONEY ROAD              	JOHNSTOWN      	NY	120950000		2006-12-07 21:05:34.077	2006-12-07 21:05:34.077	1
3115	YOR	HUD	HUDSON  CORRECTIONAL FACILITY                     	BOX 576 DCS                   	HUDSON         	NY	125340576		2006-12-07 21:05:34.077	2006-12-07 21:05:34.077	1
3116	YOR	JOH	HOHNSTOWN ASACTC                                  	FULTON COUNTY                 	JOHNSTOWN      	NY	111110000	1111111111	2006-12-07 21:05:34.077	2006-12-07 21:05:34.077	1
3117	YOR	LAK	LAKEVIEW SHOCK INCARCERATION FACILITY             	PO BOX T                      	BROCKTON       	NY	147160000		2006-12-07 21:05:34.077	2006-12-07 21:05:34.077	1
3118	YOR	LIN	LINCOLN CORRECTIONAL FACILITY                     	31-33 WEST 110TH STREET       	NEW YORK       	NY	100264398		2006-12-07 21:05:34.077	2006-12-07 21:05:34.077	1
3119	YOR	LIV	LIVINGSTON CORRECTIONAL FACILITY                  	31-33 WEST 110TH STREET       	NEW YORK       	NY	100264398	1111111111	2006-12-07 21:05:34.077	2006-12-07 21:05:34.077	1
3120	YOR	LOR	LORTON CORRECTIONAL FACILITY, DOC                 	1923 VERMONT AVE,STE N102, NW 	WASHINGTON     	DC	200010000		2006-12-07 21:05:34.077	2006-12-07 21:05:34.077	1
3121	YOR	LSC	LSCI-ALLENWOOD                                    	P.O. BOX 209                  	WHITE DEER     	PA	178870000		2006-12-08 20:21:41.263	2006-12-08 20:21:41.263	1
3122	YOR	LYO	LYONS MOUNTAIN CORRECTIONAL FACILITY              	BOX 276DCS                    	LYON MOUNTAIN  	NY	129520276		2006-12-07 21:05:34.077	2006-12-07 21:05:34.077	1
3123	YOR	MAR	MARCY CORRECTIONAL FACILITY                       	C/O NYSDCS                    	MARCY          	NY	122260000		2006-12-07 21:05:34.077	2006-12-07 21:05:34.077	1
3124	YOR	MCG	MT MCGREGER CAMP                                  	1111 STREET                   	NEW YORK       	NY	111110000	1111111111	2006-12-07 21:05:34.077	2006-12-07 21:05:34.077	1
3125	YOR	MCH	MARYLAND CORRECTIONAL INSTITUTION--HAGERSTOWN     	RT.3, BOX 2000                	HAGERSTOWN     	MD	217400000		2006-12-07 21:05:34.077	2006-12-07 21:05:34.077	1
3126	YOR	MCJ	MARYLAND CORRECTIONAL INSTITUTION AT JESSUP       	P.O. BOX 549                  	JESSUP         	MD	207940000		2006-12-07 21:05:34.077	2006-12-07 21:05:34.077	1
3127	YOR	MCT	MARYLAND CORRECTIONAL TRAINING CENTER             	18601 ROXBURY RD.             	HAGERSTOWN     	MD	217460000		2006-12-07 21:05:34.077	2006-12-07 21:05:34.077	1
3128	YOR	MCW	MARYLAND CORRECTIONAL INSTITUTION FOR WOMEN       	P.O. BOX 535                  	JESSUP         	MD	207940000		2006-12-07 21:05:34.077	2006-12-07 21:05:34.077	1
3129	YOR	MHC	MARYLAND HOUSE OF CORRECTIONS                     	P.O. BOX 534                  	JESSUP         	MD	207940000		2006-12-07 21:05:34.077	2006-12-07 21:05:34.077	1
3130	YOR	MMG	MOUNT MCGREGOR CORRECTIONAL FACILITY              	BOX 2071                      	WILTON         	NY	128660996	95873960	2006-12-07 21:05:34.077	2006-12-07 21:05:34.077	1
3131	YOR	MOE	MID-ORANGE CORRECTIONAL FACILITY                  	900 KINGS HIGHWAY             	WARWICK        	NY	109900900		2006-12-07 21:05:34.077	2006-12-07 21:05:34.077	1
3132	YOR	MOH	MOHAWK CORRECTIONAL FACILITY                      	P.O. BOX 8450 6100 SCHOOL ROAD	ROME           	NY	134400000		2006-12-07 21:05:34.077	2006-12-07 21:05:34.077	1
3133	YOR	MOR	MORIAH SHOCK INCARCERATION FACILITY               	BOX 999                       	MINEVILLE      	NY	129560000		2006-12-07 21:05:34.077	2006-12-07 21:05:34.077	1
3134	YOR	MOS	MOSHANNON VALLEY CORRECTIONAL INSTITUTE	555 CORNELL DRIVE	PHILLIPSBURG	PA	168660000		2008-02-12 18:55:41.790	2008-03-13 14:38:13.000	1
3135	YOR	MRD	MARYLAND RECEPTION AND CLASSIFICATION CENTER      	550 E. MADISON STREET         	BALTIMORE      	MD	212020000	1111111111	2006-12-07 21:05:34.077	2006-12-07 21:05:34.077	1
3136	YOR	MST	MID-STATE CORRECTIONAL FACILITY                   	P.O. BOX 216                  	MARCY          	NY	134030216		2006-12-07 21:05:34.077	2006-12-07 21:05:34.077	1
3137	YOR	OGB	OGDENSBURG CORRECTIONAL FACILITY                  	ONE CORRECTION WAY            	OGDENSBURG     	NY	136692288		2006-12-07 21:05:34.077	2006-12-07 21:05:34.077	1
3138	YOR	ONE	ONEIDA CORRECTIONAL FACILITY                      	6100 SCHOOL ROAD              	ROME           	NY	134400000		2006-12-07 21:05:34.077	2006-12-07 21:05:34.077	1
3139	YOR	ORL	ORLEANS CORRECTIONAL FACILITY                     	35-31 GAINES BASIN RD         	ALBTON         	NY	144110000		2006-12-07 21:05:34.077	2006-12-07 21:05:34.077	1
3140	YOR	OTI	OTISVILLE CORRECTIONAL FACILITY                   	BOX 8                         	OTISVILLE      	NY	109630008		2006-12-07 21:05:34.077	2006-12-07 21:05:34.077	1
3141	YOR	PAR	PARKSIDE CORRECTIONAL FACILITY                    	10 MT. MORRIS PARK WEST       	NEW YORK       	NY	100276395		2006-12-07 21:05:34.077	2006-12-07 21:05:34.077	1
3142	YOR	PAT	PATUXENT INSTITUTION                              	P.O. BOX 700                  	JESSUP         	MD	207940000	1111111111	2006-12-07 21:05:34.077	2006-12-07 21:05:34.077	1
3143	YOR	PET	PETERSBURG FEDERAL CORRECTIONAL INSTITUTE         	P.O. BOX 1000                 	PETERSBURG     	VA	238040000	1111111111	2006-12-07 21:05:34.077	2006-12-07 21:05:34.077	1
3144	YOR	PGC	PRINCE GEORGE'S CO. DETENTION CENTER              	13400 DILLE DRIVE             	UPPER MARLBORO 	MD	207720000	1111111111	2006-12-07 21:05:34.077	2006-12-07 21:05:34.077	1
3145	YOR	POW	POWHATAN CORRECTIONAL FACILITY                    	P.O. BOX 26963                	RICHMOND       	VA	232300000		2006-12-07 21:05:34.077	2006-12-07 21:05:34.077	1
3146	YOR	QUE	QUEENSBORO CORRECTIONAL FACILITY                  	47-04 VAN DAM STREET          	L. I. CITY     	NY	111013081		2006-12-07 21:05:34.077	2006-12-07 21:05:34.077	1
3147	YOR	RIK	RIKERS                                            	C/O NYCDCS                    	NEW YORK CITY  	NY	100130000		2006-12-07 21:05:34.077	2006-12-07 21:05:34.077	1
3148	YOR	RIV	RIVERVIEW CORRECTIONAL FACILITY                   	BOX 158                       	OGDENSBURG     	NY	136690000		2006-12-07 21:05:34.077	2006-12-07 21:05:34.077	1
3149	YOR	ROC	ROCHESTER CORRECTIONAL FACILITY                   	55 GREIG STREET               	ROCHESTER      	NY	146082499		2006-12-07 21:05:34.077	2006-12-07 21:05:34.077	1
3150	YOR	ROX	ROXBURY CORRECTIONAL INSTITUTION                  	RT. 3, BOX 4444               	HAGERSTOWN     	MD	217400000		2006-12-07 21:05:34.077	2006-12-07 21:05:34.077	1
3151	YOR	S10	SCI GRATERFORD/ NEW ADMIN. PERSONNEL OFFICE       	RT 29  P.O. BOX 246           	GRATERFORD     	PA	194260000		2006-12-07 21:05:34.077	2006-12-07 21:05:34.077	1
3152	YOR	S11	SCI FRACKVILLE                                    	1111 ALTAMONTE BLVD.          	FRACKVILLE     	PA	179310000		2006-12-07 21:05:34.077	2006-12-07 21:05:34.077	1
3153	YOR	S12	SCI-GREENSBURG                                    	ROUTE 119 SOUTH RD 10 P.O. BOX	GREENSBURG     	PA	156010000		2006-12-07 21:05:34.077	2006-12-07 21:05:34.077	1
3154	YOR	S14	SCI-CAMBRIDGE SPRINGS                             	FULLERTON AVENUE              	CAMBRIDGE SPRIN	PA	164030000		2006-12-07 21:05:34.077	2006-12-07 21:05:34.077	1
3155	YOR	S15	SCI-HOUTZDALE                                     	P.O. BOX 1000                 	HOUTZDALE      	PA	166980000		2006-12-07 21:05:34.077	2006-12-07 21:05:34.077	1
3156	YOR	S17	SCI-LISBURN                                       	MOD UNIT #44/ P.O. BOX 200    	CAMP HILL      	PA	170770000		2006-12-07 21:05:34.077	2006-12-07 21:05:34.077	1
3157	YOR	S18	SCI-HUNLOCK                                       	RETREAT RD. #3 BOX 500        	HUNLOCK CREEK  	PA	186210000	1111111111	2006-12-07 21:05:34.077	2006-12-07 21:05:34.077	1
3158	YOR	S19	SCI-MUNCY                                         	RTE 405 P.O. BOX 180          	MUNCY          	PA	177560000		2006-12-07 21:05:34.077	2006-12-07 21:05:34.077	1
3159	YOR	S20	SCI-QUEHANNA MOTIVATIONAL BOOT CAMP               	P.O. BOX 32 H C               	KARTHAUS       	PA	168450000		2006-12-07 21:05:34.077	2006-12-07 21:05:34.077	1
3160	YOR	S21	SCI-GREENE                                        	1040 E. ROYFURMAN HIGHWAY     	WAYNESBURG     	PA	153700000		2006-12-07 21:05:34.077	2006-12-07 21:05:34.077	1
3161	YOR	S22	SCI-ALBION                                        	10745 ROUTE 18                	ALBION         	PA	164010000		2006-12-07 21:05:34.077	2006-12-07 21:05:34.077	1
3162	YOR	S23	SCI-MERCER                                        	801 BUTLER PIKE               	MERCER         	PA	161370000		2006-12-07 21:05:34.077	2006-12-07 21:05:34.077	1
3163	YOR	S24	SCI-PITTSBURGH                                    	P.O. BOX 99901                	PITTSBURGH     	PA	152330000	1111111111	2006-12-07 21:05:34.077	2006-12-07 21:05:34.077	1
3164	YOR	S25	SCI-WAYNESBURG                                    	ROAD 1 BOX 67                 	WAYNESBURG     	PA	153700000		2006-12-07 21:05:34.077	2006-12-07 21:05:34.077	1
3165	YOR	S26	SCI-LAUREL HIGHLANDS	706 GLADES PIKE, P.O. BOX 631	SOMERSET	PA	155010631	1111111111	2007-03-07 00:00:00.000	2007-03-07 00:00:00.000	1
3166	YOR	S27	SCI - Forest	1 Woodland Drive; P.O. Box 307	Marienville	PA	162390307		2007-04-19 17:38:53.917	2007-04-19 17:38:53.917	1
3167	YOR	S28	SCI - Fayette	50 Overlook Drive	LaBelle	PA	15450		2007-05-16 15:58:33.760	2007-05-16 15:58:33.760	1
3168	YOR	S29	SCI - Chester	500 E. 4th St.	Chester	PA	19103	1111111111	2007-11-01 09:48:01.390	2007-11-01 09:48:01.390	1
3169	YOR	SC0	SOMERSET SCI                                      	1590 WALTERS MILL RD          	SOMERSET       	PA	155010000		2006-12-07 21:05:34.077	2006-12-07 21:05:34.077	1
3170	YOR	SC1	SCI-HUNTINGDON                                    	1100 PIKE STREET              	HUNTINGDON     	PA	166540000		2006-12-07 21:05:34.077	2006-12-07 21:05:34.077	1
3171	YOR	SC2	SCI RETREAT                                       	RD #3 P.O BOX 500             	HUNLOCK CREEK  	PA	186210000		2006-12-07 21:05:34.077	2006-12-07 21:05:34.077	1
3172	YOR	SC3	SCI CAMPHILL                                      	P.O. BOX 8837                 	CAMP HILL      	PA	170110200		2006-12-07 21:05:34.077	2006-12-07 21:05:34.077	1
3173	YOR	SC4	SCI ROCKVIEW                                      	P.O. BOX A, RFD 3             	BELLEFONTE     	PA	168230000	1111111111	2006-12-07 21:05:34.077	2006-12-07 21:05:34.077	1
3174	YOR	SC5	SCI CRESSON                                       	P.O. BOX A OLD ROUTE 22       	CRESSON        	PA	166990001	1111111111	2006-12-07 21:05:34.077	2006-12-07 21:05:34.077	1
3175	YOR	SC6	SCI WAYMART                                       	ROUTE 6, P.O. BOX 256         	WAYMART        	PA	184720000	1111111111	2006-12-07 21:05:34.077	2006-12-07 21:05:34.077	1
3176	YOR	SC7	SCI DALLAS/ SUPERINTENDANTS OFFICE                	STATE CORRECTIONAL INSTITUTION	DALLAS         	PA	186120000		2006-12-07 21:05:34.077	2006-12-07 21:05:34.077	1
3177	YOR	SC8	SCI MAHANOY                                       	301 MOREA RD.                 	FRACKVILLE     	PA	179320000		2006-12-07 21:05:34.077	2006-12-07 21:05:34.077	1
3178	YOR	SC9	SCI SMITHFIELD                                    	P.O. BOX 999  1120 PIKE ST.   	HUNTINGDON     	PA	166520000		2006-12-07 21:05:34.077	2006-12-07 21:05:34.077	1
3179	YOR	SCI	SCI COAL TWP                                      	1 KELLY DRIVE                 	COAL TOWNSHIP  	PA	178660000		2006-12-07 21:05:34.077	2006-12-07 21:05:34.077	1
3180	YOR	SGK	SHAWANGUNK CORRECTIONAL FACILITY                  	P O BOX 750                   	WALLKILL       	NY	125890750		2006-12-07 21:05:34.077	2006-12-07 21:05:34.077	1
3181	YOR	SHA	 SHAWANGUNK CORRECTIONAL FACILITY                 	P.O. BOX 750                  	WALLKILL       	NY	125890750		2006-12-07 21:05:34.077	2006-12-07 21:05:34.077	1
3182	YOR	SIN	SING SING CORRECTIONAL FACILITY                   	354 HUNTER STREET             	OSSINING       	NY	105625442		2006-12-07 21:05:34.077	2006-12-07 21:05:34.077	1
3183	YOR	SOU	SOUTHPORT CORRECTIONAL FACILITY                   	P.O. BOX 2000                 	PINE CITY      	NY	148710000		2006-12-07 21:05:34.077	2006-12-07 21:05:34.077	1
3184	YOR	SUL	 SULLIVAN CORRECTIONAL FACILITY                   	BOX AG                        	FALLSBURG      	NY	127330116		2006-12-07 21:05:34.077	2006-12-07 21:05:34.077	1
3185	YOR	TAC	TACONIC CORRECTIONAL FACILITY                     	250 HARRIS RAOD               	BEDFORD HILLS  	NY	105072498		2006-12-07 21:05:34.077	2006-12-07 21:05:34.077	1
3186	YOR	ULS	ULSTER CORRECTIONAL FACILITY                      	C/O NYSDCS                    	ALBANY         	NY	122260000		2006-12-07 21:05:34.077	2006-12-07 21:05:34.077	1
3187	YOR	USP	U.S. PENITENTIARY ALLENWOOD                       	P.O. BOX 3500                 	WHITE DEER     	PA	178870000		2006-12-08 20:21:41.263	2006-12-08 20:21:41.263	1
3188	YOR	WAL	WALLKILL CORRECTIONAL FACILITY                    	BOX G                         	WALLKILL       	NY	125890286		2006-12-07 21:05:34.077	2006-12-07 21:05:34.077	1
3189	YOR	WAS	WASHINGTON CORRECTIONAL FACILITY                  	BOX 180                       	COMSTOCK       	NY	128210180		2006-12-07 21:05:34.077	2006-12-07 21:05:34.077	1
3190	YOR	WAT	WATERTOWN CORRECTIONAL FACILITY                   	DRY HILL                      	WATERTOWN      	NY	136010618		2006-12-07 21:05:34.077	2006-12-07 21:05:34.077	1
3191	YOR	WCI	WESTERN CORRECTIONAL INSTITUTION                  	13800 MCMULLIN HIGHWAY        	S.W.CUMBERLAND 	MD	215020000		2006-12-07 21:05:34.077	2006-12-07 21:05:34.077	1
3192	YOR	WEN	WENDE CORRECTIONAL FACILITY                       	P.O. BOX 1187                 	ALDEN          	NY	140041187		2006-12-07 21:05:34.077	2006-12-07 21:05:34.077	1
3193	YOR	WOO	 WOODBRIDGE CORRECTIONAL FACILITY                 	RIVERSIDE DRIVE               	WOODBOURNE     	NY	127880000		2006-12-07 21:05:34.077	2006-12-07 21:05:34.077	1
3194	YOR	WYO	WYOMING CORRECTIONAL FACILITY                     	P.O. BOX 501                  	ATTICA         	NY	140110000		2006-12-07 21:05:34.077	2006-12-07 21:05:34.077	1
3196	SND	DON	Donovan Correctional Facility	R J Donovan Correctional Fac.	San Diego	CA	92139		2008-10-07 17:55:39.000	2008-10-07 17:55:39.000	1
3197	OMA	ACC	ABODE CORRECTIONAL CENTER                         	831 N. 16 ST.                 	MILWAUKEE      	WI	532330000		2007-08-11 08:12:57.733	2007-08-11 08:12:57.733	1
3198	OMA	ADR	ADRIAN TEMPORARY FACILITY                         	P.O. BOX 1900                 	ADRIAN         	MI	492210000		2007-08-11 08:12:57.733	2007-08-11 08:12:57.733	1
3199	OMA	ALG	ALGOA CORRECTIONAL CENTER                         	P.O. BOX 538                  	JEFFERSON CITY 	MO	651020000	1111111111	2007-08-11 08:12:57.733	2007-08-11 08:12:57.733	1
3200	OMA	ALL	ALLEN CORRECTIONAL INSTITUTION                    	P.O. BOX 4501                 	LIMA           	OH	458020000		2007-08-11 08:12:57.733	2007-08-11 08:12:57.733	1
3201	OMA	BCC	BOONEVILLE CORRECTIONAL CENTER                    	P.O. BOX 67                   	BOONEVILLE     	MO	652330000	1111111111	2007-08-11 08:12:57.733	2007-08-11 08:12:57.733	1
3202	OMA	BCI	BELMONT CORRECTIONAL INSTITUTION                  	P.O. BOX 540                  	ST. CLAIRSVILLE	OH	439500000		2007-08-11 08:12:57.733	2007-08-11 08:12:57.733	1
3203	OMA	BKR	INDIANA DOC/BUNKER HILL FACILITY                  	LOCATION L-216 BOX 90         	BUNKER HILL    	IN	469140000	1111111111	2007-08-11 08:12:57.733	2007-08-11 08:12:57.733	1
3204	OMA	BMC	BIG MUDDY CORRECTIONAL CENTER                     	BOX 1000                      	INA            	IL	628461000	1111111111	2007-08-11 08:12:57.733	2007-08-11 08:12:57.733	1
3205	OMA	BRF	BLACK RIVERS FALL CORRECTIONAL INSTITUTION        	ROUTE 5, BOX 433C             	BLACK RIVER    	WI	546150000		2007-08-11 08:12:57.733	2007-08-11 08:12:57.733	1
3206	OMA	BRO	BROOKS REGIONAL FACILITY                          	2500 S. SHERIDAN              	MUSKEGON       	MI	494440000	1111111111	2007-08-11 08:12:57.733	2007-08-11 08:12:57.733	1
3207	OMA	BTC	BRANCHVILLE TRAINING CENTER                       	P.O. BOX 500                  	TELL CITY      	IN	475860000		2007-08-11 08:12:57.733	2007-08-11 08:12:57.733	1
3208	OMA	BUN	INDIANA DEPARTMENT OF CORRECTIONS                 	LOCATION L-216 BOX 90         	BUNKER HILL    	IN	469140000		2007-08-11 08:12:57.733	2007-08-11 08:12:57.733	1
3209	OMA	CAR	CARSON CITY CORRECTIONAL FACILITY                 	10274 BOYER ROAD              	CARSON CITY    	MI	488110000	1111111111	2007-08-11 08:12:57.733	2007-08-11 08:12:57.733	1
3210	OMA	CCC	CROSSROADS CORRECTIONAL CENTER                    	1115 E. PENCE                 	CAMERON        	MO	644290000		2007-08-11 08:12:57.733	2007-08-11 08:12:57.733	1
3211	OMA	CCM	MOBERLY CORRECTIONAL CENTER                       	P. O. BOX 7                   	MOBERLY        	MO	652700000		2007-08-11 08:12:57.733	2007-08-11 08:12:57.733	1
3212	OMA	CEF	CHARLES EGELER CORRECTIONAL FACILITY              	P.O. BOX 8000                 	JACKSON        	MI	492090000	1111111111	2007-08-11 08:12:57.733	2007-08-11 08:12:57.733	1
3213	OMA	CEN	CENTRALIA CORRECTIONAL CENTER                     	P.O. BOX 1266                 	CENTRALIA      	IL	628010000	1111111111	2007-08-11 08:12:57.733	2007-08-11 08:12:57.733	1
3214	OMA	CHI	CHILLICOTHE  CORRECTIONAL INSTITUTE               	P.O. BOX 5500                 	CHILLICOTHE    	OH	456010000		2007-08-11 08:12:57.733	2007-08-11 08:12:57.733	1
3215	OMA	CIC	CORRECTIONAL INDUSTRIAL COMPLEX                   	P.O. BOX 600                  	PENDLETON      	IN	460640600		2007-08-11 08:12:57.733	2007-08-11 08:12:57.733	1
3216	OMA	CLA	CLARINDA CORRECTIONAL FACILITY                    	BOX 1338                      	CLARINDA       	IA	513620000	1111111111	2007-08-11 08:12:57.733	2007-08-11 08:12:57.733	1
3217	OMA	CMC	CORRECTIONS MEDICAL CENTER                        	199 HARMON AVE. P.O. BOX 23658	COLUMBUS       	OH	432230000	1111111111	2007-08-11 08:12:57.733	2007-08-11 08:12:57.733	1
3218	OMA	COL	COLUMBIA CORRECTIONAL INSTITUTION                 	ROUTE 3                       	PORTAGE        	WI	539010000	1111111111	2007-08-11 08:12:57.733	2007-08-11 08:12:57.733	1
3219	OMA	COR	CORRECTIONAL RECEPTION CENTER                     	11271 STATE RT. 762           	ORIENT         	OH	431460000		2007-08-11 08:12:57.733	2007-08-11 08:12:57.733	1
3220	OMA	CPO	CAMP OJIBWAY                                      	P.O. BOX 236                  	MARENISCO      	MI	499470000	1111111111	2007-08-11 08:12:57.733	2007-08-11 08:12:57.733	1
3221	OMA	CRO	ST. CROIX CORRECTIONAL CENTER                     	1859 4TH ST.                  	NEW RICHMOND   	WI	540170000		2007-08-11 08:12:57.733	2007-08-11 08:12:57.733	1
3222	OMA	CTC	CHIPPEWA TEMPOARY CORRECTIONAL FACILITY           	WEST TONE RD.                 	KINCHELOE      	MI	497850000	1111111111	2007-08-11 08:12:57.733	2007-08-11 08:12:57.733	1
3223	OMA	DAN	DANVILLE CORRECTIONAL CENTER                      	P.O. BOX 4002                 	DANVILLE       	IL	618340000	1111111111	2007-08-11 08:12:57.733	2007-08-11 08:12:57.733	1
3224	OMA	DCI	DAYTON CORRECTIONAL INSTITUTE                     	P.O. BOX 17249                	DAYTON         	OH	454170000	1111111111	2007-08-11 08:12:57.733	2007-08-11 08:12:57.733	1
3225	OMA	DCS	DEPARTMENT OF CORRECTIONAL SERVICES               	P.O. BOX 94661                	LINCOLN        	NE	685094661		2007-08-11 08:12:57.733	2007-08-11 08:12:57.733	1
3226	OMA	DEC	DECATUR  CORRECTIONAL CENTER                      	2310 EAST MOUND ROAD          	DECATUR        	IL	625240000		2007-08-11 08:12:57.733	2007-08-11 08:12:57.733	1
3227	OMA	DIS	DIVISION OF INTENSIVE SANCTIONS                   	906 ANN STREET                	MADISON        	WI	537130000		2007-08-11 08:12:57.733	2007-08-11 08:12:57.733	1
3228	OMA	DIX	DIXON CORRECTIONAL CENTER                         	2600 BRITON AVE.              	DIXON          	IL	610211111	1111111111	2007-08-11 08:12:57.733	2007-08-11 08:12:57.733	1
3229	OMA	DOD	DODGE CORRECTIONAL INSTITUTION                    	BOX 661                       	WAUPUN         	WI	539630000	1111111111	2007-08-11 08:12:57.733	2007-08-11 08:12:57.733	1
3230	OMA	DUN	DUNES CORRECTIONAL FACILITY                       	6605 W. 138TH AVENUE RT. 1    	HOLLAND        	MI	494230000	1111111111	2007-08-11 08:12:57.733	2007-08-11 08:12:57.733	1
3231	OMA	DWI	DWIGHT CORRECTIONAL CENTER                        	P.O. BOX 5001                 	DWIGHT         	IL	604205001		2007-08-11 08:12:57.733	2007-08-11 08:12:57.733	1
3232	OMA	EAS	EAST MOLINE CORRECTIONAL CENTER                   	100 HILLCREST ROAD            	EAST MOLINE    	IL	612440000	1111111111	2007-08-11 08:12:57.733	2007-08-11 08:12:57.733	1
3233	OMA	ECF	ELLSWORTH CORRECTIONAL FACILITY                   	P.O. BOX 107                  	ELLSWORTH      	KS	674390000		2007-08-11 08:12:57.733	2007-08-11 08:12:57.733	1
3234	OMA	EGC	EGELER CORRECTIONAL FACILITY                      	3855 COOPER ST.               	JACKSON        	MI	492010000	1111111111	2007-08-11 08:12:57.733	2007-08-11 08:12:57.733	1
3235	OMA	ELD	EL DORADO CORRECTIONAL FACILITY                   	P.O. BOX 311                  	EL DORADO      	KS	670420000		2007-08-11 08:12:57.733	2007-08-11 08:12:57.733	1
3236	OMA	EMC	EASTERN MISSOURI CORRECTIONAL CTR.                	18701 OLD HWY 66              	PACIFIC        	MO	630690000		2007-08-11 08:12:57.733	2007-08-11 08:12:57.733	1
3237	OMA	ENG	ENGLER CORRECTIONAL FACILITY                      	3855 COOPER STREET            	JACKSON        	MI	492010000	1111111111	2007-08-11 08:12:57.733	2007-08-11 08:12:57.733	1
3238	OMA	FC 	FEDERAL CORRECTIONAL                              	OXFORD WISCONSIN              	OXFORD         	WI	539410000	1111111111	2007-08-11 08:12:57.733	2007-08-11 08:12:57.733	1
3239	OMA	FCC	FARMINGTON CORRECTIONAL CENTER                    	1012 W. COLUMBIA              	FARMINGTON     	MO	636400000	1111111111	2007-08-11 08:12:57.733	2007-08-11 08:12:57.733	1
3240	OMA	FCI	FOX LAKE CORRECTIONAL INSTITUTION                 	FOX LAKE 147                  	FOX LAKE       	WI	539930000	1111111111	2007-08-11 08:12:57.733	2007-08-11 08:12:57.733	1
3241	OMA	FRD	FULTON RECEPTION AND DIAGNOSTIC CENTER            	P.O. BOX 190                  	FULTON         	MO	652510000		2007-08-11 08:12:57.733	2007-08-11 08:12:57.733	1
3242	OMA	FTH	FEDERAL CORRECTIONAL - TERRE HAUTE                	4200 BUREAU RD.NORTH, BOX 33  	TERRE HAUTE    	IN	478080000		2007-08-11 08:12:57.733	2007-08-11 08:12:57.733	1
3243	OMA	GCC	GALESBURG CORRECTIONAL CENTER                     	P.O. BOX 1327                 	GALESBURG      	IL	614010000		2007-08-11 08:12:57.733	2007-08-11 08:12:57.733	1
3244	OMA	GFT	GRAFTON CORRECTIONAL INSTITUTION                  	2500 S. AVON BELDEB ROAD      	GRAFTON        	OH	440440000	1111111111	2007-08-11 08:12:57.733	2007-08-11 08:12:57.733	1
3245	OMA	GRA	GRAHAM CORRECTIONAL CENTER                        	P.O. BOX 499                  	HILLSBORO      	IL	620490000	1111111111	2007-08-11 08:12:57.733	2007-08-11 08:12:57.733	1
3246	OMA	GRE	GREEN BAY CORRECTIONAL INSTITUTION                	BOX 19033                     	GREEN BAY      	WI	543070000	1111111111	2007-08-11 08:12:57.733	2007-08-11 08:12:57.733	1
3247	OMA	GUS	GUS HARRISON FACILITY                             	2727 E. BEECHER  BOX 1888     	ADRIAN         	MI	492210000	1111111111	2007-08-11 08:12:57.733	2007-08-11 08:12:57.733	1
3248	OMA	HAS	HASTINGS CORRECTIONAL CENTER                      	P.O. BOX 2048                 	HASTINGS       	NE	689022048	1111111111	2007-08-11 08:12:57.733	2007-08-11 08:12:57.733	1
3249	OMA	HCC	HILL CORRECTIONAL CENTER                          	600 LYNWOOD ROAD, P.O. 1327   	GALESBURG,     	IL	614010000		2007-08-11 08:12:57.733	2007-08-11 08:12:57.733	1
3250	OMA	HCF	HUTCHINSON CORRECTIONAL FACILITY                  	P.O. BOX 1568                 	HUTCHINSON     	KS	675040000	1111111111	2007-08-11 08:12:57.733	2007-08-11 08:12:57.733	1
3251	OMA	HCK	HOCKING CORRECTIONAL FACILITY                     	16759 SNAKE HOLLOW ROAD       	NELSON         	OH	111110000	1111111111	2007-08-11 08:12:57.733	2007-08-11 08:12:57.733	1
3252	OMA	HCW	HUTCHINSON CORRECTIONAL WORK FACILITY             	400 S. HALSTED                	HUTCHINSON     	KS	675010000		2007-08-11 08:12:57.733	2007-08-11 08:12:57.733	1
3253	OMA	HIA	HIAWATHA TEMPORARY FACILITY                       	MARSHALL ROAD                 	KINCHELOE      	MI	497860000		2007-08-11 08:12:57.733	2007-08-11 08:12:57.733	1
3254	OMA	ICD	IOWA DEPARTMENT OF CORRECTIONS                    	1200 E. WASHINGTON            	MT. PLEASANT   	IA	526410000		2007-08-11 08:12:57.733	2007-08-11 08:12:57.733	1
3255	OMA	ICW	IOWA CORRECTIONAL INSTITUTE FOR WOMEN             	BOX 700                       	MITCHELLVILLE  	IA	501690000	1111111111	2007-08-11 08:12:57.733	2007-08-11 08:12:57.733	1
3256	OMA	IDC	IOWA DEPARTMENT OF CORRECTIONS-WORK RELEASE CENTER	605 MAIN                      	DAVENPORT      	IA	528030000	1111111111	2007-08-11 08:12:57.733	2007-08-11 08:12:57.733	1
3257	OMA	IMA	IOWA MEDICAL AND CLASSIFICATION CENTER            	P.O. BOX A                    	OAKDALE        	IA	523190000		2007-08-11 08:12:57.733	2007-08-11 08:12:57.733	1
3258	OMA	IMR	IOWA MEN'S REFORMATORY                            	BOX B                         	ANAMOSA        	IA	522050000	1111111111	2007-08-11 08:12:57.733	2007-08-11 08:12:57.733	1
3259	OMA	IND	INDIANA STATE PRISON                              	P.O. BOX 41                   	MICHIGAN CITY  	IN	463600000	1111111111	2007-08-11 08:12:57.733	2007-08-11 08:12:57.733	1
3260	OMA	ION	IONIA CORRECTIONAL FACILITY                       	1576 W. BLUEWATER HIGHWAY     	IONIA          	MI	488460000	1111111111	2007-08-11 08:12:57.733	2007-08-11 08:12:57.733	1
3261	OMA	IRC	ILLINOIS RIVER CORRECTIONAL INSTITUTION           	P.O. BOX 999                  	CANTON         	IL	615200000		2007-08-11 08:12:57.733	2007-08-11 08:12:57.733	1
3262	OMA	ISF	INDIANA STATE FARM                                	P.O. BOX 76                   	GREENCASTLE    	IN	461350000		2007-08-11 08:12:57.733	2007-08-11 08:12:57.733	1
3263	OMA	ISP	INDIANA STATE PRISON                              	P.O. BOX 41                   	MICHIGAN CITY  	IN	463600000		2007-08-11 08:12:57.733	2007-08-11 08:12:57.733	1
3264	OMA	ISR	INDIANA STATE REFORMATORY                         	P.O. BOX 28                   	PENDLETON      	IN	460640000		2007-08-11 08:12:57.733	2007-08-11 08:12:57.733	1
3265	OMA	IWP	INDIANA WOMEN'S PRISON                            	401 NORTH RANDOLPH STREET     	INDIANAPOLIS   	IN	462010000		2007-08-11 08:12:57.733	2007-08-11 08:12:57.733	1
3266	OMA	IYC	INDIANA YOUTH CENTER                              	727 MOON ROAD                 	PLAINFIELD     	IN	461680000		2007-08-11 08:12:57.733	2007-08-11 08:12:57.733	1
3267	OMA	JAC	JACKSON STATE PRISON - CENTRAL                    	4000 COOPER STREET            	JACKSON        	MI	492010000	1111111111	2007-08-11 08:12:57.733	2007-08-11 08:12:57.733	1
3268	OMA	JAK	JACKSONVILLE CORRECTIONAL CENTER                  	R.R. 4 P.O. BOX 28C           	JACKSONVILLE   	IL	626500000		2007-08-11 08:12:57.733	2007-08-11 08:12:57.733	1
3269	OMA	JBC	C/O JOHN BENNET CORRECTIONAL FACILITY             	31 AVENUE G - BOX 316         	FORT MADISON   	IA	526270000	1111111111	2007-08-11 08:12:57.733	2007-08-11 08:12:57.733	1
3270	OMA	JCC	JEFFERSON CITY CORRECTIONAL CENTER                	P.O. BOX 236                  	JEFFERSON CITY 	MO	651020000		2007-08-11 08:12:57.733	2007-08-11 08:12:57.733	1
3271	OMA	JCF	JACKSON COTTON FACILITY                           	3500 NORTH ELM STREET         	JACKSON        	MI	492010000	1111111111	2007-08-11 08:12:57.733	2007-08-11 08:12:57.733	1
3272	OMA	JCI	JACKSON CORRECTIONAL INSTITUTION                  	BOX 232                       	BLACK RIVER FLS	WI	546150000		2007-08-11 08:12:57.733	2007-08-11 08:12:57.733	1
3273	OMA	JOL	JOLIET CORRECTIONAL CENTER                        	P.O. BOX 515                  	JOLIET         	IL	604320000	1111111111	2007-08-11 08:12:57.733	2007-08-11 08:12:57.733	1
3274	OMA	KCC	KENOSHA CORRECTIONAL CENTER                       	6353 14TH AVENUE              	KENOSHA        	WI	531400000	1111111111	2007-08-11 08:12:57.733	2007-08-11 08:12:57.733	1
3275	OMA	KCF	KINROSS CORRECTIONAL FACILITY                     	4535 WEST TONE ROAD           	KINCHELOE      	MI	497880000		2007-08-11 08:12:57.733	2007-08-11 08:12:57.733	1
3276	OMA	KEN	KENT COUNTY CORRECTIONAL FACILITY                 	701 BALL AVENUE N.E.          	GRAND RAPIDS   	MI	495030000	1111111111	2007-08-11 08:12:57.733	2007-08-11 08:12:57.733	1
3277	OMA	KMC	KETTLE MORAINE CORRECTIONAL INSTITUTION           	BOX 31                        	PLYMOUTH       	WI	530730000	1111111111	2007-08-11 08:12:57.733	2007-08-11 08:12:57.733	1
3278	OMA	KSC	KANSAS STATE CORRECTION INSTITUTION               	BOX # 160                     	LANSING        	KS	660430000	1111111111	2007-08-11 08:12:57.733	2007-08-11 08:12:57.733	1
3279	OMA	KSI	KANSAS STATE INDUSTRIAL REFORMATORY               	P.O. BOX 1568                 	HUTCHINSON     	KS	675040000		2007-08-11 08:12:57.733	2007-08-11 08:12:57.733	1
3280	OMA	LAK	METROPOLITAN CORRECTIONAL FACILITY/LINO LAKES     	7525 4TH AVENUE               	LINO LAKES     	MN	550140000	1111111111	2007-08-11 08:12:57.733	2007-08-11 08:12:57.733	1
3281	OMA	LAW	LAWRENCE CORRECTIONAL FACILITY                    	RURAL RTE 2 - BOX 36          	SUMNER         	IL	624660000		2007-08-11 08:12:57.733	2007-08-11 08:12:57.733	1
3282	OMA	LCC	LINCOLN CORRECTIONAL CENTER                       	P.O. BOX 22800                	LINCOLN        	NE	685420000	1111111111	2007-08-11 08:12:57.733	2007-08-11 08:12:57.733	1
3283	OMA	LCF	LANSING CORRECTIONAL FACILITY                     	P.O. BOX 2                    	LANSING        	KS	660430000		2007-08-11 08:12:57.733	2007-08-11 08:12:57.733	1
3284	OMA	LCI	LORAIN CORRECTIONAL INSTITUTION                   	2075 S. AVON-BELDEN  RD.      	GRAFTON        	OH	440440000	1111111111	2007-08-11 08:12:57.733	2007-08-11 08:12:57.733	1
3285	OMA	LEB	LEBANON CORRECTIONAL INSTITUTE                    	P.O. BOX 56                   	LEBANON        	OH	450360000		2007-08-11 08:12:57.733	2007-08-11 08:12:57.733	1
3286	OMA	LEV	UNITED STATES PENITENTIARY LEAVENWORTH            	1300 METROPOLITAN             	LEAVENWORTH    	KS	660480000		2007-08-11 08:12:57.733	2007-08-11 08:12:57.733	1
3287	OMA	LEX	FEDERAL CORRECTIONAL INSTITUTION                  	3301 LEESTOWN PIKE            	LEXINGTON,     	KY	405110000		2007-08-11 08:12:57.733	2007-08-11 08:12:57.733	1
3288	OMA	LIM	LIMA CORRECTIONAL INSTITUTE                       	P.O. BOX 4571                 	LIMA           	OH	458020000		2007-08-11 08:12:57.733	2007-08-11 08:12:57.733	1
3289	OMA	LIN	LINCOLN CORRECTIONAL CENTER                       	P.O. BOX 549                  	LINCOLN        	IL	626560000		2007-08-11 08:12:57.733	2007-08-11 08:12:57.733	1
3290	OMA	LKC	LAKESIDE CORRECTIONAL CENTER                      	P. O. BOX 8907                	MICHIGAN CITY  	IN	463610000		2007-08-11 08:12:57.733	2007-08-11 08:12:57.733	1
3291	OMA	LLC	LAKELAND CORRECTIONAL FACILITY                    	141 FIRST STREET              	COLDWATER      	MI	490360000	1111111111	2007-08-11 08:12:57.733	2007-08-11 08:12:57.733	1
3292	OMA	LOG	LOGAN CORRECTIONAL CENTER                         	R.R. 3 - BOX 1000             	LINCOLN        	IL	626560000	1111111111	2007-08-11 08:12:57.733	2007-08-11 08:12:57.733	1
3293	OMA	LON	LONDON CORRECTIONAL INSTITUTE                     	P.O. BOX 69                   	LONDON         	OH	431400000		2007-08-11 08:12:57.733	2007-08-11 08:12:57.733	1
3294	OMA	MAD	MADISON CORRECTIONAL INSTITUTE                    	1851 STATE RT.56, P.O. BOX 740	LONDON         	OH	431400000		2007-08-11 08:12:57.733	2007-08-11 08:12:57.733	1
3295	OMA	MAQ	MARQUETTE BRANCH PRISON                           	P.O. BOX 779                  	MARQUETTE      	MI	498550000	1111111111	2007-08-11 08:12:57.733	2007-08-11 08:12:57.733	1
3296	OMA	MAR	MARION CORRECTIONAL FACILITY                      	P.O. BOX 57                   	MARION         	OH	433020000		2007-08-11 08:12:57.733	2007-08-11 08:12:57.733	1
3297	OMA	MCB	MACOMB REGIONAL FACILITY                          	34625 26 MILE ROAD            	NEW HAVEN      	MI	480480000	1111111111	2007-08-11 08:12:57.733	2007-08-11 08:12:57.733	1
3298	OMA	MCC	MOBERLY CORRECTIONAL CENTER                       	BOX 7                         	MOBERLY        	MO	652070000	1111111111	2007-08-11 08:12:57.733	2007-08-11 08:12:57.733	1
3299	OMA	MCF	MINNESOTA CORRECTIONAL FACILITY - STILLWATER      	5500 PICKETT AVE.             	STILLWATER     	MN	550820000		2007-08-11 08:12:57.733	2007-08-11 08:12:57.733	1
3300	OMA	MDC	METROPOLITAN DETENTION CENTER                     	P.O. BOX 2147                 	SAN JUAN       	PR	009220000		2007-08-11 08:12:57.733	2007-08-11 08:12:57.733	1
3301	OMA	MEC	MISSOURI EASTERN CORRECTIONAL CENTER              	18701 OLD HIGHWAY 66          	PACIFIC        	MO	630690000		2007-08-11 08:12:57.733	2007-08-11 08:12:57.733	1
3302	OMA	MEN	MENARD                                            	P.O. BOX 711                  	MENARD         	IL	622590000	1111111111	2007-08-11 08:12:57.733	2007-08-11 08:12:57.733	1
3303	OMA	MFF	MINNESOTA CORRECTIONAL FACILITY - FARIBAULT       	1101 LINDEN LANE              	FARIBAULT      	MN	550216400		2007-08-11 08:12:57.733	2007-08-11 08:12:57.733	1
3304	OMA	MLK	METROPOLITAN CORRECTIONAL FACILITY/MOOSE LAKE     	P.O. BOX 359                  	MOOSE LAKE     	MN	557670000	1111111111	2007-08-11 08:12:57.733	2007-08-11 08:12:57.733	1
3305	OMA	MLL	MINNESOTA CORRECTIONAL FACILITY-LINO LAKES        	7525 4TH AVENUE               	LINO LAKES     	MN	550141099		2007-08-11 08:12:57.733	2007-08-11 08:12:57.733	1
3306	OMA	MML	MINNESOTA CORRECTIONAL FACILITY - MOOSE LAKE      	1000 LAKE SHORE DR.           	MOOSE LAKE     	MN	557670000		2007-08-11 08:12:57.733	2007-08-11 08:12:57.733	1
3307	OMA	MNS	MANSFIELD CORRECTIONAL INSTITUTION                	P.O. BOX 788                  	MANSFIELD      	OH	449010000		2007-08-11 08:12:57.733	2007-08-11 08:12:57.733	1
3308	OMA	MON	MONTGOMERY EDUCATION AND PRE-RELEASE CENTER       	P.O. BOX 17399                	DAYTON         	OH	454182312		2007-08-11 08:12:57.733	2007-08-11 08:12:57.733	1
3309	OMA	MOP	MINNESOTA CORRECTIONAL FACILITY-OAK PARK HEIGHTS  	P.O. BOX 10                   	STILLWATER     	MN	550820020		2007-08-11 08:12:57.733	2007-08-11 08:12:57.733	1
3310	OMA	MOU	MOUND REGIONAL FACILITY                           	17601 MOUND                   	DETROIT        	MI	482340000	1111111111	2007-08-11 08:12:57.733	2007-08-11 08:12:57.733	1
3311	OMA	MPI	MOUNT PLEASANT CORRECTIONAL FACILITY              	HIGHWAY 218 SOUTH             	MT. PLEASANT   	IA	526410000		2007-08-11 08:12:57.733	2007-08-11 08:12:57.733	1
3312	OMA	MRD	MENARD PSYCH CENTER                               	P.O. BOX 56                   	MENARD         	IL	622590000	1111111111	2007-08-11 08:12:57.733	2007-08-11 08:12:57.733	1
3313	OMA	MRF	MOUND REGIONAL FACILITY                           	                              	               	  	000000000	0	2007-08-11 08:12:57.733	2007-08-11 08:12:57.733	1
3314	OMA	MSA	MINNESOTA CORRECTIONAL FACILITY - ST. CLOUD       	P.O. BOX B-REFORMATORY DRIVE  	ST. CLOUD      	MN	563020000		2007-08-11 08:12:57.733	2007-08-11 08:12:57.733	1
3315	OMA	MSP	STATE PRISON OF SOUTHERN MICHIGAN                 	4000 COOPER STREET            	JACKSON        	MI	482010000	1111111111	2007-08-11 08:12:57.733	2007-08-11 08:12:57.733	1
3316	OMA	MTA	MINNESOTA CORRECTIONAL FACILITY - SHAKOPEE        	1010 WEST SIXTH AVENUE        	SHAKOPEE       	MN	553790000	1111111111	2007-08-11 08:12:57.733	2007-08-11 08:12:57.733	1
3317	OMA	MTP	MT. PLEASANT CORRECTIONAL FACILITY                	HIGHWAY 218 SOUTH             	MT. PLEASANT   	IA	526410000		2007-08-11 08:12:57.733	2007-08-11 08:12:57.733	1
3318	OMA	MTU	MICHIGAN TRAINING UNIT                            	P.O. BOX 492                  	IONIA          	MI	488460000	1111111111	2007-08-11 08:12:57.733	2007-08-11 08:12:57.733	1
3319	OMA	MUS	MUSKEGON CORRECTIONAL FACILITY                    	2400 SHERIDAN                 	MUSKEGON       	MI	494420000	1111111111	2007-08-11 08:12:57.733	2007-08-11 08:12:57.733	1
3320	OMA	NCC	NORTH CENTRAL CORRECTIONAL FACILITY               	BOX 313                       	ROCKWELL CITY  	IA	505790000	1111111111	2007-08-11 08:12:57.733	2007-08-11 08:12:57.733	1
3321	OMA	NCF	NORTON CORRECTIONAL FACILITY                      	RT.# 1 BOX 60                 	KANSAS         	KS	676540000	1111111111	2007-08-11 08:12:57.733	2007-08-11 08:12:57.733	1
3322	OMA	NCI	NORTH CENTRAL CORRECTIONAL INSTITUTION            	P.O. BOX 1812                 	MARION         	OH	433011812	1111111111	2007-08-11 08:12:57.733	2007-08-11 08:12:57.733	1
3323	OMA	NCW	NEBRASKA CENTER FOR WOMEN                         	ROUTE 1, BOX 33               	YORK           	NE	684670000	1111111111	2007-08-11 08:12:57.733	2007-08-11 08:12:57.733	1
3324	OMA	NDC	NEBRASKA DEPARTMENT OF CORRECTIONAL SERVICE       	P.O. BOX 94661                	LINCOLN        	NE	685094661		2007-08-11 08:12:57.733	2007-08-11 08:12:57.733	1
3325	OMA	NDE	NEBRASKA DIAGNOSTIC & EVALUATION CENTER           	P.O. BOX 22800                	LINCOLN        	NE	685422800	1111111111	2007-08-11 08:12:57.733	2007-08-11 08:12:57.733	1
3326	OMA	NMC	NORTHEAST MISSOURI CORRECTIONAL CENTER            	RT. 2 BOX 26                  	BOWLING GREEN  	MO	063340000	1111111111	2007-08-11 08:12:57.733	2007-08-11 08:12:57.733	1
3327	OMA	NOC	NOBLE CORRECTIONAL INSTITUTION                    	P.O. BOX 278                  	CALDWELL       	OH	437240000		2007-08-11 08:12:57.733	2007-08-11 08:12:57.733	1
3328	OMA	NSP	NEBRASKA STATE PENITENTIARY                       	BOX 2500                      	LINCOLN        	NE	685020500		2007-08-11 08:12:57.733	2007-08-11 08:12:57.733	1
3329	OMA	NWL	NEW LISBON CORRECTIONAL INSTITUTION	2000 PROGRESS ROAD	NEW LISBON	WI	539500000	 	2007-08-11 08:12:57.733	2012-01-18 11:44:54.000	1
3330	OMA	OAK	OAKWOOD FORENSIC CENTER DEPT OF MENTAL HEALTH     	3200 NORTHWEST STREE          	LIMA           	OH	458010000		2007-08-11 08:12:57.733	2007-08-11 08:12:57.733	1
3331	OMA	OC 	OMAHA CORRECTIONAL CENTER                         	P.O. BOX 11099                	OMAHA          	NE	681110099	1111111111	2007-08-11 08:12:57.733	2007-08-11 08:12:57.733	1
3332	OMA	OCC	OMAHA CORRECTIONAL CENTER                         	2323 E. AVE. J                	OMAHA          	NE	681100000		2007-08-11 08:12:57.733	2007-08-11 08:12:57.733	1
3333	OMA	OCI	OAKHILL CORRECTIONAL INSTITUTION                  	BOX 238                       	OREGON         	WI	535750000	1111111111	2007-08-11 08:12:57.733	2007-08-11 08:12:57.733	1
3334	OMA	OCJ	OUTAGAMIE COUNTY JAIL                             	410 S. WALNUT ST. 4TH FL.     	APPLETON       	WI	549110000		2007-08-11 08:12:57.733	2007-08-11 08:12:57.733	1
3335	OMA	OHS	OHIO STATE REFORMATORY                            	P.O. BOX 788                  	MANSFIELD      	OH	449010000		2007-08-11 08:12:57.733	2007-08-11 08:12:57.733	1
3336	OMA	OHW	OHIO STATE REFORMATORY FOR WOMEN                  	1479 COLLINS AVENUE           	MARYSVILLE     	OH	430400000		2007-08-11 08:12:57.733	2007-08-11 08:12:57.733	1
3337	OMA	OKS	OAKS MAXIMUM FACILITY                             	P.O. BOX 38                   	EASTLAKE       	MI	496260038	1111111111	2007-08-11 08:12:57.733	2007-08-11 08:12:57.733	1
3338	OMA	OMC	OMAHA CORRECTIONS CENTER                          	P.O. BOX 11099                	OMAHA          	NE	681110000		2007-08-11 08:12:57.733	2007-08-11 08:12:57.733	1
3339	OMA	OPH	MINNESOTA CORRECTIONAL FACILITY/OAK PARK HEIGHTS	5329 OSGOOD AVE., BOX 10	STILLWATER	MN	550820000	1111111111	2007-08-11 08:12:57.733	2015-11-13 09:44:28.000	1
3340	OMA	ORE	OREGON CORRECTIONAL INSTITUTION                   	BOX 28                        	OREGON         	WI	535750000		2007-08-11 08:12:57.733	2007-08-11 08:12:57.733	1
3341	OMA	ORI	ORIENT CORRECTIONAL INSTITUTION                   	P.O. BOX 511                  	COLUMBUS       	OH	432160000		2007-08-11 08:12:57.733	2007-08-11 08:12:57.733	1
3342	OMA	OSH	OSHKOSH CORRECTIONAL INSTITUTION                  	BOX 3530                      	OSHKOSH        	WI	549260000	1111111111	2007-08-11 08:12:57.733	2007-08-11 08:12:57.733	1
3343	OMA	OSK	OSKOSH CORRECTIONAL FACILITY                      	BOX 3310                      	OSKOSH         	WI	549030000	1111111111	2007-08-11 08:12:57.733	2007-08-11 08:12:57.733	1
3344	OMA	PCC	PONTIAC CORRECTIONAL CENTER - MICHIGAN            	156 W. HURON 1ST.             	PONTIAC        	MI	480530000	1111111111	2007-08-11 08:12:57.733	2007-08-11 08:12:57.733	1
3345	OMA	PCF	PRAIRIE CORRECTIONAL FACILITY                     	445 S. MUNSTERMAN ST.         	APPLETON       	MN	562080000		2007-08-11 08:12:57.733	2007-08-11 08:12:57.733	1
3346	OMA	PEN	PENDLETON STATE REFORMATORY                       	P.O. BOX 28                   	PENDLETON      	IN	460640000	1111111111	2007-08-11 08:12:57.733	2007-08-11 08:12:57.733	1
3347	OMA	PIC	PICKAWAY  CORRECTIONAL INSTITUTE                  	P.O. BOX 209                  	ORIENT         	OH	431460000		2007-08-11 08:12:57.733	2007-08-11 08:12:57.733	1
3348	OMA	PIN	PINCKENYVILLE CORRECTIONAL CENTER                 	5835 STATE, ROUTE 154         	PICKNEYVILLE   	IL	622740000		2007-08-11 08:12:57.733	2007-08-11 08:12:57.733	1
3349	OMA	PON	PONTIAC CORRECTIONAL CENTER                       	P.O. BOX 99                   	PONTIAC        	IL	617640000	1111111111	2007-08-11 08:12:57.733	2007-08-11 08:12:57.733	1
3350	OMA	PUT	PUTNAMVILLE CORRECTIONAL FACILITY                 	1946 US 40 W.                 	GREENCASTLE    	IN	461350000	1111111111	2007-08-11 08:12:57.733	2007-08-11 08:12:57.733	1
3351	OMA	RCF	RIVERSIDE CORRECTIONAL FACILITY                   	777 W. RIVERSIDE DRIVE        	IONIA          	MI	488460000	1111111111	2007-08-11 08:12:57.733	2007-08-11 08:12:57.733	1
3352	OMA	RCI	RACINE CORRECTIONAL INSTITUTION                   	P.O. BOX 900                  	RACINE         	WI	531770000	1111111111	2007-08-11 08:12:57.733	2007-08-11 08:12:57.733	1
3353	OMA	RDC	RECEPTION DIAGNOSTIC CENTER                       	P.O. BOX 317                  	PLAINFIELD     	IN	461680000		2007-08-11 08:12:57.733	2007-08-11 08:12:57.733	1
3354	OMA	RED	REDGRANITE CORRECTIONAL INSTITUTION               	1006 COUNTY ROAD EE           	REDGRANITE     	WI	549700000		2007-08-11 08:12:57.733	2007-08-11 08:12:57.733	1
3355	OMA	ROB	ROBINSON CORRECTIONAL CENTER                      	P.O. BOX 1000                 	ROBINSON       	IL	624540000		2007-08-11 08:12:57.733	2007-08-11 08:12:57.733	1
3356	OMA	ROS	ROSS CORRECTIONAL INSTITUTE                       	16149 STATE RT. 104           	CHILLICOTHE    	OH	456010000		2007-08-11 08:12:57.733	2007-08-11 08:12:57.733	1
3357	OMA	RTC	ROCKVILLE TRAINING CENTER                         	RR #3 BOX 281                 	ROCKVILLE      	IN	478720000	1111111111	2007-08-11 08:12:57.733	2007-08-11 08:12:57.733	1
3358	OMA	RYN	RYAN REGIONAL CORRECTIONAL FACILITY               	17600 RYAN ROAD               	DETROIT        	MI	482120000	1111111111	2007-08-11 08:12:57.733	2007-08-11 08:12:57.733	1
3359	OMA	SAG	SAGINAW REGIONAL FACILITY                         	P.O. BOX 659                  	FREELAND       	MI	486230000	1111111111	2007-08-11 08:12:57.733	2007-08-11 08:12:57.733	1
3360	OMA	SAN	FED. CORR. INSTITUTION - MR. STEVE DALESSIO       	P.O. BOX 1000                 	SANDSTONE      	MN	550720000		2007-08-11 08:12:57.733	2007-08-11 08:12:57.733	1
3361	OMA	SCI	STATE CORRECRTIONAL INSTITUTION AT CAMP HILL      	P.O. BOX 8837                 	CAMP HILL      	PA	170018837		2007-08-11 08:12:57.733	2007-08-11 08:12:57.733	1
3362	OMA	SCT	SCOTT CORRECTIONAL FACILITY                       	47500 FIVE MILE               	PLYMOUTH       	MI	481700000	1111111111	2007-08-11 08:12:57.733	2007-08-11 08:12:57.733	1
3363	OMA	SDS	SOUTH DAKOTA STATE PENITENTIARY                   	P.O. BOX 5911                 	SIOUX FALLS    	SD	571175911	1111110111	2007-08-11 08:12:57.733	2007-08-11 08:12:57.733	1
3364	OMA	SEA	SOUTHEASTERN CORRECTIONAL INSTITUTION             	5900 B.I.S. RD. P.O. BX. 200  	LANCASTER      	OH	431300000	1111111111	2007-08-11 08:12:57.733	2007-08-11 08:12:57.733	1
3365	OMA	SEC	SECURITY MEDICAL FACILITY                         	BOX A                         	OAKDALE        	IA	523190000		2007-08-11 08:12:57.733	2007-08-11 08:12:57.733	1
3366	OMA	SHA	SHAWNEE CORRECTIONAL CENTER                       	6665 S.R. 146 EAST            	VIENNA         	IL	629950000	1111111111	2007-08-11 08:12:57.733	2007-08-11 08:12:57.733	1
3367	OMA	SHE	SHERIDAN CORRECTOINAL CENTER                      	P.O. BOX 112                  	SHERIDAN       	IL	605510000	1111111111	2007-08-11 08:12:57.733	2007-08-11 08:12:57.733	1
3368	OMA	SHP	METROPOLITAN CORRECTIONAL FACILITY/SHAKOPEE       	BOX 7 1010 W. 6TH AVENUE      	SHAKOPEE       	MN	553790000	1111111111	2007-08-11 08:12:57.733	2007-08-11 08:12:57.733	1
3369	OMA	SOL	SOUTHERN OHIO CORRECTIONAL FAC. "LUCASVILLE"      	P.O. BOX 45699                	LUCASVILLE     	OH	456990000		2007-08-11 08:12:57.733	2007-08-11 08:12:57.733	1
3370	OMA	SOU	SOUTHEASTERN CORRECTIONAL FACILITY                	5900 B.I.S. ROAD              	LANCASTER      	OH	431300000		2007-08-11 08:12:57.733	2007-08-11 08:12:57.733	1
3371	OMA	SPR	ST. PETER REGIONAL TREATMENT CENTER               	2100 SHEPPARD DR.             	ST. PATER      	MN	560820000	1111111111	2007-08-11 08:12:57.733	2007-08-11 08:12:57.733	1
3372	OMA	SRW	STATE REFORMATORY FOR WOMEN                       	RT 1 BOX 33                   	YORK           	NE	684670000		2007-08-11 08:12:57.733	2007-08-11 08:12:57.733	1
3373	OMA	SSN	SPECIAL SERVICES STATE OF NEBRASKA                	P.O. BOX 94661                	LINCOLN        	NE	685094661		2007-08-11 08:12:57.733	2007-08-11 08:12:57.733	1
3374	OMA	STA	STATEVILLE CORRECTIONAL CENTER                    	P.O. BOX 112/ROUTE 53 DIVISION	JOLIET         	IL	604340000		2007-08-11 08:12:57.733	2007-08-11 08:12:57.733	1
3375	OMA	STC	METROPOLITAN CORRECTIONAL FACILITY/ST. CLOUD      	BOX B                         	ST. CLOUD      	MN	563020000	1111111111	2007-08-11 08:12:57.733	2007-08-11 08:12:57.733	1
3376	OMA	STL	STANLEY CORRECTIONAL INSTITUTION                  	100 CORRECTIONS DRIVE         	STANLEY        	WI	547680000		2007-08-11 08:12:57.733	2007-08-11 08:12:57.733	1
3377	OMA	SWC	SOUTHWESTERN CORRECTIONAL CENTER                  	950 KINGS HIGHWAYS            	EAST ST LOUIS  	IL	622030000		2007-08-11 08:12:57.733	2007-08-11 08:12:57.733	1
3378	OMA	TAC	TACHEEDAH CORRECTIONAL INSTITUTION                	971 COUNTY HIGHWAY K          	TAYCHEEDAH     	WI	535750000		2007-08-11 08:12:57.733	2007-08-11 08:12:57.733	1
3379	OMA	TAY	TAYCHEEDAH CORRECTIONAL INSTITUTION               	7139 COUNTY HIGHWAY K         	FOND DU LAC    	WI	549359099		2007-08-11 08:12:57.733	2007-08-11 08:12:57.733	1
3380	OMA	TCC	TAYLORVILLE CORRECTIONAL CENTER                   	P.O. BOX 1000                 	TAYLORVILLE    	IL	625680000	1111111111	2007-08-11 08:12:57.733	2007-08-11 08:12:57.733	1
3381	OMA	TCF	TOPEKA CORRECTIONAL FACILITY                      	815 S.E. RICE ROAD            	TOPEKA         	KS	666070000	1111111111	2007-08-11 08:12:57.733	2007-08-11 08:12:57.733	1
3382	OMA	TCI	TRUMBULL CORRECTIONAL INSTITUTION                 	5701 BURNETT ROAD             	LEAVITTSBURG   	OH	444300000	1111111111	2007-08-11 08:12:57.733	2007-08-11 08:12:57.733	1
3383	OMA	THU	THUMB CORRECTIONAL FACILITY                       	3225 JOHN CONLEY              	LAPEER         	MI	484460000	1111111111	2007-08-11 08:12:57.733	2007-08-11 08:12:57.733	1
3384	OMA	TOP	RECEPTION & DIAGNOSTIC CENTER                     	BOX 1558                      	TOPEKA         	KS	666010000	1111111111	2007-08-11 08:12:57.733	2007-08-11 08:12:57.733	1
3385	OMA	TRU	TRUMBAL CORRECTIONAL INSTITUTION                  	5701 BURNETT ROAD             	LEAVITTBURG    	OH	444300000	1111111111	2007-08-11 08:12:57.733	2007-08-11 08:12:57.733	1
3386	OMA	USP	UNITED STATES PENITENTARY                         	LEAVENWORTH                   	KANSAS         	KS	660480000		2007-08-11 08:12:57.733	2007-08-11 08:12:57.733	1
3387	OMA	VAN	VANDALIA CORRECTIONAL CENTER                      	P.O. BOX 500                  	VANDALIA       	IL	624710000		2007-08-11 08:12:57.733	2007-08-11 08:12:57.733	1
3388	OMA	VIE	VIENNA CORRECTIONAL CENTER                        	P.O. BOX 200                  	VIENNA         	IL	629950000		2007-08-11 08:12:57.733	2007-08-11 08:12:57.733	1
3389	OMA	WAB	WABASH VALLEY CORRECTIONAL INSTITUTION            	P.O. BOX 500                  	CARLISLE       	IN	478580000		2007-08-11 08:12:57.733	2007-08-11 08:12:57.733	1
3390	OMA	WAR	WARREN CORRECTIONAL INSTITUTION                   	P.O. BOX 120                  	LEBANON        	OH	450360000	1111111111	2007-08-11 08:12:57.733	2007-08-11 08:12:57.733	1
3391	OMA	WAU	WAUPAN CORRECTIONAL INSTITUTION                   	BOX 351                       	WAUPAN         	WI	539630000	1111111111	2007-08-11 08:12:57.733	2007-08-11 08:12:57.733	1
3392	OMA	WCC	WISCONSIN CORRECTIONAL CENTER SYSTEM              	BOX 25                        	OREGON         	WI	535750000		2007-08-11 08:12:57.733	2007-08-11 08:12:57.733	1
3393	OMA	WCJ	WALWORTH COUNTY JAIL                              	WEST 4054 HIGHWAY NN          	ELKHORN        	WI	531210000		2007-08-11 08:12:57.733	2007-08-11 08:12:57.733	1
3394	OMA	WER	WOMENS' EASTERN RECEPTION & DIAGNOSTIC CENTER     	1101 EAST HIGHWAY 54          	VANDLIA        	MO	633820000	1111111111	2007-08-11 08:12:57.733	2007-08-11 08:12:57.733	1
3395	OMA	WES	WESTVILLE CORRECTIONAL CENTER                     	P.O. BOX 473                  	WESTVILLE      	IN	463910000	1111111111	2007-08-11 08:12:57.733	2007-08-11 08:12:57.733	1
3396	OMA	WHC	WARDEN HILL CORRECTIONAL CENTER                   	P.O. BOX 1327                 	GALESBURG      	IL	614010000	1111111111	2007-08-11 08:12:57.733	2007-08-11 08:12:57.733	1
3397	OMA	WIC	WESTERN ILLINOIS CORRECTIONAL CENTER              	ROUTE 99  P.O. BOX 1000       	MOUNT STERLING 	IL	623530000		2007-08-11 08:12:57.733	2007-08-11 08:12:57.733	1
3398	OMA	WIN	WINFIELD CORRECTIONAL FACILITY                    	P.O. BOX 653                  	WINFIELD       	KS	671560000	1111111111	2007-08-11 08:12:57.733	2007-08-11 08:12:57.733	1
3399	OMA	WIS	WISCONSIN PRISON SYS., DIV. OF INTENSIVE SANCTIONS	906 ANN STREET                	MADISON        	WI	537130000		2007-08-11 08:12:57.733	2007-08-11 08:12:57.733	1
3400	OMA	WM1	WESTERN MISSOURI CORECTIONAL CENTER               	609 E. PENCE                  	CAMERON        	MO	644290000		2007-08-11 08:12:57.733	2007-08-11 08:12:57.733	1
3401	OMA	WMC	WESTERN MISSOURI CORRECTIONAL CENTER              	ROUTE 5 BOX 1E                	CAMERON        	MO	644290376	1111111111	2007-08-11 08:12:57.733	2007-08-11 08:12:57.733	1
3402	OMA	WRC	WISCONSIN RESOURCE CENTER                         	BOX 16                        	WINNEBAGO      	WI	549850000		2007-08-11 08:12:57.733	2007-08-11 08:12:57.733	1
3403	CHL	AIK	AIKEN CORRECTIONAL CENTER                         	P. O. BOX 2249                	AIKEN          	SC	298010000	1111111111	2008-10-29 00:00:00.000	2008-10-29 00:00:00.000	0
3404	CHL	ALA	KILBY CORRECTIONS FACILITY                        	P. O. BOX 125                 	MT. MEIGS      	AL	360570000	1111111111	2008-10-29 00:00:00.000	2008-10-29 00:00:00.000	0
3405	CHL	ALB	ALBANY TRANSITIONAL CENTER                        	304 N. WASHINGTON             	ALBANY         	GA	317010000	1111111111	2008-10-29 00:00:00.000	2008-10-29 00:00:00.000	0
3406	CHL	ALD	ALDERSON FEDERAL CORRECTIONAL INSTITUTE           	P.O. BOX B                    	ALDERSON       	WV	249100000	89243236	2008-10-29 00:00:00.000	2008-10-29 00:00:00.000	0
3407	CHL	ALL	ALLENDALE CORRECTIONAL INSTITUTION                	HIGHWAY 47                    	FAIRFAX        	SC	298270000	1111111111	2008-10-29 00:00:00.000	2008-10-29 00:00:00.000	0
3408	CHL	ALW	LFCI ALLENWOOD                                    	P. O. BOX 1500                	WHITE DEER     	PA	178870000		2008-10-29 00:00:00.000	2008-10-29 00:00:00.000	0
3409	CHL	AND	ANDERSON COUNTY DETENTION CENTER                  	1009 COUNTY HOME RD.          	ANDERSON       	SC	296250000	1111111111	2008-10-29 00:00:00.000	2008-10-29 00:00:00.000	0
3410	CHL	ANS	ANSON CORRECTIONAL CENTER                         	P.O. BOX 160-C, RT. 1         	POLKTON        	NC	286350000	1111111111	2008-10-29 00:00:00.000	2008-10-29 00:00:00.000	0
3411	CHL	ARR	ARRENDALE C.I.,                                   	P.O.BOX 709                   	ALTO           	GA	305100000	1111111111	2008-10-29 00:00:00.000	2008-10-29 00:00:00.000	0
3412	CHL	AUG	AUGUSTA                                           	P.O. BOX 1000                 	CRAIGVILLE     	VA	244300000	1111111111	2008-10-29 00:00:00.000	2008-10-29 00:00:00.000	0
3413	CHL	AUT	AUTRY CORRECTIONAL INSTITUTION                    	POST OFFICE BOX 648           	PELHAM         	GA	317790000	1111111111	2008-10-29 00:00:00.000	2008-10-29 00:00:00.000	0
3414	CHL	BAS	BASKERVILLE CORRECTIONAL UNIT                     	RT. 1, BOX 65                 	BASKERVILLE    	VA	239150000	1111111111	2008-10-29 00:00:00.000	2008-10-29 00:00:00.000	0
3415	CHL	BAY	BAYAMON REGIONAL JAIL                             	1072                          	BAYAMON        	PR	006190000	1111111111	2008-10-29 00:00:00.000	2008-10-29 00:00:00.000	0
3416	CHL	BBW	BLACK BLUFF WARDEN                                	329 BLACK BLUFF ROAD, S.W.    	ROME           	GA	301610000	1111111111	2008-10-29 00:00:00.000	2008-10-29 00:00:00.000	0
3417	CHL	BCI	BURESS C.I.                                       	1000 INDIAN SPRINGS DRIVE     	FORSYTH        	GA	310290000	1111111111	2008-10-29 00:00:00.000	2008-10-29 00:00:00.000	0
3418	CHL	BCN	BLANCH YOUTH INSTITUTION                          	2061 HIGH ROCK SCHOOL ROAD    	BLANCH         	NC	272120000	1111111111	2008-10-29 00:00:00.000	2008-10-29 00:00:00.000	0
3419	CHL	BDR	BROAD RIVER CORRECTIONAL INSTITUTION              	4460 BROAD RIVER ROAD         	COLUMBIA       	SC	292100000	1111111111	2008-10-29 00:00:00.000	2008-10-29 00:00:00.000	0
3420	CHL	BLA	BLAND CORRECTIONAL CENTER                         	RT. 2, BOX 111                	BLAND          	VA	243159616	1111111111	2008-10-29 00:00:00.000	2008-10-29 00:00:00.000	0
3421	CHL	BOS	BOSTICK CORRECTIONAL INSTITUTION                  	P.O. 1700                     	HARDWICK       	GA	310340000	1111111111	2008-10-29 00:00:00.000	2008-10-29 00:00:00.000	0
3422	CHL	BOT	BOTECOURT CORRECTIONAL FACILITY                   	TROUTVILLE                    	TROUTVILLE     	VA	241750000		2008-10-29 00:00:00.000	2008-10-29 00:00:00.000	0
3423	CHL	BRE	BROAD RIVER RECEPTION AND EVALUTION CENTER        	4464 BROAD RIVER ROAD         	COLUMBIA       	SC	292100000	1111111111	2008-10-29 00:00:00.000	2008-10-29 00:00:00.000	0
3424	CHL	BRO	BROWN CREEK CORRECTION CENTER                     	P.O. BOX 310                  	POLKTON        	NC	281350000	1111111111	2008-10-29 00:00:00.000	2008-10-29 00:00:00.000	0
3425	CHL	BRS	AL BURRIS CORRECTIONAL INSTITUTION                	P.O. BOX 5849                 	FORSYTH        	GA	310290000	1111111111	2008-10-29 00:00:00.000	2008-10-29 00:00:00.000	0
3426	CHL	BTN	FCI BUTNER                                        	P.O. BOX 1000                 	BUTNER         	NC	275091000	1111111111	2008-10-29 00:00:00.000	2008-10-29 00:00:00.000	0
3427	CHL	BUC	BUCKINGHAM CORRECTIONAL CENTER                    	P.O. BOX 430                  	DILLWYN        	VA	239360000		2008-10-29 00:00:00.000	2008-10-29 00:00:00.000	0
3428	CHL	BUL	BULLOCK COUNTY CORRECTIONAL INSTITUTION           	17301 HWY 301 NORTH, BLDG #209	STATESBORO     	GA	304580000	1111111111	2008-10-29 00:00:00.000	2008-10-29 00:00:00.000	0
3429	CHL	BUR	BURKEVILLE                                        	1111111111                    	1111111111     	VA	111111111	1111111111	2008-10-29 00:00:00.000	2008-10-29 00:00:00.000	0
3430	CHL	BUT	LSCI BUTNER                                       	POST OFFICE BOX 999           	BUTNER         	NC	275090000	1111111111	2008-10-29 00:00:00.000	2008-10-29 00:00:00.000	0
3431	CHL	BWN	BALDWIN CORRECTIONAL INSTITUTE                    	P.O. BOX 218                  	HARDWICK       	GA	304630000	1111111111	2008-10-29 00:00:00.000	2008-10-29 00:00:00.000	0
3432	CHL	CAB	CABARRUS CORRECTIONAL CENTER                      	P.O. BOX 158                  	MT. PLEASANT   	NC	281240000	1111111111	2008-10-29 00:00:00.000	2008-10-29 00:00:00.000	0
3433	CHL	CAL	CALEDONIA CORRECTIONAL CORRECTIONS                	P. O. BOX 137                 	TILLARY        	NC	278870000	1111111111	2008-10-29 00:00:00.000	2008-10-29 00:00:00.000	0
3434	CHL	CAM	C/O SCI CAMP HILL                                 	P O  BOX 8837                 	CAMP HILL      	PA	170118370	1111111111	2008-10-29 00:00:00.000	2008-10-29 00:00:00.000	0
3435	CHL	CAR	CAROLINE CORRECTIONAL UNIT NUMBER TWO             	ROUTE 1 BOX 79                	HANOVER        	VA	230691111	1111111111	2008-10-29 00:00:00.000	2008-10-29 00:00:00.000	0
3436	CHL	CAS	CASWELL CORR CTR                                  	BOX 217                       	YANCEYVILLE    	NC	273790000	1111111111	2008-10-29 00:00:00.000	2008-10-29 00:00:00.000	0
3437	CHL	CAT	CARTERET CORRECTIONAL CENTER                      	P. O. BOX 220                 	NEWPORT        	NC	285700000	1111111111	2008-10-29 00:00:00.000	2008-10-29 00:00:00.000	0
3438	CHL	CAW	CATAWBA CORRECTIONAL CENTER                       	1347 PRISON CAMP RD.          	NEWTON         	NC	286580000	1111111111	2008-10-29 00:00:00.000	2008-10-29 00:00:00.000	0
3439	CHL	CCC	COLUMBUS CORRECTIONAL CENTER                      	P.O. BOX 8                    	BRUNSWICK      	NC	284240000	1111111111	2008-10-29 00:00:00.000	2008-10-29 00:00:00.000	0
3440	CHL	CCI	CENTRAL CORRECTIONAL INSTITUTION                  	P.O.BOX11158,CAPITOL STA-A    	COLUMBIA       	SC	292110000	1111111111	2008-10-29 00:00:00.000	2008-10-29 00:00:00.000	0
3441	CHL	CEP	CENTRAL PRISON                                    	1300 WESTERN BLVD.            	RALEIGH        	NC	276030000	10010001	2008-10-29 00:00:00.000	2008-10-29 00:00:00.000	0
3442	CHL	CHA	CHARLOTTE CORRECTIONAL CENTER                     	POST OFFICE BOX 668327        	CHARLOTTE      	NC	282660000		2008-10-29 00:00:00.000	2008-10-29 00:00:00.000	0
3443	CHL	CHN	CALHOUN CORRECTIONAL INSTITUTION                  	P.O. BOX 249                  	MORGAN         	GA	317660000	1111111111	2008-10-29 00:00:00.000	2008-10-29 00:00:00.000	0
3444	CHL	CIR	CARROLL C.I.                                      	96 HORSLEY MILL RD.           	CARROLLTON     	GA	301170000	1111111111	2008-10-29 00:00:00.000	2008-10-29 00:00:00.000	0
3445	CHL	CLA	CLAYTON COUNTY CORRECTIONAL INSTITUTION           	11420 S.L.R. BLVD.            	LOVEJOY        	GA	302500000	1111111111	2008-10-29 00:00:00.000	2008-10-29 00:00:00.000	0
3446	CHL	COA	COASTAL CORRECTIONAL INATITUTION                  	P. O. BOX 7150                	GARDEN CITY    	GA	310480000	1111111111	2008-10-29 00:00:00.000	2008-10-29 00:00:00.000	0
3447	CHL	COB	COBB COUNTY CORRECTIONAL INSTITUTION              	1877 COUNTY FARM ROAD         	MARIETTA       	GA	300600000		2008-10-29 00:00:00.000	2008-10-29 00:00:00.000	0
3448	CHL	CRA	CRAGGY CORRECTIONAL CENTER                        	P. O. BOX 8909                	ASHEVILLE      	NC	288140000	1111111111	2008-10-29 00:00:00.000	2008-10-29 00:00:00.000	0
3449	CHL	CRE	STATE CORRECTIONAL INSTITUTION                    	DRAWER A, OLD ROUTE 22        	CRESSON        	PA	166300000	1111111111	2008-10-29 00:00:00.000	2008-10-29 00:00:00.000	0
3450	CHL	CRO	CROSS ANCHOR CORR. INST                           	RT-1,BOX 322-C                	ENOREE         	SC	293350000	1111111111	2008-10-29 00:00:00.000	2008-10-29 00:00:00.000	0
3451	CHL	CTF	DC DOC, CORRECTIONAL TREATMENT FACILITY           	1900 "E" ST., S.E.            	WASHINGTON     	DC	200190000		2008-10-29 00:00:00.000	2008-10-29 00:00:00.000	0
3452	CHL	CUR	CURRITUK CORRECTIONAL CENTER                      	BOX 14                        	MAPLE          	NC	284240000	1111111111	2008-10-29 00:00:00.000	2008-10-29 00:00:00.000	0
3453	CHL	DAL	C/O WARDEN                                        	SCI DALLAS                    	DALLAS         	PA	186120000	1111111111	2008-10-29 00:00:00.000	2008-10-29 00:00:00.000	0
3454	CHL	DAV	DAVIE CORRECTIONAL CENTER                         	RT #1 BOX 403                 	MOCKSVILLE     	NC	270280000	1111111111	2008-10-29 00:00:00.000	2008-10-29 00:00:00.000	0
3455	CHL	DCH	DUTCHMAN CORRECTIONAL INSTITUTION                 	200 PRISON ROAD               	ENOREE         	SC	293350000		2008-10-29 00:00:00.000	2008-10-29 00:00:00.000	0
3456	CHL	DCJ	DC DEPARTMENT OF CORRECTIONS                      	1901 "D" ST., S.E.            	WASHINGTON     	DC	200030000	1111111111	2008-10-29 00:00:00.000	2008-10-29 00:00:00.000	0
3457	CHL	DCT	DARE COUNTY DETENTION FACILITY                    	1044 DRIFTWOOD DRIVE          	MANTEO         	NC	279540000	1111111111	2008-10-29 00:00:00.000	2008-10-29 00:00:00.000	0
3458	CHL	DEE	DEERFIELD CORRECTIONAL CENTER                     	ROUTE 1  BOX 22               	CAPRON         	VA	238290000	1111111111	2008-10-29 00:00:00.000	2008-10-29 00:00:00.000	0
3459	CHL	DIL	DILLWYN CORRECTIONAL FACILITY                     	P.O. BOX 670                  	DILLWYN        	VA	239360000	1111111111	2008-10-29 00:00:00.000	2008-10-29 00:00:00.000	0
3460	CHL	DKB	DEKALB COUNTY JAIL                                	3630 CAMP CIRCLE              	DECATUR        	GA	300320000	1111111111	2008-10-29 00:00:00.000	2008-10-29 00:00:00.000	0
3461	CHL	DLY	DOOLY CORRECTIONAL INSTITUTION                    	P.O. BOX 750                  	UNADILLA       	GA	310910000	1111111111	2008-10-29 00:00:00.000	2008-10-29 00:00:00.000	0
3462	CHL	DMC	DEEP MEADOW CORRECTIONAL CENTER                   	111                           	111            	VA	001110000	1111111111	2008-10-29 00:00:00.000	2008-10-29 00:00:00.000	0
3463	CHL	DOD	DODGE CORRECTIONAL INSTITUTION                    	P.O. BOX 276                  	CHESTER        	GA	310120000	1111111111	2008-10-29 00:00:00.000	2008-10-29 00:00:00.000	0
3464	CHL	DPN	DUPLIN CORRECTIONAL CENTER                        	P O BOX 737                   	KENANSVILLE    	NC	284390000	1111111111	2008-10-29 00:00:00.000	2008-10-29 00:00:00.000	0
3465	CHL	DPR	DRAPER CORRECTIONAL FACILITY                      	POST OFFICE BOX 1107          	ELMORE         	AL	360250000		2008-10-29 00:00:00.000	2008-10-29 00:00:00.000	0
3466	CHL	DRA	DRAPER CORRECTIONAL FACILITY                      	P.O. BOX 1107                 	ELMORE         	AL	360250000	1111111111	2008-10-29 00:00:00.000	2008-10-29 00:00:00.000	0
3467	CHL	DUR	DURHAM CORRECTIONAL  CENTER                       	BOX 2567 W. DURHAM BRANCH     	DURHAM         	NC	277050000	1111111111	2008-10-29 00:00:00.000	2008-10-29 00:00:00.000	0
3468	CHL	EAS	EASTERN CORR. INST..                              	P O  BOX 215                  	MAURY          	NC	285540000	1111111111	2008-10-29 00:00:00.000	2008-10-29 00:00:00.000	0
3469	CHL	EVA	EVANS CORRECTIONAL INSTITUTION                    	P. O. BOX 2951202             	BENNETTSVILLE  	SC	295125202	1111111111	2008-10-29 00:00:00.000	2008-10-29 00:00:00.000	0
3470	CHL	FCC	FOUNTAIN CORRECTIONAL CENTER FOR WOMEN            	827 FOUNTAIN ROAD             	ROCKY MOUNT    	NC	278010000	1111111111	2008-10-29 00:00:00.000	2008-10-29 00:00:00.000	0
3471	CHL	FLO	FLOYD COUNTY CORRECTIONAL INSTITUTION             	329 BLACK BUFF RD., S.W.      	ROME           	GA	301610000	1111111111	2008-10-29 00:00:00.000	2008-10-29 00:00:00.000	0
3472	CHL	FOO	FOOTHILLS CORRECTIONAL INSTITUTION                	5150 WESTERN AVENUE           	MORGANTON      	NC	286550000		2008-10-29 00:00:00.000	2008-10-29 00:00:00.000	0
3473	CHL	FOR	FORSYTH COUNTY DETENTION CENTER                   	201 NORTH CHURCH ST.          	WINSTON-SALEM  	NC	271010000	1111111111	2008-10-29 00:00:00.000	2008-10-29 00:00:00.000	0
3474	CHL	FOU	FOUNTAIN CORRECTIONAL CENTER FOR WOMEN            	827 FOUNTAIN ROAD             	ROCKY MOUNT    	NC	278010000	1111111111	2008-10-29 00:00:00.000	2008-10-29 00:00:00.000	0
3475	CHL	FRA	SCI FRACKVILLE                                    	1111 ALTAMONT BLVD.           	FRACKVILLE     	PA	179310000	1111111111	2008-10-29 00:00:00.000	2008-10-29 00:00:00.000	0
3476	CHL	FRN	FRANKLIN CORRECTIONAL CENTER                      	P. O. BOX 155                 	BUNN           	NC	275080000	1111111111	2008-10-29 00:00:00.000	2008-10-29 00:00:00.000	0
3477	CHL	GAT	GATES CORRECTIONAL CENTER                         	RT.1, BOX 84                  	GATESVILLE     	NC	279380000	1111111111	2008-10-29 00:00:00.000	2008-10-29 00:00:00.000	0
3478	CHL	GCC	GASTON CORRECTIONAL CENTER                        	P O BOX 556                   	DALLAS         	NC	280340000	1111111111	2008-10-29 00:00:00.000	2008-10-29 00:00:00.000	0
3479	CHL	GDB	GEORGIA DIAGNOSTIC & CLASSIFICATION CENTER        	P.O.BOX 3877                  	JACKSON        	GA	302330000	1111111111	2008-10-29 00:00:00.000	2008-10-29 00:00:00.000	0
3480	CHL	GDC	GEORGIA DEPARTMENT OF CORRECTIONS                 	#2 MLK JR DR EAST TOWER 6TH FL	ATLANTA        	GA	303340000		2008-10-29 00:00:00.000	2008-10-29 00:00:00.000	0
3481	CHL	GEO	GEORGIA DIAGNOSTIC & CLASSIFICATION CENTER        	POST OFFICE BOX 3877          	JACKSON        	GA	302330000		2008-10-29 00:00:00.000	2008-10-29 00:00:00.000	0
3482	CHL	GII	GEORGIA INDUSTRIAL INSTITUTION                    	P.O. BOX 709                  	ALTO           	GA	305100000	1111111111	2008-10-29 00:00:00.000	2008-10-29 00:00:00.000	0
3483	CHL	GNE	GREENE CORRECTIONL INSTITUTION                    	111                           	MAURY          	NC	285540000	1111111111	2008-10-29 00:00:00.000	2008-10-29 00:00:00.000	0
3484	CHL	GOO	VIRGINIA CORRECTIONAL CENTER FOR WOMEN            	P.O. BOX 1                    	GOOCHLAND      	VA	230630000	1111111111	2008-10-29 00:00:00.000	2008-10-29 00:00:00.000	0
3485	CHL	GRA	C/O SCI GRATERFORD                                	P O  BOX 244                  	GRATERFORD     	PA	194260000	1111111111	2008-10-29 00:00:00.000	2008-10-29 00:00:00.000	0
3486	CHL	GRE	GREENSVILLE CORRECTIONAL CENTER                   	1111111111                    	GREENSVILLE    	VA	244400000		2008-10-29 00:00:00.000	2008-10-29 00:00:00.000	0
3487	CHL	GSP	GEORGIA STATE PRISON                              	STAR ROUTE                    	REIDSVILLE     	GA	304530000	1111111111	2008-10-29 00:00:00.000	2008-10-29 00:00:00.000	0
3488	CHL	HAD	RIVERS CORRECTIONAL INSTITUTION                   	P. O. BOX 1500                	HARDWICK       	GA	310340000	1111111111	2008-10-29 00:00:00.000	2008-10-29 00:00:00.000	0
3489	CHL	HAN	HANCOCK CORRECTIONAL INSTITUTION                  	P.O. BOX 339                  	SPARTA         	GA	310870000	1111111111	2008-10-29 00:00:00.000	2008-10-29 00:00:00.000	0
3490	CHL	HAR	HARNETT CORRECTIONAL INSTITUTION                  	P. O. BOX 1569                	LILLINGTON     	NC	275460000	10010001	2008-10-29 00:00:00.000	2008-10-29 00:00:00.000	0
3491	CHL	HAY	HAYS CORRECTIONAL INST                            	P.O.BOX 668                   	TRION          	GA	307530000	1111111111	2008-10-29 00:00:00.000	2008-10-29 00:00:00.000	0
3492	CHL	HLX	HALIFAX CORRECTION CENTER                         	P O BOX 448                   	HALIFAX        	NC	278390000		2008-10-29 00:00:00.000	2008-10-29 00:00:00.000	0
3493	CHL	HOK	HOKE CORRECTIONAL INSTITUTION                     	P. O. BOX 58                  	MCCAIN         	NC	283610000	1111111111	2008-10-29 00:00:00.000	2008-10-29 00:00:00.000	0
3494	CHL	HRS	HARRIS COUNTY C.I.                                	9982 HIGHWAY 116              	HAMILTON       	GA	318110000	1111111111	2008-10-29 00:00:00.000	2008-10-29 00:00:00.000	0
3495	CHL	HUN	SCI AT RETREAT                                    	P.O.BOX 500,                  	HUNLOCK CREEK  	PA	186240000	1111111111	2008-10-29 00:00:00.000	2008-10-29 00:00:00.000	0
3496	CHL	HVL	HAYNESVILLE CI                                    	P.O. BOX 129                  	HAYNESVILLE    	VA	224720000		2008-10-29 00:00:00.000	2008-10-29 00:00:00.000	0
3497	CHL	HYS	HAYES CORECTIONAL CENTER                          	P.O. BOX 668                  	TRION          	GA	307530000	1111111111	2008-10-29 00:00:00.000	2008-10-29 00:00:00.000	0
3498	CHL	IFW	NORTH CAROLINA INSTITUTION FOR WOMEN              	1034 BRAGG STREET             	RALEIGH        	NC	276100000	1111111111	2008-10-29 00:00:00.000	2008-10-29 00:00:00.000	0
3499	CHL	INC	INDIAN CREEK CORRECTIONAL FACILITY                	801 SANDERSON RD.             	CHESAPEAKE     	VA	233270000	1111111111	2008-10-29 00:00:00.000	2008-10-29 00:00:00.000	0
3500	CHL	IRE	IREDEL CORRECTIONAL INSTITUTION                   	P. O. BOX 231                 	STATESVILLE    	NC	286770000	1111111111	2008-10-29 00:00:00.000	2008-10-29 00:00:00.000	0
3501	CHL	JAC	JACKSON COUNTY C.I.                               	255 CURTIS SPENCE DR.         	JEFFERSON      	GA	305490000	1111111111	2008-10-29 00:00:00.000	2008-10-29 00:00:00.000	0
3502	CHL	JCI	JOHNSON CORRECTIONAL INSTITUTION                  	P.O. BOX 344                  	WRIGHTSVILLE   	GA	310960000	1111111111	2008-10-29 00:00:00.000	2008-10-29 00:00:00.000	0
3503	CHL	JOH	JOHNSTON CORR. INST                               	RT. 3 BOX 213                 	SMITHFIELD     	NC	275770000	1111111111	2008-10-29 00:00:00.000	2008-10-29 00:00:00.000	0
3504	CHL	JRI	JAMES RIVER CORRECTIONAL CENTER                   	STATE FARM                    	STATE FARM     	VA	231600000	1111111111	2008-10-29 00:00:00.000	2008-10-29 00:00:00.000	0
3505	CHL	KCI	KIRKLAND CORRECTIONAL INSTITUTION                 	4344 BROAD RIVER ROAD         	COLUMBIA       	SC	292100000	1111111111	2008-10-29 00:00:00.000	2008-10-29 00:00:00.000	0
3506	CHL	KIL	AL DEP OF CORR, KILBY CORRECTIONAL INSTITUTE      	P.O. BOX 125                  	MT. MEIGS      	AL	360570000	1111111111	2008-10-29 00:00:00.000	2008-10-29 00:00:00.000	0
3507	CHL	KMC	KEENE MOUNTAIN CORRECTIONAL CENTER                	1111111111                    	1111111111     	VA	111110000	1111111111	2008-10-29 00:00:00.000	2008-10-29 00:00:00.000	0
3508	CHL	LBR	LIEBER CORRECTIONAL INSTITUTION                   	P. O. BOX 205                 	RIDGEVILLE     	SC	294720000	1111111111	2008-10-29 00:00:00.000	2008-10-29 00:00:00.000	0
3509	CHL	LCI	LOWNDES CORRECTIONAL INSTITUTE                    	P. O. BOX 310                 	VALDOSTA       	GA	316010000	1111111111	2008-10-29 00:00:00.000	2008-10-29 00:00:00.000	0
3510	CHL	LEE	LEE CORRECTIONAL INSTITUTE                        	P. O. BOX 399                 	LEESBURG       	GA	317630000	1111111111	2008-10-29 00:00:00.000	2008-10-29 00:00:00.000	0
3511	CHL	LER	LEROY CORRECTIOAN CENTER                          	BOX 4128                      	ASHEBORO       	NC	272040000	1111111111	2008-10-29 00:00:00.000	2008-10-29 00:00:00.000	0
3512	CHL	LEW	C/O LEWISBURG                                     	P.O. BOX 1000                 	LEWISBURG      	PA	178370000	1111111111	2008-10-29 00:00:00.000	2008-10-29 00:00:00.000	0
3513	CHL	LIM	LIMESTONE CC                                      	P.O. BOX 66                   	CAPSHAW        	AL	357420000	1111111111	2008-10-29 00:00:00.000	2008-10-29 00:00:00.000	0
3514	CHL	LIN	LINCOLN CORRECTIONAL CENTER                       	150 PRISON CAMP ROAD          	LINCOLNTON     	NC	280920000	1111111111	2008-10-29 00:00:00.000	2008-10-29 00:00:00.000	0
3515	CHL	LOR	 LORTON CORRECTIONAL FACILITY, DOC                	1923 VERMONT AVE, STE N102, NW	WASHINGTON     	DC	200010000		2008-10-29 00:00:00.000	2008-10-29 00:00:00.000	0
3516	CHL	LOW	LOW SECURITY CORRECTIONAL INSTITUTION             	POST OFFICE BOX 999           	BUTNER         	NC	275090000		2008-10-29 00:00:00.000	2008-10-29 00:00:00.000	0
3517	CHL	LTH	LEATH CORRECTIONAL INSTITUTION                    	2809 AIRPORT RD.              	GREENWOOD      	SC	296490000		2008-10-29 00:00:00.000	2008-10-29 00:00:00.000	0
3518	CHL	LUM	LUMBERTON CORRECTIONAL CENTER                     	                              	               	  	000000000	0	2008-10-29 00:00:00.000	2008-10-29 00:00:00.000	0
3519	CHL	MAC	MCDOUGAL CORR. INST.                              	ROUTE 1, BOX 1178             	RIDGEVILLE     	SC	294720000	1111111111	2008-10-29 00:00:00.000	2008-10-29 00:00:00.000	0
3520	CHL	MAF	MARY FRANCIS CORRECTIONAL INSTITUTION             	POST OFFICE BOX 1435          	ROCKY MOUNT    	NC	278010000	1111111111	2008-10-29 00:00:00.000	2008-10-29 00:00:00.000	0
3521	CHL	MAN	MANNING CORRECTIONAL INSTITUTION                  	P.O. BOX 3173                 	COLUMBIA       	SC	292030000	1111111111	2008-10-29 00:00:00.000	2008-10-29 00:00:00.000	0
3522	CHL	MAO	CENTRAL CORRECTIONAL INSTITUTE                    	4600 FULTON MILL ROAD         	MACON          	GA	312130000	1111111111	2008-10-29 00:00:00.000	2008-10-29 00:00:00.000	0
3523	CHL	MAR	MARION CORRECTIONAL INSTITUTION                   	POST OFFICE BOX 2405          	MARION         	NC	287520000		2008-10-29 00:00:00.000	2008-10-29 00:00:00.000	0
3524	CHL	MAU	EASTERN CORRECTIONAL INSTITUTION                  	P. O. BOX  215                	MAURY          	NC	285540000	1111111111	2008-10-29 00:00:00.000	2008-10-29 00:00:00.000	0
3525	CHL	MCC	MCCORMICK CORRECTIONAL INSTITUTION                	ROUTE 2, BOX 100              	MCCORMIC       	SC	298990000	1111111111	2008-10-29 00:00:00.000	2008-10-29 00:00:00.000	0
3526	CHL	MCD	MACDOUGALL CORRECTIONAL INSTITUTION               	ROUTE 1, BOX 1178             	RIDGESVILLE    	SC	294720000	1111111111	2008-10-29 00:00:00.000	2008-10-29 00:00:00.000	0
3527	CHL	MCH	MCCAIN CORRECTIONAL HOSPITAL                      	P.O. BOX 5118                 	MCCAIN         	NC	283610000		2008-10-29 00:00:00.000	2008-10-29 00:00:00.000	0
3528	CHL	MCK	MECKLENBURG CORRECTIONAL CENTER                   	P O BOX 685                   	HUNTERSVILLE   	NC	200780000		2008-10-29 00:00:00.000	2008-10-29 00:00:00.000	0
3529	CHL	MCN	MACON CORRECTIONAL INSTITUTION                    	P.O. BOX 426                  	OGLETHORPE     	GA	310680000	1111111111	2008-10-29 00:00:00.000	2008-10-29 00:00:00.000	0
3530	CHL	MEN	MEN'S CORRECTIONAL INSTITUTION                    	P. O. BOX 396                 	HARDWICK       	GA	310340000	1111111111	2008-10-29 00:00:00.000	2008-10-29 00:00:00.000	0
3531	CHL	MET	METRO CORRECTIONAL INSTITUTION                    	1301 CONSTITUTION ROAD        	ATLANTA        	GA	303160000	1111111111	2008-10-29 00:00:00.000	2008-10-29 00:00:00.000	0
3532	CHL	MGC	MGCI WOMENS CORRECTIONAL INSTITUTION              	P.O. BOX 218                  	HARDWICK       	GA	310340000	1111111111	2008-10-29 00:00:00.000	2008-10-29 00:00:00.000	0
3533	CHL	MON	MONTGOMERY CORRECTIONAL CENTER                    	P.O. BOX 728                  	TROY           	NC	273710000	1111111111	2008-10-29 00:00:00.000	2008-10-29 00:00:00.000	0
3534	CHL	MOR	MORRISON YOUTH INSTITUTION                        	P. O. BOX 169                 	HOFFMAN        	NC	283470000	1111111111	2008-10-29 00:00:00.000	2008-10-29 00:00:00.000	0
3535	CHL	MUS	MUSCOGEE C.I.                                     	3950 SCHATULGA RD.            	COLUMBUS       	GA	319070000	1111111111	2008-10-29 00:00:00.000	2008-10-29 00:00:00.000	0
3536	CHL	NAG	CAMPAMENTO PUNTA LIMA                             	BOX 36                        	NAGUABO        	PR	007180000	1111111111	2008-10-29 00:00:00.000	2008-10-29 00:00:00.000	0
3537	CHL	NAS	NASH CORRECTIONAL INSTITUTE                       	ROUTE 2, BOX 29E              	NASHVILLE      	NC	278560000	1111111111	2008-10-29 00:00:00.000	2008-10-29 00:00:00.000	0
3538	CHL	NCC	N.C. DEPARTMENT OF CORRECTIONS                    	P. O. BOX 1569                	LILLINGTON     	NC	275460000	1111111111	2008-10-29 00:00:00.000	2008-10-29 00:00:00.000	0
3539	CHL	NCT	NORTH CAROLINA CORRECTIONAL CENTER                	1202 SOUTH STATE STREET       	RALEIGH        	NC	276010000	1111111111	2008-10-29 00:00:00.000	2008-10-29 00:00:00.000	0
3540	CHL	NEU	NEUSE CORRECTIONAL INSTITUTION                    	CALLER BOX 8009               	GOLDSBORO      	NC	275330000		2008-10-29 00:00:00.000	2008-10-29 00:00:00.000	0
3541	CHL	NHA	NEW HANOVER CORRECTIONAL CENTER                   	POST OFFICE BOX 240           	WILMINGTON     	NC	284020000	1111111111	2008-10-29 00:00:00.000	2008-10-29 00:00:00.000	0
3542	CHL	NOR	NORTH CAROLINA CORRECTIONAL INSTITUTION           	1014 BRAGG ST.                	RALEIGH        	NC	276100000		2008-10-29 00:00:00.000	2008-10-29 00:00:00.000	0
3543	CHL	NOT	NOTTOWAY CORRECTIONAL CNETER                      	P.O. BOX 488                  	BURKEVILLE     	VA	239220000	1111111111	2008-10-29 00:00:00.000	2008-10-29 00:00:00.000	0
3544	CHL	NSV	NASH CORRECTIONAL INSTITUTION                     	ROUTE 2, BOX 29-E             	NASHVILLE      	NC	278560000	1111111111	2008-10-29 00:00:00.000	2008-10-29 00:00:00.000	0
3545	CHL	NTH	NORTHSIDE CORRECTIONAL CENTER                     	504 BROADCASE DRIVE           	SPARTANBURG    	SC	293030000	1111111111	2008-10-29 00:00:00.000	2008-10-29 00:00:00.000	0
3546	CHL	OCC	OCCOQUAN FACILITY                                 	P.O. B0X 85                   	LORTON         	VA	220790000	1111111111	2008-10-29 00:00:00.000	2008-10-29 00:00:00.000	0
3547	CHL	OCO	OCONEE COUNTY JAIL                                	OLEC S. CHURCH STREET         	WALHALLA       	SC	296910000	1111111111	2008-10-29 00:00:00.000	2008-10-29 00:00:00.000	0
3548	CHL	ODO	ODOM CORRECTIONAL INSTITUTION                     	P. O. BOX 36                  	JACKSON        	NC	278450000	1111111111	2008-10-29 00:00:00.000	2008-10-29 00:00:00.000	0
3549	CHL	ORA	ORANGE CORRECTIONAL CENTER                        	RT. 3, BOX 4                  	HILLSBOROUGH   	NC	272780000	1111111111	2008-10-29 00:00:00.000	2008-10-29 00:00:00.000	0
3550	CHL	PEN	PENDER CORRECTIONAL CENTER                        	P. O. BOX 1058                	BURGAW         	NC	284250000	1111111111	2008-10-29 00:00:00.000	2008-10-29 00:00:00.000	0
3551	CHL	PET	PETERSBURG FEDERAL CORRECTIONAL INSTITUTE         	P.O. BOX 1000                 	PETERSBURG     	VA	238040000	1111111111	2008-10-29 00:00:00.000	2008-10-29 00:00:00.000	0
3552	CHL	PHI	PHILLIPS CORRECTIONAL INSTITUTION                 	2989 WEST ROCK QUARRY ROAD    	BUFORD         	GA	305180000	1111111111	2008-10-29 00:00:00.000	2008-10-29 00:00:00.000	0
3553	CHL	PIE	PIEDMONT CORRECTIONAL CENTER                      	977 CAMP ROAD                 	SALISBURRY     	NC	281440000	1111111111	2008-10-29 00:00:00.000	2008-10-29 00:00:00.000	0
3554	CHL	POL	POLK CORRECRIONAL CENTER                          	1900 BLUE RIDGE BLVD.         	RALEIGH        	NC	276070000	1111111111	2008-10-29 00:00:00.000	2008-10-29 00:00:00.000	0
3555	CHL	PON	INSTITUCION REGIONAL DEL SUR                      	C/O ADM D&R                   	PONCE          	PR	006040000	1111111111	2008-10-29 00:00:00.000	2008-10-29 00:00:00.000	0
3556	CHL	POR	PORTSMOUTH CITY JAIL                              	701 CRAWFORD ST.              	PORTSMOUTH     	VA	237040000	1111111111	2008-10-29 00:00:00.000	2008-10-29 00:00:00.000	0
3557	CHL	POW	POWHATAN CORRECTIONAL CENTER                      	VIRGINIA DEPT OF CORRECTIONS  	STATE FARM     	VA	231600000		2008-10-29 00:00:00.000	2008-10-29 00:00:00.000	0
3558	CHL	PRI	ADMINISTRATION OF CORRECTIONS/PUERTO RICO         	AVENIDA BARBOSA 306           	HATO REY       	PR	009170000		2008-10-29 00:00:00.000	2008-10-29 00:00:00.000	0
3559	CHL	PRY	PERRY CORRECTIONAL CENTER                         	ROUTE 3                       	PELZER         	SC	296690000	1111111111	2008-10-29 00:00:00.000	2008-10-29 00:00:00.000	0
3560	CHL	PUL	PULASKI                                           	P.O. BOX 1188                 	DUBLIN         	VA	240840000	1111111111	2008-10-29 00:00:00.000	2008-10-29 00:00:00.000	0
3561	CHL	PWC	PRINCE WILLIAM COUNTY ADC                         	9320 LEE AVENUE               	MANASSAS       	VA	221100000	1111111111	2008-10-29 00:00:00.000	2008-10-29 00:00:00.000	0
3562	CHL	PYO	POLK YOUTH INSTITUTION                            	1900 BLUE RIDGE ROAD          	RALEIGH        	NC	276070000		2008-10-29 00:00:00.000	2008-10-29 00:00:00.000	0
3563	CHL	QUO	PASQUOTANK C.I.                                   	527 COMMERCE DRIVE            	ELIZABETH CITY 	NC	279060000		2008-10-29 00:00:00.000	2008-10-29 00:00:00.000	0
3564	CHL	RAN	RANDOLPH CORRECTIONAL INSTITUTION                 	P. O. BOX 3109                	ASHBORO        	NC	272040000	1111111111	2008-10-29 00:00:00.000	2008-10-29 00:00:00.000	0
3565	CHL	RCC	RICHMOND CORRECTIONAL CENTER                      	111                           	111            	VA	001110000	1111111111	2008-10-29 00:00:00.000	2008-10-29 00:00:00.000	0
3566	CHL	RCW	RALEIGH CORRECTIONAL CENTER FOR WOMEN             	1201 SOUTH STATE STREET       	RALEIGH        	NC	276100000		2008-10-29 00:00:00.000	2008-10-29 00:00:00.000	0
3567	CHL	RDG	RIDGELAND CORRECTIONAL INSTITUTION                	POST OFFICE BOX 2039          	RIDGELAND      	SC	299360000	1111111111	2008-10-29 00:00:00.000	2008-10-29 00:00:00.000	0
3568	CHL	RID	RIDGELAND CORRECTIONAL INSTITUTION                	                              	               	  	000000000	0	2008-10-29 00:00:00.000	2008-10-29 00:00:00.000	0
3569	CHL	RIO	STATE PENITENTIARY                                	C/O ADM D&R                   	RIO PIEDRAS    	PR	009270000	1111111111	2008-10-29 00:00:00.000	2008-10-29 00:00:00.000	0
3570	CHL	ROB	ROBESON CORRECTIONAL CENTER                       	P. O. BOC 233                 	LUMBERTON      	NC	283580000	1111111111	2008-10-29 00:00:00.000	2008-10-29 00:00:00.000	0
3571	CHL	ROC	C/O SCI ROCKVIEW                                  	P O BOX A                     	BELLEFONTE     	PA	168230000	1111111111	2008-10-29 00:00:00.000	2008-10-29 00:00:00.000	0
3572	CHL	ROG	ROGERS CORRECTIONAL INSTITUTION                   	STAR ROUTE BOX 5300           	REIDSVILLE     	GA	304530000	1111111111	2008-10-29 00:00:00.000	2008-10-29 00:00:00.000	0
3573	CHL	RTD	RUTHERFORD CORRECTIONAL CENTER                    	901 LEDBETTER RD.             	SPINDALE       	NC	281600000	1111111111	2008-10-29 00:00:00.000	2008-10-29 00:00:00.000	0
3574	CHL	RUT	RUTLEDGE COORECTIONAL INSTITUTION                 	7175 MANOR ROAD               	COLUMBUS       	GA	319070000	1111111111	2008-10-29 00:00:00.000	2008-10-29 00:00:00.000	0
3575	CHL	SAB	SABANA HOYOS CAMP                                 	SABANA HOYOS                  	SABANA HOYOS   	PR	007480000	1111111111	2008-10-29 00:00:00.000	2008-10-29 00:00:00.000	0
3576	CHL	SAC	SANFORD CORRECTIONAL CENTER                       	P. O. BOX 2490                	SANFORD        	NC	273300000	1111111111	2008-10-29 00:00:00.000	2008-10-29 00:00:00.000	0
3577	CHL	SAL	ROWAN CORRECTIONAL CENTER                         	P. O. 1207                    	SALISBURY      	NC	281450000	1111111111	2008-10-29 00:00:00.000	2008-10-29 00:00:00.000	0
3578	CHL	SAM	SAMPSON CORRECTIONAL CENTER                       	POST OFFICE BOX 999           	CLINTON        	NC	283280000	1111111111	2008-10-29 00:00:00.000	2008-10-29 00:00:00.000	0
3579	CHL	SAN	SANDHILLS YOUTH CENTER                            	P. O. BOX 5088                	MC. CAIN       	NC	283610000	1111111111	2008-10-29 00:00:00.000	2008-10-29 00:00:00.000	0
3580	CHL	SCC	SAMPSON CORRECTIONAL CENTER                       	120 N.BLVD.                   	CLINTON        	NC	283280000	1111111111	2008-10-29 00:00:00.000	2008-10-29 00:00:00.000	0
3581	CHL	SCT	SCOTT CORRECTIONAL INSTITUTION                    	P O BOX 417                   	HARDWICK       	GA	310340000	1111111111	2008-10-29 00:00:00.000	2008-10-29 00:00:00.000	0
3582	CHL	SFD	SANFORD CORRECTIONAL CENTER                       	P.O. BOX 2490                 	SANFORD        	NC	273300000	1111111111	2008-10-29 00:00:00.000	2008-10-29 00:00:00.000	0
3583	CHL	SHA	SCI COAL TOWNSHIP                                 	I KELLY DRIVE                 	SHAMOKIN       	PA	178720000		2008-10-29 00:00:00.000	2008-10-29 00:00:00.000	0
3584	CHL	SMI	SMITH CORRECTIONAL INSTITUTION                    	P.O. BOX 726, HWY. 301N       	GLENVILLE      	GA	304270000	1111111111	2008-10-29 00:00:00.000	2008-10-29 00:00:00.000	0
3585	CHL	SOC	SOUTH CAROLINA DEPT OF CORRECTIONS                	4460 BROAD RIVER ROAD         	COLUMBIA       	SC	292100000	1111111111	2008-10-29 00:00:00.000	2008-10-29 00:00:00.000	0
3586	CHL	SOT	SOUTHERN CORRECTIONAL INST.                       	P. O. BOX 786                 	TROY           	NC	273710000	1111111111	2008-10-29 00:00:00.000	2008-10-29 00:00:00.000	0
3587	CHL	SOU	SOUTHAMPTON CORRECTIONAL CENTER                   	ROUTE 1  BOX 17               	CAPRON         	VA	238290000	1111111111	2008-10-29 00:00:00.000	2008-10-29 00:00:00.000	0
3588	CHL	STA	STAUNTON CORRECTIONAL CENTER                      	P.O. BOX 3500                 	STAUTON        	VA	244010000	1111111111	2008-10-29 00:00:00.000	2008-10-29 00:00:00.000	0
3589	CHL	STB	ST. BRIDES CORRECTIONAL CENTER                    	701 SANDERSON RD.             	CHESAPEAKE     	VA	233220000	1111111111	2008-10-29 00:00:00.000	2008-10-29 00:00:00.000	0
3590	CHL	STO	STOKES CORRECTIONAL CENTER                        	ROUTE 3, BOX 96-A             	WALNUT COVE    	NC	275020000		2008-10-29 00:00:00.000	2008-10-29 00:00:00.000	0
3591	CHL	SUM	SUMTER CITY CORRECTIONAL INSTITUTION              	P.O. BOX 484                  	AMERICUS       	GA	317090000	1111111111	2008-10-29 00:00:00.000	2008-10-29 00:00:00.000	0
3592	CHL	SYL	FCI. SCHYKLILL                                    	P. O. BOX 789                 	MINERSVILLE    	PA	179540000	1111111111	2008-10-29 00:00:00.000	2008-10-29 00:00:00.000	0
3593	CHL	TDG	FCI, TALLADEGA                                    	902 RENFROE RD.               	TALLADEGA      	AL	351600000		2008-10-29 00:00:00.000	2008-10-29 00:00:00.000	0
3594	CHL	TEL	TELFAIR CORRECTIONAL INSTITUTION                  	P.O. BOX 549                  	HELENA         	GA	305180000	1111111111	2008-10-29 00:00:00.000	2008-10-29 00:00:00.000	0
3595	CHL	TER	TERRELL CO. CORRECTIONAL INSTITUTION              	ROUTE 5, BOX 38               	DAWSON         	GA	317420000	1111111111	2008-10-29 00:00:00.000	2008-10-29 00:00:00.000	0
3596	CHL	TIL	TILLERY CORRECTIONAL CENTER                       	P.O. BOX 222                  	TILLERY        	NC	278870000	1111111111	2008-10-29 00:00:00.000	2008-10-29 00:00:00.000	0
3597	CHL	TRI	TRIANGLE CORRECTIONAL INSTITUTION                 	1300 WESTERN BLVD.            	RALEIGH        	NC	276060000	1111111111	2008-10-29 00:00:00.000	2008-10-29 00:00:00.000	0
3598	CHL	TRO	TROUP COUNTY C.I.                                 	2508 HAMILTON RD.             	LAGRANGE       	GA	302400000	1111111111	2008-10-29 00:00:00.000	2008-10-29 00:00:00.000	0
3599	CHL	TUR	TURBEVILLE CORRECTIONAL INSTITUTION               	POST OFFICE BOX 252           	TURBEVILLE     	SC	291620000	1111111111	2008-10-29 00:00:00.000	2008-10-29 00:00:00.000	0
3600	CHL	UMS	UMSTEAD CORRECTIONAL CENTER                       	P. O. BOX 106                 	BUTNER         	NC	275090000	1111111111	2008-10-29 00:00:00.000	2008-10-29 00:00:00.000	0
3601	CHL	VAN	VANCE CORRECTIONAL INSTITUTION                    	ROUTE 9, BOX 201              	HENDERSON      	NC	275360000	1111111111	2008-10-29 00:00:00.000	2008-10-29 00:00:00.000	0
3602	CHL	VCI	VALDOSTA CORRECTIONAL INSTITUTION                 	P. O. BOX 310                 	VALDOSTA       	GA	316030000	1111111111	2008-10-29 00:00:00.000	2008-10-29 00:00:00.000	0
3603	CHL	VSP	VIRGINIA STATE PENITENTIARY                       	500 SPRING STREET             	RICHMOND       	VA	232191111	1111111111	2008-10-29 00:00:00.000	2008-10-29 00:00:00.000	0
3604	CHL	WAK	WAKE CORRECTIONAL CENTER                          	1000 ROCK QUARY ROAD          	RALEIGH        	NC	276100000		2008-10-29 00:00:00.000	2008-10-29 00:00:00.000	0
3605	CHL	WAL	WALKER CORRECTIONAL INSTITUTION                   	P. O. BOX 98                  	ROCKSPRING     	GA	307390000	1111111111	2008-10-29 00:00:00.000	2008-10-29 00:00:00.000	0
3606	CHL	WAR	WARE CORRECTIONAL INSTITUTION                     	3620 NORTH HARRIS ROAD        	WAYCROSS       	GA	315010000	1111111111	2008-10-29 00:00:00.000	2008-10-29 00:00:00.000	0
3607	CHL	WAT	WATERBEE CORRECTIONAL INSTITUTION                 	P. O. BOX 189                 	REMBERT        	SC	291280189	1111111111	2008-10-29 00:00:00.000	2008-10-29 00:00:00.000	0
3608	CHL	WAY	SCI WAYMART                                       	P. O. BOX 256                 	WAYMART        	PA	184720256	1111111111	2008-10-29 00:00:00.000	2008-10-29 00:00:00.000	0
3609	CHL	WCC	WOMEN'S CORRECTIONAL INSTITUTION                  	4450 BROAD RIVER RD.          	COLUMBIA       	SC	292100000	1111111111	2008-10-29 00:00:00.000	2008-10-29 00:00:00.000	0
3610	CHL	WCI	WOMRN'S CORRECTIONAL INSTITUTION                  	P.O.BOX 218                   	HARDWICK       	GA	310340000	1111111111	2008-10-29 00:00:00.000	2008-10-29 00:00:00.000	0
3611	CHL	WCP	WEST CENTRAL PRISON                               	POST OFFICE BOX  589          	ZEBULON        	GA	302950000	1111111111	2008-10-29 00:00:00.000	2008-10-29 00:00:00.000	0
3612	CHL	WDC	WILLIAM DONALDSON CORRECTIONAL FACILITY           	100 WARRIOR LANE              	BESSEMER       	AL	350230000	1111111111	2008-10-29 00:00:00.000	2008-10-29 00:00:00.000	0
3613	CHL	WES	WESTERN YOUTH INSTITUTION                         	P. O. BOX 1439                	MORGANTON      	NC	282400000	1111111111	2008-10-29 00:00:00.000	2008-10-29 00:00:00.000	0
3614	CHL	WHI	WHITEVILLE PRISON UNIT                            	P. O. BOX 8                   	BRUNSWICK      	NC	284240000	1111111111	2008-10-29 00:00:00.000	2008-10-29 00:00:00.000	0
3615	CHL	WIL	WILCOX C.I.                                       	472 S. BROAD ST               	ABBEVILLE      	GA	310010000		2008-10-29 00:00:00.000	2008-10-29 00:00:00.000	0
3616	CHL	WLD	WALDEN CORRECTIONAL INSTITUTION                   	4340 BROAD RIVER ROAD         	COLUMBIA       	SC	292100000	1111111111	2008-10-29 00:00:00.000	2008-10-29 00:00:00.000	0
3617	CHL	WLK	WILKES CORRECTIONAL CENTER                        	404 STATESVILLE               	N. WILKESBORO  	NC	286590000		2008-10-29 00:00:00.000	2008-10-29 00:00:00.000	0
3618	CHL	WNE	WAYNE CORRECTIONAL                                	1007 SHED ROAD                	ODUM           	GA	315550000	1111111111	2008-10-29 00:00:00.000	2008-10-29 00:00:00.000	0
3619	CHL	WOM	NC CORR. INSTITUTION FOR WOMEN                    	1034 BRAGG STREET             	RALEIGH        	NC	276100000	1111111111	2008-10-29 00:00:00.000	2008-10-29 00:00:00.000	0
3620	CHL	WRE	WATEREE RIVER C.I.                                	POST OFFICE BOX 189           	REMBERT        	SC	291280189	1111111111	2008-10-29 00:00:00.000	2008-10-29 00:00:00.000	0
3621	CHL	WRN	WARREN CORRECTIONAL CENTER                        	POST OFFICE BOX 30            	WARRENTON      	NC	275890000	1111111111	2008-10-29 00:00:00.000	2008-10-29 00:00:00.000	0
3622	CHL	WSH	WASHINGTON CORRECTIONAL INSTITUTE                 	P.O. BOX 206                  	DAVISBORO      	GA	310180206	1111111111	2008-10-29 00:00:00.000	2008-10-29 00:00:00.000	0
3623	CHL	YAD	YSDKIN CORRECTIONALCENTER                         	RT. 2, BOX 523-B              	YADKINVILLE    	NC	270550000	1111111111	2008-10-29 00:00:00.000	2008-10-29 00:00:00.000	0
3624	CHL	YDC	YOUTH CENTER, DISTRICT OF COLUMBIA                	1111111111                    	WASHINGTON     	DC	111111111	1111111111	2008-10-29 00:00:00.000	2008-10-29 00:00:00.000	0
3625	CHL	YKN	YADKIN CORRECTIONAL CENTER                        	CALLER 525 SHACKTOWN ROAD     	YADKINVILLE    	NC	270550000	1111111111	2008-10-29 00:00:00.000	2008-10-29 00:00:00.000	0
3626	MIA	WKA	Wakulla CI-Annex	110 Melaleuca Drive	Crawfordville	FL	32327	8504101895	2008-12-09 10:56:27.000	2008-12-09 10:56:27.000	1
3627	MIA	NOR	NORTHWEST FLORIDA RECEPTION CENTER	4455 SAM MITCHELL DRIVE	CHIPLEY	FL	32428	8507736100	2008-12-09 11:15:08.000	2008-12-09 11:15:08.000	1
3628	MIA	NOA	NORTHWEST FLORIDA RECPTION CENTER ANNEX	4455 SMA MITCHELL DRIVE	CHIPLEY	FL	32428	8507736100	2008-12-09 11:16:04.000	2008-12-09 11:16:04.000	1
3629	POO	PMK	POINT MCKENZIE CORRECTIONAL FARM	PO Box 877730	Wasilla	AK	99687	9073762976	2008-12-10 14:52:38.000	2008-12-10 15:07:27.000	1
3630	NEW	ACW	A.C. WAGNER YOUTH CORRECTIONAL FACILITY	P.O. BOX 500	BORDENTOWN	NJ	08505		2009-02-12 10:16:33.000	2009-02-12 10:16:33.000	1
3631	DET	HVM	HURON VALLEY MENS COMPLEX	3201 BEMIS ROAD	YSPILANTI	MI	48197	7345729900	2009-02-13 10:32:38.000	2009-02-13 10:32:38.000	1
3632	DET	CHP	CHIPPEWA CORRECTIONAL FACILITY	4269 W. M-80	KINCHELOE	MI	49784		2009-02-13 10:42:07.000	2009-02-13 10:42:07.000	1
3633	YOR	S30	SCI PINE GROVE	189 FYOCK ROAD	INDIANA	PA	15701	7244659630	2009-02-19 15:11:47.000	2009-02-19 15:11:47.000	1
3634	POO	PMC	Point McKenzie Correctional Farm	P.O. Box 877730	Wasilla	AK	99687	9073762976	2009-03-25 13:59:35.000	2009-03-25 13:59:35.000	1
3641	CHI	NEW	NEW CASTLE CORRECTIONAL FACILITY	1000 VAN NUYS RD, P.O. BOX E	NEW CASTLE	IN	47362		2009-04-14 11:27:47.000	2009-04-14 11:45:19.000	1
3642	CHI	MIA	MIAMI CORRECTIONAL FACILITY	3063 W. 850 SOUTH	BUNKER HILL	IN	46914	7656898920	2009-04-14 11:30:32.000	2009-04-14 11:45:00.000	1
3645	BOS	BSH	BRIDGEWATER STATE HOSPITAL	20 ADMINISTRATION RD.	BRIDGEWATER	MA	02324	5082794500	2009-04-22 10:54:19.000	2009-04-22 10:54:19.000	1
3646	CLE	ACU	APPALACHIAN CORRECTIONL UNIT #29	H.C. 64, BOX 40	HONAKER	VA	242609411		2011-11-11 02:36:55.293	2009-04-25 00:02:00.000	1
3647	CLE	AIK	AIKEN CORRECTIONAL CENTER	P. O. BOX 2249	AIKEN	SC	298010000	1111111111	2011-11-11 02:36:55.293	2009-04-25 00:02:00.000	1
3648	CLE	ALA	C/O WARDEN KILBY CORRECTIONS FACILITY	P. O. BOX 125	MT. MEIGIS	AL	360570000	2052153300	2011-11-11 02:36:55.293	2009-04-25 00:02:00.000	0
3649	CLE	ALB	ALBANY TRANSITIONAL CENTER	304 N. WASHINGTON	ALBANY	GA	317010000	1111111111	2011-11-11 02:36:55.293	2009-04-25 00:02:00.000	0
3650	CLE	ALD	ALDERSON FEDERAL CORRECTIONAL INSTITUTE	P.O. BOX B	ALDERSON	WV	249100000	89243236	2011-11-11 02:36:55.293	2009-04-25 00:02:00.000	0
3651	CLE	ALL	ALLENDALE CORRECTIONAL INSTITUTION	HIGHWAY 47	FAIRFAX	SC	298270000	1111111111	2011-11-11 02:36:55.293	2009-04-25 00:02:00.000	0
3652	CLE	ALN	ALLEN CORRECTIONAL INSTITUTE	P.O. BOX 4501	LIMA	OH	45802	1111111111	2005-04-29 10:45:11.280	2009-04-25 00:02:00.000	1
3653	CLE	ALW	LFCI ALLENWOOD	P. O. BOX 1500	WHITE DEER	PA	178870000		2011-11-11 02:36:55.293	2009-04-25 00:02:00.000	0
3654	CLE	AND	ANDERSON COUNTY DETENTION CENTER	1009 COUNTY HOME RD.	ANDERSON	SC	296250000	1111111111	2011-11-11 02:36:55.293	2009-04-25 00:02:00.000	0
3655	CLE	ANS	ANSON CORRECTIONAL CENTER	P.O. BOX 160-C, RT. 1	POLKTON	NC	286350000	1111111111	2011-11-11 02:36:55.293	2009-04-25 00:02:00.000	0
3656	CLE	ARR	ARRENDALE C.I.,	P.O.BOX 709	ALTO	GA	305100000	1111111111	2011-11-11 02:36:55.293	2009-04-25 00:02:00.000	0
3657	CLE	AUG	AUGUSTA	P.O. BOX 1000	CRAIGVILLE	VA	244300000	1111111111	2011-11-11 02:36:55.293	2009-04-25 00:02:00.000	1
3658	CLE	BAS	BASKERVILLE CORRECTIONAL UNIT	RT. 1, BOX 65	BASKERVILLE	VA	239150000	1111111111	2011-11-11 02:36:55.293	2009-04-25 00:02:00.000	1
3659	CLE	BAY	BAYAMON REGIONAL JAIL (1072)	BOX 60-307	BAYAMON	PR	6790000	1111111111	2011-11-11 02:36:55.293	2009-04-25 00:02:00.000	0
3660	CLE	BBW	BLACK BLUFF WARDEN	329 BLACK BLUFF ROAD, S.W.	ROME	GA	301610000	1111111111	2011-11-11 02:36:55.293	2009-04-25 00:02:00.000	0
3661	CLE	BCI	BELMONT CORRECTIONAL INSTITUTION	P.O. BOX 540	CLAIRSVILLE	OH	43950	614695464	2005-04-29 10:45:11.297	2009-04-25 00:02:00.000	1
3662	CLE	BCN	BLANCH YOUTH INSTITUTION	2061 HIGH ROCK SCHOOL ROAD	BLANCH	NC	272120000	1111111111	2011-11-11 02:36:55.293	2009-04-25 00:02:00.000	0
3663	CLE	BDR	BROAD RIVER CORRECTIONAL INSTITUTION	4460 BROAD RIVER ROAD	COLUMBIA	SC	292100000	1111111111	2011-11-11 02:36:55.293	2009-04-25 00:02:00.000	0
3664	CLE	BEL	BELMONT CORRECTIONAL INSTITUTE	P.O. BOX 540	CLAIRSVILLE	OH	43950	1111111111	2005-04-29 10:45:11.297	2009-04-25 00:02:00.000	1
3665	CLE	BLA	BLAND CORRECTIONAL CENTER	RT. 2, BOX 111	BLAND	VA	243159616	1111111111	2011-11-11 02:36:55.293	2009-04-25 00:02:00.000	1
3666	CLE	BOS	BOSTICK CORRECTIONAL INSTITUTION	P.O. 1700	HARDWICK	GA	310340000	1111111111	2011-11-11 02:36:55.293	2009-04-25 00:02:00.000	0
3667	CLE	BOT	BOTECOURT CORRECTIONAL FACILITY	TROUTVILLE	TROUTVILLE	VA	241750000		2011-11-11 02:36:55.293	2009-04-25 00:02:00.000	1
3668	CLE	BRO	BROWN CREEK CORRECTION CENTER	P.O. BOX 310	POLKTON	NC	281350000	1111111111	2011-11-11 02:36:55.293	2009-04-25 00:02:00.000	0
3669	CLE	BRS	AL BURRIS CORRECTIONAL INSTITUTION	P.O. BOX 5849	FORSYTH	GA	310290000	1111111111	2011-11-11 02:36:55.293	2009-04-25 00:02:00.000	0
3670	CLE	BRU	BRUNSWICK CORRECTIONAL FACILITY	RT. 1, BOX 207-C	LAWRENCEVILLE	VA	228680000		2011-11-11 02:36:55.293	2009-04-25 00:02:00.000	1
3671	CLE	BTN	FCI BUTNER	P.O. BOX 1000	BUTNER	NC	275091000	1111111111	2011-11-11 02:36:55.293	2009-04-25 00:02:00.000	0
3672	CLE	BUC	BUCKINGHAM CORRECTIONAL CENTER	P.O. BOX 430	DILLWYN	VA	239360000		2011-11-11 02:36:55.293	2009-04-25 00:02:00.000	1
3673	CLE	BUR	BURKEVILLE	1111111111	1111111111	VA	111111111	1111111111	2011-11-11 02:36:55.293	2009-04-25 00:02:00.000	1
3674	CLE	BWN	BALDWIN CORRECTIONAL INSTITUTE	P.O. BOX 218	HARDWICK	GA	304630000	1111111111	2011-11-11 02:36:55.293	2009-04-25 00:02:00.000	0
3675	CLE	CAB	CABARRUS CORRECTIONAL CENTER	P.O. BOX 158	MT. PLEASANT	NC	281240000	1111111111	2011-11-11 02:36:55.293	2009-04-25 00:02:00.000	0
3676	CLE	CAL	CALEDONIA CORRECTIONAL INSTITUTION	P.O. BOX 137	TILLERY	NC	278870000	1111111111	2011-11-11 02:36:55.293	2009-04-25 00:02:00.000	0
3677	CLE	CAM	C/O SCI CAMP HILL	P O  BOX 8837	CAMP HILL	PA	170118370	1111111111	2011-11-11 02:36:55.293	2009-04-25 00:02:00.000	0
3678	CLE	CAR	CAROLINE CORRECTIONAL UNIT NUMBER TWO	ROUTE 1 BOX 79	HANOVER	VA	230691111	1111111111	2011-11-11 02:36:55.293	2009-04-25 00:02:00.000	1
3679	CLE	CAS	CASWELL CORRECTIONAL CENTER	P.O. BOX 217, COUNTY HOME RD.	YANCEYVILLE	NC	278870000	1111111111	2011-11-11 02:36:55.293	2009-04-25 00:02:00.000	0
3680	CLE	CAT	CARTERET CORRECTIONAL CENTER	P. O. BOX 220	NEWPORT	NC	285700000	1111111111	2011-11-11 02:36:55.293	2009-04-25 00:02:00.000	0
3681	CLE	CAW	CATAWBA CORRECTIONAL CENTER	1347 PRISON CAMP RD.	NEWTON	NC	286580000	1111111111	2011-11-11 02:36:55.293	2009-04-25 00:02:00.000	0
3682	CLE	CCC	COLUMBUS CORRECTIONAL CENTER	P.O. BOX 8	BRUNSWICK	NC	284240000	1111111111	2011-11-11 02:36:55.293	2009-04-25 00:02:00.000	0
3683	CLE	CCI	CENTRAL CORRECTIONAL INSTITUTION	P.O.BOX11158,CAPITOL STA-A	COLUMBIA	SC	292110000	1111111111	2011-11-11 02:36:55.293	2009-04-25 00:02:00.000	0
3684	CLE	CEP	CENTRAL PRISON	1300 WESTERN BLVD.	RALEIGH	NC	276030000	10010001	2011-11-11 02:36:55.293	2009-04-25 00:02:00.000	0
3685	CLE	CFW	COFFEEWOOD CORRECTIONAL CENTER	P.O. BOX 500	MITCHELLS	VA	227290000		2011-11-11 02:36:55.293	2009-04-25 00:02:00.000	1
3686	CLE	CHA	CHATHAM CORRECTIONAL UNIT #15	RT. 6, BOX 50	CHATHAM	VA	245310000		2011-11-11 02:36:55.293	2009-04-25 00:02:00.000	1
3687	CLE	CHE	CHESTERFIELD COMMUNITY CORRECTIONAL UNIT #33	7000 COURTHOUSE RD.	CHESTEFIELD	VA	238320000		2011-11-11 02:36:55.293	2009-04-25 00:02:00.000	1
3688	CLE	CHI	CHILLICOTHE CORRECTIONAL INSTITUTE	P.O. BOX 5500	CHILLICOTHE	OH	45601	1111111111	2005-04-29 10:45:11.297	2009-04-25 00:02:00.000	1
3689	CLE	CHN	CALHOUN CORRECTIONAL INSTITUTION	P.O. BOX 249	MORGAN	GA	317660000	1111111111	2011-11-11 02:36:55.293	2009-04-25 00:02:00.000	0
3690	CLE	CMC	CORRECTIONAL MEDICAL CENTER	199 HARMON AVE. P.O. BOX 23658	COLUMBUS	OH	43223	1111111111	2005-04-29 10:45:11.297	2009-04-25 00:02:00.000	1
3691	CLE	COA	COASTAL CORRECTIONAL INATITUTION	P. O. BOX 7150	GARDEN CITY	GA	310480000	1111111111	2011-11-11 02:36:55.293	2009-04-25 00:02:00.000	0
3692	CLE	COR	CORRECTIONAL RECEPTION CENTER	11271 STATE RT. 762	ORIENT	OH	43146	1111111111	2005-04-29 10:45:11.297	2009-04-25 00:02:00.000	1
3693	CLE	CRA	CRAGGY CORRECTIONAL CENTER	P. O. BOX 8909	ASHEVILLE	NC	288140000	1111111111	2011-11-11 02:36:55.293	2009-04-25 00:02:00.000	0
3694	CLE	CRE	STATE CORRECTIONAL INSTITUTION	DRAWER A, OLD ROUTE 22	CRESSON	PA	166300000	1111111111	2011-11-11 02:36:55.293	2009-04-25 00:02:00.000	0
3695	CLE	CRO	CROSS ANCHOR CORR. INST	RT-1,BOX 322-C	ENOREE	SC	293350000	1111111111	2011-11-11 02:36:55.293	2009-04-25 00:02:00.000	0
3696	CLE	CSC	COLD SPRINGS CORRECTIONAL UNIT #10	RT. 1, BOX 73	GREENVILLE	VA	244409708		2011-11-11 02:36:55.293	2009-04-25 00:02:00.000	1
3697	CLE	CTF	DC DOC, CORRECTIONAL TREATMENT FACILITY	1900 "E" ST., S.E.	WASHINGTON	DC	200190000	2026738064	2011-11-11 02:36:55.293	2009-04-25 00:02:00.000	0
3698	CLE	CUR	CURRITUK CORRECTIONAL CENTER	BOX 14	MAPLE	NC	284240000	1111111111	2011-11-11 02:36:55.293	2009-04-25 00:02:00.000	0
3699	CLE	DAL	C/O WARDEN	SCI DALLAS	DALLAS	PA	186120000	1111111111	2011-11-11 02:36:55.293	2009-04-25 00:02:00.000	0
3700	CLE	DAV	DAVIE CORRECTIONAL CENTER	RT #1 BOX 403	MOCKSVILLE	NC	270280000	1111111111	2011-11-11 02:36:55.293	2009-04-25 00:02:00.000	0
3701	CLE	DCI	DAYTON CORRECTIONAL INSTITUTION	P.O. BOX 17249	DAYTON	OH	45417	1111111111	2005-04-29 10:45:11.297	2009-04-25 00:02:00.000	1
3702	CLE	DCJ	DC DEPARTMENT OF CORRECTIONS	1901 "D" ST., S.E.	WASHINGTON	DC	200030000	1111111111	2011-11-11 02:36:55.293	2009-04-25 00:02:00.000	0
3703	CLE	DCT	DARE COUNTY DETENTION FACILITY	1044 DRIFTWOOD DRIVE	MANTEO	NC	279540000	1111111111	2011-11-11 02:36:55.293	2009-04-25 00:02:00.000	0
3704	CLE	DCU	DINWIDDIE CORRECTIONAL UNIT #27	CHURCH ROAD	CHURCH ROAD	VA	238330000		2011-11-11 02:36:55.293	2009-04-25 00:02:00.000	1
3705	CLE	DEE	DEERFIELD CORRECTIONAL CENTER	ROUTE 1  BOX 22	CAPRON	VA	238290000	1111111111	2011-11-11 02:36:55.293	2009-04-25 00:02:00.000	1
3706	CLE	DIL	DILLWYN CORRECTIONAL FACILITY	P.O. BOX 670	DILLWYN	VA	239360000	1111111111	2011-11-11 02:36:55.293	2009-04-25 00:02:00.000	1
3707	CLE	DKB	DEKALB COUNTY JAIL	3630 CAMP CIRCLE	DECATUR	GA	300320000	1111111111	2011-11-11 02:36:55.293	2009-04-25 00:02:00.000	0
3708	CLE	DLY	DOOLY CORRECTIONAL INSTITUTION	P.O. BOX 750	UNADILLA	GA	310910000	1111111111	2011-11-11 02:36:55.293	2009-04-25 00:02:00.000	0
3709	CLE	DMC	DEEP MEADOW CORRECTIONAL CENTER	111	111	VA	1110000	1111111111	2011-11-11 02:36:55.293	2009-04-25 00:02:00.000	1
3710	CLE	DOD	DODGE CORRECTIONAL INSTITUTION	P.O. BOX 276	CHESTER	GA	310120000	1111111111	2011-11-11 02:36:55.293	2009-04-25 00:02:00.000	0
3711	CLE	DPN	DUPLIN CORRECTIONAL CENTER	P O BOX 737	KENANSVILLE	NC	284390000	1111111111	2011-11-11 02:36:55.293	2009-04-25 00:02:00.000	0
3712	CLE	DRA	DRAPER CORRECTIONAL FACILITY	P.O. BOX 1107	ELMORE	AL	360250000	1111111111	2011-11-11 02:36:55.293	2009-04-25 00:02:00.000	0
3713	CLE	DUR	DURHAM CORRECTIONAL  CENTER	BOX 2567 W. DURHAM BRANCH	DURHAM	NC	277050000	1111111111	2011-11-11 02:36:55.293	2009-04-25 00:02:00.000	0
3714	CLE	EAS	EASTERN CORR. INST..	P O  BOX 215	MAURY	NC	285540000	1111111111	2011-11-11 02:36:55.293	2009-04-25 00:02:00.000	0
3715	CLE	EVA	EVANS CORRECTIONAL INSTITUTION	P. O. BOX 2951202	BENNETTSVILLE	SC	295125202	1111111111	2011-11-11 02:36:55.293	2009-04-25 00:02:00.000	0
3716	CLE	FCC	FOUNTAIN CORRECTIONAL CENTER FOR WOMEN	827 FOUNTAIN ROAD	ROCKY MOUNT	NC	278010000	1111111111	2011-11-11 02:36:55.293	2009-04-25 00:02:00.000	0
3717	CLE	FCU	FAIRFAX CORRECTIONAL UNIT #30	P.O. BOX 487	FAIRFAX	VA	220300000		2011-11-11 02:36:55.293	2009-04-25 00:02:00.000	1
3718	CLE	FLU	FLUVANNA CORRECTIONAL CENTER	P.O. BOX 1000	TROY	VA	229740000		2011-11-11 02:36:55.293	2009-04-25 00:02:00.000	1
3719	CLE	FOU	FOUNTAIN CORRECTIONAL CENTER FOR WOMEN	827 FOUNTAIN ROAD	ROCKY MOUNT	NC	278010000	1111111111	2011-11-11 02:36:55.293	2009-04-25 00:02:00.000	0
3720	CLE	FPR	FRANKLIN PRE RELEASE CENTER	P.O. BOX 23651	COLUMBUS	OH	43223	1111111111	2005-04-29 10:45:11.310	2009-04-25 00:02:00.000	1
3721	CLE	FRA	SCI FRACKVILLE	1111 ALTAMONT BLVD.	FRACKVILLE	PA	179310000	1111111111	2011-11-11 02:36:55.293	2009-04-25 00:02:00.000	0
3722	CLE	FRN	FRANKLIN CORRECTIONAL CENTER	P. O. BOX 155	BUNN	NC	275080000	1111111111	2011-11-11 02:36:55.293	2009-04-25 00:02:00.000	0
3723	CLE	GAT	GATES CORRECTIONAL CENTER	RT.1, BOX 84	GATESVILLE	NC	279380000	1111111111	2011-11-11 02:36:55.293	2009-04-25 00:02:00.000	0
3724	CLE	GCC	GASTON CORRECTIONAL CENTER	P O BOX 556	DALLAS	NC	280340000	1111111111	2011-11-11 02:36:55.293	2009-04-25 00:02:00.000	0
3725	CLE	GDB	GEORGIA DIAGNOSTIC & CLASSIFICATION CENTER	P.O.BOX 3877	JACKSON	GA	302330000	1111111111	2011-11-11 02:36:55.293	2009-04-25 00:02:00.000	0
3726	CLE	GFT	GRAFTON CORRECTIONAL INSTITUTION	2500 S. AVON BELDON ROAD	GRAFTON	OH	44044	1111111111	2006-03-14 16:03:56.000	2009-04-25 00:02:00.000	1
3727	CLE	GII	GEORGIA INDUSTRIAL INSTITUTION	P.O. BOX 709	ALTO	GA	305100000	1111111111	2011-11-11 02:36:55.293	2009-04-25 00:02:00.000	0
3728	CLE	GNE	GREENE CORRECTIONL INSTITUTION	111	MAURY	NC	285540000	1111111111	2011-11-11 02:36:55.293	2009-04-25 00:02:00.000	0
3729	CLE	GOO	VIRGINIA CORRECTIONAL CENTER FOR WOMEN	P.O. BOX 1	GOOCHLAND	VA	230630000	1111111111	2011-11-11 02:36:55.293	2009-04-25 00:02:00.000	1
3730	CLE	GRA	C/O SCI GRATERFORD	P O  BOX 244	GRATERFORD	PA	194260000	1111111111	2011-11-11 02:36:55.293	2009-04-25 00:02:00.000	0
3731	CLE	GRE	GREENSVILLE CORRECTIONAL CENTER	1111111111	GREENSVILLE	VA	244400000		2011-11-11 02:36:55.293	2009-04-25 00:02:00.000	1
3732	CLE	GSP	GEORGIA STATE PRISON	STAR ROUTE	REIDSVILLE	GA	304530000	1111111111	2011-11-11 02:36:55.293	2009-04-25 00:02:00.000	0
3733	CLE	HAD	RIVERS CORRECTIONAL INSTITUTION	P. O. BOX 1500	HARDWICK	GA	310340000	1111111111	2011-11-11 02:36:55.293	2009-04-25 00:02:00.000	0
3734	CLE	HAN	HANCOCK CORRECTIONAL INSTITUTION	P.O. BOX 339	SPARTA	GA	310870000	1111111111	2011-11-11 02:36:55.293	2009-04-25 00:02:00.000	0
3735	CLE	HAR	HARNETT CORRECTIONAL INSTITUTION	P. O. BOX 1569	LILLINGTON	NC	275460000	10010001	2011-11-11 02:36:55.293	2009-04-25 00:02:00.000	0
3736	CLE	HAY	HAYS CORRECTIONAL INST	P.O.BOX 668	TRION	GA	307530000	1111111111	2011-11-11 02:36:55.293	2009-04-25 00:02:00.000	0
3737	CLE	HCK	HOCKING CORRECTIONAL FACILITY	16759 SNAKE HOLLOW ROAD	NELSON	OH	11111	1111111111	2005-04-29 10:45:11.310	2009-04-25 00:02:00.000	1
3738	CLE	HCU	HARRISONBURG CORRECTIONAL UNIT #8	RT.2	HARRISONBURG	VA	228010000		2011-11-11 02:36:55.293	2009-04-25 00:02:00.000	1
3739	CLE	HLX	HALIFAX CORRECTION CENTER	P O BOX 448	HALIFAX	NC	278390000		2011-11-11 02:36:55.293	2009-04-25 00:02:00.000	0
3740	CLE	HOK	HOKE CORRECTIONAL INSTITUTION	P. O. BOX 58	MCCAIN	NC	283610000	1111111111	2011-11-11 02:36:55.293	2009-04-25 00:02:00.000	0
3741	CLE	HUN	SCI AT RETREAT	P.O.BOX 500,	HUNLOCK CREEK	PA	186240000	1111111111	2011-11-11 02:36:55.293	2009-04-25 00:02:00.000	0
3742	CLE	HVL	HAYNESVILLE CI	P.O. BOX 129	HAYNESVILLE	VA	224720000		2011-11-11 02:36:55.293	2009-04-25 00:02:00.000	1
3743	CLE	HXU	HALIFAX CORRECTIONAL UNIT #23	BOX 1789	HALIFAX	VA	245580000		2011-11-11 02:36:55.293	2009-04-25 00:02:00.000	1
3744	CLE	HYS	HAYES CORECTIONAL CENTER	P.O. BOX 668	TRION	GA	307530000	1111111111	2011-11-11 02:36:55.293	2009-04-25 00:02:00.000	0
3745	CLE	IFW	NORTH CAROLINA INSTITUTION FOR WOMEN	1034 BRAGG STREET	RALEIGH	NC	276100000	1111111111	2011-11-11 02:36:55.293	2009-04-25 00:02:00.000	0
3746	CLE	INC	INDIAN CREEK CORRECTIONAL FACILITY	801 SANDERSON RD.	CHESAPEAKE	VA	233270000	1111111111	2011-11-11 02:36:55.293	2009-04-25 00:02:00.000	1
3747	CLE	IRE	IREDEL CORRECTIONAL INSTITUTION	P. O. BOX 231	STATESVILLE	NC	286770000	1111111111	2011-11-11 02:36:55.293	2009-04-25 00:02:00.000	0
3748	CLE	JCI	JOHNSON CORRECTIONAL INSTITUTION	P.O. BOX 344	WRIGHTSVILLE	GA	310960000	1111111111	2011-11-11 02:36:55.293	2009-04-25 00:02:00.000	0
3749	CLE	JOH	JOHNSTON CORR. INST	RT. 3 BOX 213	SMITHFIELD	NC	275770000	1111111111	2011-11-11 02:36:55.293	2009-04-25 00:02:00.000	0
3750	CLE	JRC	JAMES RIVER CORRECTIONAL CENTER	STATE FARM	STATE FARM	VA	231600000		2011-11-11 02:36:55.293	2009-04-25 00:02:00.000	1
3751	CLE	JRI	JAMES RIVER CORRECTIONAL CENTER	STATE FARM	STATE FARM	VA	231600000	1111111111	2011-11-11 02:36:55.293	2009-04-25 00:02:00.000	1
3752	CLE	KCI	KIRKLAND CORRECTIONAL INSTITUTION	4344 BROAD RIVER ROAD	COLUMBIA	SC	292100000	1111111111	2011-11-11 02:36:55.293	2009-04-25 00:02:00.000	0
3753	CLE	KIL	AL DEP OF CORR, KILBY CORRECTIONAL INSTITUTE	P.O. BOX 125	MT. MEIGS	AL	360570000	1111111111	2011-11-11 02:36:55.293	2009-04-25 00:02:00.000	0
3754	CLE	KMC	KEENE MOUNTAIN CORRECTIONAL CENTER	1111111111	1111111111	VA	111110000	1111111111	2011-11-11 02:36:55.293	2009-04-25 00:02:00.000	1
3755	CLE	LBR	LIEBER CORRECTIONAL INSTITUTION	P. O. BOX 205	RIDGEVILLE	SC	294720000	1111111111	2011-11-11 02:36:55.293	2009-04-25 00:02:00.000	0
3756	CLE	LCI	LOWNDES CORRECTIONAL INSTITUTE	P. O. BOX 310	VALDOSTA	GA	316010000	1111111111	2011-11-11 02:36:55.293	2009-04-25 00:02:00.000	0
3757	CLE	LEB	LEBANON CORRECTIONAL INSTITUTE	P.O. BOX 56	LEBANON	OH	45036	1111111111	2005-04-29 10:45:11.310	2009-04-25 00:02:00.000	1
3758	CLE	LEC	LAKE ERIE CORRECTIONAL INSTITUTION	501 THOMSPON ROAD	CONNEAUT	OH	44030	1111111111	2005-04-29 10:45:11.310	2009-04-25 00:02:00.000	1
3759	CLE	LEE	LEE CORRECTIONAL INSTITUTE	P. O. BOX 399	LEESBURG	GA	317630000	1111111111	2011-11-11 02:36:55.293	2009-04-25 00:02:00.000	0
3760	CLE	LER	LEROY CORRECTIOAN CENTER	BOX 4128	ASHEBORO	NC	272040000	1111111111	2011-11-11 02:36:55.293	2009-04-25 00:02:00.000	0
3761	CLE	LEW	C/O LEWISBURG	P.O. BOX 1000	LEWISBURG	PA	178370000	1111111111	2011-11-11 02:36:55.293	2009-04-25 00:02:00.000	0
3762	CLE	LIM	LIMESTONE CC	P.O. BOX 66	CAPSHAW	AL	357420000	1111111111	2011-11-11 02:36:55.293	2009-04-25 00:02:00.000	0
3763	CLE	LIN	LINCOLN CORRECTIONAL CENTER	150 PRISON CAMP ROAD	LINCOLNTON	NC	280920000	1111111111	2011-11-11 02:36:55.293	2009-04-25 00:02:00.000	0
3764	CLE	LON	LONDON CORRECTIONAL INSTITUTE	P.O. BOX 69	LONDON	OH	43140	1111111111	2005-04-29 10:45:11.310	2009-04-25 00:02:00.000	1
3765	CLE	LOR	 LORTON CORRECTIONAL FACILITY, DOC	1923 VERMONT AVE, STE N102, NW	WASHINGTON	DC	200010000	2026736569	2011-11-11 02:36:55.293	2009-04-25 00:02:00.000	0
3766	CLE	LRN	LORAIN CORRECTIONAL INSTITUTION	2075 S. AVON-BELDON RD.	GRAFTON	OH	44044	7481049	2006-03-14 16:01:39.000	2009-04-25 00:02:00.000	1
3767	CLE	LUM	LUMBERTON CORRECTIONAL CENTER				0	0	2011-11-11 02:36:55.293	2009-04-25 00:02:00.000	0
3768	CLE	LUN	LUNENBERG CORRECTIONAL CENTER	P.O. BOX Y	VICTORIA	VA	239740650		2011-11-11 02:36:55.293	2009-04-25 00:02:00.000	1
3769	CLE	MAC	MCDOUGAL CORR. INST.	ROUTE 1, BOX 1178	RIDGEVILLE	SC	294720000	1111111111	2011-11-11 02:36:55.293	2009-04-25 00:02:00.000	0
3770	CLE	MAD	MADISON CORRECTIONAL INSTITUTE	1851 STATE RT. 56, PO BOX 740	LONDON	OH	43140	1111111111	2005-04-29 10:51:52.060	2009-04-25 00:02:00.000	1
3771	CLE	MAN	MANNING CORRECTIONAL INSTITUTION	P.O. BOX 3173	COLUMBIA	SC	292030000	1111111111	2011-11-11 02:36:55.293	2009-04-25 00:02:00.000	0
3772	CLE	MAO	CENTRAL CORRECTIONAL INSTITUTE	4600 FULTON MILL ROAD	MACON	GA	312130000	1111111111	2011-11-11 02:36:55.293	2009-04-25 00:02:00.000	0
3773	CLE	MAR	MARION CORRECTIONAL FACILITY	P.O. BOX 57	MARION	OH	43302	1111111111	2005-04-29 10:45:11.310	2009-04-25 00:02:00.000	1
3774	CLE	MAU	EASTERN CORRECTIONAL INSTITUTION	P. O. BOX  215	MAURY	NC	285540000	1111111111	2011-11-11 02:36:55.293	2009-04-25 00:02:00.000	0
3775	CLE	MCC	MCCORMICK CORRECTIONAL INSTITUTION	ROUTE 2, BOX 100	MCCORMIC	SC	298990000	1111111111	2011-11-11 02:36:55.293	2009-04-25 00:02:00.000	0
3776	CLE	MCD	MACDOUGALL CORRECTIONAL INSTITUTION	ROUTE 1, BOX 1178	RIDGESVILLE	SC	294720000	1111111111	2011-11-11 02:36:55.293	2009-04-25 00:02:00.000	0
3777	CLE	MCH	MCCAIN CORRECTIONAL HOSPITAL	P.O. BOX 5118	MCCAIN	NC	283610000		2011-11-11 02:36:55.293	2009-04-25 00:02:00.000	0
3778	CLE	MCK	MECKLENBURG CORRECTIONAL CENTER	P O BOX 685	HUNTERSVILLE	NC	200780000		2011-11-11 02:36:55.293	2009-04-25 00:02:00.000	0
3779	CLE	MCN	MACON CORRECTIONAL INSTITUTION	P.O. BOX 426	OGLETHORPE	GA	310680000	1111111111	2011-11-11 02:36:55.293	2009-04-25 00:02:00.000	0
3780	CLE	MCT	MARION CORRECTIONAL TREATMENT CENTER	P.O. BOX 1027	MARION	VA	243541027		2011-11-11 02:36:55.293	2009-04-25 00:02:00.000	1
3781	CLE	MEN	MEN'S CORRECTIONAL INSTITUTION	P. O. BOX 396	HARDWICK	GA	310340000	1111111111	2011-11-11 02:36:55.293	2009-04-25 00:02:00.000	0
3782	CLE	MET	METRO CORRECTIONAL INSTITUTION	1301 CONSTITUTION ROAD	ATLANTA	GA	303160000	1111111111	2011-11-11 02:36:55.293	2009-04-25 00:02:00.000	0
3783	CLE	MGC	MGCI WOMENS CORRECTIONAL INSTITUTION	P.O. BOX 218	HARDWICK	GA	310340000	1111111111	2011-11-11 02:36:55.293	2009-04-25 00:02:00.000	0
3784	CLE	MNS	MANSFIELD CORRECTIONAL INSTITUTION	P.O. BOX 788	MANSFIELD	OH	44901	1111111111	2005-04-29 10:45:11.310	2009-04-25 00:02:00.000	1
3785	CLE	MON	MONTGOMERY CORRECTIONAL CENTER	P.O. BOX 728	TROY	NC	273710000	1111111111	2011-11-11 02:36:55.293	2009-04-25 00:02:00.000	0
3786	CLE	MOR	MORRISON YOUTH INSTITUTION	P. O. BOX 169	HOFFMAN	NC	283470000	1111111111	2011-11-11 02:36:55.293	2009-04-25 00:02:00.000	0
3787	CLE	NAG	CAMPAMENTO PUNTA LIMA	BOX 36	NAGUABO	PR	7180000	1111111111	2011-11-11 02:36:55.293	2009-04-25 00:02:00.000	0
3788	CLE	NAS	NASH CORRECTIONAL INSTITUTE	ROUTE 2, BOX 29E	NASHVILLE	NC	278560000	1111111111	2011-11-11 02:36:55.293	2009-04-25 00:02:00.000	0
3789	CLE	NCC	N.C. DEPARTMENT OF CORRECTIONS	P. O. BOX 1569	LILLINGTON	NC	275460000	1111111111	2011-11-11 02:36:55.293	2009-04-25 00:02:00.000	0
3790	CLE	NCS	NORTH COAST CORRECTIONAL FACILITY	2000 SOUTH AVON BELDEN ROAD	GRAFTON	OH	44044	1111111111	2005-04-29 10:45:11.327	2009-04-25 00:02:00.000	1
3791	CLE	NCT	NORTH CAROLINA CORRECTIONAL CENTER	1202 SOUTH STATE STREET	RALEIGH	NC	276010000	1111111111	2011-11-11 02:36:55.293	2009-04-25 00:02:00.000	0
3792	CLE	NIC	NOBLE CORRECTIONAL INSTITUTION/15708 ST. ROUTE 78	P.O. BOX 540	CALDWELL	OH	43724	1111111111	2005-04-29 10:45:11.327	2009-04-25 00:02:00.000	1
3793	CLE	NOB	NOBLE CORRECTIONAL INSTITUTE	15708 STATE RT. 78 WEST	CALDWELL	OH	43724	1111111111	2005-04-29 10:45:11.327	2009-04-25 00:02:00.000	1
3794	CLE	NOR	NORTH CENTRAL CORRECTIONAL INSTITUTE	670 MARION-WILLIAMSPORT RD.	MARION	OH	43301	1111111111	2005-04-29 10:45:11.327	2009-04-25 00:02:00.000	1
3795	CLE	NOT	NOTTOWAY CORRECTIONAL CNETER	P.O. BOX 488	BURKEVILLE	VA	239220000	1111111111	2011-11-11 02:36:55.293	2009-04-25 00:02:00.000	1
3796	CLE	NSV	NASH CORRECTIONAL INSTITUTION	ROUTE 2, BOX 29-E	NASHVILLE	NC	278560000	1111111111	2011-11-11 02:36:55.293	2009-04-25 00:02:00.000	0
3797	CLE	OAK	OAKWOOD FORENSIC CENTER DEPT OF MENTAL HEALTH	3200 NORTHWEST STREET	LIMA	OH	45801	1111111111	2005-04-29 10:45:11.327	2009-04-25 00:02:00.000	1
3798	CLE	OCC	OCCOQUAN FACILITY	P.O. B0X 85	LORTON	VA	220790000	1111111111	2011-11-11 02:36:55.293	2009-04-25 00:02:00.000	1
3799	CLE	OCO	OCONEE COUNTY JAIL	OLEC S. CHURCH STREET	WALHALLA	SC	296910000	1111111111	2011-11-11 02:36:55.293	2009-04-25 00:02:00.000	0
3800	CLE	ODO	ODOM CORRECTIONAL INSTITUTION	P. O. BOX 36	JACKSON	NC	278450000	1111111111	2011-11-11 02:36:55.293	2009-04-25 00:02:00.000	0
3801	CLE	OHO	C/O CANDY CAIN	11271 STATE ROUTE 762	ORIENT	OH	43146	1111111111	2005-04-29 10:45:11.327	2009-04-25 00:02:00.000	1
3802	CLE	OHS	OHIO STATE REFORMATORY	P.O. BOX 788	MANSFIELD	OH	44901	1111111111	2005-04-29 10:45:11.327	2009-04-25 00:02:00.000	1
3803	CLE	OHW	OHIO STATE REFORMATORY FOR WOMEN	1479 COLLINS AVENUE	MARYSVILLE	OH	43040	1111111111	2005-04-29 10:45:11.327	2009-04-25 00:02:00.000	1
3804	CLE	ORA	ORANGE CORRECTIONAL CENTER	RT. 3, BOX 4	HILLSBOROUGH	NC	272780000	1111111111	2011-11-11 02:36:55.293	2009-04-25 00:02:00.000	0
3805	CLE	ORI	ORIENT CORRECTIONAL INSTITUTE	P.O. BOX 511	COLUMBUS	OH	43216	1111111111	2005-04-29 10:45:11.327	2009-04-25 00:02:00.000	1
3806	CLE	PCA	POCAHONTAS CORRECTIONAL UNIT #13	6900 COURTHOUSE RD.	CHESTERFIELD	VA	238320000		2011-11-11 02:36:55.293	2009-04-25 00:02:00.000	1
3807	CLE	PEN	PENDER CORRECTIONAL CENTER	P. O. BOX 1058	BURGAW	NC	284250000	1111111111	2011-11-11 02:36:55.293	2009-04-25 00:02:00.000	0
3808	CLE	PET	PETERSBURG FEDERAL CORRECTIONAL INSTITUTE	P.O. BOX 1000	PETERSBURG	VA	238040000	1111111111	2011-11-11 02:36:55.293	2009-04-25 00:02:00.000	1
3809	CLE	PHC	PATRICK HENRY CORRECTIONAL UNIT #28	RT. 2, BOX 1090	RIDGEWAY	VA	241480000		2011-11-11 02:36:55.293	2009-04-25 00:02:00.000	1
3810	CLE	PHI	PHILLIPS CORRECTIONAL INSTITUTION	2989 WEST ROCK QUARRY ROAD	BUFORD	GA	305180000	1111111111	2011-11-11 02:36:55.293	2009-04-25 00:02:00.000	0
3811	CLE	PIC	PICKAWAY CORRECTIONAL INSTITUTION	P.O. BOX 209	ORIENT	OH	43146		2011-11-11 02:36:55.293	2009-04-25 00:02:00.000	1
3812	CLE	PIE	PIEDMONT CORRECTIONAL CENTER	977 CAMP ROAD	SALISBURRY	NC	281440000	1111111111	2011-11-11 02:36:55.293	2009-04-25 00:02:00.000	0
3813	CLE	POL	POLK CORRECRIONAL CENTER	1900 BLUE RIDGE BLVD.	RALEIGH	NC	276070000	1111111111	2011-11-11 02:36:55.293	2009-04-25 00:02:00.000	0
3814	CLE	PON	INSTITUCION REGIONAL DEL SUR	C/O ADM D&R	PONCE	PR	6040000	1111111111	2011-11-11 02:36:55.293	2009-04-25 00:02:00.000	0
3815	CLE	POR	PORTSMOUTH CITY JAIL	701 CRAWFORD ST.	PORTSMOUTH	VA	237040000	1111111111	2011-11-11 02:36:55.293	2009-04-25 00:02:00.000	1
3816	CLE	POW	POWHATAN CORRECTIONAL CENTER	VIRGINIA DEPT OF CORRECTIONS	STATE FARM	VA	231600000		2011-11-11 02:36:55.293	2009-04-25 00:02:00.000	1
3817	CLE	PRC	POWHATAN RECEPTION & CLASSIFICATION CENTER	STATE FARM	STATE FARM	VA	231600000		2011-11-11 02:36:55.293	2009-04-25 00:02:00.000	1
3818	CLE	PRI	ADMINISTRATION OF CORRECTIONS/PUERTO RICO	AVENIDA BARBOSA 306	HATO REY	PR	9170000		2011-11-11 02:36:55.293	2009-04-25 00:02:00.000	0
3819	CLE	PRY	PERRY CORRECTIONAL CENTER	ROUTE 3	PELZER	SC	296690000	1111111111	2011-11-11 02:36:55.293	2009-04-25 00:02:00.000	0
3820	CLE	PUL	PULASKI	P.O. BOX 1188	DUBLIN	VA	240840000	1111111111	2011-11-11 02:36:55.293	2009-04-25 00:02:00.000	1
3821	CLE	PWC	PRINCE WILLIAM COUNTY ADC	9320 LEE AVENUE	MANASSAS	VA	221100000	1111111111	2011-11-11 02:36:55.293	2009-04-25 00:02:00.000	1
3822	CLE	PYO	POLK YOUTH INSTITUTION	1900 BLUE RIDGE ROAD	RALEIGH	NC	276070000		2011-11-11 02:36:55.293	2009-04-25 00:02:00.000	0
3823	CLE	RAN	RANDOLPH CORRECTIONAL INSTITUTION	P. O. BOX 3109	ASHBORO	NC	272040000	1111111111	2011-11-11 02:36:55.293	2009-04-25 00:02:00.000	0
3824	CLE	RCC	RICHMOND CORRECTIONAL CENTER	111	111	VA	1110000	1111111111	2011-11-11 02:36:55.293	2009-04-25 00:02:00.000	1
3825	CLE	RCU	RUSTBURG CORRECTIONAL UNIT #9	P.O. BOX 340	RUSTBURG	VA	245880000		2011-11-11 02:36:55.293	2009-04-25 00:02:00.000	1
3826	CLE	REF	OHIO REFORMATORY FOR WOMEN	1479 COLLINS AVE.	MARYSVILLE	OH	43040	1111111111	2005-04-29 10:45:11.327	2009-04-25 00:02:00.000	1
3827	CLE	RIC	RICHLAND CORRECTIONAL INSTITUTION	1001 OLIVESBURG RD,PO BOX 8107	MANSFIELD	OH	44901	1111111111	2005-04-29 10:51:52.060	2009-04-25 00:02:00.000	1
3828	CLE	RIO	STATE PENITENTIARY	C/O ADM D&R	RIO PIEDRAS	PR	9270000	1111111111	2011-11-11 02:36:55.293	2009-04-25 00:02:00.000	0
3829	CLE	ROB	ROBESON CORRECTIONAL CENTER	P. O. BOC 233	LUMBERTON	NC	283580000	1111111111	2011-11-11 02:36:55.293	2009-04-25 00:02:00.000	0
3830	CLE	ROC	C/O SCI ROCKVIEW	P O BOX A	BELLEFONTE	PA	168230000	1111111111	2011-11-11 02:36:55.293	2009-04-25 00:02:00.000	0
3831	CLE	ROG	ROGERS CORRECTIONAL INSTITUTION	STAR ROUTE BOX 5300	REIDSVILLE	GA	304530000	1111111111	2011-11-11 02:36:55.293	2009-04-25 00:02:00.000	0
3832	CLE	ROS	ROSS CORRECTIONAL INSTITUTE	16149 STATE RT. 104	CHILLICOTHE	OH	45601	1111111111	2005-04-29 10:45:11.327	2009-04-25 00:02:00.000	1
3833	CLE	RTD	RUTHERFORD CORRECTIONAL CENTER	901 LEDBETTER RD.	SPINDALE	NC	281600000	1111111111	2011-11-11 02:36:55.293	2009-04-25 00:02:00.000	0
3834	CLE	RUT	RUTLEDGE COORECTIONAL INSTITUTION	7175 MANOR ROAD	COLUMBUS	GA	319070000	1111111111	2011-11-11 02:36:55.293	2009-04-25 00:02:00.000	0
3835	CLE	SAB	SABANA HOYOS CAMP	SABANA HOYOS	SABANA HOYOS	PR	7480000	1111111111	2011-11-11 02:36:55.293	2009-04-25 00:02:00.000	0
3836	CLE	SAC	SANFORD CORRECTIONAL CENTER	P. O. BOX 2490	SANFORD	NC	273300000	1111111111	2011-11-11 02:36:55.293	2009-04-25 00:02:00.000	0
3837	CLE	SAL	ROWAN CORRECTIONAL CENTER	P. O. 1207	SALISBURY	NC	281450000	1111111111	2011-11-11 02:36:55.293	2009-04-25 00:02:00.000	0
3838	CLE	SAN	SANDHILLS YOUTH CENTER	P. O. BOX 5088	MC. CAIN	NC	283610000	1111111111	2011-11-11 02:36:55.293	2009-04-25 00:02:00.000	0
3839	CLE	SCC	SAMPSON CORRECTIONAL CENTER	120 N.BLVD.	CLINTON	NC	283280000	1111111111	2011-11-11 02:36:55.293	2009-04-25 00:02:00.000	0
3840	CLE	SCT	SCOTT CORRECTIONAL INSTITUTION	P O BOX 417	HARDWICK	GA	310340000	1111111111	2011-11-11 02:36:55.293	2009-04-25 00:02:00.000	0
3841	CLE	SCU	STAFFORD CORRECTIONAL UNIT #21	384 ESKIMO HILL RD.	STAFFORD	VA	225540000		2011-11-11 02:36:55.293	2009-04-25 00:02:00.000	1
3842	CLE	SEA	SOUTHEASTERN CORRECTIONAL INSTITUTION	5900 B.I.S. RD P. O. BOX 200	LANCASTER	OH	43130	1111111111	2005-04-29 10:45:11.327	2009-04-25 00:02:00.000	1
3843	CLE	SFD	SANFORD CORRECTIONAL CENTER	P.O. BOX 2490	SANFORD	NC	273300000	1111111111	2011-11-11 02:36:55.293	2009-04-25 00:02:00.000	0
3844	CLE	SHA	SCI COAL TOWNSHIP	I KELLY DRIVE	SHAMOKIN	PA	178720000		2011-11-11 02:36:55.293	2009-04-25 00:02:00.000	0
3845	CLE	SIT	SOUTHAMPTON INTENSIVE TREATMENT CENTER	RT.1, BOX 17	CAPRON	VA	238290000		2011-11-11 02:36:55.293	2009-04-25 00:02:00.000	1
3846	CLE	SMI	SMITH CORRECTIONAL INSTITUTION	P.O. BOX 726, HWY. 301N	GLENVILLE	GA	304270000	1111111111	2011-11-11 02:36:55.293	2009-04-25 00:02:00.000	0
3847	CLE	SOC	SOUTH CAROLINA DEPT OF CORRECTIONS	4460 BROAD RIVER ROAD	COLUMBIA	SC	292100000	1111111111	2011-11-11 02:36:55.293	2009-04-25 00:02:00.000	0
3848	CLE	SOL	SOUTHERN OHIO CORRECTIONAL FAC. "LUCASVILLE"	P.O. BOX 45699	LUCASVILLE	OH	45699	1111111111	2005-04-29 10:45:11.343	2009-04-25 00:02:00.000	1
3849	CLE	SOT	SOUTHERN CORRECTIONAL INST.	P. O. BOX 786	TROY	NC	273710000	1111111111	2011-11-11 02:36:55.293	2009-04-25 00:02:00.000	0
3850	CLE	SOU	SOUTHAMPTON CORRECTIONAL CENTER	ROUTE 1  BOX 17	CAPRON	VA	238290000	1111111111	2011-11-11 02:36:55.293	2009-04-25 00:02:00.000	1
3851	CLE	SRC	SOUTHAMPTON RECEPTION & CLASSIFICATION CENTER	RT. 1, BOX 17	CAPRON	VA	238290000		2011-11-11 02:36:55.293	2009-04-25 00:02:00.000	1
3852	CLE	STA	STAUNTON CORRECTIONAL CENTER	P.O. BOX 3500	STAUTON	VA	244010000	1111111111	2011-11-11 02:36:55.293	2009-04-25 00:02:00.000	1
3853	CLE	STB	ST. BRIDES CORRECTIONAL CENTER	701 SANDERSON RD.	CHESAPEAKE	VA	233220000	1111111111	2011-11-11 02:36:55.293	2009-04-25 00:02:00.000	1
3854	CLE	SUM	SUMTER CITY CORRECTIONAL INSTITUTION	P.O. BOX 484	AMERICUS	GA	317090000	1111111111	2011-11-11 02:36:55.293	2009-04-25 00:02:00.000	0
3855	CLE	SYL	FCI. SCHYKLILL	P. O. BOX 789	MINERSVILLE	PA	179540000	1111111111	2011-11-11 02:36:55.293	2009-04-25 00:02:00.000	0
3856	CLE	TAZ	TAZEWELL CORRECTIONAL UNIT #31	RT. 3, BOX 472	TAZEWELL	VA	246519720		2011-11-11 02:36:55.293	2009-04-25 00:02:00.000	1
3857	CLE	TCU	TIDEWATER CORRECTIONAL UNIT #22	201 GREENBRIES RD.	CHESAPEAKE	VA	233200000		2011-11-11 02:36:55.293	2009-04-25 00:02:00.000	1
3858	CLE	TEL	TELFAIR CORRECTIONAL INSTITUTION	P.O. BOX 549	HELENA	GA	305180000	1111111111	2011-11-11 02:36:55.293	2009-04-25 00:02:00.000	0
3859	CLE	TIL	TILLERY CORRECTIONAL CENTER	P.O. BOX 222	TILLERY	NC	278870000	1111111111	2011-11-11 02:36:55.293	2009-04-25 00:02:00.000	0
3860	CLE	TOL	TOLEDO CORRECTIONAL INSTITUTION	2001 EAST CENTRAL AVENUE	TOLEDO	OH	43608	1111111111	2005-04-29 10:45:11.343	2009-04-25 00:02:00.000	1
3861	CLE	TRI	TRIANGLE CORRECTIONAL INSTITUTION	1300 WESTERN BLVD.	RALEIGH	NC	276060000	1111111111	2011-11-11 02:36:55.293	2009-04-25 00:02:00.000	0
3862	CLE	TRU	TRUMBAL CORRECTIONAL INSTITUTION	5701 BURNETT ROAD	LEAVITTBURG	OH	44430	1111111111	2005-04-29 10:45:11.343	2009-04-25 00:02:00.000	1
3863	CLE	UMS	UMSTEAD CORRECTIONAL CENTER	P. O. BOX 106	BUTNER	NC	275090000	1111111111	2011-11-11 02:36:55.293	2009-04-25 00:02:00.000	0
3864	CLE	VAN	VANCE CORRECTIONAL INSTITUTION	ROUTE 9, BOX 201	HENDERSON	NC	275360000	1111111111	2011-11-11 02:36:55.293	2009-04-25 00:02:00.000	0
3865	CLE	VCI	VALDOSTA CORRECTIONAL INSTITUTION	P. O. BOX 310	VALDOSTA	GA	316030000	1111111111	2011-11-11 02:36:55.293	2009-04-25 00:02:00.000	0
3866	CLE	VCW	VIRGINIA CORRECTIONAL CENTER FOR WOMEN	P.O. BOX 1	GOOCHLAND	VA	230630000		2011-11-11 02:36:55.293	2009-04-25 00:02:00.000	1
3867	CLE	VSP	VIRGINIA STATE PENITENTIARY	500 SPRING STREET	RICHMOND	VA	232191111	1111111111	2011-11-11 02:36:55.293	2009-04-25 00:02:00.000	1
3868	CLE	WAK	WAKE CORRECTIONAL CENTER	1000 ROCK QUARY ROAD	RALEIGH	NC	276100000	1111111111	2011-11-11 02:36:55.293	2009-04-25 00:02:00.000	0
3869	CLE	WAL	WALKER CORRECTIONAL INSTITUTION	P. O. BOX 98	ROCKSPRING	GA	307390000	1111111111	2011-11-11 02:36:55.293	2009-04-25 00:02:00.000	0
3870	CLE	WAR	WARE CORRECTIONAL INSTITUTION	3620 NORTH HARRIS ROAD	WAYCROSS	GA	315010000	1111111111	2011-11-11 02:36:55.293	2009-04-25 00:02:00.000	0
3871	CLE	WAT	WATERBEE CORRECTIONAL INSTITUTION	P. O. BOX 189	REMBERT	SC	291280189	1111111111	2011-11-11 02:36:55.293	2009-04-25 00:02:00.000	0
3872	CLE	WAY	SCI WAYMART	P. O. BOX 256	WAYMART	PA	184720256	1111111111	2011-11-11 02:36:55.293	2009-04-25 00:02:00.000	0
3873	CLE	WCC	WOMEN'S CORRECTIONAL INSTITUTION	4450 BROAD RIVER RD.	COLUMBIA	SC	292100000	1111111111	2011-11-11 02:36:55.293	2009-04-25 00:02:00.000	0
3874	CLE	WCI	WOMRN'S CORRECTIONAL INSTITUTION	P.O.BOX 218	HARDWICK	GA	310340000	1111111111	2011-11-11 02:36:55.293	2009-04-25 00:02:00.000	0
3875	CLE	WCU	WHITE POST CORRECTIONAL UNIT #7	P.O. BOX 160	WHITE POST	VA	226630000		2011-11-11 02:36:55.293	2009-04-25 00:02:00.000	1
3876	CLE	WDC	WILLIAM DONALDSON CORRECTIONAL FACILITY	100 WARRIOR LANE	BESSEMER	AL	350230000	1111111111	2011-11-11 02:36:55.293	2009-04-25 00:02:00.000	0
3877	CLE	WES	WESTERN YOUTH INSTITUTION	P. O. BOX 1439	MORGANTON	NC	282400000	1111111111	2011-11-11 02:36:55.293	2009-04-25 00:02:00.000	0
3878	CLE	WHI	WHITEVILLE PRISON UNIT	P. O. BOX 8	BRUNSWICK	NC	284240000	1111111111	2011-11-11 02:36:55.293	2009-04-25 00:02:00.000	0
3879	CLE	WHP	WHITE POST CORRECTIONAL UNIT	P.O. BOX 160	WHITE POST	VA	226630160		2011-11-11 02:36:55.293	2009-04-25 00:02:00.000	1
3880	CLE	WIL	WILCOX C.I.	472 S. BROAD ST	ABBEVILLE	GA	310010000		2011-11-11 02:36:55.293	2009-04-25 00:02:00.000	0
3881	CLE	WNE	WAYNE CORRECTIONAL	1007 SHED ROAD	ODUM	GA	315550000	1111111111	2011-11-11 02:36:55.293	2009-04-25 00:02:00.000	0
3882	CLE	WOM	NC CORR. INSTITUTION FOR WOMEN	1034 BRAGG STREET	RALEIGH	NC	276100000	1111111111	2011-11-11 02:36:55.293	2009-04-25 00:02:00.000	0
3883	CLE	WRE	WATEREE RIVER C.I.	POST OFFICE BOX 189	REMBERT	SC	291280189	1111111111	2011-11-11 02:36:55.293	2009-04-25 00:02:00.000	0
3884	CLE	WSE	WISE CORRECTIONAL UNIT #18	DRAWER E	COEBURN	VA	242300150		2011-11-11 02:36:55.293	2009-04-25 00:02:00.000	1
3885	CLE	WSH	WASHINGTON CORRECTIONAL INSTITUTE	P.O. BOX 206	DAVISBORO	GA	310180206	1111111111	2011-11-11 02:36:55.293	2009-04-25 00:02:00.000	0
3886	CLE	YAD	YSDKIN CORRECTIONALCENTER	RT. 2, BOX 523-B	YADKINVILLE	NC	270550000	1111111111	2011-11-11 02:36:55.293	2009-04-25 00:02:00.000	0
3887	CLE	YDC	YOUTH CENTER, DISTRICT OF COLUMBIA	1111111111	WASHINGTON	DC	111111111	1111111111	2011-11-11 02:36:55.293	2009-04-25 00:02:00.000	0
3888	CLE	YKN	YADKIN CORRECTIONAL CENTER	CALLER 525 SHACKTOWN ROAD	YADKINVILLE	NC	270550000	1111111111	2011-11-11 02:36:55.293	2009-04-25 00:02:00.000	0
3889	LOS	TIP	TERMINAL ISLAND FEDRAL CORRECTIONAL INSTITUTION   	1299 SEASIDE AVENUE           	SAN PEDRO      	CA	907310000		2006-06-15 21:34:36.170	2009-05-30 00:02:00.000	1
3890	BOS	SBC	SOUZA-BARANOWSKI CORRECTIONS CENTER	P.O. BOX 8000	SHIRLEY	MA	01464	9785146500	2009-06-01 10:29:16.000	2009-06-01 10:29:16.000	1
3891	BOS	NNH	NORTHERN NH CORRECTIONAL	138 EAST MILAN ROAD	BERLIN	NH	03570	6037522906	2009-07-10 11:36:46.000	2009-07-10 11:36:46.000	1
3892	DET	MAX	MAXEY CORRECTIONAL FACILITY	9036 E. M-36	WHITMORE LAKE	MI	48186	7344494422	2009-07-14 09:32:51.000	2009-07-14 09:32:51.000	1
3893	DET	PIN	PINE RIVER CORRECTIONAL FACILITY	320 N. HUBBARD	ST. LOUIS	MI	48880	9896816668	2009-07-14 09:35:08.000	2009-07-14 09:35:08.000	1
3894	NEW	UCC	UNION COUNTY JUVENILE DETENTION CENTER	1075 EDWARD STREET	LINDEN	NJ	07036		2009-07-15 15:46:51.000	2009-07-15 15:46:51.000	1
3895	ELZ	CCJ	CAMDEN COUNTY JAIL                                	330 FEDERAL STREET            	CAMDEN         	NJ	081010000		2007-06-09 09:07:25.090	2009-08-09 00:02:00.000	1
3896	ELZ	CRA	CENTRAL RECEPTION & ASSIGNMENT FACILITY           	P.O. BOX 7450 STUYVESANT AVE. 	WEST TRENTON   	NJ	086280000		2007-06-09 09:07:25.090	2009-08-09 00:02:00.000	1
3897	ELZ	ECJ	Essex County Jail	354 Doremus Avenue	Newark	NJ	07105		2008-08-12 10:07:26.250	2009-08-09 00:02:00.000	1
3898	ELZ	HCJ	HUDSON COUNTY JAIL	35 HACKENSACK AVE.	KEARNY	NJ	073020000		2009-05-18 14:14:48.000	2009-08-09 00:02:00.000	1
3899	ELZ	MCC	MONMOUTH COUNTY JAIL                              	1 WATERWORKS ROAD             	FREEHOLD       	NJ	077280000		2007-06-09 09:07:25.090	2009-08-09 00:02:00.000	1
3900	ELZ	MCJ	MIDDLESEX COUNTY JAIL                             	ROUTE 130 NORTH               	NORTH BRUNSWICK	NJ	089020000		2007-06-09 09:07:25.090	2009-08-09 00:02:00.000	1
3901	ELZ	RIS	RIKERS ISLAND GMDC                                	15-15 HAZEN STREET            	E. ELMHURST    	NY	113700000		2007-06-09 09:07:25.090	2009-08-09 00:02:00.000	1
3902	ELZ	SCJ	SUSSEX COUNTY JAIL                                	41 HIGH STREET                	NEWTON         	NJ	078600000		2007-06-09 09:07:25.090	2009-08-09 00:02:00.000	1
3903	ELZ	SWO	SOUTHWOODS STATE PRISON                           	215 BURLINGTON ROAD SOUTH     	BRIDGETON      	NJ	083020000		2007-06-09 09:07:25.090	2009-08-09 00:02:00.000	1
3904	ELZ	ACW	A.C. WAGNER YOUTH CORRECTIONAL FACILITY	P.O. BOX 500	BORDENTOWN	NJ	08505		2009-02-12 10:16:33.000	2009-08-09 00:02:00.000	1
3905	ELZ	UCC	UNION COUNTY JUVENILE DETENTION CENTER	1075 EDWARD STREET	LINDEN	NJ	07036		2009-07-15 15:46:51.000	2009-08-09 00:02:00.000	1
3906	ELZ	GSF	Garden State Youth Correction Facility	P.O. BOX 861	Trenton	NJ	08625		2009-09-29 14:07:37.000	2009-09-29 14:07:37.000	1
3907	NEW	GSF	Garden State Youth Correction Facility	P.O. BOX 861	Trenton	NJ	08625		2009-10-21 09:40:51.000	2009-10-21 09:40:51.000	1
3908	SDC	AIK	AIKEN CORRECTIONAL CENTER                         	P. O. BOX 2249                	AIKEN          	SC	298010000	1111111111	2007-07-14 12:59:52.060	2010-01-09 00:02:00.000	1
3909	SDC	ALA	KILBY CORRECTIONS FACILITY                        	P. O. BOX 125                 	MT. MEIGS      	AL	360570000	1111111111	2007-07-14 12:59:52.060	2010-01-09 00:02:00.000	1
3910	SDC	ALB	ALBANY TRANSITIONAL CENTER                        	304 N. WASHINGTON             	ALBANY         	GA	317010000	1111111111	2007-07-14 12:59:52.060	2010-01-09 00:02:00.000	1
3911	SDC	ALD	ALDERSON FEDERAL CORRECTIONAL INSTITUTE           	P.O. BOX B                    	ALDERSON       	WV	249100000	89243236	2007-07-14 12:59:52.060	2010-01-09 00:02:00.000	1
3912	SDC	ALL	ALLENDALE CORRECTIONAL INSTITUTION                	HIGHWAY 47                    	FAIRFAX        	SC	298270000	1111111111	2007-07-14 12:59:52.060	2010-01-09 00:02:00.000	1
3913	SDC	ALW	LFCI ALLENWOOD                                    	P. O. BOX 1500                	WHITE DEER     	PA	178870000		2007-07-14 12:59:52.060	2010-01-09 00:02:00.000	1
3914	SDC	AND	ANDERSON COUNTY DETENTION CENTER                  	1009 COUNTY HOME RD.          	ANDERSON       	SC	296250000	1111111111	2007-07-14 12:59:52.060	2010-01-09 00:02:00.000	1
3915	SDC	ANS	ANSON CORRECTIONAL CENTER                         	P.O. BOX 160-C, RT. 1         	POLKTON        	NC	286350000	1111111111	2007-07-14 12:59:52.060	2010-01-09 00:02:00.000	1
3916	SDC	ARR	ARRENDALE C.I.,                                   	P.O.BOX 709                   	ALTO           	GA	305100000	1111111111	2007-07-14 12:59:52.060	2010-01-09 00:02:00.000	1
3917	SDC	AUG	AUGUSTA                                           	P.O. BOX 1000                 	CRAIGVILLE     	VA	244300000	1111111111	2007-07-14 12:59:52.060	2010-01-09 00:02:00.000	1
3918	SDC	AUT	AUTRY CORRECTIONAL INSTITUTION                    	POST OFFICE BOX 648           	PELHAM         	GA	317790000	1111111111	2007-07-14 12:59:52.060	2010-01-09 00:02:00.000	1
3919	SDC	BAS	BASKERVILLE CORRECTIONAL UNIT                     	RT. 1, BOX 65                 	BASKERVILLE    	VA	239150000	1111111111	2007-07-14 12:59:52.060	2010-01-09 00:02:00.000	1
3920	SDC	BAY	BAYAMON REGIONAL JAIL                             	1072                          	BAYAMON        	PR	006190000	1111111111	2007-07-14 12:59:52.060	2010-01-09 00:02:00.000	1
3921	SDC	BBW	BLACK BLUFF WARDEN                                	329 BLACK BLUFF ROAD, S.W.    	ROME           	GA	301610000	1111111111	2007-07-14 12:59:52.060	2010-01-09 00:02:00.000	1
3922	SDC	BCI	BURESS C.I.                                       	1000 INDIAN SPRINGS DRIVE     	FORSYTH        	GA	310290000	1111111111	2007-07-14 12:59:52.060	2010-01-09 00:02:00.000	1
3923	SDC	BCN	BLANCH YOUTH INSTITUTION                          	2061 HIGH ROCK SCHOOL ROAD    	BLANCH         	NC	272120000	1111111111	2007-07-14 12:59:52.060	2010-01-09 00:02:00.000	1
3924	SDC	BDR	BROAD RIVER CORRECTIONAL INSTITUTION              	4460 BROAD RIVER ROAD         	COLUMBIA       	SC	292100000	1111111111	2007-07-14 12:59:52.060	2010-01-09 00:02:00.000	1
3925	SDC	BLA	BLAND CORRECTIONAL CENTER                         	RT. 2, BOX 111                	BLAND          	VA	243159616	1111111111	2007-07-14 12:59:52.060	2010-01-09 00:02:00.000	1
3926	SDC	BOS	BOSTICK CORRECTIONAL INSTITUTION                  	P.O. 1700                     	HARDWICK       	GA	310340000	1111111111	2007-07-14 12:59:52.060	2010-01-09 00:02:00.000	1
3927	SDC	BOT	BOTECOURT CORRECTIONAL FACILITY                   	TROUTVILLE                    	TROUTVILLE     	VA	241750000		2007-07-14 12:59:52.060	2010-01-09 00:02:00.000	1
3928	SDC	BRE	BROAD RIVER RECEPTION AND EVALUTION CENTER        	4464 BROAD RIVER ROAD         	COLUMBIA       	SC	292100000	1111111111	2007-07-14 12:59:52.060	2010-01-09 00:02:00.000	1
3929	SDC	BRO	BROWN CREEK CORRECTION CENTER                     	P.O. BOX 310                  	POLKTON        	NC	281350000	1111111111	2007-07-14 12:59:52.060	2010-01-09 00:02:00.000	1
3930	SDC	BRS	AL BURRIS CORRECTIONAL INSTITUTION                	P.O. BOX 5849                 	FORSYTH        	GA	310290000	1111111111	2007-07-14 12:59:52.060	2010-01-09 00:02:00.000	1
3931	SDC	BTN	FCI BUTNER                                        	P.O. BOX 1000                 	BUTNER         	NC	275091000	1111111111	2007-07-14 12:59:52.060	2010-01-09 00:02:00.000	1
3932	SDC	BUC	BUCKINGHAM CORRECTIONAL CENTER                    	P.O. BOX 430                  	DILLWYN        	VA	239360000		2007-07-14 12:59:52.060	2010-01-09 00:02:00.000	1
3933	SDC	BUL	BULLOCK COUNTY CORRECTIONAL INSTITUTION           	17301 HWY 301 NORTH, BLDG #209	STATESBORO     	GA	304580000	1111111111	2007-07-14 12:59:52.060	2010-01-09 00:02:00.000	1
3934	SDC	BUR	BURKEVILLE                                        	1111111111                    	1111111111     	VA	111111111	1111111111	2007-07-14 12:59:52.060	2010-01-09 00:02:00.000	1
3935	SDC	BUT	LSCI BUTNER                                       	POST OFFICE BOX 999           	BUTNER         	NC	275090000	1111111111	2007-07-14 12:59:52.060	2010-01-09 00:02:00.000	1
3936	SDC	BWN	BALDWIN CORRECTIONAL INSTITUTE                    	P.O. BOX 218                  	HARDWICK       	GA	304630000	1111111111	2007-07-14 12:59:52.060	2010-01-09 00:02:00.000	1
3937	SDC	CAB	CABARRUS CORRECTIONAL CENTER                      	P.O. BOX 158                  	MT. PLEASANT   	NC	281240000	1111111111	2007-07-14 12:59:52.060	2010-01-09 00:02:00.000	1
3938	SDC	CAL	CALEDONIA CORRECTIONAL CORRECTIONS                	P. O. BOX 137                 	TILLARY        	NC	278870000	1111111111	2007-07-14 12:59:52.060	2010-01-09 00:02:00.000	1
3939	SDC	CAM	C/O SCI CAMP HILL                                 	P O  BOX 8837                 	CAMP HILL      	PA	170118370	1111111111	2007-07-14 12:59:52.060	2010-01-09 00:02:00.000	1
3940	SDC	CAR	CAROLINE CORRECTIONAL UNIT NUMBER TWO             	ROUTE 1 BOX 79                	HANOVER        	VA	230691111	1111111111	2007-07-14 12:59:52.060	2010-01-09 00:02:00.000	1
3941	SDC	CAS	CASWELL CORR CTR                                  	BOX 217                       	YANCEYVILLE    	NC	273790000	1111111111	2007-07-14 12:59:52.060	2010-01-09 00:02:00.000	1
3942	SDC	CAT	CARTERET CORRECTIONAL CENTER                      	P. O. BOX 220                 	NEWPORT        	NC	285700000	1111111111	2007-07-14 12:59:52.060	2010-01-09 00:02:00.000	1
3943	SDC	CAW	CATAWBA CORRECTIONAL CENTER                       	1347 PRISON CAMP RD.          	NEWTON         	NC	286580000	1111111111	2007-07-14 12:59:52.060	2010-01-09 00:02:00.000	1
3944	SDC	CCC	COLUMBUS CORRECTIONAL CENTER                      	P.O. BOX 8                    	BRUNSWICK      	NC	284240000	1111111111	2007-07-14 12:59:52.060	2010-01-09 00:02:00.000	1
3945	SDC	CCI	CENTRAL CORRECTIONAL INSTITUTION                  	P.O.BOX11158,CAPITOL STA-A    	COLUMBIA       	SC	292110000	1111111111	2007-07-14 12:59:52.060	2010-01-09 00:02:00.000	1
3946	SDC	CEP	CENTRAL PRISON                                    	1300 WESTERN BLVD.            	RALEIGH        	NC	276030000	10010001	2007-07-14 12:59:52.060	2010-01-09 00:02:00.000	1
3947	SDC	CHA	CHARLOTTE CORRECTIONAL CENTER                     	POST OFFICE BOX 668327        	CHARLOTTE      	NC	282660000		2007-07-14 12:59:52.060	2010-01-09 00:02:00.000	1
3948	SDC	CHN	CALHOUN CORRECTIONAL INSTITUTION                  	P.O. BOX 249                  	MORGAN         	GA	317660000	1111111111	2007-07-14 12:59:52.060	2010-01-09 00:02:00.000	1
3949	SDC	CIR	CARROLL C.I.                                      	96 HORSLEY MILL RD.           	CARROLLTON     	GA	301170000	1111111111	2007-07-14 12:59:52.060	2010-01-09 00:02:00.000	1
3950	SDC	CLA	CLAYTON COUNTY CORRECTIONAL INSTITUTION           	11420 S.L.R. BLVD.            	LOVEJOY        	GA	302500000	1111111111	2007-07-14 12:59:52.060	2010-01-09 00:02:00.000	1
3951	SDC	COA	COASTAL CORRECTIONAL INATITUTION                  	P. O. BOX 7150                	GARDEN CITY    	GA	310480000	1111111111	2007-07-14 12:59:52.060	2010-01-09 00:02:00.000	1
3952	SDC	COB	COBB COUNTY CORRECTIONAL INSTITUTION              	1877 COUNTY FARM ROAD         	MARIETTA       	GA	300600000		2007-07-14 12:59:52.060	2010-01-09 00:02:00.000	1
3953	SDC	CRA	CRAGGY CORRECTIONAL CENTER                        	P. O. BOX 8909                	ASHEVILLE      	NC	288140000	1111111111	2007-07-14 12:59:52.060	2010-01-09 00:02:00.000	1
3954	SDC	CRE	STATE CORRECTIONAL INSTITUTION                    	DRAWER A, OLD ROUTE 22        	CRESSON        	PA	166300000	1111111111	2007-07-14 12:59:52.060	2010-01-09 00:02:00.000	1
3955	SDC	CRO	CROSS ANCHOR CORR. INST                           	RT-1,BOX 322-C                	ENOREE         	SC	293350000	1111111111	2007-07-14 12:59:52.060	2010-01-09 00:02:00.000	1
3956	SDC	CTF	DC DOC, CORRECTIONAL TREATMENT FACILITY           	1900 "E" ST., S.E.            	WASHINGTON     	DC	200190000		2007-07-14 12:59:52.060	2010-01-09 00:02:00.000	1
3957	SDC	CUR	CURRITUK CORRECTIONAL CENTER                      	BOX 14                        	MAPLE          	NC	284240000	1111111111	2007-07-14 12:59:52.060	2010-01-09 00:02:00.000	1
3958	SDC	DAL	C/O WARDEN                                        	SCI DALLAS                    	DALLAS         	PA	186120000	1111111111	2007-07-14 12:59:52.060	2010-01-09 00:02:00.000	1
3959	SDC	DAV	DAVIE CORRECTIONAL CENTER                         	RT #1 BOX 403                 	MOCKSVILLE     	NC	270280000	1111111111	2007-07-14 12:59:52.060	2010-01-09 00:02:00.000	1
3960	SDC	DCH	DUTCHMAN CORRECTIONAL INSTITUTION                 	200 PRISON ROAD               	ENOREE         	SC	293350000		2007-07-14 12:59:52.060	2010-01-09 00:02:00.000	1
3961	SDC	DCJ	DC DEPARTMENT OF CORRECTIONS                      	1901 "D" ST., S.E.            	WASHINGTON     	DC	200030000	1111111111	2007-07-14 12:59:52.060	2010-01-09 00:02:00.000	1
3962	SDC	DCT	DARE COUNTY DETENTION FACILITY                    	1044 DRIFTWOOD DRIVE          	MANTEO         	NC	279540000	1111111111	2007-07-14 12:59:52.060	2010-01-09 00:02:00.000	1
3963	SDC	DEE	DEERFIELD CORRECTIONAL CENTER                     	ROUTE 1  BOX 22               	CAPRON         	VA	238290000	1111111111	2007-07-14 12:59:52.060	2010-01-09 00:02:00.000	1
3964	SDC	DIL	DILLWYN CORRECTIONAL FACILITY                     	P.O. BOX 670                  	DILLWYN        	VA	239360000	1111111111	2007-07-14 12:59:52.060	2010-01-09 00:02:00.000	1
3965	SDC	DKB	DEKALB COUNTY JAIL                                	3630 CAMP CIRCLE              	DECATUR        	GA	300320000	1111111111	2007-07-14 12:59:52.060	2010-01-09 00:02:00.000	1
3966	SDC	DLY	DOOLY CORRECTIONAL INSTITUTION                    	P.O. BOX 750                  	UNADILLA       	GA	310910000	1111111111	2007-07-14 12:59:52.060	2010-01-09 00:02:00.000	1
3967	SDC	DMC	DEEP MEADOW CORRECTIONAL CENTER                   	111                           	111            	VA	001110000	1111111111	2007-07-14 12:59:52.060	2010-01-09 00:02:00.000	1
3968	SDC	DOD	DODGE CORRECTIONAL INSTITUTION                    	P.O. BOX 276                  	CHESTER        	GA	310120000	1111111111	2007-07-14 12:59:52.060	2010-01-09 00:02:00.000	1
3969	SDC	DPN	DUPLIN CORRECTIONAL CENTER                        	P O BOX 737                   	KENANSVILLE    	NC	284390000	1111111111	2007-07-14 12:59:52.060	2010-01-09 00:02:00.000	1
3970	SDC	DPR	DRAPER CORRECTIONAL FACILITY                      	POST OFFICE BOX 1107          	ELMORE         	AL	360250000		2007-07-14 12:59:52.060	2010-01-09 00:02:00.000	1
3971	SDC	DRA	DRAPER CORRECTIONAL FACILITY                      	P.O. BOX 1107                 	ELMORE         	AL	360250000	1111111111	2007-07-14 12:59:52.060	2010-01-09 00:02:00.000	1
3972	SDC	DUR	DURHAM CORRECTIONAL  CENTER                       	BOX 2567 W. DURHAM BRANCH     	DURHAM         	NC	277050000	1111111111	2007-07-14 12:59:52.060	2010-01-09 00:02:00.000	1
3973	SDC	EAS	EASTERN CORR. INST..                              	P O  BOX 215                  	MAURY          	NC	285540000	1111111111	2007-07-14 12:59:52.060	2010-01-09 00:02:00.000	1
3974	SDC	EVA	EVANS CORRECTIONAL INSTITUTION                    	P. O. BOX 2951202             	BENNETTSVILLE  	SC	295125202	1111111111	2007-07-14 12:59:52.060	2010-01-09 00:02:00.000	1
3975	SDC	FCC	FOUNTAIN CORRECTIONAL CENTER FOR WOMEN            	827 FOUNTAIN ROAD             	ROCKY MOUNT    	NC	278010000	1111111111	2007-07-14 12:59:52.060	2010-01-09 00:02:00.000	1
3976	SDC	FLO	FLOYD COUNTY CORRECTIONAL INSTITUTION             	329 BLACK BUFF RD., S.W.      	ROME           	GA	301610000	1111111111	2007-07-14 12:59:52.060	2010-01-09 00:02:00.000	1
3977	SDC	FOO	FOOTHILLS CORRECTIONAL INSTITUTION                	5150 WESTERN AVENUE           	MORGANTON      	NC	286550000		2007-07-14 12:59:52.060	2010-01-09 00:02:00.000	1
3978	SDC	FOR	FORSYTH COUNTY DETENTION CENTER                   	201 NORTH CHURCH ST.          	WINSTON-SALEM  	NC	271010000	1111111111	2007-07-14 12:59:52.060	2010-01-09 00:02:00.000	1
3979	SDC	FOU	FOUNTAIN CORRECTIONAL CENTER FOR WOMEN            	827 FOUNTAIN ROAD             	ROCKY MOUNT    	NC	278010000	1111111111	2007-07-14 12:59:52.060	2010-01-09 00:02:00.000	1
3980	SDC	FRA	SCI FRACKVILLE                                    	1111 ALTAMONT BLVD.           	FRACKVILLE     	PA	179310000	1111111111	2007-07-14 12:59:52.060	2010-01-09 00:02:00.000	1
3981	SDC	FRN	FRANKLIN CORRECTIONAL CENTER                      	P. O. BOX 155                 	BUNN           	NC	275080000	1111111111	2007-07-14 12:59:52.060	2010-01-09 00:02:00.000	1
3982	SDC	GAT	GATES CORRECTIONAL CENTER                         	RT.1, BOX 84                  	GATESVILLE     	NC	279380000	1111111111	2007-07-14 12:59:52.060	2010-01-09 00:02:00.000	1
3983	SDC	GCC	GASTON CORRECTIONAL CENTER                        	P O BOX 556                   	DALLAS         	NC	280340000	1111111111	2007-07-14 12:59:52.060	2010-01-09 00:02:00.000	1
3984	SDC	GDB	GEORGIA DIAGNOSTIC & CLASSIFICATION CENTER        	P.O.BOX 3877                  	JACKSON        	GA	302330000	1111111111	2007-07-14 12:59:52.060	2010-01-09 00:02:00.000	1
3985	SDC	GDC	GEORGIA DEPARTMENT OF CORRECTIONS                 	#2 MLK JR DR EAST TOWER 6TH FL	ATLANTA        	GA	303340000		2007-07-14 12:59:52.060	2010-01-09 00:02:00.000	1
3986	SDC	GEO	GEORGIA DIAGNOSTIC & CLASSIFICATION CENTER        	POST OFFICE BOX 3877          	JACKSON        	GA	302330000		2007-07-14 12:59:52.060	2010-01-09 00:02:00.000	1
3987	SDC	GII	GEORGIA INDUSTRIAL INSTITUTION                    	P.O. BOX 709                  	ALTO           	GA	305100000	1111111111	2007-07-14 12:59:52.060	2010-01-09 00:02:00.000	1
3988	SDC	GNE	GREENE CORRECTIONL INSTITUTION                    	111                           	MAURY          	NC	285540000	1111111111	2007-07-14 12:59:52.060	2010-01-09 00:02:00.000	1
3989	SDC	GOO	VIRGINIA CORRECTIONAL CENTER FOR WOMEN            	P.O. BOX 1                    	GOOCHLAND      	VA	230630000	1111111111	2007-07-14 12:59:52.060	2010-01-09 00:02:00.000	1
3990	SDC	GRA	C/O SCI GRATERFORD                                	P O  BOX 244                  	GRATERFORD     	PA	194260000	1111111111	2007-07-14 12:59:52.060	2010-01-09 00:02:00.000	1
3991	SDC	GRE	GREENSVILLE CORRECTIONAL CENTER                   	1111111111                    	GREENSVILLE    	VA	244400000		2007-07-14 12:59:52.060	2010-01-09 00:02:00.000	1
3992	SDC	GSP	GEORGIA STATE PRISON                              	STAR ROUTE                    	REIDSVILLE     	GA	304530000	1111111111	2007-07-14 12:59:52.060	2010-01-09 00:02:00.000	1
3993	SDC	HAD	RIVERS CORRECTIONAL INSTITUTION                   	P. O. BOX 1500                	HARDWICK       	GA	310340000	1111111111	2007-07-14 12:59:52.060	2010-01-09 00:02:00.000	1
3994	SDC	HAN	HANCOCK CORRECTIONAL INSTITUTION                  	P.O. BOX 339                  	SPARTA         	GA	310870000	1111111111	2007-07-14 12:59:52.060	2010-01-09 00:02:00.000	1
3995	SDC	HAR	HARNETT CORRECTIONAL INSTITUTION                  	P. O. BOX 1569                	LILLINGTON     	NC	275460000	10010001	2007-07-14 12:59:52.060	2010-01-09 00:02:00.000	1
3996	SDC	HAY	HAYS CORRECTIONAL INST                            	P.O.BOX 668                   	TRION          	GA	307530000	1111111111	2007-07-14 12:59:52.060	2010-01-09 00:02:00.000	1
3997	SDC	HLX	HALIFAX CORRECTION CENTER                         	P O BOX 448                   	HALIFAX        	NC	278390000		2007-07-14 12:59:52.060	2010-01-09 00:02:00.000	1
3998	SDC	HOK	HOKE CORRECTIONAL INSTITUTION                     	P. O. BOX 58                  	MCCAIN         	NC	283610000	1111111111	2007-07-14 12:59:52.060	2010-01-09 00:02:00.000	1
3999	SDC	HRS	HARRIS COUNTY C.I.                                	9982 HIGHWAY 116              	HAMILTON       	GA	318110000	1111111111	2007-07-14 12:59:52.060	2010-01-09 00:02:00.000	1
4000	SDC	HUN	SCI AT RETREAT                                    	P.O.BOX 500,                  	HUNLOCK CREEK  	PA	186240000	1111111111	2007-07-14 12:59:52.060	2010-01-09 00:02:00.000	1
4001	SDC	HVL	HAYNESVILLE CI                                    	P.O. BOX 129                  	HAYNESVILLE    	VA	224720000		2007-07-14 12:59:52.060	2010-01-09 00:02:00.000	1
4002	SDC	HYS	HAYES CORECTIONAL CENTER                          	P.O. BOX 668                  	TRION          	GA	307530000	1111111111	2007-07-14 12:59:52.060	2010-01-09 00:02:00.000	1
4003	SDC	IFW	NORTH CAROLINA INSTITUTION FOR WOMEN              	1034 BRAGG STREET             	RALEIGH        	NC	276100000	1111111111	2007-07-14 12:59:52.060	2010-01-09 00:02:00.000	1
4004	SDC	INC	INDIAN CREEK CORRECTIONAL FACILITY                	801 SANDERSON RD.             	CHESAPEAKE     	VA	233270000	1111111111	2007-07-14 12:59:52.060	2010-01-09 00:02:00.000	1
4005	SDC	IRE	IREDEL CORRECTIONAL INSTITUTION                   	P. O. BOX 231                 	STATESVILLE    	NC	286770000	1111111111	2007-07-14 12:59:52.060	2010-01-09 00:02:00.000	1
4006	SDC	JAC	JACKSON COUNTY C.I.                               	255 CURTIS SPENCE DR.         	JEFFERSON      	GA	305490000	1111111111	2007-07-14 12:59:52.060	2010-01-09 00:02:00.000	1
4007	SDC	JCI	JOHNSON CORRECTIONAL INSTITUTION                  	P.O. BOX 344                  	WRIGHTSVILLE   	GA	310960000	1111111111	2007-07-14 12:59:52.060	2010-01-09 00:02:00.000	1
4008	SDC	JOH	JOHNSTON CORR. INST                               	RT. 3 BOX 213                 	SMITHFIELD     	NC	275770000	1111111111	2007-07-14 12:59:52.060	2010-01-09 00:02:00.000	1
4009	SDC	JRI	JAMES RIVER CORRECTIONAL CENTER                   	STATE FARM                    	STATE FARM     	VA	231600000	1111111111	2007-07-14 12:59:52.060	2010-01-09 00:02:00.000	1
4010	SDC	KCI	KIRKLAND CORRECTIONAL INSTITUTION                 	4344 BROAD RIVER ROAD         	COLUMBIA       	SC	292100000	1111111111	2007-07-14 12:59:52.060	2010-01-09 00:02:00.000	1
4011	SDC	KIL	AL DEP OF CORR, KILBY CORRECTIONAL INSTITUTE      	P.O. BOX 125                  	MT. MEIGS      	AL	360570000	1111111111	2007-07-14 12:59:52.060	2010-01-09 00:02:00.000	1
4012	SDC	KMC	KEENE MOUNTAIN CORRECTIONAL CENTER                	1111111111                    	1111111111     	VA	111110000	1111111111	2007-07-14 12:59:52.060	2010-01-09 00:02:00.000	1
4013	SDC	LBR	LIEBER CORRECTIONAL INSTITUTION                   	P. O. BOX 205                 	RIDGEVILLE     	SC	294720000	1111111111	2007-07-14 12:59:52.060	2010-01-09 00:02:00.000	1
4014	SDC	LCI	LOWNDES CORRECTIONAL INSTITUTE                    	P. O. BOX 310                 	VALDOSTA       	GA	316010000	1111111111	2007-07-14 12:59:52.060	2010-01-09 00:02:00.000	1
4015	SDC	LEE	LEE CORRECTIONAL INSTITUTE                        	P. O. BOX 399                 	LEESBURG       	GA	317630000	1111111111	2007-07-14 12:59:52.060	2010-01-09 00:02:00.000	1
4016	SDC	LER	LEROY CORRECTIOAN CENTER                          	BOX 4128                      	ASHEBORO       	NC	272040000	1111111111	2007-07-14 12:59:52.060	2010-01-09 00:02:00.000	1
4017	SDC	LEW	C/O LEWISBURG                                     	P.O. BOX 1000                 	LEWISBURG      	PA	178370000	1111111111	2007-07-14 12:59:52.060	2010-01-09 00:02:00.000	1
4018	SDC	LIM	LIMESTONE CC                                      	P.O. BOX 66                   	CAPSHAW        	AL	357420000	1111111111	2007-07-14 12:59:52.060	2010-01-09 00:02:00.000	1
4019	SDC	LIN	LINCOLN CORRECTIONAL CENTER                       	150 PRISON CAMP ROAD          	LINCOLNTON     	NC	280920000	1111111111	2007-07-14 12:59:52.060	2010-01-09 00:02:00.000	1
4020	SDC	LOR	 LORTON CORRECTIONAL FACILITY, DOC                	1923 VERMONT AVE, STE N102, NW	WASHINGTON     	DC	200010000		2007-07-14 12:59:52.060	2010-01-09 00:02:00.000	1
4021	SDC	LOW	LOW SECURITY CORRECTIONAL INSTITUTION             	POST OFFICE BOX 999           	BUTNER         	NC	275090000		2007-07-14 12:59:52.060	2010-01-09 00:02:00.000	1
4022	SDC	LTH	LEATH CORRECTIONAL INSTITUTION                    	2809 AIRPORT RD.              	GREENWOOD      	SC	296490000		2007-07-14 12:59:52.060	2010-01-09 00:02:00.000	1
4023	SDC	LUM	LUMBERTON CORRECTIONAL CENTER                     	                              	               	  	000000000	0	2007-07-14 12:59:52.060	2010-01-09 00:02:00.000	1
4024	SDC	MAC	MCDOUGAL CORR. INST.                              	ROUTE 1, BOX 1178             	RIDGEVILLE     	SC	294720000	1111111111	2007-07-14 12:59:52.060	2010-01-09 00:02:00.000	1
4025	SDC	MAF	MARY FRANCIS CORRECTIONAL INSTITUTION             	POST OFFICE BOX 1435          	ROCKY MOUNT    	NC	278010000	1111111111	2007-07-14 12:59:52.060	2010-01-09 00:02:00.000	1
4026	SDC	MAN	MANNING CORRECTIONAL INSTITUTION                  	P.O. BOX 3173                 	COLUMBIA       	SC	292030000	1111111111	2007-07-14 12:59:52.060	2010-01-09 00:02:00.000	1
4027	SDC	MAO	CENTRAL CORRECTIONAL INSTITUTE                    	4600 FULTON MILL ROAD         	MACON          	GA	312130000	1111111111	2007-07-14 12:59:52.060	2010-01-09 00:02:00.000	1
4028	SDC	MAR	MARION CORRECTIONAL INSTITUTION                   	POST OFFICE BOX 2405          	MARION         	NC	287520000		2007-07-14 12:59:52.060	2010-01-09 00:02:00.000	1
4029	SDC	MAU	EASTERN CORRECTIONAL INSTITUTION                  	P. O. BOX  215                	MAURY          	NC	285540000	1111111111	2007-07-14 12:59:52.060	2010-01-09 00:02:00.000	1
4030	SDC	MCC	MCCORMICK CORRECTIONAL INSTITUTION                	ROUTE 2, BOX 100              	MCCORMIC       	SC	298990000	1111111111	2007-07-14 12:59:52.060	2010-01-09 00:02:00.000	1
4031	SDC	MCD	MACDOUGALL CORRECTIONAL INSTITUTION               	ROUTE 1, BOX 1178             	RIDGESVILLE    	SC	294720000	1111111111	2007-07-14 12:59:52.060	2010-01-09 00:02:00.000	1
4032	SDC	MCH	MCCAIN CORRECTIONAL HOSPITAL                      	P.O. BOX 5118                 	MCCAIN         	NC	283610000		2007-07-14 12:59:52.060	2010-01-09 00:02:00.000	1
4033	SDC	MCK	MECKLENBURG CORRECTIONAL CENTER                   	P O BOX 685                   	HUNTERSVILLE   	NC	200780000		2007-07-14 12:59:52.060	2010-01-09 00:02:00.000	1
4034	SDC	MCN	MACON CORRECTIONAL INSTITUTION                    	P.O. BOX 426                  	OGLETHORPE     	GA	310680000	1111111111	2007-07-14 12:59:52.060	2010-01-09 00:02:00.000	1
4035	SDC	MEN	MEN'S CORRECTIONAL INSTITUTION                    	P. O. BOX 396                 	HARDWICK       	GA	310340000	1111111111	2007-07-14 12:59:52.060	2010-01-09 00:02:00.000	1
4036	SDC	MET	METRO CORRECTIONAL INSTITUTION                    	1301 CONSTITUTION ROAD        	ATLANTA        	GA	303160000	1111111111	2007-07-14 12:59:52.060	2010-01-09 00:02:00.000	1
4037	SDC	MGC	MGCI WOMENS CORRECTIONAL INSTITUTION              	P.O. BOX 218                  	HARDWICK       	GA	310340000	1111111111	2007-07-14 12:59:52.060	2010-01-09 00:02:00.000	1
4038	SDC	MON	MONTGOMERY CORRECTIONAL CENTER                    	P.O. BOX 728                  	TROY           	NC	273710000	1111111111	2007-07-14 12:59:52.060	2010-01-09 00:02:00.000	1
4039	SDC	MOR	MORRISON YOUTH INSTITUTION                        	P. O. BOX 169                 	HOFFMAN        	NC	283470000	1111111111	2007-07-14 12:59:52.060	2010-01-09 00:02:00.000	1
4040	SDC	MUS	MUSCOGEE C.I.                                     	3950 SCHATULGA RD.            	COLUMBUS       	GA	319070000	1111111111	2007-07-14 12:59:52.060	2010-01-09 00:02:00.000	1
4041	SDC	NAG	CAMPAMENTO PUNTA LIMA                             	BOX 36                        	NAGUABO        	PR	007180000	1111111111	2007-07-14 12:59:52.060	2010-01-09 00:02:00.000	1
4042	SDC	NAS	NASH CORRECTIONAL INSTITUTE                       	ROUTE 2, BOX 29E              	NASHVILLE      	NC	278560000	1111111111	2007-07-14 12:59:52.060	2010-01-09 00:02:00.000	1
4043	SDC	NCC	N.C. DEPARTMENT OF CORRECTIONS                    	P. O. BOX 1569                	LILLINGTON     	NC	275460000	1111111111	2007-07-14 12:59:52.060	2010-01-09 00:02:00.000	1
4044	SDC	NCT	NORTH CAROLINA CORRECTIONAL CENTER                	1202 SOUTH STATE STREET       	RALEIGH        	NC	276010000	1111111111	2007-07-14 12:59:52.060	2010-01-09 00:02:00.000	1
4045	SDC	NEU	NEUSE CORRECTIONAL INSTITUTION                    	CALLER BOX 8009               	GOLDSBORO      	NC	275330000		2007-07-14 12:59:52.060	2010-01-09 00:02:00.000	1
4046	SDC	NHA	NEW HANOVER CORRECTIONAL CENTER                   	POST OFFICE BOX 240           	WILMINGTON     	NC	284020000	1111111111	2007-07-14 12:59:52.060	2010-01-09 00:02:00.000	1
4047	SDC	NOR	NORTH CAROLINA CORRECTIONAL INSTITUTION           	1014 BRAGG ST.                	RALEIGH        	NC	276100000		2007-07-14 12:59:52.060	2010-01-09 00:02:00.000	1
4048	SDC	NOT	NOTTOWAY CORRECTIONAL CNETER                      	P.O. BOX 488                  	BURKEVILLE     	VA	239220000	1111111111	2007-07-14 12:59:52.060	2010-01-09 00:02:00.000	1
4049	SDC	NSV	NASH CORRECTIONAL INSTITUTION                     	ROUTE 2, BOX 29-E             	NASHVILLE      	NC	278560000	1111111111	2007-07-14 12:59:52.060	2010-01-09 00:02:00.000	1
4050	SDC	NTH	NORTHSIDE CORRECTIONAL CENTER                     	504 BROADCASE DRIVE           	SPARTANBURG    	SC	293030000	1111111111	2007-07-14 12:59:52.060	2010-01-09 00:02:00.000	1
4051	SDC	OCC	OCCOQUAN FACILITY                                 	P.O. B0X 85                   	LORTON         	VA	220790000	1111111111	2007-07-14 12:59:52.060	2010-01-09 00:02:00.000	1
4052	SDC	OCO	OCONEE COUNTY JAIL                                	OLEC S. CHURCH STREET         	WALHALLA       	SC	296910000	1111111111	2007-07-14 12:59:52.060	2010-01-09 00:02:00.000	1
4053	SDC	ODO	ODOM CORRECTIONAL INSTITUTION                     	P. O. BOX 36                  	JACKSON        	NC	278450000	1111111111	2007-07-14 12:59:52.060	2010-01-09 00:02:00.000	1
4054	SDC	ORA	ORANGE CORRECTIONAL CENTER                        	RT. 3, BOX 4                  	HILLSBOROUGH   	NC	272780000	1111111111	2007-07-14 12:59:52.060	2010-01-09 00:02:00.000	1
4055	SDC	PEN	PENDER CORRECTIONAL CENTER                        	P. O. BOX 1058                	BURGAW         	NC	284250000	1111111111	2007-07-14 12:59:52.060	2010-01-09 00:02:00.000	1
4056	SDC	PET	PETERSBURG FEDERAL CORRECTIONAL INSTITUTE         	P.O. BOX 1000                 	PETERSBURG     	VA	238040000	1111111111	2007-07-14 12:59:52.060	2010-01-09 00:02:00.000	1
4057	SDC	PHI	PHILLIPS CORRECTIONAL INSTITUTION                 	2989 WEST ROCK QUARRY ROAD    	BUFORD         	GA	305180000	1111111111	2007-07-14 12:59:52.060	2010-01-09 00:02:00.000	1
4058	SDC	PIE	PIEDMONT CORRECTIONAL CENTER                      	977 CAMP ROAD                 	SALISBURRY     	NC	281440000	1111111111	2007-07-14 12:59:52.060	2010-01-09 00:02:00.000	1
4059	SDC	POL	POLK CORRECRIONAL CENTER                          	1900 BLUE RIDGE BLVD.         	RALEIGH        	NC	276070000	1111111111	2007-07-14 12:59:52.060	2010-01-09 00:02:00.000	1
4060	SDC	PON	INSTITUCION REGIONAL DEL SUR                      	C/O ADM D&R                   	PONCE          	PR	006040000	1111111111	2007-07-14 12:59:52.060	2010-01-09 00:02:00.000	1
4061	SDC	POR	PORTSMOUTH CITY JAIL                              	701 CRAWFORD ST.              	PORTSMOUTH     	VA	237040000	1111111111	2007-07-14 12:59:52.060	2010-01-09 00:02:00.000	1
4062	SDC	POW	POWHATAN CORRECTIONAL CENTER                      	VIRGINIA DEPT OF CORRECTIONS  	STATE FARM     	VA	231600000		2007-07-14 12:59:52.060	2010-01-09 00:02:00.000	1
4063	SDC	PRI	ADMINISTRATION OF CORRECTIONS/PUERTO RICO         	AVENIDA BARBOSA 306           	HATO REY       	PR	009170000		2007-07-14 12:59:52.060	2010-01-09 00:02:00.000	1
4064	SDC	PRY	PERRY CORRECTIONAL CENTER                         	ROUTE 3                       	PELZER         	SC	296690000	1111111111	2007-07-14 12:59:52.060	2010-01-09 00:02:00.000	1
4065	SDC	PUL	PULASKI                                           	P.O. BOX 1188                 	DUBLIN         	VA	240840000	1111111111	2007-07-14 12:59:52.060	2010-01-09 00:02:00.000	1
4066	SDC	PWC	PRINCE WILLIAM COUNTY ADC                         	9320 LEE AVENUE               	MANASSAS       	VA	221100000	1111111111	2007-07-14 12:59:52.060	2010-01-09 00:02:00.000	1
4067	SDC	PYO	POLK YOUTH INSTITUTION                            	1900 BLUE RIDGE ROAD          	RALEIGH        	NC	276070000		2007-07-14 12:59:52.060	2010-01-09 00:02:00.000	1
4068	SDC	QUO	PASQUOTANK C.I.                                   	527 COMMERCE DRIVE            	ELIZABETH CITY 	NC	279060000		2007-07-14 12:59:52.060	2010-01-09 00:02:00.000	1
4069	SDC	RAN	RANDOLPH CORRECTIONAL INSTITUTION                 	P. O. BOX 3109                	ASHBORO        	NC	272040000	1111111111	2007-07-14 12:59:52.060	2010-01-09 00:02:00.000	1
4070	SDC	RCC	RICHMOND CORRECTIONAL CENTER                      	111                           	111            	VA	001110000	1111111111	2007-07-14 12:59:52.060	2010-01-09 00:02:00.000	1
4071	SDC	RCW	RALEIGH CORRECTIONAL CENTER FOR WOMEN             	1201 SOUTH STATE STREET       	RALEIGH        	NC	276100000		2007-07-14 12:59:52.060	2010-01-09 00:02:00.000	1
4072	SDC	RDG	RIDGELAND CORRECTIONAL INSTITUTION                	POST OFFICE BOX 2039          	RIDGELAND      	SC	299360000	1111111111	2007-07-14 12:59:52.060	2010-01-09 00:02:00.000	1
4073	SDC	RID	RIDGELAND CORRECTIONAL INSTITUTION                	                              	               	  	000000000	0	2007-07-14 12:59:52.060	2010-01-09 00:02:00.000	1
4074	SDC	RIO	STATE PENITENTIARY                                	C/O ADM D&R                   	RIO PIEDRAS    	PR	009270000	1111111111	2007-07-14 12:59:52.060	2010-01-09 00:02:00.000	1
4075	SDC	ROB	ROBESON CORRECTIONAL CENTER                       	P. O. BOC 233                 	LUMBERTON      	NC	283580000	1111111111	2007-07-14 12:59:52.060	2010-01-09 00:02:00.000	1
4076	SDC	ROC	C/O SCI ROCKVIEW                                  	P O BOX A                     	BELLEFONTE     	PA	168230000	1111111111	2007-07-14 12:59:52.060	2010-01-09 00:02:00.000	1
4077	SDC	ROG	ROGERS CORRECTIONAL INSTITUTION                   	STAR ROUTE BOX 5300           	REIDSVILLE     	GA	304530000	1111111111	2007-07-14 12:59:52.060	2010-01-09 00:02:00.000	1
4078	SDC	RTD	RUTHERFORD CORRECTIONAL CENTER                    	901 LEDBETTER RD.             	SPINDALE       	NC	281600000	1111111111	2007-07-14 12:59:52.060	2010-01-09 00:02:00.000	1
4079	SDC	RUT	RUTLEDGE COORECTIONAL INSTITUTION                 	7175 MANOR ROAD               	COLUMBUS       	GA	319070000	1111111111	2007-07-14 12:59:52.060	2010-01-09 00:02:00.000	1
4080	SDC	SAB	SABANA HOYOS CAMP                                 	SABANA HOYOS                  	SABANA HOYOS   	PR	007480000	1111111111	2007-07-14 12:59:52.060	2010-01-09 00:02:00.000	1
4081	SDC	SAC	SANFORD CORRECTIONAL CENTER                       	P. O. BOX 2490                	SANFORD        	NC	273300000	1111111111	2007-07-14 12:59:52.060	2010-01-09 00:02:00.000	1
4082	SDC	SAL	ROWAN CORRECTIONAL CENTER                         	P. O. 1207                    	SALISBURY      	NC	281450000	1111111111	2007-07-14 12:59:52.060	2010-01-09 00:02:00.000	1
4083	SDC	SAM	SAMPSON CORRECTIONAL CENTER                       	POST OFFICE BOX 999           	CLINTON        	NC	283280000	1111111111	2007-07-14 12:59:52.060	2010-01-09 00:02:00.000	1
4084	SDC	SAN	SANDHILLS YOUTH CENTER                            	P. O. BOX 5088                	MC. CAIN       	NC	283610000	1111111111	2007-07-14 12:59:52.060	2010-01-09 00:02:00.000	1
4085	SDC	SCC	SAMPSON CORRECTIONAL CENTER                       	120 N.BLVD.                   	CLINTON        	NC	283280000	1111111111	2007-07-14 12:59:52.060	2010-01-09 00:02:00.000	1
4086	SDC	SCT	SCOTT CORRECTIONAL INSTITUTION                    	P O BOX 417                   	HARDWICK       	GA	310340000	1111111111	2007-07-14 12:59:52.060	2010-01-09 00:02:00.000	1
4087	SDC	SFD	SANFORD CORRECTIONAL CENTER                       	P.O. BOX 2490                 	SANFORD        	NC	273300000	1111111111	2007-07-14 12:59:52.060	2010-01-09 00:02:00.000	1
4088	SDC	SHA	SCI COAL TOWNSHIP                                 	I KELLY DRIVE                 	SHAMOKIN       	PA	178720000		2007-07-14 12:59:52.060	2010-01-09 00:02:00.000	1
4089	SDC	SMI	SMITH CORRECTIONAL INSTITUTION                    	P.O. BOX 726, HWY. 301N       	GLENVILLE      	GA	304270000	1111111111	2007-07-14 12:59:52.060	2010-01-09 00:02:00.000	1
4090	SDC	SOC	SOUTH CAROLINA DEPT OF CORRECTIONS                	4460 BROAD RIVER ROAD         	COLUMBIA       	SC	292100000	1111111111	2007-07-14 12:59:52.060	2010-01-09 00:02:00.000	1
4091	SDC	SOT	SOUTHERN CORRECTIONAL INST.                       	P. O. BOX 786                 	TROY           	NC	273710000	1111111111	2007-07-14 12:59:52.060	2010-01-09 00:02:00.000	1
4092	SDC	SOU	SOUTHAMPTON CORRECTIONAL CENTER                   	ROUTE 1  BOX 17               	CAPRON         	VA	238290000	1111111111	2007-07-14 12:59:52.060	2010-01-09 00:02:00.000	1
4093	SDC	STA	STAUNTON CORRECTIONAL CENTER                      	P.O. BOX 3500                 	STAUTON        	VA	244010000	1111111111	2007-07-14 12:59:52.060	2010-01-09 00:02:00.000	1
4094	SDC	STB	ST. BRIDES CORRECTIONAL CENTER                    	701 SANDERSON RD.             	CHESAPEAKE     	VA	233220000	1111111111	2007-07-14 12:59:52.060	2010-01-09 00:02:00.000	1
4095	SDC	STO	STOKES CORRECTIONAL CENTER                        	ROUTE 3, BOX 96-A             	WALNUT COVE    	NC	275020000		2007-07-14 12:59:52.060	2010-01-09 00:02:00.000	1
4096	SDC	SUM	SUMTER CITY CORRECTIONAL INSTITUTION              	P.O. BOX 484                  	AMERICUS       	GA	317090000	1111111111	2007-07-14 12:59:52.060	2010-01-09 00:02:00.000	1
4097	SDC	SYL	FCI. SCHYKLILL                                    	P. O. BOX 789                 	MINERSVILLE    	PA	179540000	1111111111	2007-07-14 12:59:52.060	2010-01-09 00:02:00.000	1
4098	SDC	TDG	FCI, TALLADEGA                                    	902 RENFROE RD.               	TALLADEGA      	AL	351600000		2007-07-14 12:59:52.060	2010-01-09 00:02:00.000	1
4099	SDC	TEL	TELFAIR CORRECTIONAL INSTITUTION                  	P.O. BOX 549                  	HELENA         	GA	305180000	1111111111	2007-07-14 12:59:52.060	2010-01-09 00:02:00.000	1
4100	SDC	TER	TERRELL CO. CORRECTIONAL INSTITUTION              	ROUTE 5, BOX 38               	DAWSON         	GA	317420000	1111111111	2007-07-14 12:59:52.060	2010-01-09 00:02:00.000	1
4101	SDC	TIL	TILLERY CORRECTIONAL CENTER                       	P.O. BOX 222                  	TILLERY        	NC	278870000	1111111111	2007-07-14 12:59:52.060	2010-01-09 00:02:00.000	1
4102	SDC	TRI	TRIANGLE CORRECTIONAL INSTITUTION                 	1300 WESTERN BLVD.            	RALEIGH        	NC	276060000	1111111111	2007-07-14 12:59:52.060	2010-01-09 00:02:00.000	1
4103	SDC	TRO	TROUP COUNTY C.I.                                 	2508 HAMILTON RD.             	LAGRANGE       	GA	302400000	1111111111	2007-07-14 12:59:52.060	2010-01-09 00:02:00.000	1
4104	SDC	TUR	TURBEVILLE CORRECTIONAL INSTITUTION               	POST OFFICE BOX 252           	TURBEVILLE     	SC	291620000	1111111111	2007-07-14 12:59:52.060	2010-01-09 00:02:00.000	1
4105	SDC	UMS	UMSTEAD CORRECTIONAL CENTER                       	P. O. BOX 106                 	BUTNER         	NC	275090000	1111111111	2007-07-14 12:59:52.060	2010-01-09 00:02:00.000	1
4106	SDC	VAN	VANCE CORRECTIONAL INSTITUTION                    	ROUTE 9, BOX 201              	HENDERSON      	NC	275360000	1111111111	2007-07-14 12:59:52.060	2010-01-09 00:02:00.000	1
4107	SDC	VCI	VALDOSTA CORRECTIONAL INSTITUTION                 	P. O. BOX 310                 	VALDOSTA       	GA	316030000	1111111111	2007-07-14 12:59:52.060	2010-01-09 00:02:00.000	1
4108	SDC	VSP	VIRGINIA STATE PENITENTIARY                       	500 SPRING STREET             	RICHMOND       	VA	232191111	1111111111	2007-07-14 12:59:52.060	2010-01-09 00:02:00.000	1
4109	SDC	WAK	WAKE CORRECTIONAL CENTER                          	1000 ROCK QUARY ROAD          	RALEIGH        	NC	276100000		2007-07-14 12:59:52.060	2010-01-09 00:02:00.000	1
4110	SDC	WAL	WALKER CORRECTIONAL INSTITUTION                   	P. O. BOX 98                  	ROCKSPRING     	GA	307390000	1111111111	2007-07-14 12:59:52.060	2010-01-09 00:02:00.000	1
4111	SDC	WAR	WARE CORRECTIONAL INSTITUTION                     	3620 NORTH HARRIS ROAD        	WAYCROSS       	GA	315010000	1111111111	2007-07-14 12:59:52.060	2010-01-09 00:02:00.000	1
4112	SDC	WAT	WATERBEE CORRECTIONAL INSTITUTION                 	P. O. BOX 189                 	REMBERT        	SC	291280189	1111111111	2007-07-14 12:59:52.060	2010-01-09 00:02:00.000	1
4113	SDC	WAY	SCI WAYMART                                       	P. O. BOX 256                 	WAYMART        	PA	184720256	1111111111	2007-07-14 12:59:52.060	2010-01-09 00:02:00.000	1
4114	SDC	WCC	WOMEN'S CORRECTIONAL INSTITUTION                  	4450 BROAD RIVER RD.          	COLUMBIA       	SC	292100000	1111111111	2007-07-14 12:59:52.060	2010-01-09 00:02:00.000	1
4115	SDC	WCI	WOMRN'S CORRECTIONAL INSTITUTION                  	P.O.BOX 218                   	HARDWICK       	GA	310340000	1111111111	2007-07-14 12:59:52.060	2010-01-09 00:02:00.000	1
4116	SDC	WCP	WEST CENTRAL PRISON                               	POST OFFICE BOX  589          	ZEBULON        	GA	302950000	1111111111	2007-07-14 12:59:52.060	2010-01-09 00:02:00.000	1
4117	SDC	WDC	WILLIAM DONALDSON CORRECTIONAL FACILITY           	100 WARRIOR LANE              	BESSEMER       	AL	350230000	1111111111	2007-07-14 12:59:52.060	2010-01-09 00:02:00.000	1
4118	SDC	WES	WESTERN YOUTH INSTITUTION                         	P. O. BOX 1439                	MORGANTON      	NC	282400000	1111111111	2007-07-14 12:59:52.060	2010-01-09 00:02:00.000	1
4119	SDC	WHI	WHITEVILLE PRISON UNIT                            	P. O. BOX 8                   	BRUNSWICK      	NC	284240000	1111111111	2007-07-14 12:59:52.060	2010-01-09 00:02:00.000	1
4120	SDC	WIL	WILCOX C.I.                                       	472 S. BROAD ST               	ABBEVILLE      	GA	310010000		2007-07-14 12:59:52.060	2010-01-09 00:02:00.000	1
4121	SDC	WLD	WALDEN CORRECTIONAL INSTITUTION                   	4340 BROAD RIVER ROAD         	COLUMBIA       	SC	292100000	1111111111	2007-07-14 12:59:52.060	2010-01-09 00:02:00.000	1
4122	SDC	WLK	WILKES CORRECTIONAL CENTER                        	404 STATESVILLE               	N. WILKESBORO  	NC	286590000		2007-07-14 12:59:52.060	2010-01-09 00:02:00.000	1
4123	SDC	WNE	WAYNE CORRECTIONAL                                	1007 SHED ROAD                	ODUM           	GA	315550000	1111111111	2007-07-14 12:59:52.060	2010-01-09 00:02:00.000	1
4124	SDC	WOM	NC CORR. INSTITUTION FOR WOMEN                    	1034 BRAGG STREET             	RALEIGH        	NC	276100000	1111111111	2007-07-14 12:59:52.060	2010-01-09 00:02:00.000	1
4125	SDC	WRE	WATEREE RIVER C.I.                                	POST OFFICE BOX 189           	REMBERT        	SC	291280189	1111111111	2007-07-14 12:59:52.060	2010-01-09 00:02:00.000	1
4126	SDC	WRN	WARREN CORRECTIONAL CENTER                        	POST OFFICE BOX 30            	WARRENTON      	NC	275890000	1111111111	2007-07-14 12:59:52.060	2010-01-09 00:02:00.000	1
4127	SDC	WSH	WASHINGTON CORRECTIONAL INSTITUTE                 	P.O. BOX 206                  	DAVISBORO      	GA	310180206	1111111111	2007-07-14 12:59:52.060	2010-01-09 00:02:00.000	1
4128	SDC	YAD	YSDKIN CORRECTIONALCENTER                         	RT. 2, BOX 523-B              	YADKINVILLE    	NC	270550000	1111111111	2007-07-14 12:59:52.060	2010-01-09 00:02:00.000	1
4129	SDC	YDC	YOUTH CENTER, DISTRICT OF COLUMBIA                	1111111111                    	WASHINGTON     	DC	111111111	1111111111	2007-07-14 12:59:52.060	2010-01-09 00:02:00.000	1
4130	SDC	YKN	YADKIN CORRECTIONAL CENTER                        	CALLER 525 SHACKTOWN ROAD     	YADKINVILLE    	NC	270550000	1111111111	2007-07-14 12:59:52.060	2010-01-09 00:02:00.000	1
4132	KAN	ALA	ALABAMA CORRECTIONAL                              	50 RIPLEY STREET              	MONTGOMERY     	AL	361300000		2006-11-17 20:47:48.297	2010-05-14 00:02:00.000	1
4133	KAN	ALC	ALLEN CORRECTIONAL CENTER, ATTN: WINNIE JORDAN    	3751 LAUDERDALE,WOODYARD ROAD 	KINDER         	LA	706480000		2006-11-17 20:47:48.297	2010-05-14 00:02:00.000	1
4134	KAN	ANG	LOUISIANA STATE PENITENTIARY                      	HWY 66 C/O DORA RABALAIS      	ANGOLA         	LA	707120000		2006-11-17 20:47:48.297	2010-05-14 00:02:00.000	1
4135	KAN	APJ	AVOYELLES PARISH JAIL                             	675 GOVERNMENT STREET         	MARKSVILLE     	LA	713510000		2006-11-17 20:47:48.297	2010-05-14 00:02:00.000	1
4136	KAN	APS	ALLEN PARISH SHERIFF'S OFFICE                     	P.O. BOX 278                  	OBERLIN        	LA	706550000		2006-11-17 20:47:48.297	2010-05-14 00:02:00.000	1
4137	KAN	AW1	LSCI/ ALLENWOOD                                   	P.O. BOX 1500                 	WHITE DEER     	PA	178870000	1111111111	2006-11-17 20:47:48.297	2010-05-14 00:02:00.000	1
4138	KAN	AW2	FCI/ ALLENWOOD                                    	P.O. BOX 2500                 	WHITE DEER     	PA	178870000	1111111111	2006-11-17 20:47:48.297	2010-05-14 00:02:00.000	1
4139	KAN	AW3	U.S. PENTENTIARY/ ALLENWOOD                       	P.O. BOX 1000                 	WHITE DEER     	PA	178870000	1111111111	2006-11-17 20:47:48.297	2010-05-14 00:02:00.000	1
4140	KAN	AWC	AVOYELLES WOMEN CORRECTIONAL CENTER               	P.O. BOX 340, 1630 PRISON RD. 	COTTONPORT     	LA	713270000		2006-11-17 20:47:48.297	2010-05-14 00:02:00.000	1
4141	KAN	BDC	BASILE DETENTION CENTER                           	101 EAST STAGG, P.O. BOX 730  	BASILE         	LA	705150000		2006-11-17 20:47:48.297	2010-05-14 00:02:00.000	1
4142	KAN	BEA	BEAUREGARD PARISH JAIL                            	P.O. BOX 370, 412 MAYEAUX DR. 	DERIDDER       	LA	706340000		2006-11-17 20:47:48.297	2010-05-14 00:02:00.000	1
4143	KAN	BML	FCC BEAUMONT,                                     	4780 23RD STREET              	BEAUMONT       	TX	777050000	1111111111	2006-11-17 20:47:48.297	2010-05-14 00:02:00.000	1
4144	KAN	BWC	BORDELONVILLE WOMEN'S CORRECTIONAL CENTER         	4462 HIGHWAY 451              	MOREAUVILLE    	LA	713550000		2006-11-17 20:47:48.297	2010-05-14 00:02:00.000	1
4145	KAN	CAD	CADDO PARISH CORRECTIONAL CENTER                  	P.O. BOX 70110                	SHREVEPORT     	LA	711370000		2006-11-17 20:47:48.297	2010-05-14 00:02:00.000	1
4146	KAN	CBF	CAMP BEAUREGARD WORK FACILITY                     	1453 15TH STREET              	PINEVILLE      	LA	713600000		2006-11-17 20:47:48.297	2010-05-14 00:02:00.000	1
4147	KAN	CPJ	CALCASIEU PARISH JAIL                             	5300 EAST BROAD STREET        	LAKE CHARLES   	LA	706150000		2006-11-17 20:47:48.297	2010-05-14 00:02:00.000	1
4148	KAN	ECD	EAST CARROLL DETENTION CENTER                     	RT. 1 BOX 118                 	LAKE PROVIDENCE	LA	712540000		2006-11-17 20:47:48.297	2010-05-14 00:02:00.000	1
4149	KAN	EFP	EAST FELICIANA PARISH PRISON                      	P.O. BOX 8025                 	CLINTON        	LA	707220000		2006-11-17 20:47:48.297	2010-05-14 00:02:00.000	1
4150	KAN	ERD	EASTERN RECEPTION DIAGNOSTIC & CORRECTION CENTER  	2727 HWY. K.                  	BONNE TERRE    	MO	636280000	1111111111	2006-11-17 20:47:48.297	2010-05-14 00:02:00.000	1
4151	KAN	EVA	EVANGELINE PARISH JAIL                            	COURTHOUSE BUILDING           	VILLE PLATTE   	LA	705860000		2006-11-17 20:47:48.297	2010-05-14 00:02:00.000	1
4152	KAN	FDC	FEDERAL DETENTION CENTER                          	5060 EAST WHATLEY ROAD        	OAKDALE        	LA	714630000		2006-11-17 20:47:48.297	2010-05-14 00:02:00.000	1
4153	KAN	FEL	EAST FELICIANA PARISH JAIL                        	P.O. BOX 8025                 	CLINTON        	LA	707220000		2006-11-17 20:47:48.297	2010-05-14 00:02:00.000	1
4154	KAN	FUL	FULTON FRDC                                       	P.O. BOX 190                  	FULTON         	MO	652510000		2006-11-17 20:47:48.297	2010-05-14 00:02:00.000	1
4155	KAN	HAN	HANCOCK COUNTY JAIL                               	P.O. BOX 262                  	BAY SAINT LOUIS	MS	395020000		2006-11-17 20:47:48.297	2010-05-14 00:02:00.000	1
4156	KAN	HAR	HARRISON COUNTY JAIL                              	P.O. BOX 1480                 	GULFPORT       	MS	395010000		2006-11-17 20:47:48.297	2010-05-14 00:02:00.000	1
4157	KAN	HUN	HUNT CORRECTIONAL FACILITY                        	HWY 74, P.O. BOX 174          	ST. GABRIEL    	LA	707760000		2006-11-17 20:47:48.297	2010-05-14 00:02:00.000	1
4158	KAN	INS	IMMIGRATION AND NATURALIZATION SERVICE            	P.O. BOX 5095                 	OAKDALE        	LA	714630000		2006-11-17 20:47:48.297	2010-05-14 00:02:00.000	1
4159	KAN	IPD	IBERIA PARISH DETENTION CENTER                    	3618 BROKEN ARROW ROAD        	NEW IBERIA     	LA	705600000		2006-11-17 20:47:48.297	2010-05-14 00:02:00.000	1
4160	KAN	IPJ	IBERIA PARISH JAIL                                	300 IBERIA STREET, STE. 120   	NEW IBERIA     	LA	705600000	1111111111	2006-11-17 20:47:48.297	2010-05-14 00:02:00.000	1
4161	KAN	LAF	LAFAYETTE PARISH CORRECTIONAL CENTER              	P.O. BOX 2537, 916 LAF. ST.   	LAFAYETTE      	LA	705020000		2006-11-17 20:47:48.297	2010-05-14 00:02:00.000	1
4162	KAN	MER	MISSOURI EASTERN RECEPTION & DIAGNOSTIC CENTER    	2727 HWY K                    	BONNE TERRE    	MO	636280000		2006-11-17 20:47:48.297	2010-05-14 00:02:00.000	1
4163	KAN	MIS	MISSISSIPPI STATE PENITENTIARY                    	MS DEPARTMENT OF CORRECTIONS  	PARCHMAN       	MS	387380000		2006-11-17 20:47:48.297	2010-05-14 00:02:00.000	1
4164	KAN	MPD	MADISON PARISH DETENTION CENTER                   	ROUTE 3, BOX 3                	TALLULAH       	LA	712820000		2006-11-17 20:47:48.297	2010-05-14 00:02:00.000	1
4165	KAN	OPJ	OUACHITA PARISH JAIL                              	P.O. BOX 1803                 	MONROE         	LA	712100000		2006-11-17 20:47:48.297	2010-05-14 00:02:00.000	1
4166	KAN	ORL	ORLEANS CRIMINAL CORRECTIONAL CENTER              	2800 GRAVIER STREET           	NEW ORLEANS    	LA	701190000		2006-11-17 20:47:48.297	2010-05-14 00:02:00.000	1
4167	KAN	OUT	RELEASED                                          	000000000                     	00000000       	LA	714630000		2006-11-17 20:47:48.297	2010-05-14 00:02:00.000	1
4168	KAN	PCJ	POINT COUPEE JAIL                                 	P.O. BOX 348                  	NEW ROADS      	LA	707600000		2006-11-17 20:47:48.297	2010-05-14 00:02:00.000	1
4169	KAN	PER	 PEARL RIVER COUNTY JAIL                          	RT. 5 BOX 138                 	POPLARVILLE    	MS	394700000		2006-11-17 20:47:48.297	2010-05-14 00:02:00.000	1
4170	KAN	PPC	PINE PRAIRIE CORRECTIONAL CENTER                  	P.O. BOX 650                  	PINE PRAIRIE   	LA	705760000		2006-11-17 20:47:48.297	2010-05-14 00:02:00.000	1
4171	KAN	RIC	RICHWOOD CORRECTIONAL CENTER                      	180 PINE BAYOU CIRCLE         	MONROE         	LA	712070000		2006-11-17 20:47:48.297	2010-05-14 00:02:00.000	1
4172	KAN	SJB	ST. JOHN THE BAPTIST PARISH PRISON                	100 DEPUTY BARTON GRANIER DR. 	LA PLACE       	LA	700680000		2006-11-17 20:47:48.297	2010-05-14 00:02:00.000	1
4173	KAN	SLC	SOUTH LOUISIANA CORRECTIONAL                      	3843 STAGG AVENUE             	BASILE         	LA	705150000		2006-11-17 20:47:48.297	2010-05-14 00:02:00.000	1
4174	KAN	SPC	SPECIAL HOUSING CASE                              	INS CUSTODY                   	OAKDALE        	LA	714630000		2006-11-17 20:47:48.297	2010-05-14 00:02:00.000	1
4175	KAN	STD	DHS/ICE                                           	1222 SPRUCE ST., RM.1.100     	ST. LOUIS      	MO	631030000		2006-11-17 20:47:48.297	2010-05-14 00:02:00.000	1
4176	KAN	STM	ST. MARTIN PARISH JAIL                            	400 MARTIN STREET             	ST.MARTINSVILLE	LA	705820000		2006-11-17 20:47:48.297	2010-05-14 00:02:00.000	1
4177	KAN	STT	ST. TAMMANY PARISH JAIL                           	P.O. BOX 908                  	COVINGTON      	LA	704340000		2006-11-17 20:47:48.297	2010-05-14 00:02:00.000	1
4178	KAN	TAN	TANGIPAHOA PARISH JAIL                            	P.O. BOX 250                  	AMITE          	LA	704220000		2006-11-17 20:47:48.297	2010-05-14 00:02:00.000	1
4179	KAN	TPD	TENSAS PARISH DETENTION CENTER                    	P.O. BOX 970                  	NEWELLTON      	LA	713570000		2006-11-17 20:47:48.297	2010-05-14 00:02:00.000	1
4180	KAN	UNK	UNKNOWN LOCALE OF DETENTION                       	UNKNOWN                       	UNKNOWN        	LA	111111111	1111111111	2006-11-17 20:47:48.297	2010-05-14 00:02:00.000	1
4181	KAN	VCF	VERNON CORRECTIONAL FACILITY                      	P.O. BOX 649                  	LEESVILLE      	LA	714960000		2006-11-17 20:47:48.297	2010-05-14 00:02:00.000	1
4182	KAN	VER	VERMILLION PARISH JAIL                            	P.O. BOX 307                  	ABBEVILLE      	LA	705110000		2006-11-17 20:47:48.297	2010-05-14 00:02:00.000	1
4183	KAN	WAD	WADE CORRECTIONAL CENTER, C/O ANGIE HUFF          	670 BELL HILL ROAD            	HOMER          	LA	710400000		2006-11-17 20:47:48.297	2010-05-14 00:02:00.000	1
4184	KAN	WAS	WASHINGTON CORRECTIONAL INSTITUTE                 	27268 HWY 21                  	ANGIE          	LA	704260000		2006-11-17 20:47:48.297	2010-05-14 00:02:00.000	1
4185	KAN	WBR	WEST BATON ROUGE DETENTION CENTER, C/O MIKE CAZE  	1150 N.W. DRIVE               	PORT ALLEN     	LA	707670000		2006-11-17 20:47:48.297	2010-05-14 00:02:00.000	1
4186	KAN	WCO	WEST CARROLL PARISH JAIL                          	  COURT HOUSE BLDG. MAIN ST.  	OAK GROVE      	LA	712630000		2006-11-17 20:47:48.297	2010-05-14 00:02:00.000	1
4187	KAN	WEB	WEBSTER PARISH JAIL                               	1731 PENAL FARM ROAD          	SIBLEY         	LA	710730000		2006-11-17 20:47:48.297	2010-05-14 00:02:00.000	1
4188	KAN	WNN	WINN CORRECTIONAL CENTER, C/O SHEILA BRAXTON      	P.O. BOX 1260, GUM SPRINGS RD.	WINNFIELD      	LA	714830000		2006-11-17 20:47:48.297	2010-05-14 00:02:00.000	1
4189	KAN	YRK	YORK COUNTY PRISON                                	3401 CONCORD ROAD             	YORK           	PA	174020000	1111111111	2006-11-17 20:47:48.297	2010-05-14 00:02:00.000	1
4190	CIC	30D	IMMIRGATION COURT                                 	30000D, HIGHWAY 75S           	HUNTSVILLE     	TX	773420099		2007-04-07 00:41:20.637	2010-09-16 00:02:00.000	1
4191	CIC	ACC	ALGOA CORRECTIONAL CENTER                         	P.O. BOX 538                  	JEFFERSON CITY 	MO	651020000		2007-04-07 00:41:20.637	2010-09-16 00:02:00.000	1
4192	CIC	ALG	ALGOA CORRECTIONAL CENTER                         	BOX 538                       	JEFFERSON CITY 	MO	651020000	1111111111	2007-04-07 00:41:20.637	2010-09-16 00:02:00.000	1
4193	CIC	BC 	BILL CLEMENS UNIT                                 	P.O. BOX 99                   	HUNTSVILLE     	TX	773420099		2007-04-07 00:41:20.637	2010-09-16 00:02:00.000	1
4194	CIC	BCC	BOONVILLE CORRECTIONAL CENTER                     	BOX 379                       	BOONVILLE      	MO	652330000		2007-04-07 00:41:20.637	2010-09-16 00:02:00.000	1
4195	CIC	BCF	BOONEVILLE CORRECTIONAL FACILITY                  	P.O. BOX 379                  	BOONEVILLE     	MO	652330000		2007-04-07 00:41:20.637	2010-09-16 00:02:00.000	1
4196	CIC	BE2	BETO II                                           	RT 2, BOX 2250                	PALESTINE      	TX	758821111		2007-04-07 00:41:20.637	2010-09-16 00:02:00.000	1
4197	CIC	BET	BETO I UNIT                                       	P.O. BOX 128                  	TENNESSE COLONY	TX	758800000		2007-04-07 00:41:20.637	2010-09-16 00:02:00.000	1
4198	CIC	BM 	MOORE                                             	P.O. BOX 99                   	HUNTSVILLE     	TX	773400099	1111111111	2007-04-07 00:41:20.637	2010-09-16 00:02:00.000	1
4199	CIC	BOL	J.H. LILLEY CORRECTIONAL CENTER                   	POST OFFICE BOX #308          	BOLEY          	OK	748290000	1111111111	2007-04-07 00:41:20.637	2010-09-16 00:02:00.000	1
4200	CIC	BOY	BOYD                                              	P.O. BOX 99                   	HUNTSVILLE     	TX	773400000		2007-04-07 00:41:20.637	2010-09-16 00:02:00.000	1
4201	CIC	BR 	BRIDGEPORT                                        	P.O. BOX 189                  	BRIDGEPORT     	TX	760260000	1111111111	2007-04-07 00:41:20.637	2010-09-16 00:02:00.000	1
4202	CIC	BRI	BRISCOE UNIT                                      	RT. 1 BOX 4                   	DILLEY         	TX	780179722		2007-04-07 00:41:20.637	2010-09-16 00:02:00.000	1
4203	CIC	BYD	BOYD UNIT                                         	RT. 2 BOX 500                 	TEAGUE         	TX	758609802		2007-04-07 00:41:20.637	2010-09-16 00:02:00.000	1
4204	CIC	CCC	CROSSROADS CORRECTIONAL CENTER                    	1115 EAST PENCE               	CAMERON        	MO	644290000		2007-04-07 00:41:20.637	2010-09-16 00:02:00.000	1
4205	CIC	CCF	CIMARRON CORRECTIONAL FACILITY                    	3700 SW KINGS HIGHWAY         	CUSHING        	OK	740230000	1111111111	2007-04-07 00:41:20.637	2010-09-16 00:02:00.000	1
4206	CIC	CEN	CENTRAL UNIT                                      	ONE CIRCLE DRIVE              	SUGAR LAND     	TX	774780000		2007-04-07 00:41:20.637	2010-09-16 00:02:00.000	1
4207	CIC	CHI	CHILLICOTHE CORRECTIONAL FACILITY                 	1500 WEST THIRD STREET        	CHILLICOTHE    	MO	646010000		2007-04-07 00:41:20.637	2010-09-16 00:02:00.000	1
4208	CIC	CLE	CLEMENS UNIT                                      	RT. 1, BOX 1077               	BRAZORIA       	TX	774220000		2007-04-07 00:41:20.637	2010-09-16 00:02:00.000	1
4209	CIC	CLM	(BILL) CLEMENTS UNIT                              	9601 N.E. 24TH STREET         	AMARILLO       	TX	791070000		2007-04-07 00:41:20.637	2010-09-16 00:02:00.000	1
4210	CIC	CMC	CENTRAL MISSOURI CORRECTIONAL CENTER              	P.O. BOX 539                  	JEFFERSON CITY 	MO	651020000	1111111111	2007-04-07 00:41:20.637	2010-09-16 00:02:00.000	1
4211	CIC	COC	CENTRAL OKLAHOMA CORRECTIONAL FACILITY            	29501 KICKAPOO                	MCLOUD         	OK	748510000	1111111111	2007-04-07 00:41:20.637	2010-09-16 00:02:00.000	1
4212	CIC	COF	COFFIELD UNIT                                     	ROUTE 1 BOX 150               	TENNESSE COLONY	TX	758610000		2007-04-07 00:41:20.637	2010-09-16 00:02:00.000	1
4213	CIC	CV 	CLEVELAND CCA                                     	P.O. BOX 1678                 	CLEVELAND      	TX	773280000	1111111111	2007-04-07 00:41:20.637	2010-09-16 00:02:00.000	1
4214	CIC	CYC	CONNALLY UNIT                                     	NONE GIVEN                    	KENNEDY        	TX	111111111	1111111111	2007-04-07 00:41:20.637	2010-09-16 00:02:00.000	1
4215	CIC	DAR	DARRINGTON UNIT                                   	RT 3, BOX 59                  	ROSHARON       	TX	775830000		2007-04-07 00:41:20.637	2010-09-16 00:02:00.000	1
4216	CIC	DCC	DICK CONNER CORRECTIONAL CENTER                   	P.O. BOX 220                  	HOMINY         	OK	740350000		2007-04-07 00:41:20.637	2010-09-16 00:02:00.000	1
4217	CIC	DCF	DIAMONDBACK CORRECTIONAL FACILITY                 	P.O. BOX 780                  	WATONGA        	OK	737720000	1111111111	2007-04-07 00:41:20.637	2010-09-16 00:02:00.000	1
4218	CIC	DH 	DALHART                                           	HWY 54 SOUTH 1 MI. FM008      	DALHART        	TX	790220000	1111111111	2007-04-07 00:41:20.637	2010-09-16 00:02:00.000	1
4219	CIC	DL 	DANIEL UNIT                                       	ROAD 173 IN SCURRY COUNTY     	SNYDER         	TX	795490000		2007-04-07 00:41:20.637	2010-09-16 00:02:00.000	1
4220	CIC	DO 	DIBOLL                                            	P.O. BOX 99                   	HUNTSVILLE     	TX	773400099	1111111111	2007-04-07 00:41:20.637	2010-09-16 00:02:00.000	1
4221	CIC	DU 	DIAGNOSTIC UNIT                                   	P.O. BOX 100                  	HUNTSVILLE     	TX	773420100		2007-04-07 00:41:20.637	2010-09-16 00:02:00.000	1
4222	CIC	E1 	ELLIS I UNIT                                      	ROUTE 6                       	HUNTSVILLE     	TX	773430000		2007-04-07 00:41:20.637	2010-09-16 00:02:00.000	1
4223	CIC	EAS	EASTHAM  UNIT                                     	P.O. BOX 16                   	LOVELADY       	TX	758511111		2007-04-07 00:41:20.637	2010-09-16 00:02:00.000	1
4224	CIC	ECC	EASTERN CORRECTIONAL CENTER                       	18701 OLD HIGHWAY 66          	PACIFIC        	MO	630690000	1111111111	2007-04-07 00:41:20.637	2010-09-16 00:02:00.000	1
4225	CIC	EDI	EDINBURG                                          	?                             	?              	TX	111111111	1111111111	2007-04-07 00:41:20.637	2010-09-16 00:02:00.000	1
4226	CIC	ELL	ELL(II)                                           	10 MI N. OF HUNTSV. ON FM 980 	HUNTSVILLE     	TX	773400000		2007-04-07 00:41:20.637	2010-09-16 00:02:00.000	1
4227	CIC	ELR	WARDEN, EL RENO FEDERAL CORRECTIONAL INSTITUTION  	POST OFFICE BOX, 1000         	EL RENO        	OK	730360000	1111111111	2007-04-07 00:41:20.637	2010-09-16 00:02:00.000	1
4228	CIC	FAR	FARMINGTON CORRECTIONAL CENTER                    	1012 W. COLUMBIA STREET       	FARMINGTON     	MO	636400000	1111111111	2007-04-07 00:41:20.637	2010-09-16 00:02:00.000	1
4229	CIC	FCC	FARMINGTON CORRECTIONAL CENTER                    	1012 WEST COLUMBIA            	FARMINGTON     	MO	636400000		2007-04-07 00:41:20.637	2010-09-16 00:02:00.000	1
4230	CIC	FDC	FULTON RECEPTION / DIAGNOSTIC / CENTER            	P.O. BOX 190                  	FULTON         	MO	652570000	1111111111	2007-04-07 00:41:20.637	2010-09-16 00:02:00.000	1
4231	CIC	FER	FERGUSON UNIT                                     	ROUTE 2, BOX 20               	MIDWAY         	TX	758520000		2007-04-07 00:41:20.637	2010-09-16 00:02:00.000	1
4232	CIC	FRC	FULTON RECEPTION CENTER                           	P.O. BOX 190                  	FULTON         	MO	652510000		2007-04-07 00:41:20.637	2010-09-16 00:02:00.000	1
4233	CIC	GL 	GIBB LEWIS UNIT                                   	P.O. BOX 9000                 	WOODVILLE      	TX	759900000		2007-04-07 00:41:20.637	2010-09-16 00:02:00.000	1
4234	CIC	GPC	GREAT PLAINS CORRECTIONAL FACILITY                	P.O. BOX 215650               	HINTON         	OK	730460000	1111111111	2007-04-07 00:41:20.637	2010-09-16 00:02:00.000	1
4235	CIC	GR 	GOREE UNIT                                        	P.O. BOX 38                   	HUNTSVILLE     	TX	773440000		2007-04-07 00:41:20.637	2010-09-16 00:02:00.000	1
4236	CIC	GUR	GURNEY UNIT                                       	P.O.BOX 6400                  	TENNESEE COLONY	TX	758610000	39283118	2007-04-07 00:41:20.637	2010-09-16 00:02:00.000	1
4237	CIC	GV 	GATESVILLE UNIT                                   	1401 STATE SCHOOL ROAD        	GATESVILLE     	TX	765990000	1111111111	2007-04-07 00:41:20.637	2010-09-16 00:02:00.000	1
4238	CIC	HB 	HOBBY UNIT                                        	ROUTE 2, BOX 600              	MARLIN         	TX	766610000		2007-04-07 00:41:20.637	2010-09-16 00:02:00.000	1
4239	CIC	HG 	TDC HOSPITAL/GALVESTON                            	P.O. BOX 48                   	GALVESTON      	TX	775500000	1111111111	2007-04-07 00:41:20.637	2010-09-16 00:02:00.000	1
4240	CIC	HI 	HIGHTOWER UNIT                                    	ROUTE 3, BOX 98               	DAYTON         	TX	775350000		2007-04-07 00:41:20.637	2010-09-16 00:02:00.000	1
4241	CIC	HT 	HILLTOP UNIT                                      	1500 STATE SCHOOL ROAD        	GATESVILLE     	TX	765980000	1111111111	2007-04-07 00:41:20.637	2010-09-16 00:02:00.000	1
4242	CIC	HUG	HUGHES UNIT                                       	ROUTE 2, BOX 4400             	GATESVILLE     	TX	765280000		2007-04-07 00:41:20.637	2010-09-16 00:02:00.000	1
4243	CIC	HUN	HUNTSVILLE UNIT                                   	P.O. BOX 99                   	HUNTSVILLE     	TX	773420099		2007-04-07 00:41:20.637	2010-09-16 00:02:00.000	1
4244	CIC	JA 	ALRED UNIT                                        	NONE GIVEN                    	WICHITA        	TX	111110000	1111111111	2007-04-07 00:41:20.637	2010-09-16 00:02:00.000	1
4245	CIC	JAM	JAMES CRABTREE CORRECTIONAL CENTER                	RR1 BOX 8                     	HELENA         	OK	737410000		2007-04-07 00:41:20.637	2010-09-16 00:02:00.000	1
4246	CIC	JCC	JEFFERSON CITY CORRECTIONAL CENTER                	??                            	??             	MO	111110000	1111111111	2007-04-07 00:41:20.637	2010-09-16 00:02:00.000	1
4247	CIC	JE1	JESTER ONE UNIT                                   	RT 2                          	RICHMOND       	TX	774690000		2007-04-07 00:41:20.637	2010-09-16 00:02:00.000	1
4248	CIC	JE2	JESTER TWO UNIT                                   	RT 2                          	RICHMOND       	TX	774690000		2007-04-07 00:41:20.637	2010-09-16 00:02:00.000	1
4249	CIC	JE3	JESTER THREE UNIT                                 	RT 2                          	RICHMOND       	TX	774690000		2007-04-07 00:41:20.637	2010-09-16 00:02:00.000	1
4250	CIC	JE4	JESTER IV UNIT (MENTAL HEALTH)                    	RT. 2                         	RICHMOND       	TX	774690000	1111111111	2007-04-07 00:41:20.637	2010-09-16 00:02:00.000	1
4251	CIC	JHC	JOSEPH HARP CORRECTION CENTER                     	PO BOX 548                    	LEXINGTON      	OK	735010000		2007-04-07 00:41:20.637	2010-09-16 00:02:00.000	1
4252	CIC	JOR	JORDAN UNIT                                       	STATE HWY. 152 E.             	PAMPA          	TX	790660000	1111111111	2007-04-07 00:41:20.637	2010-09-16 00:02:00.000	1
4253	CIC	JT 	JOHNSTON UNIT                                     	NONE GIVEN                    	WINNSBORO      	TX	111110000	1111111111	2007-04-07 00:41:20.637	2010-09-16 00:02:00.000	1
4254	CIC	KY 	KYLE                                              	P.O. BOX 1300                 	KYLE           	TX	786400000	1111111111	2007-04-07 00:41:20.637	2010-09-16 00:02:00.000	1
4255	CIC	LAW	LAWTON CORRECTIONAL FACILITY                      	8607 SE FLOWER MOUND          	LAWTON         	OK	735010000	1111111111	2007-04-07 00:41:20.637	2010-09-16 00:02:00.000	1
4256	CIC	LCC	LEXINGTON CORRECTIONAL CENTER                     	P.O. BOX 260                  	LEXINGTON      	OK	730510000		2007-04-07 00:41:20.637	2010-09-16 00:02:00.000	1
4257	CIC	LEX	LEXINGTON ASSESSMENT & RECEPTION CENTER           	P.O. BOX 260                  	LEXINGTON      	OK	730510000		2007-04-07 00:41:20.637	2010-09-16 00:02:00.000	1
4258	CIC	LH 	LYNAUGH                                           	P.O. BOX 99                   	FT. STOCKTON   	TX	773400000	1111111111	2007-04-07 00:41:20.637	2010-09-16 00:02:00.000	1
4259	CIC	LSJ	LYCHNER STATE JAIL                                	2350 ATASCOCITA ROAD          	HUMBLE         	TX	773960000		2007-04-07 00:41:20.637	2010-09-16 00:02:00.000	1
4260	CIC	LYN	LYNAUGH UNIT                                      	A. W. ISRAEL ALVAREZ          	FORT STOCKTON  	TX	797350000		2007-04-07 00:41:20.637	2010-09-16 00:02:00.000	1
4261	CIC	MAC	MACK ALFORD CORRECTIONAL CENTER                   	P.O. BOX 220                  	STRINGTOWN     	OK	745690000		2007-04-07 00:41:20.637	2010-09-16 00:02:00.000	1
4262	CIC	MAM	MARY ANN MOHAN - TEMP. NOT IN TDC                 	5107 LEESBURG PIKE, SUITE 2545	FALLS CHURCH   	VA	22041		2007-04-07 00:41:20.637	2010-09-16 00:02:00.000	1
4263	CIC	MBC	MABEL BASSETT CORRECTIONAL CENTER                 	P.O. BOX 11492                	OKLAHOMA CITY  	OK	731360000	1111111111	2007-04-07 00:41:20.637	2010-09-16 00:02:00.000	1
4264	CIC	MCC	MCCONNELL UNIT                                    	3001 S. EMILY DR.             	BEEVILLE       	TX	781020000		2007-04-07 00:41:20.637	2010-09-16 00:02:00.000	1
4265	CIC	MCO	MC CONNELL                                        	3001 S. AMELIE DRIVE          	BEEVILLE       	TX	781020000		2007-04-07 00:41:20.637	2010-09-16 00:02:00.000	1
4266	CIC	MEC	MISSOURI EASTERN CORRECTIONAL CENTER              	18701 OLD HIGHWAY 66          	PACIFIC        	MO	630590000	1111111111	2007-04-07 00:41:20.637	2010-09-16 00:02:00.000	1
4267	CIC	MIC	MICHAEL UNIT                                      	P.O. BOX 4500                 	TENNESSE COLONY	TX	758860000		2007-04-07 00:41:20.637	2010-09-16 00:02:00.000	1
4268	CIC	MOB	MOBERLY CORRECTIONAL CENTER                       	P.O. BOX 7                    	MOBERLY        	MO	652700000		2007-04-07 00:41:20.637	2010-09-16 00:02:00.000	1
4269	CIC	MOC	MISSOURI DEPARTMENT OF CORRECTIONS                	P.O. BOX 236                  	JEFFERSON CITY 	MO	651020000		2007-04-07 00:41:20.637	2010-09-16 00:02:00.000	1
4270	CIC	MSP	MISSOURI STATE PENITENTIARY                       	P.O. BOX 597                  	JEFFERSON CITY 	MO	651020000	1111111111	2007-04-07 00:41:20.637	2010-09-16 00:02:00.000	1
4271	CIC	MTC	MISSOURI TRAINING CENTER FOR MEN                  	P.O. BOX 7-2D-616             	MOBERLY        	MO	652790000	1111111111	2007-04-07 00:41:20.637	2010-09-16 00:02:00.000	1
4272	CIC	MV 	MOUNTAIN VIEW UNIT                                	ROUTE 4, BOX 800              	GATESVILLE     	TX	765280000	1111111111	2007-04-07 00:41:20.637	2010-09-16 00:02:00.000	1
4273	CIC	N1 	MARLIN UNIT                                       	RT. 1 BOX 5000                	MARLIN         	TX	766610000	1111111111	2007-04-07 00:41:20.637	2010-09-16 00:02:00.000	1
4274	CIC	OCJ	OKLAHOMA CITY JAIL                                	201 NORTH SHARTEL             	OKLAHOMA CITY  	OK	731020000	1111111111	2007-04-07 00:41:20.637	2010-09-16 00:02:00.000	1
4275	CIC	ODC	OKLAHOMA DEPARTMENT OF CORRECTION                 	P.O. BOX 220                  	STRINGTOWN     	OK	745690000	1111111111	2007-04-07 00:41:20.637	2010-09-16 00:02:00.000	1
4276	CIC	OSP	OKLAHOMA STATE PENITENTIARY                       	P.O. BOX 97                   	MACALESTER     	OK	745010000		2007-04-07 00:41:20.637	2010-09-16 00:02:00.000	1
4277	CIC	OSR	OKLAHOMA STATE REFORMATORY                        	P.O. BOX 514                  	GRANITE        	OK	735470000		2007-04-07 00:41:20.637	2010-09-16 00:02:00.000	1
4278	CIC	PA1	PACK ONE UNIT                                     	RT 3 BOX 300                  	NAVASOTA       	TX	778680000		2007-04-07 00:41:20.637	2010-09-16 00:02:00.000	1
4279	CIC	PA2	PACK TWO UNIT                                     	RT 1, BOX 1000                	NAVASOTA,      	TX	778680000		2007-04-07 00:41:20.637	2010-09-16 00:02:00.000	1
4280	CIC	RA1	RAMSEY ONE                                        	RT 4, BOX 1100                	ROSHARON       	TX	775830000		2007-04-07 00:41:20.637	2010-09-16 00:02:00.000	1
4281	CIC	RA2	RAMSEY TWO                                        	RT 4, BOX 1300                	ROSHARON       	TX	775830000		2007-04-07 00:41:20.637	2010-09-16 00:02:00.000	1
4282	CIC	RA3	RAMSEY 111                                        	RT 4, BOX 1300                	ROSHARON       	TX	775830000		2007-04-07 00:41:20.637	2010-09-16 00:02:00.000	1
4283	CIC	RBD	R.B. DICK CONNER CORRECTIONAL CENTER              	P.O. BOX 220                  	HOMINY         	OK	740350000		2007-04-07 00:41:20.637	2010-09-16 00:02:00.000	1
4284	CIC	RDC	RECEPTION DIAGNOSTIC CENTER                       	P.O. BOX 317                  	PLAINFIELD     	IN	461680000		2007-04-07 00:41:20.637	2010-09-16 00:02:00.000	1
4285	CIC	REN	RENZ CORRECTIONAL CENTER                          	P.O. BOX 3200                 	JEFFERSON CITY 	MO	651020000		2007-04-07 00:41:20.637	2010-09-16 00:02:00.000	1
4286	CIC	RET	RETRIEVE UNIT                                     	RT. 5 BOX 1500                	ANGLETON       	TX	775150000		2007-04-07 00:41:20.637	2010-09-16 00:02:00.000	1
4287	CIC	ROA	ROACH UNIT                                        	P.O. BOX 720                  	CHILDRESS      	TX	792010000	1111111111	2007-04-07 00:41:20.637	2010-09-16 00:02:00.000	1
4288	CIC	ROB	ROBERTSON UNIT                                    	RT. 1 BOX 408                 	ABILENE        	TX	796010000		2007-04-07 00:41:20.637	2010-09-16 00:02:00.000	1
4289	CIC	SMI	SMITH UNIT                                        	HCR-07, BOX 187-A             	LAMESA         	TX	793310000		2007-04-07 00:41:20.637	2010-09-16 00:02:00.000	1
4290	CIC	STE	WARDEN MACK ALFORD CORRECTIONAL CENTER            	POST OFFICE BOX #220          	STRINGTOWN     	OK	745690000	1111111111	2007-04-07 00:41:20.637	2010-09-16 00:02:00.000	1
4291	CIC	STI	STILES UNIT                                       	RT 4 BOX 1500                 	BEAUMONT       	TX	777050000		2007-04-07 00:41:20.637	2010-09-16 00:02:00.000	1
4292	CIC	STV	STEVENSON                                         	P.O. BOX 99                   	CUERRO         	TX	773400000	1111111111	2007-04-07 00:41:20.637	2010-09-16 00:02:00.000	1
4293	CIC	SV 	SKYVIEW UNIT   (STATE HOSPITAL IN CHEROKEE COUNTY)	U.S. HIGHWAY 69 AT RUSK       	RUSK           	TX	757850000		2007-04-07 00:41:20.637	2010-09-16 00:02:00.000	1
4294	CIC	TDW	TEXAS WAIVER CASES                                	11111                         	HOUSTON        	TX	111110000	1111111111	2007-04-07 00:41:20.637	2010-09-16 00:02:00.000	1
4295	CIC	TER	TERRELL UNIT                                      	P.O. BOX 99                   	HUNTSVILLE     	TX	773420000		2007-04-07 00:41:20.637	2010-09-16 00:02:00.000	1
4296	CIC	TO 	TELFORD UNIT                                      	NONE GIVEN                    	NEW BOSTON     	TX	111110000	1111111111	2007-04-07 00:41:20.637	2010-09-16 00:02:00.000	1
4297	CIC	TOR	TORRES UNIT                                       	P.O. BOX 373                  	HONDO          	TX	788610000	1111111111	2007-04-07 00:41:20.637	2010-09-16 00:02:00.000	1
4298	CIC	VS 	VENUS CCA                                         	P.O. BOX 361                  	VENUS          	TX	760840000	1111111111	2007-04-07 00:41:20.637	2010-09-16 00:02:00.000	1
4299	CIC	WAL	WALKER COUNTY JAIL                                	751 FM 2821                   	HUNTSVILLE     	TX	773400000		2007-04-07 00:41:20.637	2010-09-16 00:02:00.000	1
4300	CIC	WHC	WACKEN HUT CORRECTIONAL CENTER                    	8607 SE FLOWERMOUND ROAD      	LAWTON         	OK	735010000	1111111111	2007-04-07 00:41:20.637	2010-09-16 00:02:00.000	1
4301	CIC	WMC	WESTERN MISSOURI CORRECTIONAL CENTER              	RT. 5, BOX 1E                 	CAMERON        	MO	644290000		2007-04-07 00:41:20.637	2010-09-16 00:02:00.000	1
4302	CIC	WYN	WYNNE UNIT                                        	FM 2821 IN WALKER COUNTY      	HUNTSVILLE     	TX	773490000		2007-04-07 00:41:20.637	2010-09-16 00:02:00.000	1
4303	DET	COO	COOPER STREET CORRECTIONAL FACILITY	3100 COOPER STREET	JACKSON	MI	49201		2010-10-25 09:50:26.000	2010-10-25 09:50:26.000	1
4306	BLM	WAC	FEDERAL CORRECTIONAL INSTITUTE - WASECA	1000 UNIVERSITY DR. SW	WASECA	MN	56093	5078374523	2010-11-09 12:01:37.000	2010-11-09 12:01:37.000	1
4307	MIA	BLK	Blacwater River Correction Facility	5914 Jeff Ates Road	Milton	FL	32583	8509834100	2010-11-30 07:31:03.000	2010-11-30 07:31:03.000	1
4308	MIA	SCI	SUWANNEE CORRECTIONAL INSTITUTION	5964 U. S. HIGHWAY 90	LIVE OAK	FL	32060	3869636201	2010-12-10 10:23:26.000	2010-12-10 10:23:26.000	1
4309	OAK	AC2	ADAMS COUNTY CORRECTIONAL CENTER	P.O. BOX 1600	WASHINGTON	MS	39190		2011-02-14 17:04:20.000	2011-02-14 17:04:20.000	1
4310	DET	SAI	SPECIAL ALTERNATIVE INCARCERATION FACILITY	18901 WATERLOO RD.	CHELSEA	MI	48118	7344751368	2011-05-18 08:24:37.000	2011-05-18 08:24:37.000	1
4311	SAI	NMD	Dept. of Corrections	P.O. Box 506506	Saipan	MP	96950		2011-06-14 18:38:55.000	2011-06-14 18:38:55.000	1
4312	ATL	AFP	MCRAE CORRECTIONAL FACILITY	1000 JIM HAMMOCK DRIVE	MCRAE	GA	31055		2011-07-18 16:38:40.000	2011-07-18 16:38:40.000	1
4313	FLO	cac	ASPC CACF	P.O. Box 9600	Florence	AZ	85132	5208685862	2011-09-15 13:32:09.000	2022-09-13 14:40:34.000	1
4314	FLO	rnn	ASPC Eyman	P.O. Box 3100	Florence	AZ	85132	5208685862	2011-09-15 13:54:13.000	2011-09-15 13:54:13.000	1
4315	FLO	coo	ASPC EYMAN	P.O. Box 3200	Florence	AZ	85132	5208685862	2011-09-15 14:03:13.000	2011-09-15 14:03:13.000	1
4316	FLO	cen	ASPC Florence(Central Unit)	P.O. Box 8200	Florence	AZ	85132	5208685862	2011-09-15 14:07:58.000	2011-09-15 14:07:58.000	1
4317	FLO	nor	ASPC Florence (North Unit)	P.O. Box 7000	Florence	AZ	85132	5208685862	2011-09-15 14:33:18.000	2011-09-15 14:33:18.000	1
4318	FLO	sou	ASPC Florence (South Unit)	P.O. Box 8400	Florence	AZ	85132	5208685862	2011-09-15 14:37:25.000	2011-09-15 14:37:25.000	1
4319	FLO	glo	ASPC-Florence(Globe Unit)	P.O. Box 2799	Globe	AZ	85132	5208685862	2011-09-15 14:39:11.000	2011-09-15 14:39:11.000	1
4320	FLO	pic	ASPC Florence (Picacho Unit)	P.O. Box 7	Picacho	AZ	85241	5208685862	2011-09-15 14:40:18.000	2011-09-15 14:40:18.000	1
4321	FLO	wes	ASPC Florence (West Unit)	P.O. Box 1599	Florence	AZ	85132	5208685862	2011-09-15 14:42:23.000	2011-09-15 14:42:23.000	1
4322	FLO	bro	ASPC Eyman (Browning Unit)	P.O. Box 3300	Florence	AZ	85132	5208685862	2011-09-15 14:43:31.000	2011-09-15 14:43:31.000	1
4323	FLO	eym	ASPC Eyman (SMU I)	P.O. Box 4000	Florence	AZ	85132	5208685862	2011-09-15 14:44:46.000	2011-09-15 14:44:46.000	1
4324	WAS	LAW	LAWRENCEVILLE CORRECTIONAL CENTER	1607 PLANTERSROAD	LAWRENCEVILLE	VA	23868	4348489349	2011-09-23 13:25:00.000	2011-09-23 13:25:00.000	1
4325	ELZ	DLH	DELANEY HALL	451 DOREMUS AVENUE	NEWARK	NJ	07105		2011-10-14 08:02:49.000	2011-10-14 08:02:49.000	1
4326	CHI	PDC	PRAIRIE DU CHIEN CORRECTIONAL INSTITUTION	500 E. PARRISH ST	PRAIRIE DUCHIEN	WI	53821		2012-03-20 09:54:04.000	2012-03-20 09:54:04.000	1
4327	DET	PUG	PUGSLEY CORRECTIONAL FACILITY	7401 EAST WALTON RD	KINGSLEY	MI	49649		2012-03-22 08:31:17.000	2012-03-22 08:31:17.000	1
4328	MIA	FSW	FLORIDA STATE PRISON-West unit	7819 N.W. 228TH STREET	RAIFORD	FL	32026	9043682500	2012-05-31 11:36:18.000	2012-05-31 11:36:18.000	1
4329	MIA	LOR	LOWELL RECEPTION CENTER	3700 NW 111TH PLACE	OCALA	FL	34482	3528407971	2012-05-31 11:49:32.000	2013-09-04 15:41:26.000	1
4330	MIA	DEA	DESOTO ANNEX CORRECTIONAL INSTITUTION 	13617 S.E. HIGHWAY 70	ARCADIA	FL	34266	8634943727	2012-05-31 11:50:33.000	2012-05-31 11:50:33.000	1
4331	MIA	SCA	SUWANNEE ANNEX CORRECTIONAL INSTITUTION	5964 U.S. HIGHWAY 90	LIVE OAK	FL	32060	3869636301	2012-05-31 11:52:32.000	2012-05-31 11:52:32.000	1
4332	DET	CNT	CENTRAL MICHIGAN CORR. FACILITY	320 N. HUBBARD	ST. LOUIS	MI	48880		2012-06-18 07:35:20.000	2012-06-18 07:35:20.000	1
4333	MIA	MAA	MAYO-ANNEX C.I.	8784 US HIGHWAY 27 WEST	MAYO	FL	32066	 	2012-07-24 08:36:12.000	2012-07-24 08:52:32.000	1
4334	SAJ	GGC	GOLDEN GROVE CORRECTIONAL FACILITY	RURAL RTE #1 BOX 9955	KINGSHILL ST CR	VI	00850	3401222222	2012-07-26 14:17:41.000	2012-07-30 10:06:34.000	1
4335	MIA	FWR	FLORIDA WOMEN'S RECEPTION CTR.	3700 NW 111TH PLACE	OCALA	FL	34482		2013-09-04 15:41:30.000	2013-09-04 15:41:30.000	1
4336	MIA	ALI	ALICEVILLE FEDERAL CORRECTIONAL INSTITUTION	P.O.BOX 445	ALICEVILLE	AL	35442	2053735016	2014-03-06 15:48:31.000	2014-03-06 15:48:31.000	1
4337	OAK	JNA	LASALLE DETENTION CENTER 	830 PINEHILL ROAD	JENA	LA	71342	3189927800	2014-07-14 10:06:26.000	2014-07-14 10:06:26.000	1
4338	SFR	RCC	RIO CONSUMNES CORRECTIONAL CENTER	12500 BRUCEVILLE ROAD	ELK GROVE	CA	95757	 	2014-08-05 15:03:04.000	2018-10-10 14:38:11.000	0
4339	SFR	YUB	YUBA COUNTY JAIL	215 5TH STREET	MARYSVILLE	CA	95901		2014-08-05 15:04:17.000	2014-08-05 15:04:17.000	1
4340	SFR	COC	CONTRA COSTA WEST COUNTY DETENTION FACILITY	555 GIANT HIGHWAY RICHMOND	RICHMOND	CA	94806	 	2014-08-05 15:04:52.000	2018-10-10 14:37:32.000	0
4341	SFR	JUV	CRITTENTON SERVICES FOR CHILDREN & FAMILIES	801 E. CHAPMAN AVENUE, SUITE 2	FULLERTON	CA	92831		2014-09-12 10:57:43.000	2014-09-12 10:57:43.000	1
4342	MIA	HER	HERNANDO CORRECTIONAL INSTITUTION	16415 SPRING HILL DRIVE	BROOKSVILLE	FL	34604		2015-01-08 10:42:37.000	2015-01-08 10:42:37.000	1
4343	SFR	MV	MESA VERDE DETENTION FACILITY	425 GOLDEN STATE AVENUE	BAKERSFIELD	CA	93301	6618591028	2015-03-18 16:50:07.000	2015-03-18 16:53:45.000	1
4344	OAK	AFC	ALICEVILLE FEDERAL CORRECTIONAL INSTITUTE	1107 HWY. 14	ALICEVILLE	AL	35422		2016-09-28 10:35:36.000	2016-09-28 10:35:36.000	1
4345	SFR	LAS	LASALLE DETENTION FACILITY	830 PINE HILL ROAD JENNA	LOUISIANA	LA	71342	3189921457	2016-11-30 14:17:26.000	2016-11-30 14:31:20.000	1
4346	SFR	PIN	PINE PRAIRIE CORRECTIONAL CENTER	1133 HAMPTON DUPRE ROAD	VILLE PLATTE	LA	70586	3335992198	2016-11-30 14:27:44.000	2016-11-30 14:32:49.000	1
4347	SFR	ETO	ETOWAH DETENTION CENTER	827 FORREST AVENUE	GADSDEN	AL	35901	2565498154	2016-12-13 12:55:34.000	2016-12-13 12:55:34.000	1
4348	BTV	BTV	BFDF	4250 Federal Drive	Batavia	NY	14020	5853446500	2016-12-13 14:46:30.000	2016-12-13 14:46:30.000	1
4349	BTV	ALB	Albany County Jail	840 Albany Shaker Rd	Albany	NY	12211	5187868794	2016-12-15 16:36:56.000	2016-12-15 16:36:56.000	1
4350	BTV	CHA	Chautauqua County Jail	15 E Chautauqua St	Mayville	NY	14757	7167532131	2016-12-15 16:38:55.000	2016-12-15 16:38:55.000	1
4351	BTV	CLI	Clinton County Jail	25 McCarthy Dr	Plattsburgh	NY	12901	5185654300	2016-12-15 16:40:07.000	2016-12-15 16:40:07.000	1
4352	BTV	ONT	Ontario County Jail	3045 County Complex Dr	Canandaigua	NY	14424	5853961800	2016-12-15 16:41:35.000	2016-12-15 16:41:35.000	1
4353	BTV	WAY	Wayne County Jail	7368 State Route 31	Lyons	NY	14489	3159465715	2016-12-15 16:42:43.000	2016-12-15 16:42:43.000	1
4354	BTV	ALL	Allegany County Jail	4884 State Route 19	Belmont	NY	14813	5852689803	2016-12-15 16:43:41.000	2016-12-15 16:43:41.000	1
4355	SFR	SLR	SAN LUIS REGIONAL DETENTION FACILITY	406 NORTH AVENUE D	SAN LUIZ	AZ	85349	4151111111	2017-02-14 16:06:57.000	2017-02-14 16:06:57.000	1
4356	SFR	OTH	OTHER HOUSING LOCATION	999 ANY STREET	ANY CITY	CA	99999	9999999999	2017-03-16 13:10:35.000	2017-03-16 13:10:35.000	1
4357	LOS	VIC	FEDERAL CORRECTIONAL INSTITUTION	13777 Air Express Way Blvd.	Victorville	CA	92394		2017-08-03 20:08:16.000	2017-08-03 20:08:16.000	1
4358	OAK	ALV	Aliceville Correctional Facility (FCI)	11070 Highway 14	Aliceville	AL	35442	2053735000	2017-08-24 18:36:08.000	2017-08-24 18:36:08.000	1
4359	SFR	TAF	TAFT FEDERAL CORRECTIONAL INSTITUTION	1500 CADET ROAD	TAFT	CA	93268	6617632510	2017-10-31 15:01:30.000	2019-02-21 19:59:21.000	1
4360	NLA	VIC	FEDERAL CORRECTIONAL INSTITUTION	13777 Air Express Way Blvd.	Victorville	CA	92394	 	2018-02-15 17:14:30.000	2018-02-15 17:16:54.000	1
4361	OAK	POM	FCI POLLOCK- MEDIUM	P.O. BOX 3000	POLLOCK	LA	71467	3185615602	2018-06-14 16:55:47.000	2018-06-14 16:55:47.000	1
4362	OAK	POH	FCI POLLOCK- HIGH	P.O. BOX 1000	POLLOCK	LA	71467	3185615602	2018-06-14 16:57:04.000	2018-06-14 16:57:04.000	1
4363	ATL	DRY	D. RAY JAMES CORRECTIONAL FACILITY	3262 HIGHWAY 252 EAST  	FOLKSTON	GA	31537		2018-07-11 01:40:52.000	2018-07-11 01:40:52.000	1
4364	NYC	ODS	Oshea D.  Spencer	26 Fedeal Plaza	NY	NY	10278	9174541040	2018-08-28 08:12:06.000	2018-08-28 08:12:06.000	1
4365	SFR	AUR	AURORA DETAINED FACILITY	3130 N. OAKLAND STREET	AURORA	CO	80010	9999999999	2018-10-10 14:29:55.000	2018-10-10 14:32:30.000	1
4366	SFR	ADE	ADELANTO DETAINED FACILITY	10400 RANCHO ROAD	ADELANTO	CA	92301	9999999999	2018-10-10 14:30:55.000	2018-10-10 14:30:55.000	1
4367	SFR	TAC	TACOMA NORTHWEST DETENTION CENTER	1623 EAST J STREET	TACOMA	WA	98421	9999999999	2018-10-10 14:38:25.000	2018-10-10 14:38:25.000	1
4368	JNA	ACC	ADAMS COUNTY CORR.	P.O. BOX 1600	WASHINGTON 	MS	39190		2019-02-14 16:33:45.000	2019-02-14 16:33:45.000	1
4369	JNA	FCA	FCI ALICEVILLE	11070 HWY 14	ALICEVILLE	AL	35442		2019-02-14 16:35:18.000	2019-02-14 16:35:18.000	1
4370	JNA	FCO	FCI II OAKDALE	P. O. BOX 5060	OAKDALE	LA	71463		2019-02-14 16:39:27.000	2019-02-14 16:39:27.000	1
4371	JNA	FPM	FCI POLLOCK (medium)	p.o. box 3000	POLLOCK	LA	71467		2019-02-14 16:40:10.000	2019-02-14 16:40:10.000	1
4372	JNA	FPH	USP POLLOCK (HIGH)	P.O. BOX 1000	POLLOCK	LA	71467		2019-02-14 16:40:52.000	2019-02-14 16:40:52.000	1
4373	NYV	ADI	ADIRONDACK CORRECTIONAL FACILITY                  	PO BOX 110                    	RAY BROOK      	NY	129770110		2006-09-16 10:38:41.060	2019-02-25 09:42:33.170	1
4374	NYV	AKL	ARTHUR KILL CORRECTIONAL FACILITY                 	2911 ARTHUR KILL ROAD         	STATEN ISLAND  	NY	103090000		2006-09-16 10:38:41.060	2019-02-25 09:42:33.170	1
4375	NYV	ALB	ALBION CORRECTIONAL FACILITY                      	3595 STATE SCHOOL ROAD        	ALBION         	NY	144110000		2006-09-16 10:38:41.060	2019-02-25 09:42:33.170	1
4376	NYV	ALT	ALTONA CORRECTIONAL FACILITY                      	PO BOX 125                    	ALTONA         	NY	129100000		2006-09-16 10:38:41.060	2019-02-25 09:42:33.170	1
4377	NYV	ATT	ATTICA CORRECTIONAL FACILITY                      	PO BX 149, 639 EXCHANGE STREET	ATTICA         	NY	140110149		2006-09-16 10:38:41.060	2019-02-25 09:42:33.170	1
4378	NYV	AUB	AUBURN CORRECTIONAL FACILITY                      	PO BOX 618                    	AUBURN         	NY	130240000		2006-09-16 10:38:41.060	2019-02-25 09:42:33.170	1
4379	NYV	BAR	BARE HILL CORRECTIONAL FACILITY                   	CALLER BOX #20, CADY ROAD     	MALONE         	NY	129530000		2006-09-16 10:38:41.060	2019-02-25 09:42:33.170	1
4380	NYV	BAY	BAYVIEW CORRECTIONAL FACILITY                     	550 WEST 20TH STREET          	NEW YORK       	NY	100112878		2006-09-16 10:38:41.060	2019-02-25 09:42:33.170	1
4381	NYV	BEA	BEACON CORRECTIONAL FACILITY                      	P.O. BOX 780                  	BEACON         	NY	125080780		2006-09-16 10:38:41.060	2019-02-25 09:42:33.170	1
4382	NYV	BED	BEDFORD HILLS CORRECTIONAL FACILITY               	247 HARRIS ROAD               	BEDFORD HILLS  	NY	105072499		2006-09-16 10:38:41.060	2019-02-25 09:42:33.170	1
4383	NYV	BUA	BUTLER ASACTC                                     	P.O. BOX 400                  	RED CREEK      	NY	131430000		2006-09-16 10:38:41.060	2019-02-25 09:42:33.170	1
4384	NYV	BUF	BUFFALO CORRECTIONAL FACILITY                     	P.O. BOX 300                  	AIDEN          	NY	140040000		2006-09-16 10:38:41.060	2019-02-25 09:42:33.170	1
4385	NYV	BUT	BUTLER CORRECTIONAL FACILITY                      	P.O. BOX 388, RT. #370        	RED CREEK      	NY	131430000		2006-09-16 10:38:41.060	2019-02-25 09:42:33.170	1
4386	NYV	CAG	CAMP GABRIELS                                     	BOX 100                       	GABRIELS       	NY	129390100		2006-09-16 10:38:41.060	2019-02-25 09:42:33.170	1
4387	NYV	CAY	CAYUGA CORRECTIONAL FACILITY                      	PO BOX 1186                   	MORAVIA        	NY	131180000		2006-09-16 10:38:41.060	2019-02-25 09:42:33.170	1
4388	NYV	CGT	CAMP GEORGETOWN                                   	RD #1 BOX 48                  	GEORGETOWN     	NY	130729037		2006-09-16 10:38:41.060	2019-02-25 09:42:33.170	1
4389	NYV	CHA	CHATEAUGAY ASACTC                                 	P.O. BOX 320, ROUTE 11        	CHATEAUGAY     	NY	129200000		2006-09-16 10:38:41.060	2019-02-25 09:42:33.170	1
4390	NYV	CLI	CLINTON CORRECTIONAL FACILITY                     	PO BOX 2001                   	DANNEMORA      	NY	129290000		2006-09-16 10:38:41.060	2019-02-25 09:42:33.170	1
4391	NYV	COL	COLLINS CORRECTIONAL FACILITY                     	P.O. BOX 340                  	COLLINS        	NY	140340490		2006-09-16 10:38:41.060	2019-02-25 09:42:33.170	1
4392	NYV	COX	COXSACKIE CORRECTIONAL FACILITY                   	BOX 200, ROUTE 9W             	COXSACKIE      	NY	120510200		2006-09-16 10:38:41.060	2019-02-25 09:42:33.170	1
4393	NYV	CPH	CAMP PHARSALIA                                    	CHENANGO COUNTY               	SOUTH PLMOUTH  	NY	138449729		2006-09-16 10:38:41.060	2019-02-25 09:42:33.170	1
4394	NYV	CVI	CAPE VINCENT CORRECTIONAL FACILITY                	RT 12E, BOX 739               	CAPE VINCENT   	NY	136180000		2006-09-16 10:38:41.060	2019-02-25 09:42:33.170	1
4395	NYV	DOW	DOWNSTATE CORRECTIONAL FACILITY                   	P.O. BOX F                    	FISHKILL       	NY	125240445		2006-09-16 10:38:41.060	2019-02-25 09:42:33.170	1
4396	NYV	EAS	EASTERN NEW YORK CORRECTIONAL FACILITY            	BOX 338, BERME ROAD           	NAPANOCH       	NY	124580338		2006-09-16 10:38:41.060	2019-02-25 09:42:33.170	1
4397	NYV	EDG	EDGECOMBE CORRECTIONAL FACILITY                   	611 EDGECOMBE AVENUE          	NEW YORK       	NY	100324398		2006-09-16 10:38:41.060	2019-02-25 09:42:33.170	1
4398	NYV	ELM	ELMIRA CORRECTIONAL FACILITY                      	PO BOX 500                    	ELMIRA         	NY	149020500		2006-09-16 10:38:41.060	2019-02-25 09:42:33.170	1
4399	NYV	FIS	FISKILL CORRECTIONAL FACILITY                     	PO BOX 1245                   	BEACON         	NY	125080000		2006-09-16 10:38:41.060	2019-02-25 09:42:33.170	1
4400	NYV	FRA	FRANKLIN CORRECTIONAL FACILITY                    	P.O. BOX 10                   	MALONE         	NY	129530000		2006-09-16 10:38:41.060	2019-02-25 09:42:33.170	1
4401	NYV	FUL	FULTON CORRECTIONAL FACILITY                      	1511 FULTON AVENUE            	BRONX          	NY	104578398		2006-09-16 10:38:41.060	2019-02-25 09:42:33.170	1
4402	NYV	GHN	GREEN HAVEN CORRECTIONAL FACILITY                 	RT 216 DRAW B                 	STORMVILLE     	NY	125820000		2006-09-16 10:38:41.060	2019-02-25 09:42:33.170	1
4403	NYV	GMW	GREAT MEADOW CORRECTIONAL FACILITY                	BOX 51                        	COMSTOCK       	NY	128210000		2006-09-16 10:38:41.060	2019-02-25 09:42:33.170	1
4404	NYV	GOU	GOUVERNEUR CORRECTIONAL FACILITY                  	BOX 480, SCOTCH SETTLEMENT RD.	GOUVERNEUR     	NY	136420370		2006-09-16 10:38:41.060	2019-02-25 09:42:33.170	1
4405	NYV	GOW	GOWANDA CORRECTIONAL FACILITY                     	P.O. BOX 350                  	GOWANDA        	NY	140700000		2006-09-16 10:38:41.060	2019-02-25 09:42:33.170	1
4406	NYV	GRE	GREENE CORRECTIONAL FACILITY                      	P.O. BOX 975                  	COXSACKIE      	NY	120510008		2006-09-16 10:38:41.060	2019-02-25 09:42:33.170	1
4407	NYV	GRO	GROVELAND CORRECTIONAL FACILITY                   	PO BX 104  RT 36, SONYEA ROAD 	SONYEA         	NY	145560001		2006-09-16 10:38:41.060	2019-02-25 09:42:33.170	1
4408	NYV	HAL	HALE CREEK ASACTC                                 	279 MALONEY ROAD              	JOHNSTOWN      	NY	120950000		2006-09-16 10:38:41.060	2019-02-25 09:42:33.170	1
4409	NYV	HUD	HUDSON CORRECTIONAL FACILITY                      	BOX 576                       	HUDSON         	NY	125340576		2006-09-16 10:38:41.060	2019-02-25 09:42:33.170	1
4410	NYV	LAK	LAKEVIEW SHOCK INCARCERATION CORRECTIONAL FACILITY	P.O. BOX T                    	BROCTON        	NY	147160000		2006-09-16 10:38:41.060	2019-02-25 09:42:33.170	1
4411	NYV	LIN	LINCOLN CORRECTIONAL FACILITY                     	31 WEST 110TH STREET          	NEW YORK       	NY	100264398		2006-09-16 10:38:41.060	2019-02-25 09:42:33.170	1
4412	NYV	LIV	LIVINGSTON CORRECTIONAL FACILITY                  	P.O. BOX 1991                 	SONYEA         	NY	145560000		2006-09-16 10:38:41.060	2019-02-25 09:42:33.170	1
4413	NYV	LYO	LYONS MOUNTAIN CORRECTIONAL FACILTIY              	BOX 276                       	LYON MOUNTAIN  	NY	129520276		2006-09-16 10:38:41.060	2019-02-25 09:42:33.170	1
4414	NYV	MAR	MARCY CORRECTIONAL FACILITY                       	P.O. BOX 5000                 	MARCY          	NY	134030000		2006-09-16 10:38:41.060	2019-02-25 09:42:33.170	1
4415	NYV	MMG	MOUNT MCGREGOR CORRECTIONAL FACILITY              	BOX 2071                      	WILTON         	NY	128310000		2006-09-16 10:38:41.060	2019-02-25 09:42:33.170	1
4416	NYV	MOE	MID-ORANGE CORRECTIONAL FACILITY                  	900 KINGS HIGHWAY             	WARWICK        	NY	109900900		2006-09-16 10:38:41.060	2019-02-25 09:42:33.170	1
4417	NYV	MOH	MOHAWK CORRECTIONAL FACILITY                      	P.O. BOX 8450-6100 SCHOOL ROAD	ROME           	NY	134400000		2006-09-16 10:38:41.060	2019-02-25 09:42:33.170	1
4418	NYV	MON	MONTEREY SHOCK INCARCERATION CORRECTIONAL FACILITY	2150 EVERGREEN HILL ROAD      	BEAVER DAMS    	NY	148120000		2006-09-16 10:38:41.060	2019-02-25 09:42:33.170	1
4419	NYV	MOR	MORIAH SHOCK INCARCERATION CORRECTIONAL FACILITY  	P.O. BOX 901                  	MINEVILLE      	NY	129560999		2006-09-16 10:38:41.060	2019-02-25 09:42:33.170	1
4420	NYV	MST	MID-STATE CORRECTIONAL FACILITY                   	P.O. BOX 2500                 	MARCY          	NY	134030216		2006-09-16 10:38:41.060	2019-02-25 09:42:33.170	1
4421	NYV	OGB	OGDENSBURG CORRECTIONAL FACILITY                  	ONE CORRECTION WAY            	OGDENSBURG     	NY	136692288		2006-09-16 10:38:41.060	2019-02-25 09:42:33.170	1
4422	NYV	ONE	ONEIDA CORRECTIONAL FACILITY                      	6100 SCHOOL ROAD, BOX 4580    	ROME           	NY	134400000		2006-09-16 10:38:41.060	2019-02-25 09:42:33.170	1
4423	NYV	ORL	ORLEANS CORRECTIONAL FACILITY                     	35-31 GAINES BASIN ROAD       	ALBION         	NY	144110000		2006-09-16 10:38:41.060	2019-02-25 09:42:33.170	1
4424	NYV	OTI	OTISVILLE CORRECTIONAL FACILITY                   	PO BOX 8                      	OTISVILLE      	NY	109630008		2006-09-16 10:38:41.060	2019-02-25 09:42:33.170	1
4425	NYV	PAR	PARKSIDE CORRECTIONAL FACILITY                    	10 MOUNT MORRIS PARK WEST     	NEW YORK       	NY	100276395		2006-09-16 10:38:41.060	2019-02-25 09:42:33.170	1
4426	NYV	PHA	CAMP PHARSALIA                                    	C/O NYSDCS                    	ALBANY         	NY	122260000		2006-09-16 10:38:41.060	2019-02-25 09:42:33.170	1
4427	NYV	QUE	QUEENSBORO CORRECTIONAL FACILITY                  	47-04 VAN DAM STREET          	LONG ISLAND CY 	NY	111013081		2006-09-16 10:38:41.060	2019-02-25 09:42:33.170	1
4428	NYV	RIV	RIVERVIEW CORRECTIONAL FACILITY                   	P.O. BOX 247                  	OGDENSBURG     	NY	136690000		2006-09-16 10:38:41.060	2019-02-25 09:42:33.170	1
4429	NYV	ROC	ROCHESTER CORRECTIONAL FACILITY                   	470 FORD STREET               	ROCHESTER      	NY	146082499		2006-09-16 10:38:41.060	2019-02-25 09:42:33.170	1
4430	NYV	SHA	SHAWANGUNK CORRECTIONAL FACILITY                  	P.O. BOX 700, PRISON ROAD     	WALLKILL       	NY	125890750		2006-09-16 10:38:41.060	2019-02-25 09:42:33.170	1
4431	NYV	SIN	SING SING CORRECTIONAL FACILITY                   	354 HUNTER STREET             	OSSINING       	NY	105625442		2006-09-16 10:38:41.060	2019-02-25 09:42:33.170	1
4432	NYV	SOU	SOUTHPORT CORRECTIONAL FACILITY                   	P.O. BOX 2000                 	PINE CITY      	NY	148710000		2006-09-16 10:38:41.060	2019-02-25 09:42:33.170	1
4433	NYV	SUL	SULLIVAN CORRECTIONAL FACILITY                    	BOX AG                        	FALLSBURG      	NY	127330116		2006-09-16 10:38:41.060	2019-02-25 09:42:33.170	1
4434	NYV	SUM	SUMMIT SHOCK INCARCERATION CORRECTIONAL FACILITY  	HCR 2 BOX 56                  	SUMMIT         	NY	121750000		2006-09-16 10:38:41.060	2019-02-25 09:42:33.170	1
4435	NYV	TAC	TACONIC CORRECTIONAL FACILITY                     	250 HARRIS ROAD               	BEDFORD HILLS  	NY	105072498		2006-09-16 10:38:41.060	2019-02-25 09:42:33.170	1
4436	NYV	ULS	ULSTER CORRECTIONAL FACILITY                      	P.O. BOX 800, BERME ROAD      	NAPANOCH       	NY	124580000		2006-09-16 10:38:41.060	2019-02-25 09:42:33.170	1
4437	NYV	UPS	UPSTATE CORRECTIONAL FACILITY                     	PO BOX 2000, 309 BARE HILL RD 	MALONE         	NY	129530000		2006-09-16 10:38:41.060	2019-02-25 09:42:33.170	1
4438	NYV	WAL	WALLKILL CORRECTIONAL FACILITY                    	BOX G                         	WALLKILL       	NY	125890286		2006-09-16 10:38:41.060	2019-02-25 09:42:33.170	1
4439	NYV	WAS	WASHINGTON CORRECTIONAL FACILITY                  	BOX 180, LOCK 11 RD           	COMSTOCK       	NY	128210180		2006-09-16 10:38:41.060	2019-02-25 09:42:33.170	1
4440	NYV	WAT	WATERTOWN CORRECTIONAL FACILITY                   	PO BOX 168 23147 SWAN ROAD    	WATERTOWN      	NY	136019340		2006-09-16 10:38:41.060	2019-02-25 09:42:33.170	1
4441	NYV	WEN	WENDE CORRECTIONAL FACILITY                       	P.O. BOX 1187                 	ALDEN          	NY	140041187		2006-09-16 10:38:41.060	2019-02-25 09:42:33.170	1
4442	NYV	WIL	WILLARD DRUG TREATMENT CENTER                     	PO BOX 303; 7116 COUNTY RT 132	WILLARD        	NY	145880000		2006-09-16 10:38:41.060	2019-02-25 09:42:33.170	1
4443	NYV	WLS	WALSH MEDICAL CENTER                              	P.O. BOX 8453                 	ROME           	NY	134400000		2006-09-16 10:38:41.060	2019-02-25 09:42:33.170	1
4444	NYV	WOO	WOODBOURNE CORRECTIONAL FACILITY                  	RIVERSIDE DRIVE, POUCH 1      	WOODBOURNE     	NY	127880000		2006-09-16 10:38:41.060	2019-02-25 09:42:33.170	1
4445	NYV	WYO	WYOMING CORRECTIONAL FACILITY                     	P.O. BOX 501                  	ATTICA         	NY	140110000		2006-09-16 10:38:41.060	2019-02-25 09:42:33.170	1
4447	MIA	MIC	Michelle Araneta	333 South Miami Avenue	Miami	FL	33130	3057894221	2019-03-14 09:50:56.000	2019-03-14 09:50:56.000	1
4448	MIA	BUR	Abraham Burgess	333 South Miami Avenue	Miami	FL	33130	3057894221	2019-03-14 09:53:22.000	2019-03-14 09:53:22.000	1
4449	MIA	TA1	Thomas Ayze	333 South Miami Avenue	Miami	FL	33130	3057894221	2019-03-14 09:55:05.000	2019-03-14 09:55:05.000	1
4450	HSG	30D	IMMIRGATION COURT                                 	30000D, HIGHWAY 75S           	HUNTSVILLE     	TX	773420099		2020-06-23 14:49:22.900	2020-06-23 14:49:22.900	1
4451	HSG	ACC	ALGOA CORRECTIONAL CENTER                         	P.O. BOX 538                  	JEFFERSON CITY 	MO	651020000		2020-06-23 14:49:22.900	2020-06-23 14:49:22.900	1
4452	HSG	ALG	ALGOA CORRECTIONAL CENTER                         	BOX 538                       	JEFFERSON CITY 	MO	651020000	1111111111	2020-06-23 14:49:22.900	2020-06-23 14:49:22.900	1
4453	HSG	BC 	BILL CLEMENS UNIT                                 	P.O. BOX 99                   	HUNTSVILLE     	TX	773420099		2020-06-23 14:49:22.900	2020-06-23 14:49:22.900	1
4454	HSG	BCC	BOONVILLE CORRECTIONAL CENTER                     	BOX 379                       	BOONVILLE      	MO	652330000		2020-06-23 14:49:22.900	2020-06-23 14:49:22.900	1
4455	HSG	BCF	BOONEVILLE CORRECTIONAL FACILITY                  	P.O. BOX 379                  	BOONEVILLE     	MO	652330000		2020-06-23 14:49:22.900	2020-06-23 14:49:22.900	1
4456	HSG	BE2	BETO II                                           	RT 2, BOX 2250                	PALESTINE      	TX	758821111		2020-06-23 14:49:22.900	2020-06-23 14:49:22.900	1
4457	HSG	BET	BETO I UNIT                                       	P.O. BOX 128                  	TENNESSE COLONY	TX	758800000		2020-06-23 14:49:22.900	2020-06-23 14:49:22.900	1
4458	HSG	BM 	MOORE                                             	P.O. BOX 99                   	HUNTSVILLE     	TX	773400099	1111111111	2020-06-23 14:49:22.900	2020-06-23 14:49:22.900	1
4459	HSG	BOL	J.H. LILLEY CORRECTIONAL CENTER                   	POST OFFICE BOX #308          	BOLEY          	OK	748290000	1111111111	2020-06-23 14:49:22.900	2020-06-23 14:49:22.900	1
4460	HSG	BOY	BOYD                                              	P.O. BOX 99                   	HUNTSVILLE     	TX	773400000		2020-06-23 14:49:22.900	2020-06-23 14:49:22.900	1
4461	HSG	BR 	BRIDGEPORT                                        	P.O. BOX 189                  	BRIDGEPORT     	TX	760260000	1111111111	2020-06-23 14:49:22.900	2020-06-23 14:49:22.900	1
4462	HSG	BRI	BRISCOE UNIT                                      	RT. 1 BOX 4                   	DILLEY         	TX	780179722		2020-06-23 14:49:22.900	2020-06-23 14:49:22.900	1
4463	HSG	BYD	BOYD UNIT                                         	RT. 2 BOX 500                 	TEAGUE         	TX	758609802		2020-06-23 14:49:22.900	2020-06-23 14:49:22.900	1
4464	HSG	CCC	CROSSROADS CORRECTIONAL CENTER                    	1115 EAST PENCE               	CAMERON        	MO	644290000		2020-06-23 14:49:22.900	2020-06-23 14:49:22.900	1
4465	HSG	CCF	CIMARRON CORRECTIONAL FACILITY                    	3700 SW KINGS HIGHWAY         	CUSHING        	OK	740230000	1111111111	2020-06-23 14:49:22.900	2020-06-23 14:49:22.900	1
4466	HSG	CEN	CENTRAL UNIT                                      	ONE CIRCLE DRIVE              	SUGAR LAND     	TX	774780000		2020-06-23 14:49:22.900	2020-06-23 14:49:22.900	1
4467	HSG	CHI	CHILLICOTHE CORRECTIONAL FACILITY                 	1500 WEST THIRD STREET        	CHILLICOTHE    	MO	646010000		2020-06-23 14:49:22.900	2020-06-23 14:49:22.900	1
4468	HSG	CLE	CLEMENS UNIT                                      	RT. 1, BOX 1077               	BRAZORIA       	TX	774220000		2020-06-23 14:49:22.900	2020-06-23 14:49:22.900	1
4469	HSG	CLM	(BILL) CLEMENTS UNIT                              	9601 N.E. 24TH STREET         	AMARILLO       	TX	791070000		2020-06-23 14:49:22.900	2020-06-23 14:49:22.900	1
4470	HSG	CMC	CENTRAL MISSOURI CORRECTIONAL CENTER              	P.O. BOX 539                  	JEFFERSON CITY 	MO	651020000	1111111111	2020-06-23 14:49:22.900	2020-06-23 14:49:22.900	1
4471	HSG	COC	CENTRAL OKLAHOMA CORRECTIONAL FACILITY            	29501 KICKAPOO                	MCLOUD         	OK	748510000	1111111111	2020-06-23 14:49:22.900	2020-06-23 14:49:22.900	1
4472	HSG	COF	COFFIELD UNIT                                     	ROUTE 1 BOX 150               	TENNESSE COLONY	TX	758610000		2020-06-23 14:49:22.900	2020-06-23 14:49:22.900	1
4473	HSG	CV 	CLEVELAND CCA                                     	P.O. BOX 1678                 	CLEVELAND      	TX	773280000	1111111111	2020-06-23 14:49:22.900	2020-06-23 14:49:22.900	1
4474	HSG	CYC	CONNALLY UNIT                                     	NONE GIVEN                    	KENNEDY        	TX	111111111	1111111111	2020-06-23 14:49:22.900	2020-06-23 14:49:22.900	1
4475	HSG	DAR	DARRINGTON UNIT                                   	RT 3, BOX 59                  	ROSHARON       	TX	775830000		2020-06-23 14:49:22.900	2020-06-23 14:49:22.900	1
4476	HSG	DCC	DICK CONNER CORRECTIONAL CENTER                   	P.O. BOX 220                  	HOMINY         	OK	740350000		2020-06-23 14:49:22.900	2020-06-23 14:49:22.900	1
4477	HSG	DCF	DIAMONDBACK CORRECTIONAL FACILITY                 	P.O. BOX 780                  	WATONGA        	OK	737720000	1111111111	2020-06-23 14:49:22.900	2020-06-23 14:49:22.900	1
4478	HSG	DH 	DALHART                                           	HWY 54 SOUTH 1 MI. FM008      	DALHART        	TX	790220000	1111111111	2020-06-23 14:49:22.900	2020-06-23 14:49:22.900	1
4479	HSG	DL 	DANIEL UNIT                                       	ROAD 173 IN SCURRY COUNTY     	SNYDER         	TX	795490000		2020-06-23 14:49:22.900	2020-06-23 14:49:22.900	1
4480	HSG	DO 	DIBOLL                                            	P.O. BOX 99                   	HUNTSVILLE     	TX	773400099	1111111111	2020-06-23 14:49:22.900	2020-06-23 14:49:22.900	1
4481	HSG	DU 	DIAGNOSTIC UNIT                                   	P.O. BOX 100                  	HUNTSVILLE     	TX	773420100		2020-06-23 14:49:22.900	2020-06-23 14:49:22.900	1
4482	HSG	E1 	ELLIS I UNIT                                      	ROUTE 6                       	HUNTSVILLE     	TX	773430000		2020-06-23 14:49:22.900	2020-06-23 14:49:22.900	1
4483	HSG	EAS	EASTHAM  UNIT                                     	P.O. BOX 16                   	LOVELADY       	TX	758511111		2020-06-23 14:49:22.900	2020-06-23 14:49:22.900	1
4484	HSG	ECC	EASTERN CORRECTIONAL CENTER                       	18701 OLD HIGHWAY 66          	PACIFIC        	MO	630690000	1111111111	2020-06-23 14:49:22.900	2020-06-23 14:49:22.900	1
4485	HSG	EDI	EDINBURG                                          	?                             	?              	TX	111111111	1111111111	2020-06-23 14:49:22.900	2020-06-23 14:49:22.900	1
4486	HSG	ELL	ELL(II)                                           	10 MI N. OF HUNTSV. ON FM 980 	HUNTSVILLE     	TX	773400000		2020-06-23 14:49:22.900	2020-06-23 14:49:22.900	1
4487	HSG	ELR	WARDEN, EL RENO FEDERAL CORRECTIONAL INSTITUTION  	POST OFFICE BOX, 1000         	EL RENO        	OK	730360000	1111111111	2020-06-23 14:49:22.900	2020-06-23 14:49:22.900	1
4488	HSG	FAR	FARMINGTON CORRECTIONAL CENTER                    	1012 W. COLUMBIA STREET       	FARMINGTON     	MO	636400000	1111111111	2020-06-23 14:49:22.900	2020-06-23 14:49:22.900	1
4489	HSG	FCC	FARMINGTON CORRECTIONAL CENTER                    	1012 WEST COLUMBIA            	FARMINGTON     	MO	636400000		2020-06-23 14:49:22.900	2020-06-23 14:49:22.900	1
4490	HSG	FDC	FULTON RECEPTION / DIAGNOSTIC / CENTER            	P.O. BOX 190                  	FULTON         	MO	652570000	1111111111	2020-06-23 14:49:22.900	2020-06-23 14:49:22.900	1
4491	HSG	FER	FERGUSON UNIT                                     	ROUTE 2, BOX 20               	MIDWAY         	TX	758520000		2020-06-23 14:49:22.900	2020-06-23 14:49:22.900	1
4492	HSG	FRC	FULTON RECEPTION CENTER                           	P.O. BOX 190                  	FULTON         	MO	652510000		2020-06-23 14:49:22.900	2020-06-23 14:49:22.900	1
4493	HSG	GL 	GIBB LEWIS UNIT                                   	P.O. BOX 9000                 	WOODVILLE      	TX	759900000		2020-06-23 14:49:22.900	2020-06-23 14:49:22.900	1
4494	HSG	GPC	GREAT PLAINS CORRECTIONAL FACILITY                	P.O. BOX 215650               	HINTON         	OK	730460000	1111111111	2020-06-23 14:49:22.900	2020-06-23 14:49:22.900	1
4495	HSG	GR 	GOREE UNIT                                        	P.O. BOX 38                   	HUNTSVILLE     	TX	773440000		2020-06-23 14:49:22.900	2020-06-23 14:49:22.900	1
4496	HSG	GUR	GURNEY UNIT                                       	P.O.BOX 6400                  	TENNESEE COLONY	TX	758610000	39283118	2020-06-23 14:49:22.900	2020-06-23 14:49:22.900	1
4497	HSG	GV 	GATESVILLE UNIT                                   	1401 STATE SCHOOL ROAD        	GATESVILLE     	TX	765990000	1111111111	2020-06-23 14:49:22.900	2020-06-23 14:49:22.900	1
4498	HSG	HB 	HOBBY UNIT                                        	ROUTE 2, BOX 600              	MARLIN         	TX	766610000		2020-06-23 14:49:22.900	2020-06-23 14:49:22.900	1
4499	HSG	HG 	TDC HOSPITAL/GALVESTON                            	P.O. BOX 48                   	GALVESTON      	TX	775500000	1111111111	2020-06-23 14:49:22.900	2020-06-23 14:49:22.900	1
4500	HSG	HI 	HIGHTOWER UNIT                                    	ROUTE 3, BOX 98               	DAYTON         	TX	775350000		2020-06-23 14:49:22.900	2020-06-23 14:49:22.900	1
4501	HSG	HT 	HILLTOP UNIT                                      	1500 STATE SCHOOL ROAD        	GATESVILLE     	TX	765980000	1111111111	2020-06-23 14:49:22.900	2020-06-23 14:49:22.900	1
4502	HSG	HUG	HUGHES UNIT                                       	ROUTE 2, BOX 4400             	GATESVILLE     	TX	765280000		2020-06-23 14:49:22.900	2020-06-23 14:49:22.900	1
4503	HSG	HUN	HUNTSVILLE UNIT                                   	P.O. BOX 99                   	HUNTSVILLE     	TX	773420099		2020-06-23 14:49:22.900	2020-06-23 14:49:22.900	1
4504	HSG	JA 	ALRED UNIT                                        	NONE GIVEN                    	WICHITA        	TX	111110000	1111111111	2020-06-23 14:49:22.900	2020-06-23 14:49:22.900	1
4505	HSG	JAM	JAMES CRABTREE CORRECTIONAL CENTER                	RR1 BOX 8                     	HELENA         	OK	737410000		2020-06-23 14:49:22.900	2020-06-23 14:49:22.900	1
4506	HSG	JCC	JEFFERSON CITY CORRECTIONAL CENTER                	??                            	??             	MO	111110000	1111111111	2020-06-23 14:49:22.900	2020-06-23 14:49:22.900	1
4507	HSG	JE1	JESTER ONE UNIT                                   	RT 2                          	RICHMOND       	TX	774690000		2020-06-23 14:49:22.900	2020-06-23 14:49:22.900	1
4508	HSG	JE2	JESTER TWO UNIT                                   	RT 2                          	RICHMOND       	TX	774690000		2020-06-23 14:49:22.900	2020-06-23 14:49:22.900	1
4509	HSG	JE3	JESTER THREE UNIT                                 	RT 2                          	RICHMOND       	TX	774690000		2020-06-23 14:49:22.900	2020-06-23 14:49:22.900	1
4510	HSG	JE4	JESTER IV UNIT (MENTAL HEALTH)                    	RT. 2                         	RICHMOND       	TX	774690000	1111111111	2020-06-23 14:49:22.900	2020-06-23 14:49:22.900	1
4511	HSG	JHC	JOSEPH HARP CORRECTION CENTER                     	PO BOX 548                    	LEXINGTON      	OK	735010000		2020-06-23 14:49:22.900	2020-06-23 14:49:22.900	1
4512	HSG	JOR	JORDAN UNIT                                       	STATE HWY. 152 E.             	PAMPA          	TX	790660000	1111111111	2020-06-23 14:49:22.900	2020-06-23 14:49:22.900	1
4513	HSG	JT 	JOHNSTON UNIT                                     	NONE GIVEN                    	WINNSBORO      	TX	111110000	1111111111	2020-06-23 14:49:22.900	2020-06-23 14:49:22.900	1
4514	HSG	KY 	KYLE                                              	P.O. BOX 1300                 	KYLE           	TX	786400000	1111111111	2020-06-23 14:49:22.900	2020-06-23 14:49:22.900	1
4515	HSG	LAW	LAWTON CORRECTIONAL FACILITY                      	8607 SE FLOWER MOUND          	LAWTON         	OK	735010000	1111111111	2020-06-23 14:49:22.900	2020-06-23 14:49:22.900	1
4516	HSG	LCC	LEXINGTON CORRECTIONAL CENTER                     	P.O. BOX 260                  	LEXINGTON      	OK	730510000		2020-06-23 14:49:22.900	2020-06-23 14:49:22.900	1
4517	HSG	LEX	LEXINGTON ASSESSMENT & RECEPTION CENTER           	P.O. BOX 260                  	LEXINGTON      	OK	730510000		2020-06-23 14:49:22.900	2020-06-23 14:49:22.900	1
4518	HSG	LH 	LYNAUGH                                           	P.O. BOX 99                   	FT. STOCKTON   	TX	773400000	1111111111	2020-06-23 14:49:22.900	2020-06-23 14:49:22.900	1
4519	HSG	LSJ	LYCHNER STATE JAIL                                	2350 ATASCOCITA ROAD          	HUMBLE         	TX	773960000		2020-06-23 14:49:22.900	2020-06-23 14:49:22.900	1
4520	HSG	LYN	LYNAUGH UNIT                                      	A. W. ISRAEL ALVAREZ          	FORT STOCKTON  	TX	797350000		2020-06-23 14:49:22.900	2020-06-23 14:49:22.900	1
4521	HSG	MAC	MACK ALFORD CORRECTIONAL CENTER                   	P.O. BOX 220                  	STRINGTOWN     	OK	745690000		2020-06-23 14:49:22.900	2020-06-23 14:49:22.900	1
4522	HSG	MAM	MARY ANN MOHAN - TEMP. NOT IN TDC                 	5107 LEESBURG PIKE, SUITE 2545	FALLS CHURCH   	VA	22041		2020-06-23 14:49:22.900	2020-06-23 14:49:22.900	1
4523	HSG	MBC	MABEL BASSETT CORRECTIONAL CENTER                 	P.O. BOX 11492                	OKLAHOMA CITY  	OK	731360000	1111111111	2020-06-23 14:49:22.900	2020-06-23 14:49:22.900	1
4524	HSG	MCC	MCCONNELL UNIT                                    	3001 S. EMILY DR.             	BEEVILLE       	TX	781020000		2020-06-23 14:49:22.900	2020-06-23 14:49:22.900	1
4525	HSG	MCO	MC CONNELL                                        	3001 S. AMELIE DRIVE          	BEEVILLE       	TX	781020000		2020-06-23 14:49:22.900	2020-06-23 14:49:22.900	1
4526	HSG	MEC	MISSOURI EASTERN CORRECTIONAL CENTER              	18701 OLD HIGHWAY 66          	PACIFIC        	MO	630590000	1111111111	2020-06-23 14:49:22.900	2020-06-23 14:49:22.900	1
4527	HSG	MIC	MICHAEL UNIT                                      	P.O. BOX 4500                 	TENNESSE COLONY	TX	758860000		2020-06-23 14:49:22.900	2020-06-23 14:49:22.900	1
4528	HSG	MOB	MOBERLY CORRECTIONAL CENTER                       	P.O. BOX 7                    	MOBERLY        	MO	652700000		2020-06-23 14:49:22.900	2020-06-23 14:49:22.900	1
4529	HSG	MOC	MISSOURI DEPARTMENT OF CORRECTIONS                	P.O. BOX 236                  	JEFFERSON CITY 	MO	651020000		2020-06-23 14:49:22.900	2020-06-23 14:49:22.900	1
4530	HSG	MSP	MISSOURI STATE PENITENTIARY                       	P.O. BOX 597                  	JEFFERSON CITY 	MO	651020000	1111111111	2020-06-23 14:49:22.900	2020-06-23 14:49:22.900	1
4531	HSG	MTC	MISSOURI TRAINING CENTER FOR MEN                  	P.O. BOX 7-2D-616             	MOBERLY        	MO	652790000	1111111111	2020-06-23 14:49:22.900	2020-06-23 14:49:22.900	1
4532	HSG	MV 	MOUNTAIN VIEW UNIT                                	ROUTE 4, BOX 800              	GATESVILLE     	TX	765280000	1111111111	2020-06-23 14:49:22.900	2020-06-23 14:49:22.900	1
4533	HSG	N1 	MARLIN UNIT                                       	RT. 1 BOX 5000                	MARLIN         	TX	766610000	1111111111	2020-06-23 14:49:22.900	2020-06-23 14:49:22.900	1
4534	HSG	OCJ	OKLAHOMA CITY JAIL                                	201 NORTH SHARTEL             	OKLAHOMA CITY  	OK	731020000	1111111111	2020-06-23 14:49:22.900	2020-06-23 14:49:22.900	1
4535	HSG	ODC	OKLAHOMA DEPARTMENT OF CORRECTION                 	P.O. BOX 220                  	STRINGTOWN     	OK	745690000	1111111111	2020-06-23 14:49:22.900	2020-06-23 14:49:22.900	1
4536	HSG	OSP	OKLAHOMA STATE PENITENTIARY                       	P.O. BOX 97                   	MACALESTER     	OK	745010000		2020-06-23 14:49:22.900	2020-06-23 14:49:22.900	1
4537	HSG	OSR	OKLAHOMA STATE REFORMATORY                        	P.O. BOX 514                  	GRANITE        	OK	735470000		2020-06-23 14:49:22.900	2020-06-23 14:49:22.900	1
4538	HSG	PA1	PACK ONE UNIT                                     	RT 3 BOX 300                  	NAVASOTA       	TX	778680000		2020-06-23 14:49:22.900	2020-06-23 14:49:22.900	1
4539	HSG	PA2	PACK TWO UNIT                                     	RT 1, BOX 1000                	NAVASOTA,      	TX	778680000		2020-06-23 14:49:22.900	2020-06-23 14:49:22.900	1
4540	HSG	RA1	RAMSEY ONE                                        	RT 4, BOX 1100                	ROSHARON       	TX	775830000		2020-06-23 14:49:22.900	2020-06-23 14:49:22.900	1
4541	HSG	RA2	RAMSEY TWO                                        	RT 4, BOX 1300                	ROSHARON       	TX	775830000		2020-06-23 14:49:22.900	2020-06-23 14:49:22.900	1
4542	HSG	RA3	RAMSEY 111                                        	RT 4, BOX 1300                	ROSHARON       	TX	775830000		2020-06-23 14:49:22.900	2020-06-23 14:49:22.900	1
4543	HSG	RBD	R.B. DICK CONNER CORRECTIONAL CENTER              	P.O. BOX 220                  	HOMINY         	OK	740350000		2020-06-23 14:49:22.900	2020-06-23 14:49:22.900	1
4544	HSG	RDC	RECEPTION DIAGNOSTIC CENTER                       	P.O. BOX 317                  	PLAINFIELD     	IN	461680000		2020-06-23 14:49:22.900	2020-06-23 14:49:22.900	1
4545	HSG	REN	RENZ CORRECTIONAL CENTER                          	P.O. BOX 3200                 	JEFFERSON CITY 	MO	651020000		2020-06-23 14:49:22.900	2020-06-23 14:49:22.900	1
4546	HSG	RET	RETRIEVE UNIT                                     	RT. 5 BOX 1500                	ANGLETON       	TX	775150000		2020-06-23 14:49:22.900	2020-06-23 14:49:22.900	1
4547	HSG	ROA	ROACH UNIT                                        	P.O. BOX 720                  	CHILDRESS      	TX	792010000	1111111111	2020-06-23 14:49:22.900	2020-06-23 14:49:22.900	1
4548	HSG	ROB	ROBERTSON UNIT                                    	RT. 1 BOX 408                 	ABILENE        	TX	796010000		2020-06-23 14:49:22.900	2020-06-23 14:49:22.900	1
4549	HSG	SMI	SMITH UNIT                                        	HCR-07, BOX 187-A             	LAMESA         	TX	793310000		2020-06-23 14:49:22.900	2020-06-23 14:49:22.900	1
4550	HSG	STE	WARDEN MACK ALFORD CORRECTIONAL CENTER            	POST OFFICE BOX #220          	STRINGTOWN     	OK	745690000	1111111111	2020-06-23 14:49:22.900	2020-06-23 14:49:22.900	1
4551	HSG	STI	STILES UNIT                                       	RT 4 BOX 1500                 	BEAUMONT       	TX	777050000		2020-06-23 14:49:22.900	2020-06-23 14:49:22.900	1
4552	HSG	STV	STEVENSON                                         	P.O. BOX 99                   	CUERRO         	TX	773400000	1111111111	2020-06-23 14:49:22.900	2020-06-23 14:49:22.900	1
4553	HSG	SV 	SKYVIEW UNIT   (STATE HOSPITAL IN CHEROKEE COUNTY)	U.S. HIGHWAY 69 AT RUSK       	RUSK           	TX	757850000		2020-06-23 14:49:22.900	2020-06-23 14:49:22.900	1
4554	HSG	TDW	TEXAS WAIVER CASES                                	11111                         	HOUSTON        	TX	111110000	1111111111	2020-06-23 14:49:22.900	2020-06-23 14:49:22.900	1
4555	HSG	TER	TERRELL UNIT                                      	P.O. BOX 99                   	HUNTSVILLE     	TX	773420000		2020-06-23 14:49:22.900	2020-06-23 14:49:22.900	1
4556	HSG	TO 	TELFORD UNIT                                      	NONE GIVEN                    	NEW BOSTON     	TX	111110000	1111111111	2020-06-23 14:49:22.900	2020-06-23 14:49:22.900	1
4557	HSG	TOR	TORRES UNIT                                       	P.O. BOX 373                  	HONDO          	TX	788610000	1111111111	2020-06-23 14:49:22.900	2020-06-23 14:49:22.900	1
4558	HSG	VS 	VENUS CCA                                         	P.O. BOX 361                  	VENUS          	TX	760840000	1111111111	2020-06-23 14:49:22.900	2020-06-23 14:49:22.900	1
4559	HSG	WAL	WALKER COUNTY JAIL                                	751 FM 2821                   	HUNTSVILLE     	TX	773400000		2020-06-23 14:49:22.900	2020-06-23 14:49:22.900	1
4560	HSG	WHC	WACKEN HUT CORRECTIONAL CENTER                    	8607 SE FLOWERMOUND ROAD      	LAWTON         	OK	735010000	1111111111	2020-06-23 14:49:22.900	2020-06-23 14:49:22.900	1
4561	HSG	WMC	WESTERN MISSOURI CORRECTIONAL CENTER              	RT. 5, BOX 1E                 	CAMERON        	MO	644290000		2020-06-23 14:49:22.900	2020-06-23 14:49:22.900	1
4562	HSG	WYN	WYNNE UNIT                                        	FM 2821 IN WALKER COUNTY      	HUNTSVILLE     	TX	773490000		2020-06-23 14:49:22.900	2020-06-23 14:49:22.900	1
4563	SIN	ADI	ADIRONDACK CORRECTIONAL FACILITY                  	OLD RAY BROOK RD, PO BOX 110  	RAY BROOK      	NY	129770110		2021-02-05 22:29:31.777	2021-02-05 22:29:31.777	1
4564	SIN	AKL	ARTHUR KILL CORRECTIONAL FACILITY                 	2911 ARTHUR KILL ROAD         	STATEN ISLAND  	NY	103091197		2021-02-05 22:29:31.777	2021-02-05 22:29:31.777	1
4565	SIN	ALB	ALBION CORRECTIONAL FACILITY	3595 STATE SCHOOL ROAD	ALBION	NY	144119399		2021-02-05 22:29:31.777	2021-02-05 22:29:31.777	1
4566	SIN	ALT	ALTONA CORRECTIONAL FACILITY                      	BOX 125, 555 DEVIL DEN ROAD   	ALTONA         	NY	129100000		2021-02-05 22:29:31.777	2021-02-05 22:29:31.777	1
4567	SIN	ATT	ATTICA CORRECTIONAL FACILITY                      	BOX 149, 639 EXCHANGE STREET  	ATTICA         	NY	140110149		2021-02-05 22:29:31.777	2021-02-05 22:29:31.777	1
4568	SIN	AUB	AUBURN CORRECTIONAL FACILITY                      	BOX 618, 135 STATE STREET     	AUBURN         	NY	130210000		2021-02-05 22:29:31.777	2021-02-05 22:29:31.777	1
4569	SIN	BAR	BARE HILL CORRECTIONAL FACILITY                   	CALLER BOX 20, 181 BRAND ROAD 	MALONE         	NY	129530000		2021-02-05 22:29:31.777	2021-02-05 22:29:31.777	1
4570	SIN	BAY	BAYVIEW CORRECTIONAL FACILITY                     	550 WEST 20TH STREET          	NEW YORK       	NY	100112878		2021-02-05 22:29:31.777	2021-02-05 22:29:31.777	1
4571	SIN	BEA	BEACON CORRECTIONAL FACILITY                      	PO BOX 780                    	BEACON         	NY	125080780		2021-02-05 22:29:31.777	2021-02-05 22:29:31.777	1
4572	SIN	BED	BEDFORD HILLS CORRECTIONAL FACILITY               	247 HARRIS ROAD               	BEDFORD HILLS  	NY	105072499		2021-02-05 22:29:31.777	2021-02-05 22:29:31.777	1
4573	SIN	BUA	BUTLER ASACTC                                     	PO BOX 400                    	RED CREEK      	NY	131430000		2021-02-05 22:29:31.777	2021-02-05 22:29:31.777	1
4574	SIN	BUF	BUFFALO CORRECTIONAL FACILITY                     	PO BOX 300                    	ALDEN          	NY	140040000		2021-02-05 22:29:31.777	2021-02-05 22:29:31.777	1
4575	SIN	BUS	BUTLER SHOCK INCARCERATION FACILITY               	PO BOX 400, ROUTE 370         	RED CREEK      	NY	131430000		2021-02-05 22:29:31.777	2021-02-05 22:29:31.777	1
4576	SIN	BUT	BUTLER CORRECTIONAL FACILTIY                      	PO BOX 388, RT 370            	RED CREEK      	NY	131430000		2021-02-05 22:29:31.777	2021-02-05 22:29:31.777	1
4577	SIN	CAG	CAMP GABRIELS                                     	BOX 100                       	GABRIELS       	NY	129390100		2021-02-05 22:29:31.777	2021-02-05 22:29:31.777	1
4578	SIN	CAY	CAYUGA CORRECTIONAL FACILITY                      	PO BOX 1186, ROUTE 38A        	MORAVIA        	NY	131180000		2021-02-05 22:29:31.777	2021-02-05 22:29:31.777	1
4579	SIN	CGT	CAMP GEORGETOWN                                   	BOX 48, RD 1                  	GEORGETOWN     	NY	130729307		2021-02-05 22:29:31.777	2021-02-05 22:29:31.777	1
4580	SIN	CHA	CHATEAUGAY CORRECTIONAL FACILITY                  	PO BOX 320, ROUTE 11          	CHATEAUGAY     	NY	129200000		2021-02-05 22:29:31.777	2021-02-05 22:29:31.777	1
4581	SIN	CLI	CLINTON CORRECTIONAL FACILITY                     	BOX 2001, 1074 COOKE STREET   	DANNEMORA      	NY	129290000		2021-02-05 22:29:31.777	2021-02-05 22:29:31.777	1
4582	SIN	COL	COLLINS CORRECTIONAL FACILITY                     	PO BOX 340, MIDDLE ROAD       	COLLINS        	NY	140340490		2021-02-05 22:29:31.777	2021-02-05 22:29:31.777	1
4583	SIN	COX	COXSACKIE CORRECTIONAL FACILITY	BOX 999, ROUTE 9W	WEST COXSACKIE	NY	120510999		2021-02-05 22:29:31.777	2021-02-05 22:29:31.777	1
4584	SIN	CPH	CAMP PHARSALIA                                    	496 CENTER ROAD               	SOUTH PLYMOUTH 	NY	138446777		2021-02-05 22:29:31.777	2021-02-05 22:29:31.777	1
4585	SIN	CVI	CAPE VINCENT CORRECTIONAL FACILITY                	ROUTE 12 E, BOX 599           	CAPE VINCENT   	NY	136180000		2021-02-05 22:29:31.777	2021-02-05 22:29:31.777	1
4586	SIN	DOW	DOWNSTATE CORRECTIONAL FACILITY                   	BOX F, 121 RED SCHOOHOUSE RD  	FISHKILL       	NY	125240000		2021-02-05 22:29:31.777	2021-02-05 22:29:31.777	1
4587	SIN	EAS	EASTERN CORRECTIONAL FACILITY                     	BOX 338, BERME ROAD           	NAPANOCH       	NY	124580338		2021-02-05 22:29:31.777	2021-02-05 22:29:31.777	1
4588	SIN	EDG	EDGECOMBE CORRECTIONAL FACILITY                   	611 EDGECOMBE AVENUE          	NEW YORK       	NY	100324398		2021-02-05 22:29:31.777	2021-02-05 22:29:31.777	1
4589	SIN	ELM	ELMIRA CORRECTIONAL FACILITY                      	BOX 500, 1879 DAVIS STREET    	ELMIRA         	NY	149020500		2021-02-05 22:29:31.777	2021-02-05 22:29:31.777	1
4590	SIN	FIS	FISHKILL CORRECTIONAL FACILITY                    	PO BOX 1245                   	BEACON         	NY	125080000		2021-02-05 22:29:31.777	2021-02-05 22:29:31.777	1
4591	SIN	FIV	FIVE POINTS CORRECTIONAL FACILITY                 	CALLER BOX 119, STATE ROUTE 96	ROMULUS        	NY	145410000		2021-02-05 22:29:31.777	2021-02-05 22:29:31.777	1
4592	SIN	FRA	FRANKLIN CORRECTIONAL FACILITY                    	PO BOX 10, BAREHILL RD        	MALONE         	NY	129530000		2021-02-05 22:29:31.777	2021-02-05 22:29:31.777	1
4593	SIN	FUL	FULTON CORRECTIONAL FACILITY                      	1511 FULTON AVENUE            	BRONX          	NY	104578398		2021-02-05 22:29:31.777	2021-02-05 22:29:31.777	1
4594	SIN	GHN	GREEN HAVEN CORRECTIONAL FACILITY                 	PO BOX 4000, 594 RT 216       	STORMVILLE     	NY	125820000		2021-02-05 22:29:31.777	2021-02-05 22:29:31.777	1
4595	SIN	GMW	GREAT MEADOW CORRECTIONAL FACILITY                	BOX 51, 11739 STATE ROUTE 22  	COMSTOCK       	NY	128210000		2021-02-05 22:29:31.777	2021-02-05 22:29:31.777	1
4596	SIN	GOU	GOUVERNEUR CORRECTIONAL FACILITY                  	PO BX 370,SCOTCH SETTLEMENT RD	GOUVERNEUR     	NY	136420370		2021-02-05 22:29:31.777	2021-02-05 22:29:31.777	1
4597	SIN	GOW	GOWANDA CORRECTIONAL FACILITY                     	PO BOX 311, SOUTH ROAD        	GOWANDA        	NY	140700311		2021-02-05 22:29:31.777	2021-02-05 22:29:31.777	1
4598	SIN	GRE	GREENE CORRECTIONAL FACILITY                      	PO BOX 975                    	COXSACKIE      	NY	120510975		2021-02-05 22:29:31.777	2021-02-05 22:29:31.777	1
4599	SIN	GRO	GROVELAND CORRECTIONAL FACILITY                   	PO BOX 104, RT 36 SONYEA ROAD 	SONYEA         	NY	145560000		2021-02-05 22:29:31.777	2021-02-05 22:29:31.777	1
4600	SIN	HAL	HALE CREEK ASACTC                                 	PO BOX 950, 279 MALONEY ROAD  	JOHNSTON       	NY	120950000		2021-02-05 22:29:31.777	2021-02-05 22:29:31.777	1
4601	SIN	HUD	HUDSON  CORRECTIONAL FACILITY                     	BOX 576                       	HUDSON         	NY	125340576		2021-02-05 22:29:31.777	2021-02-05 22:29:31.777	1
4602	SIN	LAK	LAKEVIEW SHOCK INCARCERATION FACILITY             	PO BOX T                      	BROCTON        	NY	147160000		2021-02-05 22:29:31.777	2021-02-05 22:29:31.777	1
4603	SIN	LIN	LINCOLN CORRECTIONAL FACILITY                     	31-33 WEST 110TH STREET       	NEW YORK       	NY	100264398		2021-02-05 22:29:31.777	2021-02-05 22:29:31.777	1
4604	SIN	LIV	LIVINGSTON CORRECTIONAL FACILITY                  	PO BOX 1991, RT 36 SONYEA ROAD	SONYEA         	NY	145560000		2021-02-05 22:29:31.777	2021-02-05 22:29:31.777	1
4605	SIN	LYO	LYONS MOUNTAIN CORRECTIONAL FACILITY              	BOX 276                       	LYON MOUNTAIN  	NY	129520276		2021-02-05 22:29:31.777	2021-02-05 22:29:31.777	1
4606	SIN	MAR	MARCY CORRECTIONAL FACILITY                       	PO BOX 3600                   	MARCY          	NY	134030000		2021-02-05 22:29:31.777	2021-02-05 22:29:31.777	1
4607	SIN	MMG	MOUNT MCGREGOR CORRECTIONAL FACILITY              	1000 MT MCGREGOR ROAD         	WILTON         	NY	128310000		2021-02-05 22:29:31.777	2021-02-05 22:29:31.777	1
4608	SIN	MOE	MID-ORANGE CORRECTIONAL FACILITY                  	900 KINGS HIGHWAY             	WARWICK        	NY	109900900		2021-02-05 22:29:31.777	2021-02-05 22:29:31.777	1
4609	SIN	MOH	MOHAWK CORRECTIONAL FACILITY                      	6100 SCHOOL ROAD, PO BOX 8451 	ROME           	NY	134400000		2021-02-05 22:29:31.777	2021-02-05 22:29:31.777	1
4610	SIN	MON	MONTEREY SHOCK INCARCERATION FACILITY             	RD#1 2150 EVERGREEN HILL ROAD 	BEAVER DAMS    	NY	148129718		2021-02-05 22:29:31.777	2021-02-05 22:29:31.777	1
4611	SIN	MOR	MORIAH SHOCK INCARCERATION FACILITY               	PO BOX 999                    	MINEVILLE      	NY	129560999		2021-02-05 22:29:31.777	2021-02-05 22:29:31.777	1
4612	SIN	MST	MID-STATE CORRECTIONAL FACILITY                   	PO BOX 2500                   	MARCY          	NY	134030000		2021-02-05 22:29:31.777	2021-02-05 22:29:31.777	1
4613	SIN	OGB	OGDENSBURG CORRECTIONAL FACILITY                  	ONE CORRRECTION WAY           	OGDENSBURG     	NY	136692288		2021-02-05 22:29:31.777	2021-02-05 22:29:31.777	1
4614	SIN	ONE	ONEIDA CORRECTIONAL FACILITY                      	PO BOX 4580, 6100 SCHOOL ROAD 	ROME           	NY	134424580		2021-02-05 22:29:31.777	2021-02-05 22:29:31.777	1
4615	SIN	ORL	ORLEANS CORRECTIONAL FACILITY                     	35-31 GAINES BASIN RD         	ALBION         	NY	144110000		2021-02-05 22:29:31.777	2021-02-05 22:29:31.777	1
4616	SIN	OTI	OTISVILLE CORRECTIONAL FACILITY                   	PO BOX 8                      	OTISVILLE      	NY	109630008		2021-02-05 22:29:31.777	2021-02-05 22:29:31.777	1
4617	SIN	PAR	PARKSIDE CORRECTIONAL FACILITY                    	10 MT. MORRIS PARK WEST       	NEW YORK       	NY	100276395		2021-02-05 22:29:31.777	2021-02-05 22:29:31.777	1
4618	SIN	QUE	QUEENSBORO CORRECTIONAL FACILITY                  	47-04 VAN DAM STREET          	L. I. CITY     	NY	111013081		2021-02-05 22:29:31.777	2021-02-05 22:29:31.777	1
4619	SIN	RIV	RIVERVIEW CORRECTIONAL FACILITY                   	PO BOX 158                    	OGDENSBURG     	NY	136690000		2021-02-05 22:29:31.777	2021-02-05 22:29:31.777	1
4620	SIN	ROC	ROCHESTER CORRECTIONAL FACILITY                   	470 FORD STREET               	ROCHESTER      	NY	146082499		2021-02-05 22:29:31.777	2021-02-05 22:29:31.777	1
4621	SIN	SHA	SHAWANGUNK CORRECTIONAL FACILITY                  	PO BOX 700, 750 PRISON ROAD   	WALLKILL       	NY	125890000		2021-02-05 22:29:31.777	2021-02-05 22:29:31.777	1
4622	SIN	SIN	SING SING CORRECTIONAL FACILITY                   	354 HUNTER STREET             	OSSINING       	NY	105625442		2021-02-05 22:29:31.777	2021-02-05 22:29:31.777	1
4623	SIN	SOU	SOUTHPORT CORRECTIONAL FACILITY                   	PO BOX 2000, INSTITUTION ROAD 	PINE CITY      	NY	148710000		2021-02-05 22:29:31.777	2021-02-05 22:29:31.777	1
4624	SIN	SUL	SULLIVAN CORRECTIONAL FACILITY                    	BOX AG, RIVERSIDE DRIVE       	FALLSBURG      	NY	127330116		2021-02-05 22:29:31.777	2021-02-05 22:29:31.777	1
4625	SIN	SUM	SUMMIT SHOCK INCARCERATION FACILITY               	RFD DIBBLES ROAD              	SUMMIT         	NY	121759608		2021-02-05 22:29:31.777	2021-02-05 22:29:31.777	1
4626	SIN	TAC	TACONIC CORRECTIONAL FACILITY                     	250 HARRIS ROAD               	BEDFORD HILLS  	NY	105072498		2021-02-05 22:29:31.777	2021-02-05 22:29:31.777	1
4627	SIN	ULS	ULSTER CORRECTIONAL FACILITY                      	PO BOX 800, BERME ROAD        	NAPANOCH       	NY	124580000		2021-02-05 22:29:31.777	2021-02-05 22:29:31.777	1
4628	SIN	UPS	UPSTATE CORRECTIONAL FACILITY                     	PO BOX 2001, 309 BARE HILL RD 	MALONE         	NY	129530000		2021-02-05 22:29:31.777	2021-02-05 22:29:31.777	1
4629	SIN	WAL	WALLKILL CORRECTIONAL FACILITY                    	BOX G                         	WALLKILL       	NY	125890286		2021-02-05 22:29:31.777	2021-02-05 22:29:31.777	1
4630	SIN	WAS	WASHINGTON CORRECTIONAL FACILITY                  	BOX 180, LOCK II ROAD         	COMSTOCK       	NY	128210180		2021-02-05 22:29:31.777	2021-02-05 22:29:31.777	1
4631	SIN	WAT	WATERTOWN CORRECTIONAL FACILITY                   	23147 SWAN ROAD               	WATERTOWN      	NY	136019340		2021-02-05 22:29:31.777	2021-02-05 22:29:31.777	1
4632	SIN	WEN	WENDE CORRECTIONAL FACILITY                       	PO BOX 1187, 3622 WENDE ROAD  	ALDEN          	NY	140041187		2021-02-05 22:29:31.777	2021-02-05 22:29:31.777	1
4633	SIN	WIL	WILLARD DRUG TREATMENT CAMPUS                     	PO BOX 303, 7116 COUNTY RT 132	WILLARD        	NY	145880000		2021-02-05 22:29:31.777	2021-02-05 22:29:31.777	1
4634	SIN	WLS	WALSH MEDICAL CENTER                              	PO BOX 8453                   	ROME           	NY	134400000		2021-02-05 22:29:31.777	2021-02-05 22:29:31.777	1
4635	SIN	WOO	WOODBOURNE CORRECTIONAL FACILITY	99 PRISON ROAD - BOX 1000	WOODBOURNE	NY	127880000		2021-02-05 22:29:31.777	2021-02-05 22:29:31.777	1
4636	SIN	WYO	WYOMING CORRECTIONAL FACILITY	PO BOX 501 - 3203 DUNBAR ROAD	ATTICA	NY	140110501		2021-02-05 22:29:31.777	2021-02-05 22:29:31.777	1
4637	HGP	30D	IMMIRGATION COURT                                 	30000D, HIGHWAY 75S           	HUNTSVILLE     	TX	773420099		2021-03-07 10:10:18.283	2021-03-07 10:10:18.283	1
4638	HGP	ACC	ALGOA CORRECTIONAL CENTER                         	P.O. BOX 538                  	JEFFERSON CITY 	MO	651020000		2021-03-07 10:10:18.283	2021-03-07 10:10:18.283	1
4639	HGP	ALG	ALGOA CORRECTIONAL CENTER                         	BOX 538                       	JEFFERSON CITY 	MO	651020000	1111111111	2021-03-07 10:10:18.283	2021-03-07 10:10:18.283	1
4640	HGP	BC 	BILL CLEMENS UNIT                                 	P.O. BOX 99                   	HUNTSVILLE     	TX	773420099		2021-03-07 10:10:18.283	2021-03-07 10:10:18.283	1
4641	HGP	BCC	BOONVILLE CORRECTIONAL CENTER                     	BOX 379                       	BOONVILLE      	MO	652330000		2021-03-07 10:10:18.283	2021-03-07 10:10:18.283	1
4642	HGP	BCF	BOONEVILLE CORRECTIONAL FACILITY                  	P.O. BOX 379                  	BOONEVILLE     	MO	652330000		2021-03-07 10:10:18.283	2021-03-07 10:10:18.283	1
4643	HGP	BE2	BETO II                                           	RT 2, BOX 2250                	PALESTINE      	TX	758821111		2021-03-07 10:10:18.283	2021-03-07 10:10:18.283	1
4644	HGP	BET	BETO I UNIT                                       	P.O. BOX 128                  	TENNESSE COLONY	TX	758800000		2021-03-07 10:10:18.283	2021-03-07 10:10:18.283	1
4645	HGP	BM 	MOORE                                             	P.O. BOX 99                   	HUNTSVILLE     	TX	773400099	1111111111	2021-03-07 10:10:18.283	2021-03-07 10:10:18.283	1
4646	HGP	BOL	J.H. LILLEY CORRECTIONAL CENTER                   	POST OFFICE BOX #308          	BOLEY          	OK	748290000	1111111111	2021-03-07 10:10:18.283	2021-03-07 10:10:18.283	1
4647	HGP	BOY	BOYD                                              	P.O. BOX 99                   	HUNTSVILLE     	TX	773400000		2021-03-07 10:10:18.283	2021-03-07 10:10:18.283	1
4648	HGP	BR 	BRIDGEPORT                                        	P.O. BOX 189                  	BRIDGEPORT     	TX	760260000	1111111111	2021-03-07 10:10:18.283	2021-03-07 10:10:18.283	1
4649	HGP	BRI	BRISCOE UNIT                                      	RT. 1 BOX 4                   	DILLEY         	TX	780179722		2021-03-07 10:10:18.283	2021-03-07 10:10:18.283	1
4650	HGP	BYD	BOYD UNIT                                         	RT. 2 BOX 500                 	TEAGUE         	TX	758609802		2021-03-07 10:10:18.283	2021-03-07 10:10:18.283	1
4651	HGP	CCC	CROSSROADS CORRECTIONAL CENTER                    	1115 EAST PENCE               	CAMERON        	MO	644290000		2021-03-07 10:10:18.283	2021-03-07 10:10:18.283	1
4652	HGP	CCF	CIMARRON CORRECTIONAL FACILITY                    	3700 SW KINGS HIGHWAY         	CUSHING        	OK	740230000	1111111111	2021-03-07 10:10:18.283	2021-03-07 10:10:18.283	1
4653	HGP	CEN	CENTRAL UNIT                                      	ONE CIRCLE DRIVE              	SUGAR LAND     	TX	774780000		2021-03-07 10:10:18.283	2021-03-07 10:10:18.283	1
4654	HGP	CHI	CHILLICOTHE CORRECTIONAL FACILITY                 	1500 WEST THIRD STREET        	CHILLICOTHE    	MO	646010000		2021-03-07 10:10:18.283	2021-03-07 10:10:18.283	1
4655	HGP	CLE	CLEMENS UNIT                                      	RT. 1, BOX 1077               	BRAZORIA       	TX	774220000		2021-03-07 10:10:18.283	2021-03-07 10:10:18.283	1
4656	HGP	CLM	(BILL) CLEMENTS UNIT                              	9601 N.E. 24TH STREET         	AMARILLO       	TX	791070000		2021-03-07 10:10:18.283	2021-03-07 10:10:18.283	1
4657	HGP	CMC	CENTRAL MISSOURI CORRECTIONAL CENTER              	P.O. BOX 539                  	JEFFERSON CITY 	MO	651020000	1111111111	2021-03-07 10:10:18.283	2021-03-07 10:10:18.283	1
4658	HGP	COC	CENTRAL OKLAHOMA CORRECTIONAL FACILITY            	29501 KICKAPOO                	MCLOUD         	OK	748510000	1111111111	2021-03-07 10:10:18.283	2021-03-07 10:10:18.283	1
4659	HGP	COF	COFFIELD UNIT                                     	ROUTE 1 BOX 150               	TENNESSE COLONY	TX	758610000		2021-03-07 10:10:18.283	2021-03-07 10:10:18.283	1
4660	HGP	CV 	CLEVELAND CCA                                     	P.O. BOX 1678                 	CLEVELAND      	TX	773280000	1111111111	2021-03-07 10:10:18.283	2021-03-07 10:10:18.283	1
4661	HGP	CYC	CONNALLY UNIT                                     	NONE GIVEN                    	KENNEDY        	TX	111111111	1111111111	2021-03-07 10:10:18.283	2021-03-07 10:10:18.283	1
4662	HGP	DAR	DARRINGTON UNIT                                   	RT 3, BOX 59                  	ROSHARON       	TX	775830000		2021-03-07 10:10:18.283	2021-03-07 10:10:18.283	1
4663	HGP	DCC	DICK CONNER CORRECTIONAL CENTER                   	P.O. BOX 220                  	HOMINY         	OK	740350000		2021-03-07 10:10:18.283	2021-03-07 10:10:18.283	1
4664	HGP	DCF	DIAMONDBACK CORRECTIONAL FACILITY                 	P.O. BOX 780                  	WATONGA        	OK	737720000	1111111111	2021-03-07 10:10:18.283	2021-03-07 10:10:18.283	1
4665	HGP	DH 	DALHART                                           	HWY 54 SOUTH 1 MI. FM008      	DALHART        	TX	790220000	1111111111	2021-03-07 10:10:18.283	2021-03-07 10:10:18.283	1
4666	HGP	DL 	DANIEL UNIT                                       	ROAD 173 IN SCURRY COUNTY     	SNYDER         	TX	795490000		2021-03-07 10:10:18.283	2021-03-07 10:10:18.283	1
4667	HGP	DO 	DIBOLL                                            	P.O. BOX 99                   	HUNTSVILLE     	TX	773400099	1111111111	2021-03-07 10:10:18.283	2021-03-07 10:10:18.283	1
4668	HGP	DU 	DIAGNOSTIC UNIT                                   	P.O. BOX 100                  	HUNTSVILLE     	TX	773420100		2021-03-07 10:10:18.283	2021-03-07 10:10:18.283	1
4669	HGP	E1 	ELLIS I UNIT                                      	ROUTE 6                       	HUNTSVILLE     	TX	773430000		2021-03-07 10:10:18.283	2021-03-07 10:10:18.283	1
4670	HGP	EAS	EASTHAM  UNIT                                     	P.O. BOX 16                   	LOVELADY       	TX	758511111		2021-03-07 10:10:18.283	2021-03-07 10:10:18.283	1
4671	HGP	ECC	EASTERN CORRECTIONAL CENTER                       	18701 OLD HIGHWAY 66          	PACIFIC        	MO	630690000	1111111111	2021-03-07 10:10:18.283	2021-03-07 10:10:18.283	1
4672	HGP	EDI	EDINBURG                                          	?                             	?              	TX	111111111	1111111111	2021-03-07 10:10:18.283	2021-03-07 10:10:18.283	1
4673	HGP	ELL	ELL(II)                                           	10 MI N. OF HUNTSV. ON FM 980 	HUNTSVILLE     	TX	773400000		2021-03-07 10:10:18.283	2021-03-07 10:10:18.283	1
4674	HGP	ELR	WARDEN, EL RENO FEDERAL CORRECTIONAL INSTITUTION  	POST OFFICE BOX, 1000         	EL RENO        	OK	730360000	1111111111	2021-03-07 10:10:18.283	2021-03-07 10:10:18.283	1
4675	HGP	FAR	FARMINGTON CORRECTIONAL CENTER                    	1012 W. COLUMBIA STREET       	FARMINGTON     	MO	636400000	1111111111	2021-03-07 10:10:18.283	2021-03-07 10:10:18.283	1
4676	HGP	FCC	FARMINGTON CORRECTIONAL CENTER                    	1012 WEST COLUMBIA            	FARMINGTON     	MO	636400000		2021-03-07 10:10:18.283	2021-03-07 10:10:18.283	1
4677	HGP	FDC	FULTON RECEPTION / DIAGNOSTIC / CENTER            	P.O. BOX 190                  	FULTON         	MO	652570000	1111111111	2021-03-07 10:10:18.283	2021-03-07 10:10:18.283	1
4678	HGP	FER	FERGUSON UNIT                                     	ROUTE 2, BOX 20               	MIDWAY         	TX	758520000		2021-03-07 10:10:18.283	2021-03-07 10:10:18.283	1
4679	HGP	FRC	FULTON RECEPTION CENTER                           	P.O. BOX 190                  	FULTON         	MO	652510000		2021-03-07 10:10:18.283	2021-03-07 10:10:18.283	1
4680	HGP	GL 	GIBB LEWIS UNIT                                   	P.O. BOX 9000                 	WOODVILLE      	TX	759900000		2021-03-07 10:10:18.283	2021-03-07 10:10:18.283	1
4681	HGP	GPC	GREAT PLAINS CORRECTIONAL FACILITY                	P.O. BOX 215650               	HINTON         	OK	730460000	1111111111	2021-03-07 10:10:18.283	2021-03-07 10:10:18.283	1
4682	HGP	GR 	GOREE UNIT                                        	P.O. BOX 38                   	HUNTSVILLE     	TX	773440000		2021-03-07 10:10:18.283	2021-03-07 10:10:18.283	1
4683	HGP	GUR	GURNEY UNIT                                       	P.O.BOX 6400                  	TENNESEE COLONY	TX	758610000	39283118	2021-03-07 10:10:18.283	2021-03-07 10:10:18.283	1
4684	HGP	GV 	GATESVILLE UNIT                                   	1401 STATE SCHOOL ROAD        	GATESVILLE     	TX	765990000	1111111111	2021-03-07 10:10:18.283	2021-03-07 10:10:18.283	1
4685	HGP	HB 	HOBBY UNIT                                        	ROUTE 2, BOX 600              	MARLIN         	TX	766610000		2021-03-07 10:10:18.283	2021-03-07 10:10:18.283	1
4686	HGP	HG 	TDC HOSPITAL/GALVESTON                            	P.O. BOX 48                   	GALVESTON      	TX	775500000	1111111111	2021-03-07 10:10:18.283	2021-03-07 10:10:18.283	1
4687	HGP	HI 	HIGHTOWER UNIT                                    	ROUTE 3, BOX 98               	DAYTON         	TX	775350000		2021-03-07 10:10:18.283	2021-03-07 10:10:18.283	1
4688	HGP	HT 	HILLTOP UNIT                                      	1500 STATE SCHOOL ROAD        	GATESVILLE     	TX	765980000	1111111111	2021-03-07 10:10:18.283	2021-03-07 10:10:18.283	1
4689	HGP	HUG	HUGHES UNIT                                       	ROUTE 2, BOX 4400             	GATESVILLE     	TX	765280000		2021-03-07 10:10:18.283	2021-03-07 10:10:18.283	1
4690	HGP	HUN	HUNTSVILLE UNIT                                   	P.O. BOX 99                   	HUNTSVILLE     	TX	773420099		2021-03-07 10:10:18.283	2021-03-07 10:10:18.283	1
4691	HGP	JA 	ALRED UNIT                                        	NONE GIVEN                    	WICHITA        	TX	111110000	1111111111	2021-03-07 10:10:18.283	2021-03-07 10:10:18.283	1
4692	HGP	JAM	JAMES CRABTREE CORRECTIONAL CENTER                	RR1 BOX 8                     	HELENA         	OK	737410000		2021-03-07 10:10:18.283	2021-03-07 10:10:18.283	1
4693	HGP	JCC	JEFFERSON CITY CORRECTIONAL CENTER                	??                            	??             	MO	111110000	1111111111	2021-03-07 10:10:18.283	2021-03-07 10:10:18.283	1
4694	HGP	JE1	JESTER ONE UNIT                                   	RT 2                          	RICHMOND       	TX	774690000		2021-03-07 10:10:18.283	2021-03-07 10:10:18.283	1
4695	HGP	JE2	JESTER TWO UNIT                                   	RT 2                          	RICHMOND       	TX	774690000		2021-03-07 10:10:18.283	2021-03-07 10:10:18.283	1
4696	HGP	JE3	JESTER THREE UNIT                                 	RT 2                          	RICHMOND       	TX	774690000		2021-03-07 10:10:18.283	2021-03-07 10:10:18.283	1
4697	HGP	JE4	JESTER IV UNIT (MENTAL HEALTH)                    	RT. 2                         	RICHMOND       	TX	774690000	1111111111	2021-03-07 10:10:18.283	2021-03-07 10:10:18.283	1
4698	HGP	JHC	JOSEPH HARP CORRECTION CENTER                     	PO BOX 548                    	LEXINGTON      	OK	735010000		2021-03-07 10:10:18.283	2021-03-07 10:10:18.283	1
4699	HGP	JOR	JORDAN UNIT                                       	STATE HWY. 152 E.             	PAMPA          	TX	790660000	1111111111	2021-03-07 10:10:18.283	2021-03-07 10:10:18.283	1
4700	HGP	JT 	JOHNSTON UNIT                                     	NONE GIVEN                    	WINNSBORO      	TX	111110000	1111111111	2021-03-07 10:10:18.283	2021-03-07 10:10:18.283	1
4701	HGP	KY 	KYLE                                              	P.O. BOX 1300                 	KYLE           	TX	786400000	1111111111	2021-03-07 10:10:18.283	2021-03-07 10:10:18.283	1
4702	HGP	LAW	LAWTON CORRECTIONAL FACILITY                      	8607 SE FLOWER MOUND          	LAWTON         	OK	735010000	1111111111	2021-03-07 10:10:18.283	2021-03-07 10:10:18.283	1
4703	HGP	LCC	LEXINGTON CORRECTIONAL CENTER                     	P.O. BOX 260                  	LEXINGTON      	OK	730510000		2021-03-07 10:10:18.283	2021-03-07 10:10:18.283	1
4704	HGP	LEX	LEXINGTON ASSESSMENT & RECEPTION CENTER           	P.O. BOX 260                  	LEXINGTON      	OK	730510000		2021-03-07 10:10:18.283	2021-03-07 10:10:18.283	1
4705	HGP	LH 	LYNAUGH                                           	P.O. BOX 99                   	FT. STOCKTON   	TX	773400000	1111111111	2021-03-07 10:10:18.283	2021-03-07 10:10:18.283	1
4706	HGP	LSJ	LYCHNER STATE JAIL                                	2350 ATASCOCITA ROAD          	HUMBLE         	TX	773960000		2021-03-07 10:10:18.283	2021-03-07 10:10:18.283	1
4707	HGP	LYN	LYNAUGH UNIT                                      	A. W. ISRAEL ALVAREZ          	FORT STOCKTON  	TX	797350000		2021-03-07 10:10:18.283	2021-03-07 10:10:18.283	1
4708	HGP	MAC	MACK ALFORD CORRECTIONAL CENTER                   	P.O. BOX 220                  	STRINGTOWN     	OK	745690000		2021-03-07 10:10:18.283	2021-03-07 10:10:18.283	1
4709	HGP	MAM	MARY ANN MOHAN - TEMP. NOT IN TDC                 	5107 LEESBURG PIKE, SUITE 2545	FALLS CHURCH   	VA	22041		2021-03-07 10:10:18.283	2021-03-07 10:10:18.283	1
4710	HGP	MBC	MABEL BASSETT CORRECTIONAL CENTER                 	P.O. BOX 11492                	OKLAHOMA CITY  	OK	731360000	1111111111	2021-03-07 10:10:18.283	2021-03-07 10:10:18.283	1
4711	HGP	MCC	MCCONNELL UNIT                                    	3001 S. EMILY DR.             	BEEVILLE       	TX	781020000		2021-03-07 10:10:18.283	2021-03-07 10:10:18.283	1
4712	HGP	MCO	MC CONNELL                                        	3001 S. AMELIE DRIVE          	BEEVILLE       	TX	781020000		2021-03-07 10:10:18.283	2021-03-07 10:10:18.283	1
4713	HGP	MEC	MISSOURI EASTERN CORRECTIONAL CENTER              	18701 OLD HIGHWAY 66          	PACIFIC        	MO	630590000	1111111111	2021-03-07 10:10:18.283	2021-03-07 10:10:18.283	1
4714	HGP	MIC	MICHAEL UNIT                                      	P.O. BOX 4500                 	TENNESSE COLONY	TX	758860000		2021-03-07 10:10:18.283	2021-03-07 10:10:18.283	1
4715	HGP	MOB	MOBERLY CORRECTIONAL CENTER                       	P.O. BOX 7                    	MOBERLY        	MO	652700000		2021-03-07 10:10:18.283	2021-03-07 10:10:18.283	1
4716	HGP	MOC	MISSOURI DEPARTMENT OF CORRECTIONS                	P.O. BOX 236                  	JEFFERSON CITY 	MO	651020000		2021-03-07 10:10:18.283	2021-03-07 10:10:18.283	1
4717	HGP	MSP	MISSOURI STATE PENITENTIARY                       	P.O. BOX 597                  	JEFFERSON CITY 	MO	651020000	1111111111	2021-03-07 10:10:18.283	2021-03-07 10:10:18.283	1
4718	HGP	MTC	MISSOURI TRAINING CENTER FOR MEN                  	P.O. BOX 7-2D-616             	MOBERLY        	MO	652790000	1111111111	2021-03-07 10:10:18.283	2021-03-07 10:10:18.283	1
4719	HGP	MV 	MOUNTAIN VIEW UNIT                                	ROUTE 4, BOX 800              	GATESVILLE     	TX	765280000	1111111111	2021-03-07 10:10:18.283	2021-03-07 10:10:18.283	1
4720	HGP	N1 	MARLIN UNIT                                       	RT. 1 BOX 5000                	MARLIN         	TX	766610000	1111111111	2021-03-07 10:10:18.283	2021-03-07 10:10:18.283	1
4721	HGP	OCJ	OKLAHOMA CITY JAIL                                	201 NORTH SHARTEL             	OKLAHOMA CITY  	OK	731020000	1111111111	2021-03-07 10:10:18.283	2021-03-07 10:10:18.283	1
4722	HGP	ODC	OKLAHOMA DEPARTMENT OF CORRECTION                 	P.O. BOX 220                  	STRINGTOWN     	OK	745690000	1111111111	2021-03-07 10:10:18.283	2021-03-07 10:10:18.283	1
4723	HGP	OSP	OKLAHOMA STATE PENITENTIARY                       	P.O. BOX 97                   	MACALESTER     	OK	745010000		2021-03-07 10:10:18.283	2021-03-07 10:10:18.283	1
4724	HGP	OSR	OKLAHOMA STATE REFORMATORY                        	P.O. BOX 514                  	GRANITE        	OK	735470000		2021-03-07 10:10:18.283	2021-03-07 10:10:18.283	1
4725	HGP	PA1	PACK ONE UNIT                                     	RT 3 BOX 300                  	NAVASOTA       	TX	778680000		2021-03-07 10:10:18.283	2021-03-07 10:10:18.283	1
4726	HGP	PA2	PACK TWO UNIT                                     	RT 1, BOX 1000                	NAVASOTA,      	TX	778680000		2021-03-07 10:10:18.283	2021-03-07 10:10:18.283	1
4727	HGP	RA1	RAMSEY ONE                                        	RT 4, BOX 1100                	ROSHARON       	TX	775830000		2021-03-07 10:10:18.283	2021-03-07 10:10:18.283	1
4728	HGP	RA2	RAMSEY TWO                                        	RT 4, BOX 1300                	ROSHARON       	TX	775830000		2021-03-07 10:10:18.283	2021-03-07 10:10:18.283	1
4729	HGP	RA3	RAMSEY 111                                        	RT 4, BOX 1300                	ROSHARON       	TX	775830000		2021-03-07 10:10:18.283	2021-03-07 10:10:18.283	1
4730	HGP	RBD	R.B. DICK CONNER CORRECTIONAL CENTER              	P.O. BOX 220                  	HOMINY         	OK	740350000		2021-03-07 10:10:18.283	2021-03-07 10:10:18.283	1
4731	HGP	RDC	RECEPTION DIAGNOSTIC CENTER                       	P.O. BOX 317                  	PLAINFIELD     	IN	461680000		2021-03-07 10:10:18.283	2021-03-07 10:10:18.283	1
4732	HGP	REN	RENZ CORRECTIONAL CENTER                          	P.O. BOX 3200                 	JEFFERSON CITY 	MO	651020000		2021-03-07 10:10:18.283	2021-03-07 10:10:18.283	1
4733	HGP	RET	RETRIEVE UNIT                                     	RT. 5 BOX 1500                	ANGLETON       	TX	775150000		2021-03-07 10:10:18.283	2021-03-07 10:10:18.283	1
4734	HGP	ROA	ROACH UNIT                                        	P.O. BOX 720                  	CHILDRESS      	TX	792010000	1111111111	2021-03-07 10:10:18.283	2021-03-07 10:10:18.283	1
4735	HGP	ROB	ROBERTSON UNIT                                    	RT. 1 BOX 408                 	ABILENE        	TX	796010000		2021-03-07 10:10:18.283	2021-03-07 10:10:18.283	1
4736	HGP	SMI	SMITH UNIT                                        	HCR-07, BOX 187-A             	LAMESA         	TX	793310000		2021-03-07 10:10:18.283	2021-03-07 10:10:18.283	1
4737	HGP	STE	WARDEN MACK ALFORD CORRECTIONAL CENTER            	POST OFFICE BOX #220          	STRINGTOWN     	OK	745690000	1111111111	2021-03-07 10:10:18.283	2021-03-07 10:10:18.283	1
4738	HGP	STI	STILES UNIT                                       	RT 4 BOX 1500                 	BEAUMONT       	TX	777050000		2021-03-07 10:10:18.283	2021-03-07 10:10:18.283	1
4739	HGP	STV	STEVENSON                                         	P.O. BOX 99                   	CUERRO         	TX	773400000	1111111111	2021-03-07 10:10:18.283	2021-03-07 10:10:18.283	1
4740	HGP	SV 	SKYVIEW UNIT   (STATE HOSPITAL IN CHEROKEE COUNTY)	U.S. HIGHWAY 69 AT RUSK       	RUSK           	TX	757850000		2021-03-07 10:10:18.283	2021-03-07 10:10:18.283	1
4741	HGP	TDW	TEXAS WAIVER CASES                                	11111                         	HOUSTON        	TX	111110000	1111111111	2021-03-07 10:10:18.283	2021-03-07 10:10:18.283	1
4742	HGP	TER	TERRELL UNIT                                      	P.O. BOX 99                   	HUNTSVILLE     	TX	773420000		2021-03-07 10:10:18.283	2021-03-07 10:10:18.283	1
4743	HGP	TO 	TELFORD UNIT                                      	NONE GIVEN                    	NEW BOSTON     	TX	111110000	1111111111	2021-03-07 10:10:18.283	2021-03-07 10:10:18.283	1
4744	HGP	TOR	TORRES UNIT                                       	P.O. BOX 373                  	HONDO          	TX	788610000	1111111111	2021-03-07 10:10:18.283	2021-03-07 10:10:18.283	1
4745	HGP	VS 	VENUS CCA                                         	P.O. BOX 361                  	VENUS          	TX	760840000	1111111111	2021-03-07 10:10:18.283	2021-03-07 10:10:18.283	1
4746	HGP	WAL	WALKER COUNTY JAIL                                	751 FM 2821                   	HUNTSVILLE     	TX	773400000		2021-03-07 10:10:18.283	2021-03-07 10:10:18.283	1
4747	HGP	WHC	WACKEN HUT CORRECTIONAL CENTER                    	8607 SE FLOWERMOUND ROAD      	LAWTON         	OK	735010000	1111111111	2021-03-07 10:10:18.283	2021-03-07 10:10:18.283	1
4748	HGP	WMC	WESTERN MISSOURI CORRECTIONAL CENTER              	RT. 5, BOX 1E                 	CAMERON        	MO	644290000		2021-03-07 10:10:18.283	2021-03-07 10:10:18.283	1
4749	HGP	WYN	WYNNE UNIT                                        	FM 2821 IN WALKER COUNTY      	HUNTSVILLE     	TX	773490000		2021-03-07 10:10:18.283	2021-03-07 10:10:18.283	1
4750	BAL	ADI	ADIRONDACK CORRECTIONAL FACILITY                  	BOX 110                       	RAY BROOK      	NY	129770110		2006-12-07 21:05:34.077	2021-07-30 20:40:35.093	1
4751	BAL	AKL	ARTHUR KILL CORRECTIONAL FACILITY                 	2911 ARTHUR KILL RD           	STATEN ISLAND  	NY	103091197		2006-12-07 21:05:34.077	2021-07-30 20:40:35.093	1
4752	BAL	ALB	*SCI-ALBION CORRECTIONAL FACILITY                 	10748 ROUTE 18                	ALBION         	NY	164010000	1111111111	2006-12-07 21:05:34.077	2021-07-30 20:40:35.093	1
4753	BAL	ALD	ALDERSON FEDERAL CORRECTIONAL INSTITUTE           	P.O. BOX B                    	ALDERSON       	WV	249100000	89243236	2006-12-07 21:05:34.077	2021-07-30 20:40:35.093	1
4754	BAL	ALT	ALTONA CORRECTIONAL FACILITY                      	DEVIL DEN ROAD BOX 125        	ALTONA         	NY	129100215		2006-12-07 21:05:34.077	2021-07-30 20:40:35.093	1
4755	BAL	ALW	WARDEN, LSCI ALLENWOOD                            	P.O. BOX 1500                 	WHITE DEER     	PA	178870000	1111111111	2006-12-07 21:05:34.077	2021-07-30 20:40:35.093	1
4756	BAL	ATT	ATTICA CORRECTIONAL FACILITY                      	PO BOX 149                    	ATTICA         	NY	140110149		2006-12-07 21:05:34.077	2021-07-30 20:40:35.093	1
4757	BAL	AUB	AUBURN CORRECTIONAL FACILITY                      	135 STATE STREET  BOX 618     	AUBURN         	NY	130210000		2006-12-07 21:05:34.077	2021-07-30 20:40:35.093	1
4758	BAL	BAR	BARE HILL CORRECTIONAL FACILITY                   	CALLER BOX #20                	CADY ROAD      	NY	129530000		2006-12-07 21:05:34.077	2021-07-30 20:40:35.093	1
4759	BAL	BAY	BAYVIEW CORRECTIONAL FACILITY                     	550 WEST 20TH STREET          	NEW YORK       	NY	100112878		2006-12-07 21:05:34.077	2021-07-30 20:40:35.093	1
4760	BAL	BEA	CAMP BEACON                                       	P.O. BOX 780                  	BEACON         	NY	125080780		2006-12-07 21:05:34.077	2021-07-30 20:40:35.093	1
4761	BAL	BED	BEDFORD HILLS CORRECTIONAL FACILITY               	247 HARRIS ROAD               	BEDFORD HILLS  	NY	102072499		2006-12-07 21:05:34.077	2021-07-30 20:40:35.093	1
4762	BAL	BUC	BUCKINGHAM CORRECTIONAL FACILITY                  	P.O. BOX 26963                	RICHMOND       	VA	232300000		2006-12-07 21:05:34.077	2021-07-30 20:40:35.093	1
4763	BAL	BUT	BUTLER SHOCK INCARCERATION FACILITY               	P.O. BOX 388  RTE. 370        	RED CREEK      	NY	131430000		2006-12-07 21:05:34.077	2021-07-30 20:40:35.093	1
4764	BAL	CAM	CAMP GABRIELS                                     	BOX 100                       	GABRIELS       	NY	129390000		2006-12-07 21:05:34.077	2021-07-30 20:40:35.093	1
4765	BAL	CAY	CAYUGA CORRECTIONAL FACILITY                      	P.O. BOX 1150                 	MORAVIA        	NY	131180000		2006-12-07 21:05:34.077	2021-07-30 20:40:35.093	1
4766	BAL	CGT	CAMP GEORGETOWN                                   	RD 1, BOX 48                  	GEORGETOWN     	NY	130729307		2006-12-07 21:05:34.077	2021-07-30 20:40:35.093	1
4767	BAL	CHA	CHATEAUGAY ASACTC                                 	P.O. BOX 320                  	CHATAEAUGAY    	NY	129200000		2006-12-07 21:05:34.077	2021-07-30 20:40:35.093	1
4768	BAL	CLI	CLINTON CORRECTIONAL FACILITY                     	BOX B                         	DANNEMORA      	NY	129290000		2006-12-07 21:05:34.077	2021-07-30 20:40:35.093	1
4769	BAL	CMT	MONTEREY SHOCK INCARCERATION FACILITY             	RD #1                         	BEAVER DAMS    	NY	148129718		2006-12-07 21:05:34.077	2021-07-30 20:40:35.093	1
4770	BAL	COL	COLLINS CORRECTIONAL FACILITY                     	C/0 NYSOCS                    	HELMUTH        	NY	140790200		2006-12-07 21:05:34.077	2021-07-30 20:40:35.093	1
4771	BAL	COX	COXSACKIE CORRECTIOANL FACILITY                   	BOX 200                       	COXSACKIE      	NY	120510200	97312781	2006-12-07 21:05:34.077	2021-07-30 20:40:35.093	1
4772	BAL	CPH	CAMP PHARSALIA                                    	NYSDCS                        	SOUTH PLYMOUTH 	NY	138449729		2006-12-07 21:05:34.077	2021-07-30 20:40:35.093	1
4773	BAL	CSU	SUMMIT SHOCK INCARCERATION FACILITY               	RFD                           	SUMMIT         	NY	121759608		2006-12-07 21:05:34.077	2021-07-30 20:40:35.093	1
4774	BAL	CVI	CAPE VINCENT CORRECTIONAL FACILITY                	RT. 12-E  BOX 599             	CAPE VINCENT   	NY	136180000		2006-12-07 21:05:34.077	2021-07-30 20:40:35.093	1
4775	BAL	DOW	DOWNSTATE CORRECTIONAL FACILITY                   	P.O. BOX 445                  	FISHKILL       	NY	125240445		2006-12-07 21:05:34.077	2021-07-30 20:40:35.093	1
4776	BAL	EAS	EASTERN CORRECTIONAL FACILITY                     	BOX 338                       	NAPANOCH       	NY	124580338		2006-12-07 21:05:34.077	2021-07-30 20:40:35.093	1
4777	BAL	EDG	EDGECOMBE CORRECTIONAL FACILITY                   	611 EDGECOMBE AVE.            	NEW YORK       	NY	100324398		2006-12-07 21:05:34.077	2021-07-30 20:40:35.093	1
4778	BAL	ELM	ELMIRA CORRECTIONAL FACILITY                      	P.O. BOX 500                  	ELMIRA         	NY	149020500		2006-12-07 21:05:34.077	2021-07-30 20:40:35.093	1
4779	BAL	ESG	EDGECOMBE CORRECTIONAL FACILITY                   	1111                          	KKKKKKKKKKK    	NY	121210000	1111111111	2006-12-07 21:05:34.077	2021-07-30 20:40:35.093	1
4780	BAL	FCI	FCI-ALLENWOOD                                     	P.O. BOX 2500                 	WHITE DEER     	PA	178870000		2006-12-08 20:21:41.263	2021-07-30 20:40:35.093	1
4781	BAL	FIS	FISHKILL CORRECTIONAL FACILITY                    	BOX 307                       	BEACON         	NY	125080000		2006-12-07 21:05:34.077	2021-07-30 20:40:35.093	1
4782	BAL	FRA	FRANKLIN CORRECTIONAL FACILITY                    	P.O. BOX 10                   	MALONE         	NY	129530000		2006-12-07 21:05:34.077	2021-07-30 20:40:35.093	1
4783	BAL	FUL	FULTON CORRECTIONAL FACILITY                      	1511 FULTON AVENUE            	BRONX          	NY	104578398		2006-12-07 21:05:34.077	2021-07-30 20:40:35.093	1
4784	BAL	GHN	GREEN HAVEN CORRECTIONAL FACILITY                 	C/O NYSDCS                    	STORMVILLE     	NY	125820000		2006-12-07 21:05:34.077	2021-07-30 20:40:35.093	1
4785	BAL	GMW	GREAT MEADOW CORRECTIONAL FACILITY                	BOX 51                        	COMSTOCK       	NY	128210000		2006-12-07 21:05:34.077	2021-07-30 20:40:35.093	1
4786	BAL	GOU	GOUVERNEUR CORRECTIONAL FACILITY                  	ST. LAWRENCE COUNTY           	GOUVERNEUR     	NY	111110000		2006-12-07 21:05:34.077	2021-07-30 20:40:35.093	1
4787	BAL	GOW	GOWANDA CORRECTIONAL FACILITY                     	P.O. BOX 350                  	GOWANDA        	NY	140700350		2006-12-07 21:05:34.077	2021-07-30 20:40:35.093	1
4788	BAL	GRE	GREENE CORRECTIONAL FACILITY                      	P.O. BOX 8                    	COXSACKI       	NY	120510008	97312741	2006-12-07 21:05:34.077	2021-07-30 20:40:35.093	1
4789	BAL	GRO	GROVELAND CORRECTIONAL FACILITY                   	ROUTE 36 SONYEA ROAD          	SONYEA         	NY	145560001		2006-12-07 21:05:34.077	2021-07-30 20:40:35.093	1
4790	BAL	HAL	HALE CREEK CORRECTIONAL FAC.                      	279 MALONEY RD.               	JOHNSTOWN      	NY	120950000	1111111111	2006-12-07 21:05:34.077	2021-07-30 20:40:35.093	1
4791	BAL	HCC	HALE CREEK ASACTC                                 	279 MALONEY ROAD              	JOHNSTOWN      	NY	120950000		2006-12-07 21:05:34.077	2021-07-30 20:40:35.093	1
4792	BAL	HUD	HUDSON  CORRECTIONAL FACILITY                     	BOX 576 DCS                   	HUDSON         	NY	125340576		2006-12-07 21:05:34.077	2021-07-30 20:40:35.093	1
4793	BAL	JOH	HOHNSTOWN ASACTC                                  	FULTON COUNTY                 	JOHNSTOWN      	NY	111110000	1111111111	2006-12-07 21:05:34.077	2021-07-30 20:40:35.093	1
4794	BAL	LAK	LAKEVIEW SHOCK INCARCERATION FACILITY             	PO BOX T                      	BROCKTON       	NY	147160000		2006-12-07 21:05:34.077	2021-07-30 20:40:35.093	1
4795	BAL	LIN	LINCOLN CORRECTIONAL FACILITY                     	31-33 WEST 110TH STREET       	NEW YORK       	NY	100264398		2006-12-07 21:05:34.077	2021-07-30 20:40:35.093	1
4796	BAL	LIV	LIVINGSTON CORRECTIONAL FACILITY                  	31-33 WEST 110TH STREET       	NEW YORK       	NY	100264398	1111111111	2006-12-07 21:05:34.077	2021-07-30 20:40:35.093	1
4797	BAL	LOR	LORTON CORRECTIONAL FACILITY, DOC                 	1923 VERMONT AVE,STE N102, NW 	WASHINGTON     	DC	200010000		2006-12-07 21:05:34.077	2021-07-30 20:40:35.093	1
4798	BAL	LSC	LSCI-ALLENWOOD                                    	P.O. BOX 209                  	WHITE DEER     	PA	178870000		2006-12-08 20:21:41.263	2021-07-30 20:40:35.093	1
4799	BAL	LYO	LYONS MOUNTAIN CORRECTIONAL FACILITY              	BOX 276DCS                    	LYON MOUNTAIN  	NY	129520276		2006-12-07 21:05:34.077	2021-07-30 20:40:35.093	1
4800	BAL	MAR	MARCY CORRECTIONAL FACILITY                       	C/O NYSDCS                    	MARCY          	NY	122260000		2006-12-07 21:05:34.077	2021-07-30 20:40:35.093	1
4801	BAL	MCG	MT MCGREGER CAMP                                  	1111 STREET                   	NEW YORK       	NY	111110000	1111111111	2006-12-07 21:05:34.077	2021-07-30 20:40:35.093	1
4802	BAL	MMG	MOUNT MCGREGOR CORRECTIONAL FACILITY              	BOX 2071                      	WILTON         	NY	128660996	95873960	2006-12-07 21:05:34.077	2021-07-30 20:40:35.093	1
4803	BAL	MOE	MID-ORANGE CORRECTIONAL FACILITY                  	900 KINGS HIGHWAY             	WARWICK        	NY	109900900		2006-12-07 21:05:34.077	2021-07-30 20:40:35.093	1
4804	BAL	MOH	MOHAWK CORRECTIONAL FACILITY                      	P.O. BOX 8450 6100 SCHOOL ROAD	ROME           	NY	134400000		2006-12-07 21:05:34.077	2021-07-30 20:40:35.093	1
4805	BAL	MOR	MORIAH SHOCK INCARCERATION FACILITY               	BOX 999                       	MINEVILLE      	NY	129560000		2006-12-07 21:05:34.077	2021-07-30 20:40:35.093	1
4806	BAL	MOS	MOSHANNON VALLEY CORRECTIONAL INSTITUTE	555 CORNELL DRIVE	PHILLIPSBURG	PA	168660000		2008-03-13 14:38:13.000	2021-07-30 20:40:35.093	1
4807	BAL	MRD	MARYLAND RECEPTION AND CLASSIFICATION CENTER      	550 E. MADISON STREET         	BALTIMORE      	MD	212020000	1111111111	2006-12-07 21:05:34.077	2021-07-30 20:40:35.093	1
4808	BAL	MST	MID-STATE CORRECTIONAL FACILITY                   	P.O. BOX 216                  	MARCY          	NY	134030216		2006-12-07 21:05:34.077	2021-07-30 20:40:35.093	1
4809	BAL	OGB	OGDENSBURG CORRECTIONAL FACILITY                  	ONE CORRECTION WAY            	OGDENSBURG     	NY	136692288		2006-12-07 21:05:34.077	2021-07-30 20:40:35.093	1
4810	BAL	ONE	ONEIDA CORRECTIONAL FACILITY                      	6100 SCHOOL ROAD              	ROME           	NY	134400000		2006-12-07 21:05:34.077	2021-07-30 20:40:35.093	1
4811	BAL	ORL	ORLEANS CORRECTIONAL FACILITY                     	35-31 GAINES BASIN RD         	ALBTON         	NY	144110000		2006-12-07 21:05:34.077	2021-07-30 20:40:35.093	1
4812	BAL	OTI	OTISVILLE CORRECTIONAL FACILITY                   	BOX 8                         	OTISVILLE      	NY	109630008		2006-12-07 21:05:34.077	2021-07-30 20:40:35.093	1
4813	BAL	PAR	PARKSIDE CORRECTIONAL FACILITY                    	10 MT. MORRIS PARK WEST       	NEW YORK       	NY	100276395		2006-12-07 21:05:34.077	2021-07-30 20:40:35.093	1
4814	BAL	PET	PETERSBURG FEDERAL CORRECTIONAL INSTITUTE         	P.O. BOX 1000                 	PETERSBURG     	VA	238040000	1111111111	2006-12-07 21:05:34.077	2021-07-30 20:40:35.093	1
4815	BAL	PGC	PRINCE GEORGE'S CO. DETENTION CENTER              	13400 DILLE DRIVE             	UPPER MARLBORO 	MD	207720000	1111111111	2006-12-07 21:05:34.077	2021-07-30 20:40:35.093	1
4816	BAL	POW	POWHATAN CORRECTIONAL FACILITY                    	P.O. BOX 26963                	RICHMOND       	VA	232300000		2006-12-07 21:05:34.077	2021-07-30 20:40:35.093	1
4817	BAL	QUE	QUEENSBORO CORRECTIONAL FACILITY                  	47-04 VAN DAM STREET          	L. I. CITY     	NY	111013081		2006-12-07 21:05:34.077	2021-07-30 20:40:35.093	1
4818	BAL	RIK	RIKERS                                            	C/O NYCDCS                    	NEW YORK CITY  	NY	100130000		2006-12-07 21:05:34.077	2021-07-30 20:40:35.093	1
4819	BAL	RIV	RIVERVIEW CORRECTIONAL FACILITY                   	BOX 158                       	OGDENSBURG     	NY	136690000		2006-12-07 21:05:34.077	2021-07-30 20:40:35.093	1
4820	BAL	ROC	ROCHESTER CORRECTIONAL FACILITY                   	55 GREIG STREET               	ROCHESTER      	NY	146082499		2006-12-07 21:05:34.077	2021-07-30 20:40:35.093	1
4821	BAL	S26	SCI-LAUREL HIGHLANDS	706 GLADES PIKE, P.O. BOX 631	SOMERSET	PA	155010631	1111111111	2007-03-07 00:00:00.000	2021-07-30 20:40:35.093	1
4822	BAL	S27	SCI - Forest	1 Woodland Drive; P.O. Box 307	Marienville	PA	162390307		2007-04-19 17:38:53.917	2021-07-30 20:40:35.093	1
4823	BAL	S28	SCI - Fayette	50 Overlook Drive	LaBelle	PA	15450		2007-05-16 15:58:33.760	2021-07-30 20:40:35.093	1
4824	BAL	S29	SCI - Chester	500 E. 4th St.	Chester	PA	19103	1111111111	2007-11-01 09:48:01.390	2021-07-30 20:40:35.093	1
4825	BAL	S30	SCI PINE GROVE	189 FYOCK ROAD	INDIANA	PA	15701	7244659630	2009-02-19 15:11:47.000	2021-07-30 20:40:35.093	1
4826	BAL	SGK	SHAWANGUNK CORRECTIONAL FACILITY                  	P O BOX 750                   	WALLKILL       	NY	125890750		2006-12-07 21:05:34.077	2021-07-30 20:40:35.093	1
4827	BAL	SHA	 SHAWANGUNK CORRECTIONAL FACILITY                 	P.O. BOX 750                  	WALLKILL       	NY	125890750		2006-12-07 21:05:34.077	2021-07-30 20:40:35.093	1
4828	BAL	SIN	SING SING CORRECTIONAL FACILITY                   	354 HUNTER STREET             	OSSINING       	NY	105625442		2006-12-07 21:05:34.077	2021-07-30 20:40:35.093	1
4829	BAL	SOU	SOUTHPORT CORRECTIONAL FACILITY                   	P.O. BOX 2000                 	PINE CITY      	NY	148710000		2006-12-07 21:05:34.077	2021-07-30 20:40:35.093	1
4830	BAL	SUL	 SULLIVAN CORRECTIONAL FACILITY                   	BOX AG                        	FALLSBURG      	NY	127330116		2006-12-07 21:05:34.077	2021-07-30 20:40:35.093	1
4831	BAL	TAC	TACONIC CORRECTIONAL FACILITY                     	250 HARRIS RAOD               	BEDFORD HILLS  	NY	105072498		2006-12-07 21:05:34.077	2021-07-30 20:40:35.093	1
4832	BAL	ULS	ULSTER CORRECTIONAL FACILITY                      	C/O NYSDCS                    	ALBANY         	NY	122260000		2006-12-07 21:05:34.077	2021-07-30 20:40:35.093	1
4833	BAL	USP	U.S. PENITENTIARY ALLENWOOD                       	P.O. BOX 3500                 	WHITE DEER     	PA	178870000		2006-12-08 20:21:41.263	2021-07-30 20:40:35.093	1
4834	BAL	WAL	WALLKILL CORRECTIONAL FACILITY                    	BOX G                         	WALLKILL       	NY	125890286		2006-12-07 21:05:34.077	2021-07-30 20:40:35.093	1
4835	BAL	WAS	WASHINGTON CORRECTIONAL FACILITY                  	BOX 180                       	COMSTOCK       	NY	128210180		2006-12-07 21:05:34.077	2021-07-30 20:40:35.093	1
4836	BAL	WAT	WATERTOWN CORRECTIONAL FACILITY                   	DRY HILL                      	WATERTOWN      	NY	136010618		2006-12-07 21:05:34.077	2021-07-30 20:40:35.093	1
4837	BAL	WEN	WENDE CORRECTIONAL FACILITY                       	P.O. BOX 1187                 	ALDEN          	NY	140041187		2006-12-07 21:05:34.077	2021-07-30 20:40:35.093	1
4838	BAL	WOO	 WOODBRIDGE CORRECTIONAL FACILITY                 	RIVERSIDE DRIVE               	WOODBOURNE     	NY	127880000		2006-12-07 21:05:34.077	2021-07-30 20:40:35.093	1
4839	BAL	WYO	WYOMING CORRECTIONAL FACILITY                     	P.O. BOX 501                  	ATTICA         	NY	140110000		2006-12-07 21:05:34.077	2021-07-30 20:40:35.093	1
4840	SNC	LOM	LOMPOC-IHP FACILITY                               	3600 GUARD ROAD               	LOMPOC         	CA	934360000		2021-11-06 16:33:53.360	2021-11-06 16:33:53.360	1
4841	SNC	LOP	UNITED STATES PENITENTIARY-LOMPOC                 	3901 KLEIN BLVD.              	LOMPOC         	CA	934360000		2021-11-06 16:33:53.360	2021-11-06 16:33:53.360	1
4842	SNC	TIP	TERMINAL ISLAND FEDRAL CORRECTIONAL INSTITUTION   	1299 SEASIDE AVENUE           	SAN PEDRO      	CA	907310000		2021-11-06 16:33:53.360	2021-11-06 16:33:53.360	1
4843	SNC	VIC	FEDERAL CORRECTIONAL INSTITUTION	13777 Air Express Way Blvd.	Victorville	CA	92394		2021-11-06 16:33:53.360	2021-11-06 16:33:53.360	1
4844	EPD	CCC	CIBOLA COUNTY CORRECTIONAL CENTER                 	P.O. BOX 3540                 	MILAN          	NM	870210000	1111111111	2021-12-04 17:52:08.290	2021-12-04 17:52:08.290	1
4845	EPD	CNM	CENTRAL NEW MEXICO CORRECTIONAL FACILITY          	P.O. DRAWER 1328              	LOS LUNAS      	NM	870311328	1111111111	2021-12-04 17:52:08.290	2021-12-04 17:52:08.290	1
4846	EPD	GPE	GUADALUPE COUNTY CORRECTIONAL FACILITY            	P.O. BOX 520                  	SANTA ROSA     	NM	884350000	1234567890	2021-12-04 17:52:08.290	2021-12-04 17:52:08.290	1
4847	EPD	LAT	LA TUNA FEDERAL CORRECTIONAL INSTITUTE            	P.O. BOX 1000                 	ANTHONY        	NM	880210000		2021-12-04 17:52:08.290	2021-12-04 17:52:08.290	1
4848	EPD	LEA	LEA COUNTY CORRECTIONAL FACILITY                  	6900 W. MILLEN DRIVE          	HOBBS          	NM	882440000	1234567890	2021-12-04 17:52:08.290	2021-12-04 17:52:08.290	1
4849	EPD	NMX	SOUTHERN NEW MEXICO CORRECTIONAL FACILITY         	P.O. BOX 639                  	LAS CRUCES     	NM	880040000		2021-12-04 17:52:08.290	2021-12-04 17:52:08.290	1
4850	EPD	PNM	PENITENTIARY OF NEW MEXICO                        	P.O. BOX 1059                 	SANTA FE       	NM	875010000	1111111111	2021-12-04 17:52:08.290	2021-12-04 17:52:08.290	1
4851	EPD	RVS	REEVES COUNTY DETENTION FACILITY                  	300 E. PALMER STREET          	PECOS          	TX	797720000		2021-12-04 17:52:08.290	2021-12-04 17:52:08.290	1
4852	EPD	TCF	TORRENCE COUNTY DETENTION FACILITY                	P.O. BOX 837                  	ESTANCIA       	NM	871060000	1111111111	2021-12-04 17:52:08.290	2021-12-04 17:52:08.290	1
4853	EPD	WNM	WESTERN NEW MEXICO CORRECTIONAL FACILITY          	P.O. DRAWER 250               	GRANTS         	NM	870200000	1111111111	2021-12-04 17:52:08.290	2021-12-04 17:52:08.290	1
4858	HYA	MHC	MARYLAND HOUSE OF CORRECTIONS                     	P.O. BOX 534                  	JESSUP         	MD	207940000		2022-02-09 07:17:56.037	2022-02-09 07:17:56.037	1
4859	FLO	CTU	ARIZONA STATE PRISON-RED ROCK	1705 EAST ARICA ROAD	ELOY	AZ	85131	 	2022-07-29 13:17:01.000	2022-07-29 13:22:52.000	1
4860	FLO	MEA	ASP-EYMAN-MEADOWS UNIT	PO BOX 3300	FLORENCE	AZ	85132	 	2022-12-01 11:30:04.000	2022-12-01 11:37:25.000	1
4861	BAL	NBC	NORTH BRANCH COUNTY CORRECTIONAL FACILITY	14100 MCMULLEN HIGHWAY, S.W.	CUMBERLAND	MD	21502	4109623092	2023-04-13 10:02:32.000	2023-04-13 10:10:19.000	1
